{"type":"FeatureCollection","features":[{"type":"Feature","geometry":{"type":"LineString","coordinates":[[-82.832792999599036,30.34658800016572],[-82.833956999713266,30.348054999880627],[-82.836105999841593,30.350761000119324],[-82.836513000445692,30.351274000276309],[-82.836895999862008,30.351791000057201],[-82.837576000277579,30.352705999950494],[-82.838271999688374,30.353639000195699],[-82.839814000094378,30.355407999630781],[-82.841225000080811,30.356883999946632],[-82.842426000004977,30.357906000287315],[-82.843853999709836,30.358878999864267],[-82.848107999585565,30.361873999923311],[-82.850927000083729,30.363843999665598],[-82.85263000014821,30.365092999849477],[-82.855695999620252,30.367250999977635],[-82.857285999706832,30.368321000008379],[-82.859394999652196,30.369960000364213],[-82.860465999880006,30.370933000153421],[-82.861592000359408,30.372374999757511],[-82.86345500025746,30.374655000236217],[-82.868279999870495,30.380557999665836],[-82.868377999779781,30.380725000264885],[-82.872028000306244,30.385116000356483],[-82.872224999949736,30.38535299995176],[-82.873308999698025,30.386642000025404],[-82.875739999858652,30.389616000150543],[-82.883069000325563,30.398582000230256],[-82.891167999823097,30.408475999670415],[-82.891979999584819,30.409467999796927],[-82.892984999690398,30.410617999774288],[-82.894410999745446,30.412321000038112],[-82.898990000209508,30.417869000312393],[-82.901480999746298,30.420941000127115],[-82.905552000222201,30.426131999748762],[-82.912269000045612,30.434099999958367],[-82.912885999813696,30.434836000094961],[-82.913866999629818,30.436079000176591],[-82.914248000294648,30.43657799993726],[-82.914958999774029,30.437281000279317],[-82.916625000028588,30.438791999667334],[-82.917767000401511,30.439632999854549],[-82.921303000226843,30.441746000323814],[-82.92974200038131,30.446887000191477],[-82.930094999660412,30.447102999712577],[-82.931806000120815,30.448140999941444],[-82.932765000195658,30.44872300022455],[-82.932885999671143,30.448796000347429],[-82.932934000250043,30.448825000115846],[-82.933001000197194,30.448866000307785],[-82.93415600009061,30.449567999785629],[-82.936133999616388,30.450767999793122],[-82.937080999995658,30.451343000062217],[-82.938203000277085,30.452022999692272],[-82.940041000060788,30.453139000372158],[-82.941769000239631,30.454187000146757],[-82.942283999900454,30.454499000024622],[-82.943772999704692,30.455404000313354],[-82.943790000321442,30.455413999743364],[-82.94660700027147,30.457134999961625],[-82.946895999976462,30.457311999663542],[-82.952252999867042,30.460585000159586],[-82.955041000403071,30.462289000334003],[-82.958153999730769,30.46419100030889],[-82.959910000397016,30.465263000372847],[-82.968613999967047,30.470580000034264],[-82.977407000123833,30.475890000137447],[-82.978260999718358,30.476400000319696],[-82.98044099980882,30.477701000007652],[-82.982185999706118,30.478742000141001],[-82.983930999603402,30.479591999866482],[-82.985371999727064,30.480228999900678],[-82.986500999681198,30.480563999773864],[-82.992649000315453,30.482393000049054],[-82.995932000420765,30.483368999874216],[-82.998786000180715,30.484211999676411],[-83.00368399958866,30.485658000083614],[-83.008198999580301,30.486949999998409],[-83.014358000085195,30.488783000053747],[-83.016092999936745,30.48930000021824],[-83.020024999597183,30.490472999697847],[-83.028745999783951,30.49305800014589],[-83.031299000143321,30.493787000171505],[-83.031734000336513,30.49394200018741],[-83.032853000244913,30.494342000211155],[-83.034639000150065,30.495089999828895],[-83.036076999900686,30.495899000250887],[-83.037732000284592,30.496852000266678],[-83.039421999930312,30.497984999687638],[-83.040487000310335,30.498789999872255],[-83.040954000290554,30.499263000310954],[-83.041901999596419,30.500224000076798],[-83.043084000152319,30.501574999957715],[-83.044974999639479,30.503989999750683],[-83.046748000024166,30.506471999635053],[-83.048825000182475,30.509190000226482],[-83.05022699994808,30.510962999689326],[-83.051713000277573,30.512921999916731],[-83.053063999989575,30.514272999842127],[-83.055577999990888,30.51639699990195],[-83.056824999945789,30.517202000131157],[-83.058377000397542,30.518166000128911],[-83.060000999921016,30.519162999659969],[-83.062109999866365,30.520554999702799],[-83.063056000420701,30.521288000240563],[-83.063900999794399,30.521998999637532],[-83.064746000066407,30.522937000054764],[-83.06549599990386,30.523970000007679],[-83.066193999862762,30.5253239996647],[-83.066904000415562,30.526732000350307],[-83.067561000366595,30.528233000281372],[-83.06872799995557,30.53087500028612],[-83.070337000308726,30.534346999990454],[-83.072763000446486,30.539590000364953],[-83.073755000133275,30.541747000110895],[-83.074469999810631,30.543135999693437],[-83.07504800011894,30.544194999659915],[-83.075762999796297,30.545350999634678],[-83.0763400002797,30.546162000214721],[-83.07731699989786,30.547482999772161],[-83.07895399984011,30.549821000249608],[-83.081168000265762,30.552861000237328],[-83.082364999991967,30.554539000150342],[-83.083739000168492,30.556451000294221],[-83.085756999877248,30.559232999748662],[-83.086753999586904,30.560594000234484],[-83.088537999842245,30.562809000182877],[-83.089932999935172,30.564380999945449],[-83.091191999585632,30.565843000238065],[-83.093026999894605,30.56761900021954],[-83.094160000046699,30.568742999791251],[-83.095951999799652,30.570526999870964],[-83.098126000042342,30.57269000004657],[-83.102461000108917,30.577087000049122],[-83.105386000013965,30.580038000197288],[-83.10734099997353,30.581997000002826],[-83.109120000206005,30.583800000238853],[-83.111038000355649,30.585701999864618],[-83.114021999811911,30.588750999708129],[-83.115041000161213,30.589792999646985],[-83.116772999639693,30.591565000039587],[-83.117077000311625,30.591867999705723],[-83.11890500004958,30.593690000349127],[-83.119668000305822,30.594450999857038],[-83.120197000210339,30.594990999685248],[-83.121846999673068,30.596672999964014],[-83.12251100019509,30.597338000126268],[-83.123370999637402,30.59819999999505],[-83.126385999954138,30.601221999788176],[-83.130165000352022,30.605053999890067],[-83.132408000191688,30.607114999790447],[-83.134415999854696,30.608488000159948],[-83.136917000335529,30.609841000058609],[-83.142085000080229,30.612149000166308],[-83.146918999914092,30.614308999655478],[-83.156019000217569,30.61815199998107],[-83.162679999964467,30.621083000089232],[-83.165897999772469,30.622538000319977],[-83.167496000254971,30.623240000341646],[-83.169176999679834,30.624173000072023],[-83.17132400015835,30.625543999956658],[-83.171802999834142,30.625850000067445],[-83.172412999929506,30.626395000122081]]},"properties":{"BASENAME":"93","NAME":"State Hwy 93","MTFCC":"S1100","RTTYP":"S","OID":"1104259612260"}},{"type":"Feature","geometry":{"type":"LineString","coordinates":[[-82.834189000415179,30.347985999759061],[-82.834637999953742,30.348553999850743],[-82.835985000366094,30.350258999737477],[-82.836434999729562,30.350827999821036],[-82.836541999859691,30.350960999856635],[-82.836843999983472,30.351335999618993],[-82.836864000074968,30.351361999656753],[-82.836967999832041,30.351498999741501],[-82.837217000252366,30.351827999936742],[-82.83757899975231,30.352304000240469],[-82.837986000356409,30.352800000288475],[-82.838249000122147,30.353120000135405],[-82.838582000208078,30.353549999783503],[-82.839251999679576,30.354367000109843],[-82.839947000163747,30.355116999995431],[-82.840378999983884,30.355584000178187],[-82.841114999577641,30.356223999992977],[-82.841845000221923,30.356812000013061],[-82.843252999835329,30.357828999879644],[-82.846182999763229,30.359895000031116],[-82.847007000118836,30.360476000331879],[-82.847667000442925,30.360941999832171],[-82.848326999868675,30.36140700031406],[-82.848474000181767,30.361509999896708],[-82.849465000043651,30.362209000226404],[-82.852881000218375,30.364616999766604],[-82.853837999745053,30.365291000022314],[-82.854020000218256,30.365420000342077],[-82.854318999968996,30.365631000299921],[-82.855215000294635,30.366262999918224],[-82.85551499987028,30.366475000229265],[-82.855759000267767,30.366647000085422],[-82.856951999795996,30.367494999892447],[-82.857616000318046,30.367967999648155],[-82.858043999940207,30.368271999900632],[-82.859692999578016,30.369692000218183],[-82.860736000216761,30.370788000188636],[-82.860897999700128,30.370991000234095],[-82.861321000197762,30.371521000099452],[-82.861990999669274,30.372376000319047],[-82.862321000280446,30.372779000247309],[-82.862405999770971,30.372883000034115],[-82.863316000340305,30.373987000369919],[-82.863634000357592,30.37437200019459],[-82.863649000426221,30.374389999857396],[-82.863974999941149,30.374772000359066],[-82.864247999752635,30.375091999622253],[-82.86476400013666,30.375714000240329],[-82.864937000389006,30.375935000285804],[-82.865247000010427,30.376332000241678],[-82.865925999702753,30.377146999885078],[-82.867102000410881,30.378561000057022],[-82.867656000429747,30.379219000175933],[-82.867951999807431,30.379604000318377],[-82.868320000053473,30.380081999701318],[-82.868601000260853,30.380444999859709],[-82.869366999991826,30.381376000353601],[-82.870649000106852,30.382932999644094],[-82.871667999557815,30.384170999874364],[-82.872435999836924,30.385103000175647],[-82.872688999556928,30.385417999897296],[-82.872753000029334,30.385498000009314],[-82.87341800037629,30.386321999831178],[-82.873451999813156,30.386362999943653],[-82.873711000279258,30.386674999782436],[-82.874159999817806,30.387215999704605],[-82.875508999879983,30.388839999713976],[-82.875779000216724,30.389164000194377],[-82.875959000141776,30.389381999659378],[-82.876196999793152,30.389670000005456],[-82.877674999726736,30.391528999669664],[-82.879065999621702,30.393211999690109],[-82.881013000083655,30.395567999756075],[-82.882147999885575,30.396951000387045],[-82.885785999818154,30.401441999660083],[-82.88670300006018,30.402573999760012],[-82.888427000041077,30.404671999891129],[-82.890577999819214,30.407289000232264],[-82.891572999879045,30.408471999677612],[-82.891854999911359,30.408816000008795],[-82.896333000093065,30.414287000323217],[-82.89825600026559,30.416636000122306],[-82.899377999648706,30.418000000355732],[-82.902029999742282,30.421226000172492],[-82.903543999660883,30.423068000260102],[-82.903707999692415,30.423271000121904],[-82.905443000442261,30.425420000214494],[-82.908040000284245,30.428572999756557],[-82.909144000124016,30.429913000324976],[-82.910417999843133,30.431459999995585],[-82.910632000103362,30.431719999907607],[-82.912796000300318,30.434346000055836],[-82.912905000080258,30.434479000287741],[-82.913326999854661,30.434995999827436],[-82.914177000149522,30.435888000340576],[-82.914557999916042,30.436229000345143],[-82.915656999732931,30.437293999709109],[-82.916905000411077,30.438397000125057],[-82.917919999664065,30.439178000264313],[-82.918308999826507,30.439464000343165],[-82.919420000237295,30.440282000145846],[-82.927013000294849,30.444939999772163],[-82.92966100019045,30.446564999615237],[-82.929730999612346,30.446605000182409],[-82.929877000100518,30.446688999693688],[-82.929942000397844,30.446726000036289],[-82.930005999971954,30.446764999963637],[-82.9300870001628,30.446814000187729],[-82.930391999761341,30.446999999771201],[-82.931553000400839,30.447706000230859],[-82.931596000058548,30.447732999970313],[-82.931946999687824,30.447930000108887],[-82.932160999948067,30.448065999756025],[-82.932237999940952,30.448115999886067],[-82.932812999876219,30.448462000176104],[-82.933031000334424,30.448593999958604],[-82.933191999992914,30.448695999984896],[-82.933678000239723,30.449005000301376],[-82.933839999723105,30.449109000222666],[-82.934489000176526,30.44950099964332],[-82.934603999804267,30.449570999871796],[-82.935138999556543,30.4499080001907],[-82.936434999915278,30.450686000217768],[-82.93708600001851,30.451078000265362],[-82.937665999976659,30.451431999668664],[-82.939409000224117,30.452497000226725],[-82.939990000007171,30.452851999633324],[-82.940344999834409,30.453064999895624],[-82.941411000039352,30.453705999668507],[-82.941604000383208,30.453821999815933],[-82.941765999866604,30.453920999839227],[-82.942733000337341,30.454509000321877],[-82.944183999608427,30.455389999715763],[-82.945635999602743,30.456272999840369],[-82.946394999661052,30.456733999902482],[-82.946603999898414,30.456861000068923],[-82.946889000303756,30.457033999943885],[-82.947829000112009,30.457605999796584],[-82.951506000402645,30.459842999750673],[-82.952087000185699,30.460196999834626],[-82.952733000266079,30.460587999906629],[-82.953192999675281,30.460866999980823],[-82.954478999988268,30.461645999657691],[-82.954575000247743,30.461704000055438],[-82.95503600038019,30.461985000091627],[-82.955706999676607,30.462392000376724],[-82.957720000260821,30.463615000348227],[-82.958392000280469,30.464022999639813],[-82.95949600012024,30.46469600019304],[-82.96201900034238,30.466233999707484],[-82.962810000187716,30.466715000278821],[-82.963719000033834,30.467267999880512],[-82.963915999677312,30.467388000040319],[-82.966778999658075,30.469127000109761],[-82.975367999600365,30.474345000108297],[-82.978232000304359,30.476085000089935],[-82.978519000359526,30.476259000158496],[-82.978671999622094,30.476351000264874],[-82.979992000270258,30.477149000300216],[-82.980209000005246,30.477279999665477],[-82.980436999610859,30.477408999884705],[-82.981250999920732,30.477872000296092],[-82.981543999823714,30.478018999638412],[-82.983742000355832,30.479125999943275],[-82.984963000371465,30.479659999678741],[-82.985143000296517,30.479738999708342],[-82.986073999883942,30.480112000001522],[-82.986136999633118,30.480133000212135],[-82.987459999756041,30.480576999623235],[-82.988912999575263,30.481064999799319],[-82.991462999561591,30.481808999979201],[-82.991518999638075,30.481825999743094],[-82.992799000103261,30.482219000105729],[-82.993103999701802,30.482309999790093],[-82.993408000373719,30.482401000163545],[-82.993579000077958,30.482451999910321],[-82.994025000141789,30.482581000243389],[-82.997063000024738,30.483458999834866],[-82.997474999753379,30.483577999973257],[-82.997709000105118,30.483651000298394],[-82.99862799999697,30.483939999701491],[-82.998930999945671,30.484029999908241],[-82.999609999638011,30.484231000172755],[-83.001069000203344,30.484688000319391],[-83.001084000271945,30.484692999692484],[-83.005427999661038,30.485946000323068],[-83.007515999690014,30.486550999942775],[-83.009080999662231,30.487005000325993],[-83.009664999818327,30.487176999911181],[-83.010604999626565,30.487454000134342],[-83.013424999949635,30.488287000238511],[-83.014194000053664,30.488515000274003],[-83.014365999582793,30.488565999913426],[-83.017838999658935,30.489587999743087],[-83.020752999693329,30.490446000193526],[-83.023135000348461,30.491155999748329],[-83.028256000237505,30.492668999839299],[-83.031729000313632,30.49369600038175],[-83.033757999893041,30.494436999733239],[-83.034090000154066,30.494558999855283],[-83.035347999979635,30.495157000347071],[-83.036711000285507,30.495866000287766],[-83.037225999946315,30.496152999662545],[-83.038053999601573,30.496674999675015],[-83.03872300014649,30.497135000377398],[-83.039380000097523,30.497622000295319],[-83.040252999958611,30.498268999643127],[-83.040554000257487,30.498536000379502],[-83.040870999551572,30.498831999968232],[-83.040905999711669,30.498864999699222],[-83.040940999871779,30.498898000193027],[-83.041042999979027,30.498997000059273],[-83.041106999553122,30.499057999989187],[-83.041171000025543,30.49911899988092],[-83.041284000003444,30.499226999836399],[-83.042065999627951,30.499997999668857],[-83.042983999694897,30.501038999697069],[-83.043535000239018,30.501710999773461],[-83.04395199999054,30.502262000256874],[-83.050920999709035,30.511477999795265],[-83.051716999577224,30.512491999640474],[-83.051923000339869,30.512707000016363],[-83.053005000438347,30.513837999927198],[-83.054018000041538,30.514767999619259],[-83.055133999576881,30.515678999933154],[-83.055685000121002,30.516132999805603],[-83.055772000159649,30.516190000379588],[-83.057823000378662,30.517544000086275],[-83.058507000093883,30.517996000077058],[-83.05895700035569,30.518290000343377],[-83.060309999717489,30.519174999939001],[-83.060760999804202,30.519470000335065],[-83.060978000437501,30.519605000060302],[-83.061630000365653,30.520011000253618],[-83.061847999925533,30.520146999820977],[-83.062457000196005,30.5205730002499],[-83.062806000175456,30.520818000357494],[-83.063586999975044,30.521402999758795],[-83.06462899989053,30.522447999641965],[-83.065304000283234,30.523227000151632],[-83.06581200027135,30.523952999870325],[-83.066540000367496,30.525405999825526],[-83.067145000439993,30.5267119998921],[-83.067595999628381,30.527684999964354],[-83.068460000166951,30.529579999736182],[-83.069093999653461,30.530990000065092],[-83.069651999870274,30.532207000174964],[-83.070071999994852,30.533104999714826],[-83.070272999836291,30.533562000015657],[-83.070822999657224,30.534773000064352],[-83.071638999616908,30.536535000144241],[-83.073232000076544,30.540029999908999],[-83.073627999911665,30.54077899965931],[-83.075223000021126,30.543715999896577],[-83.075870999751331,30.544772000254071],[-83.076930000283554,30.546475000290499],[-83.077179999630516,30.546849999786655],[-83.078577000271565,30.548844000246941],[-83.079071000015972,30.549530999862345],[-83.083284999708724,30.555395000110419],[-83.084094999820636,30.556514999631315],[-83.084504999899465,30.557091999714803],[-83.08559100019589,30.558618000263998],[-83.086599999601106,30.559946000228031],[-83.087659999958277,30.561341000340743],[-83.088131999961377,30.5619189997395],[-83.091898999765391,30.566300000370287],[-83.095100999679872,30.569421000089253],[-83.097132999632322,30.57140300009527],[-83.097489000182776,30.57174999977028],[-83.098127999692153,30.572404000158286],[-83.099080999919195,30.573373000051181],[-83.099620999694352,30.573915999860318],[-83.104118000142648,30.578438999926124],[-83.105406999930366,30.579734999900055],[-83.105617999817539,30.579946999977825],[-83.107896999642222,30.582245999614447],[-83.113040999995789,30.587434000173353],[-83.114738000212483,30.589139999656922],[-83.115073999773159,30.589476999706164],[-83.115853999747827,30.590260999947247],[-83.116702000392891,30.591118999912563],[-83.117022999884938,30.591434999912796],[-83.117299999894385,30.591707999668298],[-83.117448999857302,30.591854000196275],[-83.118431000396654,30.592818999648415],[-83.118716999728605,30.593122999875003],[-83.118741999842968,30.593148999616108],[-83.119142999700969,30.593544000267357],[-83.119296999686739,30.593695000300368],[-83.119422000258538,30.59381800010221],[-83.119742999750585,30.59416400014705],[-83.119890000063677,30.594323000166852],[-83.11996000038387,30.594396000035033],[-83.120018999935098,30.594457000369996],[-83.120181000316819,30.594609000353078],[-83.120255999761568,30.594678999756326],[-83.120671999688184,30.5950960002904],[-83.121728999672285,30.596155999733273],[-83.121922999841047,30.596349000020961],[-83.12234299996561,30.596764999750352],[-83.122594000035789,30.59702999999994],[-83.122758000067321,30.597203000241581],[-83.122969999779428,30.597426999890036],[-83.123354999743881,30.597818999961813],[-83.123610999836927,30.598079999713935],[-83.124995000059187,30.599490999785402],[-83.126365999862657,30.600867000030558],[-83.126945999820805,30.601455000315937],[-83.12784100032151,30.602361000333911],[-83.128574000440537,30.603115000065742],[-83.129881999596492,30.604369000195543],[-83.130812000257322,30.605207999691729],[-83.13335600039585,30.607203999850277],[-83.134605000000576,30.608053000270807],[-83.135995999895542,30.608902000207397],[-83.136920999635166,30.609432999744907],[-83.137904999824343,30.609967000012773],[-83.138162999567214,30.610092000136621],[-83.138730999829775,30.610369000096],[-83.141407000212794,30.611567000082697],[-83.142492999610909,30.6120350003537],[-83.142619000007613,30.612090000212245],[-83.143687999687302,30.612558000274895],[-83.146959000097056,30.613986999968695],[-83.148530999741993,30.614671999670193],[-83.149217999830242,30.614972999734334],[-83.151524000317409,30.615981000111244],[-83.151739000402571,30.616075000096185],[-83.151905000083914,30.616147999807655],[-83.152751000180828,30.616516999805157],[-83.165332999882935,30.621988999698832],[-83.166009999925464,30.622298999933854],[-83.167004999985281,30.622775999807615],[-83.168086000258853,30.623342000337455],[-83.169769000231852,30.624318000076045],[-83.172893000328529,30.626441000210338]]},"properties":{"BASENAME":"93","NAME":"State Hwy 93","MTFCC":"S1100","RTTYP":"S","OID":"1104259613708"}},{"type":"Feature","geometry":{"type":"LineString","coordinates":[[-83.388181999848896,30.992283999675383],[-83.388134000168321,30.99221499994697],[-83.387382999607638,30.989744999808316],[-83.387322000406584,30.989471000107159],[-83.387268999804817,30.989236999818036],[-83.386586999739436,30.987219999956558],[-83.386487000180324,30.986885999728731],[-83.386103000040777,30.98559799967018],[-83.385452999762435,30.983460000186685],[-83.3850419998587,30.982120000288607],[-83.382938999761123,30.975255999800911],[-83.382204999817205,30.972875999776871],[-83.380929000448276,30.968685000312327],[-83.380828999990868,30.968350999915359],[-83.380548999608365,30.967413000360821],[-83.378935000130653,30.962163000268145],[-83.378524000226918,30.960824000150524],[-83.37816900039968,30.959663999653703],[-83.377328000325619,30.956910999816973],[-83.376140999746866,30.953048999712912],[-83.375150999709902,30.949801999816128],[-83.374390999826716,30.947399999774976],[-83.374306000336219,30.947122000162516],[-83.373931000417485,30.945898999816787],[-83.373431999751872,30.944311999615671],[-83.373124999605224,30.943282000203489],[-83.372435999867136,30.941057000307879],[-83.371995999651091,30.939611000285165],[-83.371602000364106,30.938315999629761],[-83.371541000264742,30.938135000330231],[-83.371418000241093,30.937719000368698],[-83.371194999760007,30.937010000055576],[-83.370853000351573,30.935895000267088],[-83.370677999551077,30.935303999860974],[-83.370306999830305,30.934112000374654],[-83.369418999900589,30.931227000059934],[-83.369221000432177,30.930516999950491],[-83.368906999714511,30.929326999763056],[-83.368694000177499,30.928604999907627],[-83.368423000015838,30.927784000162553],[-83.367904000157068,30.926277999975383],[-83.367726999706733,30.925709000257765],[-83.367659999759582,30.925488000292987],[-83.367305999757278,30.924319000028625],[-83.367077000326717,30.923561999973153],[-83.367043999816445,30.923426999821316],[-83.36693300038668,30.923072000368009],[-83.366789000446644,30.92261199968096],[-83.366134000145436,30.9204519999426],[-83.365718000218834,30.919122000041526],[-83.364831999938929,30.916220000186964],[-83.364816999870314,30.916140999834859],[-83.364708000090374,30.915821000229151],[-83.364595999937393,30.915298999707321],[-83.364324999775732,30.914388999768249],[-83.364102000192958,30.913720999716336],[-83.363887999932714,30.91305700036855],[-83.363784000175656,30.912716000152361],[-83.36365500030422,30.912293999816061],[-83.36348200005186,30.911784000169451],[-83.363251000073191,30.911050000286444],[-83.361929999600108,30.90673000030899],[-83.361890000315455,30.906598000095538],[-83.361209999899899,30.904395000186963],[-83.360946000309227,30.903592000120749],[-83.360753999790305,30.903040000099917],[-83.360527999834503,30.902447999678991],[-83.360414999856587,30.902185000084284],[-83.360387000267508,30.9021180002274],[-83.360142999870021,30.901572999821823],[-83.359948999701274,30.901167000020489],[-83.359861999662641,30.901008999833575],[-83.359427000367759,30.900184999901523],[-83.359152000008152,30.899719999900064],[-83.358556999981403,30.898797999655081],[-83.358028999901805,30.897994999659154],[-83.357755000265399,30.897589999869812],[-83.357443999920804,30.897119000181274],[-83.356429999594383,30.895630999921021],[-83.356212000034503,30.895323000171739],[-83.356160999980872,30.895240000352629],[-83.356021000238798,30.895015999998854],[-83.355802999780593,30.894695999905874]]},"properties":{"BASENAME":"7","NAME":"State Rte 7","MTFCC":"S1100","RTTYP":"S","OID":"110499211133"}},{"type":"Feature","geometry":{"type":"LineString","coordinates":[[-83.35558400039578,30.894722999887584],[-83.355859999681982,30.895151000150921],[-83.355976000032939,30.895324999757868],[-83.356285999654332,30.895787000156908],[-83.356636000357028,30.896298999816985],[-83.356843000046254,30.896653000155119],[-83.356901999597483,30.896748999720742],[-83.357012000100653,30.896858999923676],[-83.357265999645549,30.897255999997405],[-83.357499000172368,30.897609000111405],[-83.35758799986084,30.897720999633176],[-83.357751999892372,30.897967000063776],[-83.358416000414408,30.898938000188807],[-83.358808999876487,30.899542999783478],[-83.359158999680844,30.900121999929134],[-83.359470999850373,30.900676999801078],[-83.359643000277813,30.901011999805405],[-83.359906999868485,30.901560000276348],[-83.36021999986292,30.902237999949396],[-83.360229000083763,30.902259000251416],[-83.360315000297476,30.902455999740344],[-83.360577000238294,30.903134000004375],[-83.360753999790305,30.903631999942682],[-83.360892999707488,30.904053999936451],[-83.361323999702691,30.905432999753614],[-83.361688999575676,30.906636000082191],[-83.36173200013171,30.906780000178877],[-83.363559000044745,30.912847999634387],[-83.363794000221404,30.913625999818173],[-83.36393800016144,30.914104999836134],[-83.364196999729216,30.914794000153606],[-83.36452499979228,30.915889999668693],[-83.364605999983127,30.916140000259244],[-83.364624000424769,30.916211000159883],[-83.366702000408011,30.922984999623683],[-83.36679000027155,30.923306999697651],[-83.366842999975006,30.923503999782866],[-83.366878000135102,30.923578999915971],[-83.366935000036506,30.923842000051561],[-83.367013999679216,30.924023000208226],[-83.367052000212368,30.92417099984764],[-83.367109999938677,30.924317000277657],[-83.367120999809345,30.92435899966334],[-83.36714099990084,30.924432999637016],[-83.367206000198166,30.924609999956193],[-83.367509000146853,30.925615999658373],[-83.367688000247,30.926211000034147],[-83.367893000286415,30.926942000029634],[-83.368207999930675,30.928152999857545],[-83.368450999604917,30.928995000115918],[-83.368592000070237,30.929448999682652],[-83.368909000262647,30.930508999923525],[-83.369960000398976,30.933933999760345],[-83.370312999678077,30.935066000287399],[-83.370449999945436,30.935487000185592],[-83.371095000200896,30.937331999905187],[-83.371348999745791,30.938103999802824],[-83.371818000274175,30.939649000256615],[-83.371877999650323,30.93984699990386],[-83.373116000282707,30.943857999748364],[-83.374124999687922,30.94720399963904],[-83.374411999743103,30.948153999812462],[-83.374906000385835,30.949731000202728],[-83.375017999640505,30.950077000131976],[-83.377314000081924,30.957581999862793],[-83.377976000055838,30.959726999695846],[-83.378750000182734,30.962238000111906],[-83.378935000130653,30.962837999822341],[-83.380006000358478,30.966351000010462],[-83.380639999844973,30.968412000019718],[-83.381075000038152,30.969827999646668],[-83.382105000258093,30.973143000359052],[-83.382526000207562,30.97452499966543],[-83.382903999601027,30.975731000201822],[-83.383292999763455,30.977011000216081],[-83.383667999682189,30.978275000251688],[-83.383927999973181,30.979102000238306],[-83.384127000164796,30.979765999846109],[-83.384462999725471,30.980831000147639],[-83.384763000199442,30.981801000200274],[-83.384862999758553,30.982140000333469],[-83.384929999705705,30.982365000356673],[-83.385729999771868,30.984960999744416],[-83.386092999995029,30.986157000109195],[-83.386329999821484,30.986922000164572],[-83.386432999753652,30.987256000266385],[-83.38710300012346,30.989482000093474],[-83.387236000192871,30.989925000307867],[-83.387642000073711,30.991212999704899],[-83.387945000022441,30.992213999626877]]},"properties":{"BASENAME":"7","NAME":"State Rte 7","MTFCC":"S1100","RTTYP":"S","OID":"110499211132"}},{"type":"Feature","geometry":{"type":"LineString","coordinates":[[-83.398159000211422,31.029909999643909],[-83.398127000424367,31.029763999770985],[-83.397720999645188,31.028189000020081],[-83.396066000159578,31.021481000194964],[-83.395912000173809,31.020821000085625],[-83.395849000424604,31.020566000043665],[-83.394461000004384,31.014965999729814],[-83.394074000390091,31.013376000227773],[-83.393928999726825,31.012803000040844],[-83.393363999837291,31.010503000004729],[-83.392707999711178,31.007832999783773],[-83.392476999732509,31.006896999844329],[-83.392208999943904,31.005820999864898],[-83.391837000398226,31.004404999990236],[-83.391692999559865,31.003885000255078],[-83.391563999688429,31.003420999802803],[-83.391543999596948,31.003352999865353],[-83.391366000220046,31.002737999927348],[-83.391261999564634,31.00237100002747],[-83.391102999555983,31.001888999823741],[-83.390823999896725,31.000964000248796],[-83.390655999667231,31.000441999759332],[-83.390592999918056,31.000221000195719],[-83.390557999757959,31.000098999802592],[-83.390423999863629,30.999677000331605],[-83.390377999832879,30.999531000335264],[-83.390300000015088,30.999283999969581],[-83.389946000012756,30.998110999955465],[-83.389586000162652,30.996893000278792],[-83.389509000169767,30.996642999959786],[-83.389006000204503,30.995017999623357],[-83.388268000062624,30.992642000132495],[-83.388181999848896,30.992283999675383],[-83.388134000168321,30.99221499994697],[-83.387382999607638,30.989744999808316],[-83.387322000406584,30.989471000107159],[-83.387268999804817,30.989236999818036],[-83.386586999739436,30.987219999956558],[-83.386487000180324,30.986885999728731],[-83.386103000040777,30.98559799967018],[-83.385452999762435,30.983460000186685],[-83.3850419998587,30.982120000288607],[-83.382938999761123,30.975255999800911],[-83.382204999817205,30.972875999776871],[-83.380929000448276,30.968685000312327],[-83.380828999990868,30.968350999915359],[-83.380548999608365,30.967413000360821],[-83.378935000130653,30.962163000268145],[-83.378524000226918,30.960824000150524],[-83.37816900039968,30.959663999653703],[-83.377328000325619,30.956910999816973],[-83.376140999746866,30.953048999712912],[-83.375150999709902,30.949801999816128],[-83.374390999826716,30.947399999774976],[-83.374306000336219,30.947122000162516],[-83.373931000417485,30.945898999816787],[-83.373431999751872,30.944311999615671],[-83.373124999605224,30.943282000203489],[-83.372435999867136,30.941057000307879],[-83.371995999651091,30.939611000285165],[-83.371602000364106,30.938315999629761],[-83.371541000264742,30.938135000330231],[-83.371418000241093,30.937719000368698],[-83.371194999760007,30.937010000055576],[-83.370853000351573,30.935895000267088],[-83.370677999551077,30.935303999860974],[-83.370306999830305,30.934112000374654],[-83.369418999900589,30.931227000059934],[-83.369221000432177,30.930516999950491],[-83.368906999714511,30.929326999763056],[-83.368694000177499,30.928604999907627],[-83.368423000015838,30.927784000162553],[-83.367904000157068,30.926277999975383],[-83.367726999706733,30.925709000257765],[-83.367659999759582,30.925488000292987],[-83.367305999757278,30.924319000028625],[-83.367077000326717,30.923561999973153],[-83.367043999816445,30.923426999821316],[-83.36693300038668,30.923072000368009],[-83.366789000446644,30.92261199968096],[-83.366134000145436,30.9204519999426],[-83.365718000218834,30.919122000041526],[-83.364831999938929,30.916220000186964],[-83.364816999870314,30.916140999834859],[-83.364708000090374,30.915821000229151],[-83.364595999937393,30.915298999707321],[-83.364324999775732,30.914388999768249],[-83.364102000192958,30.913720999716336],[-83.363887999932714,30.91305700036855],[-83.363784000175656,30.912716000152361],[-83.36365500030422,30.912293999816061],[-83.36348200005186,30.911784000169451],[-83.363251000073191,30.911050000286444],[-83.361929999600108,30.90673000030899],[-83.361890000315455,30.906598000095538],[-83.361209999899899,30.904395000186963],[-83.360946000309227,30.903592000120749],[-83.360753999790305,30.903040000099917],[-83.360527999834503,30.902447999678991],[-83.360414999856587,30.902185000084284],[-83.360387000267508,30.9021180002274],[-83.360142999870021,30.901572999821823],[-83.359948999701274,30.901167000020489],[-83.359861999662641,30.901008999833575],[-83.359427000367759,30.900184999901523],[-83.359152000008152,30.899719999900064],[-83.358556999981403,30.898797999655081],[-83.358028999901805,30.897994999659154],[-83.357755000265399,30.897589999869812],[-83.357443999920804,30.897119000181274],[-83.356429999594383,30.895630999921021],[-83.356212000034503,30.895323000171739],[-83.356160999980872,30.895240000352629],[-83.356021000238798,30.895015999998854],[-83.355802999780593,30.894695999905874],[-83.355395000249885,30.894082999757373],[-83.35523700006614,30.893872000371545],[-83.355052000118221,30.893610000154624],[-83.354556999650598,30.892878000068681],[-83.354324000022089,30.892542000303845],[-83.35386999956232,30.891862999975178],[-83.353662000048175,30.891562999870075],[-83.35347600027535,30.891223999838267],[-83.35342699987153,30.891180000112268],[-83.353257999817146,30.890923000205081],[-83.353193000418131,30.890823000063762],[-83.352962000439433,30.890488999713863],[-83.352196999635055,30.889359000256515],[-83.351465000239259,30.888314000033091],[-83.35015100033722,30.88636399971745],[-83.349978000084846,30.886120999983579],[-83.349241999592778,30.885039999632344],[-83.347509000289378,30.882468999896776],[-83.347074999921119,30.881843000216566],[-83.345506999575832,30.879508999886674],[-83.345458999895257,30.879444000272027],[-83.343503000110772,30.876543000242759],[-83.343252000040607,30.876160999789164],[-83.343118000146305,30.875981000093127],[-83.342123000086474,30.874492999883991],[-83.342001999712664,30.874320000225229],[-83.341717000205605,30.87388400003859],[-83.341227999585755,30.873072999904089],[-83.340893999674918,30.872500999909818],[-83.340608000342954,30.871924000170466],[-83.340215999807484,30.871079999668073],[-83.339993000224709,30.870582000085722],[-83.339587000343869,30.869491999649707],[-83.338966000377852,30.867728000079577],[-83.338619000048212,30.866771000211855],[-83.33751000018556,30.863630999801732],[-83.336982999930868,30.862181999894535],[-83.336730000210878,30.861446999829024],[-83.336398999774772,30.860538999671203],[-83.334889000054133,30.856274999687383],[-83.334747999588814,30.855887999951669],[-83.334464999731608,30.855065000014672],[-83.334411000203247,30.85490599992028],[-83.334381000066003,30.854818000254273],[-83.334037999934324,30.853871000254728],[-83.333114000019606,30.851260000271004],[-83.332744999948673,30.850197000147581],[-83.332441000175052,30.849307000190716],[-83.332411999862728,30.84922200006616],[-83.332325999649015,30.848976000188554],[-83.332119999784695,30.848324999876525],[-83.332021000050489,30.848012000106184],[-83.330945999624717,30.845035000374033],[-83.330786999616052,30.844641000081644],[-83.330682000034059,30.844355999705328],[-83.330563000208386,30.844008000176263],[-83.330511000329849,30.843868000364253],[-83.330365999666583,30.843473999907179],[-83.330227999574305,30.843080999712868],[-83.330143999908728,30.842722000283377],[-83.33008899965715,30.8426389996376],[-83.330040999976561,30.842432999768956],[-83.329969999831448,30.842285000286687],[-83.329877999769934,30.842027000028512],[-83.329433000429333,30.840866000308786],[-83.329055999962463,30.83995199976393],[-83.328731000272455,30.839204000276705],[-83.32841599972987,30.838630000321494],[-83.327639000128229,30.837211000288189],[-83.327112999698471,30.836296000004172],[-83.326802000252144,30.835744000264881],[-83.326602000235624,30.835390000161322],[-83.324296999573363,30.831360999678946],[-83.323669999759559,30.830265000348316],[-83.323388999552179,30.829760999631652],[-83.323164000319579,30.829368000363612],[-83.320754999900259,30.825158000192811],[-83.320568000302529,30.824822999635437],[-83.32031700023235,30.824388000207104],[-83.320119999690547,30.824047999680829],[-83.319459000439863,30.822883999926447],[-83.319277999791566,30.822542999694154],[-83.318974999842879,30.82201700017599],[-83.318698999658352,30.821558999789051],[-83.318618000365817,30.821406000015205],[-83.318462999656802,30.821143000202479],[-83.31787400037615,30.820110000095259],[-83.317356000342301,30.819213000129242],[-83.317065000089144,30.818640000035899],[-83.317024000081275,30.818557999989341],[-83.316932999844667,30.818427000042512],[-83.316865000072625,30.818303000234419],[-83.31681999986678,30.818176999842368],[-83.316756000292656,30.81807899985175],[-83.316696999843117,30.817987000273458],[-83.315392999986798,30.815649999982945],[-83.315307999597991,30.815497999907677],[-83.315244999848801,30.815385000127296],[-83.315126999848019,30.815181000118898],[-83.31008899979966,30.806494999808173],[-83.307707999867745,30.802257000294976],[-83.30740999994191,30.801669000176002],[-83.304043000170992,30.794781000090282],[-83.302001999997714,30.790536000294303],[-83.30110599967206,30.788656000191722],[-83.300041000190348,30.786420000061902],[-83.299458999684077,30.785169999871737],[-83.2989619995666,30.784127000181154],[-83.2988200001747,30.783827999772353],[-83.298617999610016,30.783381000013883],[-83.295674000336717,30.77720799971058],[-83.295379999710548,30.77658200018324],[-83.294968999806798,30.775729000117032],[-83.294697999645152,30.775165999737581],[-83.294495999978778,30.77482300019177],[-83.294192000205172,30.774324999768247],[-83.293912999647588,30.773914999651517],[-83.293591000330622,30.773500000192033],[-83.293305999925266,30.773157999632417],[-83.293168999657937,30.77300000004665],[-83.291701999594991,30.771416000246067],[-83.29003899971346,30.769637999860795],[-83.28879599995652,30.76829299970931],[-83.286285000328263,30.765603999733678],[-83.282270999753734,30.761284000107242],[-83.280867000338304,30.759794999991676],[-83.278625000323558,30.757376000278668],[-83.277453999638311,30.756127999625079],[-83.276790999839506,30.755395999828156],[-83.276415999920758,30.754968999628232],[-83.276169999873488,30.754676000306514],[-83.27593600042006,30.754375000035409],[-83.275692999847507,30.754042999750482],[-83.27546400041696,30.753702999751134],[-83.275136000353911,30.753186999892627],[-83.274326000241999,30.751865999955569],[-83.274290000256983,30.751772999802572],[-83.274089000415529,30.751468999705164],[-83.274009999874494,30.751348999768265],[-83.27380999985796,30.751076999666441],[-83.273706000100887,30.750871000349623],[-83.273672999590602,30.750805000340407],[-83.273645000001508,30.750759000026441],[-83.273403999977077,30.750364999894888],[-83.272805999577287,30.749353000273739],[-83.271624999744617,30.747395000086144],[-83.271322999620821,30.746898000372667],[-83.270632000232908,30.745758999696491],[-83.269739000280339,30.744285999859542],[-83.267028999562143,30.739789999614331],[-83.266662999864238,30.739171999727773],[-83.266308999861906,30.738549000327566],[-83.265933999943172,30.737863999930177],[-83.265308999779208,30.73669100003584],[-83.260218999852313,30.727137999649113],[-83.258750999964448,30.724395000304249],[-83.258405000358039,30.723762000004236],[-83.258021000218491,30.723078000340514],[-83.257211000106594,30.721670999677723],[-83.255519999737658,30.718781999751908],[-83.25398400007775,30.716172999705726],[-83.253613000356978,30.715548999800596],[-83.251737000040137,30.712341999729993],[-83.25086300035413,30.710864999732078],[-83.250609999735815,30.710421000031559],[-83.250362999863611,30.709974000068915],[-83.250132999709848,30.709615000205872],[-83.248715999875614,30.707211000294482],[-83.248468000178505,30.706766999994656],[-83.24833900030707,30.706551000362428],[-83.247864999755834,30.705754000324074],[-83.247336999676222,30.704846999952526],[-83.246765999938916,30.70388299969764],[-83.246201000049396,30.702909999904193],[-83.245216999860219,30.701256999891399],[-83.244565999756972,30.700122000128417],[-83.244273999678924,30.699648999867826],[-83.244041999875336,30.699263000115629],[-83.243460000267362,30.698435999683202],[-83.243210999847022,30.698093000334939],[-83.243075000302909,30.697926000024101],[-83.242238000426823,30.696987000249869],[-83.242055999953607,30.696798000365494],[-83.241474000345661,30.696222000237327],[-83.241210999681613,30.695997000351881],[-83.240194999705366,30.695092999641076],[-83.240133999606016,30.695039000197028],[-83.239475000005143,30.694467000197502],[-83.239212000239434,30.694272000283078],[-83.239053000230783,30.69412799970123],[-83.238684999984741,30.693827000349927],[-83.236073999899048,30.691471999883827],[-83.235704999828101,30.691147000280569],[-83.235406999902267,30.690895000039479],[-83.229537999825624,30.685737000345256],[-83.227530999987508,30.683981999723336],[-83.225310999714068,30.682028999874298],[-83.223769000206374,30.680672999908744],[-83.223482999976113,30.680431000353359],[-83.223077000095245,30.680086999890676],[-83.222868999682774,30.679882999738236],[-83.222687999932816,30.679723999672735],[-83.222593000396571,30.679640999748397],[-83.221097999846236,30.678320999945463],[-83.220490000298994,30.677774000231242],[-83.220285000259594,30.67758000033556],[-83.219900000295112,30.677213000211808],[-83.219316000139031,30.67659399975706],[-83.218763999769976,30.675953999637766],[-83.218125000260599,30.675195999749995],[-83.21629800034755,30.672951999809044],[-83.213827999828851,30.669959999928647],[-83.212431000086127,30.668251000332972],[-83.207800999568462,30.662613000366708],[-83.207266999641078,30.661978999772263],[-83.206720000193201,30.661351999794846],[-83.206191000288698,30.660771000376165],[-83.205643999942524,30.660201999613765],[-83.205303000358981,30.659863000150128],[-83.204899999952858,30.659474999899746],[-83.204565000217087,30.659152999827739],[-83.202779000311935,30.657452000343465],[-83.200357000372136,30.655168999686584],[-83.198917999898285,30.653798000010426],[-83.198403000237477,30.653304000192612],[-83.197243000321194,30.65219300026267],[-83.196777000165881,30.651697999962391],[-83.195257000399494,30.650083999894445],[-83.192242000082771,30.646787999875549],[-83.191411999879364,30.645866000264064],[-83.19130399992433,30.645746999621785],[-83.190463999675188,30.644840999873182],[-83.189758000218688,30.644070999875698],[-83.189504999600373,30.643794999845472],[-83.189272999796785,30.643541999641016],[-83.189049000389119,30.643296000222009],[-83.1888159998623,30.64304100006013],[-83.187195999638476,30.641276000224074],[-83.186345000417006,30.640344000125555],[-83.184849999866671,30.638704000044747],[-83.184414999673479,30.638239000082795],[-83.181278000056338,30.634799999899545],[-83.180682000204683,30.634160999924678],[-83.177901000239657,30.631119999685129],[-83.177035999876168,30.630182000064423],[-83.176143999748504,30.629262999804144],[-83.175505000239127,30.628652999822709],[-83.174897999618494,30.628097999901339],[-83.174094000252694,30.62740100008752],[-83.173649999838673,30.627031999836184],[-83.173135000177879,30.626627000108989],[-83.172893000328529,30.626441000210338]]},"properties":{"BASENAME":"401","NAME":"State Rte 401","MTFCC":"S1100","RTTYP":"S","OID":"1106087287032"}},{"type":"Feature","geometry":{"type":"LineString","coordinates":[[-83.397903999943281,31.029903000171803],[-83.397985000134142,31.030521999997308],[-83.398047999883346,31.031324000234914],[-83.3980739998226,31.031831000060549],[-83.397878999828919,31.035412999694955],[-83.397578000428368,31.039643000289445],[-83.397570000032459,31.039753999748033],[-83.397481000343987,31.04113199967594],[-83.39742799974222,31.041949999686324],[-83.397399000328221,31.043329999721017],[-83.397380999886565,31.044220999798405],[-83.397317000312455,31.045163000313284],[-83.397216999855033,31.046616999880548],[-83.397210000182341,31.046689000260145],[-83.397108000075093,31.048587999844614],[-83.397004000318006,31.050415999912833],[-83.396973000355871,31.051378999752945],[-83.396925999601876,31.052274000199763],[-83.396915999556143,31.053417000347089],[-83.396908999883451,31.054212000124288],[-83.396959999937081,31.054720000089173],[-83.396965999784854,31.054768999772708],[-83.397010999990698,31.055125000123862],[-83.397158000303804,31.055865000171547],[-83.397197999588457,31.056030000317818],[-83.397430000290356,31.056809999794215],[-83.397555999788736,31.057181000164153],[-83.397707000299789,31.057543999704588],[-83.397770999873899,31.05772300025912],[-83.39785399971457,31.057901999707365],[-83.397927000407819,31.058077999932785],[-83.398016999921182,31.058261999925204],[-83.398122000401486,31.058455999657316],[-83.398206999891983,31.058631000004461],[-83.398395000212957,31.058947000361183],[-83.398484999726335,31.059117000177267],[-83.398689999765764,31.059426000079078],[-83.398772999606422,31.059583000224897],[-83.399893000238038,31.061422000064859],[-83.401073000245802,31.063316999745265],[-83.403264000206931,31.066861000208434],[-83.404363999848741,31.068673000102358],[-83.405507999871489,31.070653000302737],[-83.406524999672627,31.072539000046159],[-83.407404000279826,31.074156999836823],[-83.407837999749788,31.075005999761913],[-83.408430000301792,31.076144999841443],[-83.408773000433484,31.076775999871543],[-83.409124000062775,31.077467999891088],[-83.409441000255171,31.078082000258274],[-83.410053999825251,31.079198000213729],[-83.410493000216405,31.080055000311351],[-83.411193999650052,31.08135600027417],[-83.413192000165651,31.085221999936731],[-83.415272999623596,31.089361000078654],[-83.416210999782024,31.091077000148388],[-83.416539999669993,31.091706000195327],[-83.41700199962736,31.092591000035636],[-83.41922500027384,31.096843999696208],[-83.420728000321787,31.099617000227369],[-83.421398999618205,31.100856000205258],[-83.422618999808947,31.103218999794336],[-83.422735000159889,31.10344300003154],[-83.423612000218938,31.105139999859233],[-83.424234000009889,31.106344999973029],[-83.424998000091051,31.107782999844407],[-83.425889000393795,31.10934700021658],[-83.4262550000917,31.109990000268485],[-83.427167000310845,31.111739999647792],[-83.427630999918037,31.112631000194988],[-83.42770200006315,31.112767999846355],[-83.428184999936903,31.113687999939824],[-83.429130999592942,31.115488999876312],[-83.429427999693843,31.116045999656016],[-83.429791999741937,31.116726000074582],[-83.432220000427833,31.121269000113294],[-83.433991000264371,31.124582000304148],[-83.434224999717799,31.12502000016778],[-83.434628999948828,31.125771000128768],[-83.434931999897529,31.126314000181434],[-83.435256999587537,31.126897999912213],[-83.435876999728649,31.12825400013455],[-83.436435999770396,31.129651000258328],[-83.436695000236483,31.13038499972313],[-83.438708999747277,31.135780000090762],[-83.440317000275527,31.140040999698591],[-83.440827999738389,31.141473999642681],[-83.441456000275409,31.143237999618488],[-83.441846000262757,31.144284000010153],[-83.442879999782335,31.147030000010009],[-83.443177999708155,31.147795000270683],[-83.44321100021844,31.147884000035827],[-83.443647000236524,31.14905799985457],[-83.443811000268056,31.149499999759502],[-83.445309000293136,31.153534999968951],[-83.446182000154238,31.155886000019059],[-83.446860999846578,31.157731999800003],[-83.447619000079939,31.159791999744982],[-83.448194999840112,31.16157899962727],[-83.448610999766728,31.163262999737867],[-83.448967000317182,31.164807000143007],[-83.449230000082935,31.1659479999369],[-83.449456000038722,31.166974999917858],[-83.449784000101801,31.168470000353679],[-83.45041099991559,31.171166000280639],[-83.451440000310612,31.175594000045866],[-83.451693999855536,31.176740000143955],[-83.451823999551863,31.177326000365209],[-83.452196999820771,31.178882999964852],[-83.453018999628227,31.182594999739944],[-83.453468000065115,31.184478000164681],[-83.453574000370338,31.18491799963444],[-83.45362700007378,31.185139000351882],[-83.45637000040395,31.197188000018222],[-83.457225999648287,31.20088299998201],[-83.458138999692366,31.204963000076585],[-83.458325000363516,31.205857999625216],[-83.458383999914744,31.206205000182702],[-83.458486000021992,31.20681200011602],[-83.459091999919409,31.210809999800098],[-83.459337000141787,31.212422000241595],[-83.459508999670931,31.213282999709854],[-83.459775999634616,31.214958000326444],[-83.460086000154334,31.216632999695644],[-83.460296000216616,31.217763999970376],[-83.460369000011539,31.218256000376353],[-83.460495000408244,31.218983000088322],[-83.460788000311197,31.220330999713688],[-83.464237999922801,31.235140999894877],[-83.464390000258774,31.235840000153789],[-83.464500999688525,31.236353999847562],[-83.464699999880168,31.237190999898822],[-83.464930999858851,31.238167999948587],[-83.465688000267306,31.241501999656577],[-83.465756999864269,31.24180200008724],[-83.465780000328806,31.241901999762977],[-83.466483000310603,31.244931999638602],[-83.46730599994298,31.24847499968859],[-83.467356000171691,31.248695000186782],[-83.468540000377416,31.253896000049782],[-83.468922999793747,31.255518999619319],[-83.469629999973478,31.258416000312227],[-83.46978399995929,31.259100000035463],[-83.470642999576668,31.262966999792734],[-83.47072700014057,31.26332599982798],[-83.470968999989907,31.264470999825512],[-83.471240999976473,31.265641000285822],[-83.471800999843111,31.268040999991047],[-83.472014000278463,31.268953999661029],[-83.472169000089153,31.269665999900134],[-83.472631999871425,31.27178999986435],[-83.47269799999367,31.272054999826352],[-83.472944000040954,31.273038999954093],[-83.47304299977516,31.273486000271195],[-83.473801999833427,31.276767000224272],[-83.473862999932805,31.277030999632675],[-83.473989000329496,31.277583000125883],[-83.47466800002185,31.280552000053849],[-83.475562999624245,31.284374999639258],[-83.475771000036715,31.285392000241657],[-83.476015000434188,31.286584000193916],[-83.476197999833957,31.287583999849026],[-83.476376000109212,31.288701000375831],[-83.476576999950666,31.290155999971368],[-83.476727999563394,31.291752999938982],[-83.47682899984575,31.292962000020324],[-83.476905999838635,31.293874000044145],[-83.476992000052363,31.29493600015763],[-83.477036000433287,31.295483000017722],[-83.477883000355106,31.306006000056406],[-83.478360000381088,31.311763000104598],[-83.478486999704387,31.313523000126025],[-83.478591000359785,31.314116000233149],[-83.478793000026144,31.315080999814384],[-83.478915000224887,31.31556299974288],[-83.479050999769001,31.31610299973886],[-83.480352999975494,31.32114400020804],[-83.481748000068407,31.326666000156973]]},"properties":{"BASENAME":"401","NAME":"State Rte 401","MTFCC":"S1100","RTTYP":"S","OID":"11055773714"}},{"type":"Feature","geometry":{"type":"LineString","coordinates":[[-83.398159000211422,31.029909999643909],[-83.3981659998841,31.029958999783055],[-83.398207999716888,31.030136000028595],[-83.398261000318655,31.030401999739883],[-83.398299999778416,31.030670999997515],[-83.398322000418034,31.030940000265087],[-83.398329000090726,31.031211000364461],[-83.398320999694803,31.031480999784669],[-83.398297000303671,31.031750999978939],[-83.398176999754767,31.033781999816949],[-83.397969000240607,31.037004999814656],[-83.397812999706701,31.0397720003761],[-83.397806000033995,31.039897000239637],[-83.397770999873899,31.040573999678529],[-83.397754999980364,31.04113199967594],[-83.397743000284805,31.041559000080273],[-83.397641000177558,31.04323999991022],[-83.397638999629436,31.043257999879213],[-83.397553000314019,31.044168000202419],[-83.39751999980372,31.045099999743716],[-83.397460000427586,31.04675799980318],[-83.39734900009951,31.047924999822833],[-83.397134000014347,31.051754999765588],[-83.397154000105843,31.052165999791068],[-83.397200000136593,31.053050000187692],[-83.397232999748553,31.053415999899808],[-83.397289999649956,31.054035000002294],[-83.397389000282473,31.05462699974094],[-83.397502000260388,31.055305999927842],[-83.397917000362071,31.056848999677094],[-83.398584000358852,31.058653999793133],[-83.399565000174988,31.060539000103351],[-83.403301999841759,31.066571000320923],[-83.40400099962558,31.067678999896781],[-83.406519999649774,31.072134000287704],[-83.408858999748901,31.076578999965506],[-83.411149000342519,31.08103900036112],[-83.413623000160854,31.085650000281188],[-83.415378999928805,31.08903500005734],[-83.418111000388308,31.094105999662684],[-83.420657000176675,31.098898999999552],[-83.422001000215971,31.10151599983643],[-83.422867000404366,31.103142000287885],[-83.426906000194933,31.110729000283253],[-83.427380999672778,31.111641999759932],[-83.427821999713757,31.112491999925567],[-83.427902000079698,31.112645000039297],[-83.428385999778357,31.113558000317035],[-83.429178000346909,31.115053000227299],[-83.429980000062898,31.11656400003459],[-83.432468000124928,31.121260000207339],[-83.434140000227274,31.124416000262947],[-83.43433699987078,31.12478800021097],[-83.435396000403045,31.126715000208147],[-83.435967000140352,31.1279329996756],[-83.436508999565319,31.129127000359432],[-83.436875999986441,31.130082999642003],[-83.43739200037048,31.131405999742423],[-83.437908999681113,31.132792999625202],[-83.439037999635246,31.135966999844374],[-83.441269999604259,31.142030999887613],[-83.441687000254078,31.143150999879076],[-83.443379000447919,31.147698000172312],[-83.443413999709705,31.147792000372132],[-83.444021000330338,31.149449000082647],[-83.44532000016379,31.152995000202544],[-83.4455450002947,31.153596999990121],[-83.44707199973378,31.157671000295966],[-83.448199000038088,31.160679999964326],[-83.448361000419794,31.161201999839982],[-83.448840999920506,31.163211999780106],[-83.449199000120785,31.164774000259055],[-83.449452999665695,31.165882000183831],[-83.449696000238248,31.166938999959392],[-83.450010999882508,31.168314000334654],[-83.450629000373794,31.171264000160559],[-83.451805000183612,31.17631100023242],[-83.45186299990992,31.176570000282453],[-83.452594000379122,31.179808999757352],[-83.453680999602156,31.184480999670242],[-83.453781999884484,31.184912999713056],[-83.453856000402638,31.185233000295458],[-83.454728000438834,31.189107000178275],[-83.455504000215541,31.192605000275321],[-83.45632199982505,31.19612599970289],[-83.45712600008919,31.199647999951313],[-83.457916000109606,31.203181000335611],[-83.458414000051988,31.205342999661791],[-83.458558999816944,31.206189999950247],[-83.458573999885559,31.206273999838494],[-83.459326000271133,31.210896999631352],[-83.459533999785279,31.212172999996664],[-83.459982000397247,31.214985000237391],[-83.460318999782828,31.216684000068607],[-83.460742000280447,31.218810000101556],[-83.461037999658132,31.220378999724336],[-83.461681000263781,31.223198000012065],[-83.463273000000186,31.230111999760339],[-83.464104999853404,31.233645000295692],[-83.464432999916468,31.235094999837141],[-83.464605000343923,31.235859999823564],[-83.464713000298957,31.236337999734896],[-83.464885999652992,31.237130000139221],[-83.464903000269743,31.237207999912986],[-83.465129000225545,31.238161999733837],[-83.465139000271307,31.238203999692988],[-83.467977000137722,31.250244000013065],[-83.468824999884447,31.253861000012915],[-83.470008000265267,31.259057000340359],[-83.470184999817263,31.259852999879286],[-83.470968999989907,31.26328999967858],[-83.471210000014338,31.264320000277696],[-83.47124599999934,31.264455999626971],[-83.471558000168869,31.26579200002331],[-83.471984000141219,31.267868999727781],[-83.472179000134901,31.268820000074278],[-83.472363000257914,31.269608000265059],[-83.473066000239697,31.272340999874427],[-83.473997999652028,31.276732999851287],[-83.474190999995869,31.277583999744131],[-83.474297000301092,31.278048999971791],[-83.475099999841987,31.281466000284681],[-83.475905999755923,31.285010000341515],[-83.476022000106866,31.285514999835922],[-83.476634999676975,31.28818299980464],[-83.476959000440402,31.291993000162023],[-83.477028000037365,31.292946999746661],[-83.477094999984516,31.293861999787975],[-83.477122999573623,31.294114999683266],[-83.477191000243977,31.294906000236235],[-83.477252000343356,31.29562500012473],[-83.477426000420621,31.297656999832419],[-83.478249999877917,31.308110999983509],[-83.478594999659421,31.311676000338892],[-83.478798999873931,31.313236999904518],[-83.47915700007421,31.315201999829341],[-83.479233000242203,31.315546000030999],[-83.479936000223987,31.318746999880236],[-83.481984999894877,31.326671000249473]]},"properties":{"BASENAME":"401","NAME":"State Rte 401","MTFCC":"S1100","RTTYP":"S","OID":"11055773715"}},{"type":"Feature","geometry":{"type":"LineString","coordinates":[[-83.172412999929506,30.626395000122081],[-83.172973999621064,30.626824000264342],[-83.173299000209397,30.627078999885644],[-83.174310999987654,30.627914000248502],[-83.174551000187179,30.628123000049779],[-83.175246999597945,30.62876700016464],[-83.175891999853434,30.629377000200396],[-83.176308999604956,30.629787999883572],[-83.176712000011065,30.630210000369356],[-83.177466999871385,30.631025999623844],[-83.182878000188651,30.636933999869271],[-83.184735000238931,30.638967999771349],[-83.18635899976239,30.640736999705545],[-83.186954999614073,30.641397999759686],[-83.187233000346708,30.641700000292186],[-83.188575999662774,30.643156999874652],[-83.188816999687205,30.64342400009831],[-83.189072999780237,30.643707000286252],[-83.18910299991748,30.643743999820831],[-83.189318000002629,30.643978000121503],[-83.189537000285739,30.644217000290038],[-83.191387999589935,30.646232000360687],[-83.191939000134056,30.646837999780889],[-83.19299299974513,30.647995000076751],[-83.193913000360197,30.648991999998128],[-83.195273000293014,30.650485000257227],[-83.196358999691142,30.651660000370065],[-83.196557999882771,30.651861999821186],[-83.197230999727324,30.652546000360399],[-83.198192000350289,30.653463999681026],[-83.199148000052048,30.654376999649763],[-83.201869999567506,30.656959999789105],[-83.203340000003493,30.658340999619931],[-83.204715000004924,30.65965400015504],[-83.204887000432379,30.659817999653264],[-83.205238000061669,30.660168999882302],[-83.205812999996937,30.660742999645596],[-83.206044999800511,30.660993999833224],[-83.206519000351761,30.661532000345105],[-83.206884000224733,30.661945999874874],[-83.207694000336645,30.66288999988997],[-83.208090999996685,30.663390000274898],[-83.208527999839689,30.663914999787945],[-83.210133999819803,30.665875000225437],[-83.212303000039597,30.668500999728153],[-83.21255199956164,30.668852999931076],[-83.212588000444981,30.668903999845291],[-83.212814000400783,30.669140999775365],[-83.213281000381002,30.66971200009149],[-83.216777000023356,30.673950999926998],[-83.217314000323796,30.674608000178189],[-83.218146000177001,30.675636999977201],[-83.21835100021643,30.675866999754099],[-83.218689000325227,30.676276000124037],[-83.219142000061751,30.676806999968061],[-83.219271999758092,30.676948999847763],[-83.219680000187083,30.677359999759339],[-83.22036700027536,30.678017999737911],[-83.221103999694009,30.678684000028674],[-83.221728000033082,30.679222000158227],[-83.222096000279123,30.679546999729272],[-83.222205999883968,30.679642999961501],[-83.222457999779039,30.679862000254751],[-83.22281299960629,30.680192000107954],[-83.22287100023091,30.68021699992212],[-83.223278999761618,30.680577999638377],[-83.223576999687438,30.680842000126098],[-83.225172999621805,30.6822550003351],[-83.22584999966432,30.68284600031151],[-83.22653000007989,30.683441000029902],[-83.230104000438359,30.686587000299202],[-83.231092999752107,30.687442999877323],[-83.234168000343288,30.690150000365822],[-83.235452999933031,30.69127399975428],[-83.235982999662454,30.691741999827364],[-83.237703000343686,30.693291999996958],[-83.238498000386983,30.69400199969175],[-83.238980000435831,30.694433999811849],[-83.23924800022445,30.694638000119109],[-83.239589999632898,30.694910999935146],[-83.24003599969673,30.695300999877833],[-83.240747999899341,30.695923999891875],[-83.241168999848824,30.696306999679884],[-83.241618000285698,30.69673100008875],[-83.242129999573464,30.697265000379897],[-83.242534999629427,30.697719999876227],[-83.242742000216964,30.697970000231173],[-83.243122000158564,30.698453999640069],[-83.243205999824141,30.698545999968168],[-83.243399999992917,30.698803999765442],[-83.243596999636409,30.699075999864579],[-83.243784000132479,30.699354000156255],[-83.24717400036792,30.705103000209188],[-83.247955000167522,30.706454999855755],[-83.248041000381249,30.706611000051367],[-83.24815299963592,30.706800000024646],[-83.249115999908696,30.708429000039203],[-83.249700000064806,30.709404000149188],[-83.250885000095423,30.711435000286222],[-83.253121000262382,30.715233999892884],[-83.253302000012354,30.71555100004187],[-83.254369000042217,30.717357000209056],[-83.25697799957976,30.721801000071352],[-83.257369000290339,30.722472999715077],[-83.257719999919601,30.723087999993467],[-83.25837900041877,30.724277999939726],[-83.259674000054261,30.726693999969367],[-83.261315000194472,30.729781000134597],[-83.262578000042907,30.732141000262118],[-83.265131000402278,30.736930000094496],[-83.265902999981037,30.738377000385828],[-83.266256999983383,30.739021999742167],[-83.266626999879222,30.739660000319748],[-83.27040399972897,30.745905999812084],[-83.271829999784018,30.748259000268739],[-83.273202000310718,30.750521000065298],[-83.273410999649784,30.750854999649711],[-83.273543999719166,30.751068000353861],[-83.273576000404532,30.751119999801773],[-83.273691999857178,30.751313000298445],[-83.273841999645001,30.751565000164689],[-83.274102999760913,30.752001000017781],[-83.274937000162268,30.753360000138315],[-83.275153000072336,30.75370400024784],[-83.275375999655097,30.754044000243663],[-83.275605999808874,30.754372000110052],[-83.275851999856158,30.754693000086029],[-83.276059000443709,30.754951000185635],[-83.276184000117183,30.755104999682267],[-83.276533000096634,30.755508000161882],[-83.277225000207764,30.756262999887841],[-83.279126999565563,30.758299999625702],[-83.281213999769619,30.760548999638729],[-83.282264999905948,30.761648000261147],[-83.283465999830113,30.762953999697473],[-83.289681000411491,30.769632999748705],[-83.290591000082514,30.770605999840868],[-83.29150900014946,30.771594999699708],[-83.29300200015166,30.77321300037995],[-83.293253000221839,30.773502000002136],[-83.293310999948147,30.773569000177879],[-83.293536000079058,30.773853999897156],[-83.293666999600305,30.774036999816165],[-83.293807000240704,30.774234999779356],[-83.294208999923598,30.774873000147668],[-83.294430999681452,30.775266000038755],[-83.295048000347819,30.776558999627419],[-83.295107999723953,30.776683000042283],[-83.295429999939245,30.777348999697931],[-83.295826999599285,30.77818199985094],[-83.296260000142638,30.779090000252022],[-83.29685099997144,30.780311999983351],[-83.297932000244984,30.782585999878695],[-83.298488999738595,30.783764000348718],[-83.29875700042551,30.784321000271738],[-83.299304999698293,30.785457999677948],[-83.299725999647748,30.78637200024836],[-83.300802999723359,30.788621000147067],[-83.301223999672843,30.789519000305038],[-83.301754000300591,30.790629000031956],[-83.301914999959052,30.790965999663673],[-83.302273000159346,30.791727999719875],[-83.302860999615092,30.792949000063508],[-83.30291900023974,30.793072000095417],[-83.303758999590542,30.794839000255593],[-83.305177000147992,30.797822000278],[-83.30559800009749,30.79871500000397],[-83.306029000092693,30.799614000037955],[-83.306764999686436,30.801102999634313],[-83.30696700025112,30.801486000365461],[-83.307197000404898,30.801902000202023],[-83.307752000248669,30.802906999772485],[-83.307990999724964,30.803338000113403],[-83.308564000010392,30.804346999979295],[-83.309143000143621,30.805354000133818],[-83.310600999985724,30.807916999922281],[-83.311784000366544,30.809974999700131],[-83.31245200018823,30.811149999721163],[-83.312746999741009,30.811681000358345],[-83.313046000390074,30.812195999846505],[-83.314036000427038,30.813942999730873],[-83.314448999980584,30.814650000311829],[-83.314808999830689,30.815321999966699],[-83.314823999899318,30.815348999930393],[-83.314859000059428,30.81539899964303],[-83.314925000181645,30.815514999740255],[-83.314976000235291,30.815606000290444],[-83.315088000388272,30.81580400029101],[-83.316393000069496,30.818122000127623],[-83.316465999864448,30.818221999725857],[-83.31675399974452,30.818783999666071],[-83.31722599974762,30.819520999873443],[-83.318493999618937,30.821742999728624],[-83.318630999886295,30.822049000272994],[-83.318677999741951,30.822112999663535],[-83.319133000026625,30.822887000029422],[-83.31960599985463,30.823681000336926],[-83.319820000114888,30.824059000181823],[-83.320092999926359,30.824537999806989],[-83.322936999640532,30.829523999688526],[-83.323355000115285,30.83025599995926],[-83.324008999693277,30.831394999895853],[-83.32428800025086,30.83188199972977],[-83.324982999836706,30.833111000146257],[-83.326285000043214,30.835383000318249],[-83.326521999869684,30.835802000383911],[-83.327573999830918,30.837660999984315],[-83.328397000361619,30.839141999925619],[-83.32852799988288,30.839424000005216],[-83.328578999936482,30.839540999991915],[-83.32876300005951,30.839959999644424],[-83.329074000404134,30.840710000134866],[-83.329138999803135,30.84088799976908],[-83.329365999583857,30.841517000329095],[-83.329389999873314,30.841589999951712],[-83.329536000361486,30.842030000304533],[-83.329620999851997,30.842262000028807],[-83.330241999818014,30.843956000049573],[-83.33054399994181,30.844779999987797],[-83.330810000080589,30.845569999979812],[-83.330954000020625,30.845953000008961],[-83.331113999854196,30.846379000011229],[-83.33128700010657,30.846872999940921],[-83.331306000373147,30.846931999801502],[-83.331322000266667,30.846983999857674],[-83.331431999871512,30.847329000050596],[-83.331706000406214,30.848053999799578],[-83.331754999911723,30.84818699999277],[-83.33208799999764,30.849102999765268],[-83.332181999708965,30.849361000276105],[-83.332192999579618,30.849392000240005],[-83.333102000324061,30.85185000033929],[-83.333723000290078,30.853612000078392],[-83.334192999745042,30.854923999929653],[-83.334256000392543,30.855102000183134],[-83.334836000350663,30.856719999987781],[-83.335260999599797,30.857928000004669],[-83.335306999630561,30.858034000098332],[-83.336024999680959,30.860084000062646],[-83.336758999624877,30.862151000209135],[-83.337201000389058,30.863374000021015],[-83.339058000439351,30.868611999825383],[-83.339223000295789,30.869063000330204],[-83.339379999756304,30.869506999817638],[-83.339789999835133,30.870608999925032],[-83.340368999968362,30.871906000268382],[-83.340671999917049,30.872493999690597],[-83.340905000443868,30.872914000373608],[-83.341297999905962,30.873581999871153],[-83.341855000297883,30.874452000215957],[-83.342711000440545,30.875716000289362],[-83.342903000061156,30.876008999948127],[-83.343399000353713,30.876737000245281],[-83.344125999726629,30.877822000128024],[-83.344808999616916,30.878823999892962],[-83.345972999731146,30.880553999795758],[-83.346891999623011,30.881927999947624],[-83.347183999701059,30.882329999885108],[-83.348460999793204,30.884212999780928],[-83.349946000297791,30.886427000261651],[-83.350136000268606,30.8866909998521],[-83.350501000141591,30.88722599984813],[-83.351252999628855,30.888349999836457],[-83.352781999616084,30.8906090001352],[-83.353078999716985,30.891039999798405],[-83.353708999903844,30.892020000010213],[-83.353800999965358,30.892153999934688],[-83.353815000209053,30.892206000131019],[-83.35558400039578,30.894722999887584],[-83.355859999681982,30.895151000150921],[-83.355976000032939,30.895324999757868],[-83.356285999654332,30.895787000156908],[-83.356636000357028,30.896298999816985],[-83.356843000046254,30.896653000155119],[-83.356901999597483,30.896748999720742],[-83.357012000100653,30.896858999923676],[-83.357265999645549,30.897255999997405],[-83.357499000172368,30.897609000111405],[-83.35758799986084,30.897720999633176],[-83.357751999892372,30.897967000063776],[-83.358416000414408,30.898938000188807],[-83.358808999876487,30.899542999783478],[-83.359158999680844,30.900121999929134],[-83.359470999850373,30.900676999801078],[-83.359643000277813,30.901011999805405],[-83.359906999868485,30.901560000276348],[-83.36021999986292,30.902237999949396],[-83.360229000083763,30.902259000251416],[-83.360315000297476,30.902455999740344],[-83.360577000238294,30.903134000004375],[-83.360753999790305,30.903631999942682],[-83.360892999707488,30.904053999936451],[-83.361323999702691,30.905432999753614],[-83.361688999575676,30.906636000082191],[-83.36173200013171,30.906780000178877],[-83.363559000044745,30.912847999634387],[-83.363794000221404,30.913625999818173],[-83.36393800016144,30.914104999836134],[-83.364196999729216,30.914794000153606],[-83.36452499979228,30.915889999668693],[-83.364605999983127,30.916140000259244],[-83.364624000424769,30.916211000159883],[-83.366702000408011,30.922984999623683],[-83.36679000027155,30.923306999697651],[-83.366842999975006,30.923503999782866],[-83.366878000135102,30.923578999915971],[-83.366935000036506,30.923842000051561],[-83.367013999679216,30.924023000208226],[-83.367052000212368,30.92417099984764],[-83.367109999938677,30.924317000277657],[-83.367120999809345,30.92435899966334],[-83.36714099990084,30.924432999637016],[-83.367206000198166,30.924609999956193],[-83.367509000146853,30.925615999658373],[-83.367688000247,30.926211000034147],[-83.367893000286415,30.926942000029634],[-83.368207999930675,30.928152999857545],[-83.368450999604917,30.928995000115918],[-83.368592000070237,30.929448999682652],[-83.368909000262647,30.930508999923525],[-83.369960000398976,30.933933999760345],[-83.370312999678077,30.935066000287399],[-83.370449999945436,30.935487000185592],[-83.371095000200896,30.937331999905187],[-83.371348999745791,30.938103999802824],[-83.371818000274175,30.939649000256615],[-83.371877999650323,30.93984699990386],[-83.373116000282707,30.943857999748364],[-83.374124999687922,30.94720399963904],[-83.374411999743103,30.948153999812462],[-83.374906000385835,30.949731000202728],[-83.375017999640505,30.950077000131976],[-83.377314000081924,30.957581999862793],[-83.377976000055838,30.959726999695846],[-83.378750000182734,30.962238000111906],[-83.378935000130653,30.962837999822341],[-83.380006000358478,30.966351000010462],[-83.380639999844973,30.968412000019718],[-83.381075000038152,30.969827999646668],[-83.382105000258093,30.973143000359052],[-83.382526000207562,30.97452499966543],[-83.382903999601027,30.975731000201822],[-83.383292999763455,30.977011000216081],[-83.383667999682189,30.978275000251688],[-83.383927999973181,30.979102000238306],[-83.384127000164796,30.979765999846109],[-83.384462999725471,30.980831000147639],[-83.384763000199442,30.981801000200274],[-83.384862999758553,30.982140000333469],[-83.384929999705705,30.982365000356673],[-83.385729999771868,30.984960999744416],[-83.386092999995029,30.986157000109195],[-83.386329999821484,30.986922000164572],[-83.386432999753652,30.987256000266385],[-83.38710300012346,30.989482000093474],[-83.387236000192871,30.989925000307867],[-83.387642000073711,30.991212999704899],[-83.387945000022441,30.992213999626877],[-83.388518000307869,30.99410300031688],[-83.388682000339415,30.994615999739221],[-83.388744000263685,30.994885999664337],[-83.389294999909509,30.996635000080488],[-83.389367999704447,30.996867999660381],[-83.389724000254901,30.998000999976288],[-83.390233999892843,30.999687999910936],[-83.390277000448862,30.999830000246146],[-83.390380000381015,31.0001390000497],[-83.390427000236684,31.000313000313206],[-83.390473000267434,31.000481999862565],[-83.391111999776825,31.002553999663196],[-83.391244000021288,31.002995000346367],[-83.391351999976322,31.003355999705093],[-83.391386000311513,31.003469999704958],[-83.391497999566198,31.003882999859702],[-83.391574999559083,31.0041619999399],[-83.391907999645014,31.00540899981743],[-83.392265999845321,31.006840999767189],[-83.392278000439191,31.006886000326752],[-83.392515000265647,31.007823999916962],[-83.392696999840524,31.008538999692227],[-83.393187000285309,31.010535000253395],[-83.39448100009588,31.015806999811826],[-83.394768999975966,31.017009000176504],[-83.395071999924667,31.018207999864703],[-83.39565000023299,31.020567000066301],[-83.395713999807086,31.020846999831182],[-83.395781999579157,31.021148999908903],[-83.395846999876468,31.021484000233968],[-83.395964999877236,31.021895000071602],[-83.395986999618543,31.021983000025514],[-83.396195999855919,31.022810999775718],[-83.39671899991265,31.024885999886362],[-83.396783000385085,31.025138999963442],[-83.39682799969259,31.025315999928253],[-83.396930999624757,31.025813999695867],[-83.396958000287256,31.025873000072384],[-83.397159000128696,31.026752000049857],[-83.397207999634205,31.026875000156419],[-83.397289999649956,31.027191999667679],[-83.397779000269821,31.02925499985588],[-83.397858999737451,31.029644000098084],[-83.397903999943281,31.029903000171803]]},"properties":{"BASENAME":"401","NAME":"State Rte 401","MTFCC":"S1100","RTTYP":"S","OID":"1106087287006"}},{"type":"Feature","geometry":{"type":"LineString","coordinates":[[-83.35558400039578,30.894722999887584],[-83.355859999681982,30.895151000150921],[-83.355976000032939,30.895324999757868],[-83.356285999654332,30.895787000156908],[-83.356636000357028,30.896298999816985],[-83.356843000046254,30.896653000155119],[-83.356901999597483,30.896748999720742],[-83.357012000100653,30.896858999923676],[-83.357265999645549,30.897255999997405],[-83.357499000172368,30.897609000111405],[-83.35758799986084,30.897720999633176],[-83.357751999892372,30.897967000063776],[-83.358416000414408,30.898938000188807],[-83.358808999876487,30.899542999783478],[-83.359158999680844,30.900121999929134],[-83.359470999850373,30.900676999801078],[-83.359643000277813,30.901011999805405],[-83.359906999868485,30.901560000276348],[-83.36021999986292,30.902237999949396],[-83.360229000083763,30.902259000251416],[-83.360315000297476,30.902455999740344],[-83.360577000238294,30.903134000004375],[-83.360753999790305,30.903631999942682],[-83.360892999707488,30.904053999936451],[-83.361323999702691,30.905432999753614],[-83.361688999575676,30.906636000082191],[-83.36173200013171,30.906780000178877],[-83.363559000044745,30.912847999634387],[-83.363794000221404,30.913625999818173],[-83.36393800016144,30.914104999836134],[-83.364196999729216,30.914794000153606],[-83.36452499979228,30.915889999668693],[-83.364605999983127,30.916140000259244],[-83.364624000424769,30.916211000159883],[-83.366702000408011,30.922984999623683],[-83.36679000027155,30.923306999697651],[-83.366842999975006,30.923503999782866],[-83.366878000135102,30.923578999915971],[-83.366935000036506,30.923842000051561],[-83.367013999679216,30.924023000208226],[-83.367052000212368,30.92417099984764],[-83.367109999938677,30.924317000277657],[-83.367120999809345,30.92435899966334],[-83.36714099990084,30.924432999637016],[-83.367206000198166,30.924609999956193],[-83.367509000146853,30.925615999658373],[-83.367688000247,30.926211000034147],[-83.367893000286415,30.926942000029634],[-83.368207999930675,30.928152999857545],[-83.368450999604917,30.928995000115918],[-83.368592000070237,30.929448999682652],[-83.368909000262647,30.930508999923525],[-83.369960000398976,30.933933999760345],[-83.370312999678077,30.935066000287399],[-83.370449999945436,30.935487000185592],[-83.371095000200896,30.937331999905187],[-83.371348999745791,30.938103999802824],[-83.371818000274175,30.939649000256615],[-83.371877999650323,30.93984699990386],[-83.373116000282707,30.943857999748364],[-83.374124999687922,30.94720399963904],[-83.374411999743103,30.948153999812462],[-83.374906000385835,30.949731000202728],[-83.375017999640505,30.950077000131976],[-83.377314000081924,30.957581999862793],[-83.377976000055838,30.959726999695846],[-83.378750000182734,30.962238000111906],[-83.378935000130653,30.962837999822341],[-83.380006000358478,30.966351000010462],[-83.380639999844973,30.968412000019718],[-83.381075000038152,30.969827999646668],[-83.382105000258093,30.973143000359052],[-83.382526000207562,30.97452499966543],[-83.382903999601027,30.975731000201822],[-83.383292999763455,30.977011000216081],[-83.383667999682189,30.978275000251688],[-83.383927999973181,30.979102000238306],[-83.384127000164796,30.979765999846109],[-83.384462999725471,30.980831000147639],[-83.384763000199442,30.981801000200274],[-83.384862999758553,30.982140000333469],[-83.384929999705705,30.982365000356673],[-83.385729999771868,30.984960999744416],[-83.386092999995029,30.986157000109195],[-83.386329999821484,30.986922000164572],[-83.386432999753652,30.987256000266385],[-83.38710300012346,30.989482000093474],[-83.387236000192871,30.989925000307867],[-83.387642000073711,30.991212999704899],[-83.387945000022441,30.992213999626877]]},"properties":{"BASENAME":"41","NAME":"US Hwy 41","MTFCC":"S1100","RTTYP":"U","OID":"110499211168"}},{"type":"Feature","geometry":{"type":"LineString","coordinates":[[-83.388181999848896,30.992283999675383],[-83.388134000168321,30.99221499994697],[-83.387382999607638,30.989744999808316],[-83.387322000406584,30.989471000107159],[-83.387268999804817,30.989236999818036],[-83.386586999739436,30.987219999956558],[-83.386487000180324,30.986885999728731],[-83.386103000040777,30.98559799967018],[-83.385452999762435,30.983460000186685],[-83.3850419998587,30.982120000288607],[-83.382938999761123,30.975255999800911],[-83.382204999817205,30.972875999776871],[-83.380929000448276,30.968685000312327],[-83.380828999990868,30.968350999915359],[-83.380548999608365,30.967413000360821],[-83.378935000130653,30.962163000268145],[-83.378524000226918,30.960824000150524],[-83.37816900039968,30.959663999653703],[-83.377328000325619,30.956910999816973],[-83.376140999746866,30.953048999712912],[-83.375150999709902,30.949801999816128],[-83.374390999826716,30.947399999774976],[-83.374306000336219,30.947122000162516],[-83.373931000417485,30.945898999816787],[-83.373431999751872,30.944311999615671],[-83.373124999605224,30.943282000203489],[-83.372435999867136,30.941057000307879],[-83.371995999651091,30.939611000285165],[-83.371602000364106,30.938315999629761],[-83.371541000264742,30.938135000330231],[-83.371418000241093,30.937719000368698],[-83.371194999760007,30.937010000055576],[-83.370853000351573,30.935895000267088],[-83.370677999551077,30.935303999860974],[-83.370306999830305,30.934112000374654],[-83.369418999900589,30.931227000059934],[-83.369221000432177,30.930516999950491],[-83.368906999714511,30.929326999763056],[-83.368694000177499,30.928604999907627],[-83.368423000015838,30.927784000162553],[-83.367904000157068,30.926277999975383],[-83.367726999706733,30.925709000257765],[-83.367659999759582,30.925488000292987],[-83.367305999757278,30.924319000028625],[-83.367077000326717,30.923561999973153],[-83.367043999816445,30.923426999821316],[-83.36693300038668,30.923072000368009],[-83.366789000446644,30.92261199968096],[-83.366134000145436,30.9204519999426],[-83.365718000218834,30.919122000041526],[-83.364831999938929,30.916220000186964],[-83.364816999870314,30.916140999834859],[-83.364708000090374,30.915821000229151],[-83.364595999937393,30.915298999707321],[-83.364324999775732,30.914388999768249],[-83.364102000192958,30.913720999716336],[-83.363887999932714,30.91305700036855],[-83.363784000175656,30.912716000152361],[-83.36365500030422,30.912293999816061],[-83.36348200005186,30.911784000169451],[-83.363251000073191,30.911050000286444],[-83.361929999600108,30.90673000030899],[-83.361890000315455,30.906598000095538],[-83.361209999899899,30.904395000186963],[-83.360946000309227,30.903592000120749],[-83.360753999790305,30.903040000099917],[-83.360527999834503,30.902447999678991],[-83.360414999856587,30.902185000084284],[-83.360387000267508,30.9021180002274],[-83.360142999870021,30.901572999821823],[-83.359948999701274,30.901167000020489],[-83.359861999662641,30.901008999833575],[-83.359427000367759,30.900184999901523],[-83.359152000008152,30.899719999900064],[-83.358556999981403,30.898797999655081],[-83.358028999901805,30.897994999659154],[-83.357755000265399,30.897589999869812],[-83.357443999920804,30.897119000181274],[-83.356429999594383,30.895630999921021],[-83.356212000034503,30.895323000171739],[-83.356160999980872,30.895240000352629],[-83.356021000238798,30.895015999998854],[-83.355802999780593,30.894695999905874]]},"properties":{"BASENAME":"41","NAME":"US Hwy 41","MTFCC":"S1100","RTTYP":"U","OID":"110499211169"}},{"type":"Feature","geometry":{"type":"LineString","coordinates":[[-83.398159000211422,31.029909999643909],[-83.398127000424367,31.029763999770985],[-83.397720999645188,31.028189000020081],[-83.396066000159578,31.021481000194964],[-83.395912000173809,31.020821000085625],[-83.395849000424604,31.020566000043665],[-83.394461000004384,31.014965999729814],[-83.394074000390091,31.013376000227773],[-83.393928999726825,31.012803000040844],[-83.393363999837291,31.010503000004729],[-83.392707999711178,31.007832999783773],[-83.392476999732509,31.006896999844329],[-83.392208999943904,31.005820999864898],[-83.391837000398226,31.004404999990236],[-83.391692999559865,31.003885000255078],[-83.391563999688429,31.003420999802803],[-83.391543999596948,31.003352999865353],[-83.391366000220046,31.002737999927348],[-83.391261999564634,31.00237100002747],[-83.391102999555983,31.001888999823741],[-83.390823999896725,31.000964000248796],[-83.390655999667231,31.000441999759332],[-83.390592999918056,31.000221000195719],[-83.390557999757959,31.000098999802592],[-83.390423999863629,30.999677000331605],[-83.390377999832879,30.999531000335264],[-83.390300000015088,30.999283999969581],[-83.389946000012756,30.998110999955465],[-83.389586000162652,30.996893000278792],[-83.389509000169767,30.996642999959786],[-83.389006000204503,30.995017999623357],[-83.388268000062624,30.992642000132495],[-83.388181999848896,30.992283999675383],[-83.388134000168321,30.99221499994697],[-83.387382999607638,30.989744999808316],[-83.387322000406584,30.989471000107159],[-83.387268999804817,30.989236999818036],[-83.386586999739436,30.987219999956558],[-83.386487000180324,30.986885999728731],[-83.386103000040777,30.98559799967018],[-83.385452999762435,30.983460000186685],[-83.3850419998587,30.982120000288607],[-83.382938999761123,30.975255999800911],[-83.382204999817205,30.972875999776871],[-83.380929000448276,30.968685000312327],[-83.380828999990868,30.968350999915359],[-83.380548999608365,30.967413000360821],[-83.378935000130653,30.962163000268145],[-83.378524000226918,30.960824000150524],[-83.37816900039968,30.959663999653703],[-83.377328000325619,30.956910999816973],[-83.376140999746866,30.953048999712912],[-83.375150999709902,30.949801999816128],[-83.374390999826716,30.947399999774976],[-83.374306000336219,30.947122000162516],[-83.373931000417485,30.945898999816787],[-83.373431999751872,30.944311999615671],[-83.373124999605224,30.943282000203489],[-83.372435999867136,30.941057000307879],[-83.371995999651091,30.939611000285165],[-83.371602000364106,30.938315999629761],[-83.371541000264742,30.938135000330231],[-83.371418000241093,30.937719000368698],[-83.371194999760007,30.937010000055576],[-83.370853000351573,30.935895000267088],[-83.370677999551077,30.935303999860974],[-83.370306999830305,30.934112000374654],[-83.369418999900589,30.931227000059934],[-83.369221000432177,30.930516999950491],[-83.368906999714511,30.929326999763056],[-83.368694000177499,30.928604999907627],[-83.368423000015838,30.927784000162553],[-83.367904000157068,30.926277999975383],[-83.367726999706733,30.925709000257765],[-83.367659999759582,30.925488000292987],[-83.367305999757278,30.924319000028625],[-83.367077000326717,30.923561999973153],[-83.367043999816445,30.923426999821316],[-83.36693300038668,30.923072000368009],[-83.366789000446644,30.92261199968096],[-83.366134000145436,30.9204519999426],[-83.365718000218834,30.919122000041526],[-83.364831999938929,30.916220000186964],[-83.364816999870314,30.916140999834859],[-83.364708000090374,30.915821000229151],[-83.364595999937393,30.915298999707321],[-83.364324999775732,30.914388999768249],[-83.364102000192958,30.913720999716336],[-83.363887999932714,30.91305700036855],[-83.363784000175656,30.912716000152361],[-83.36365500030422,30.912293999816061],[-83.36348200005186,30.911784000169451],[-83.363251000073191,30.911050000286444],[-83.361929999600108,30.90673000030899],[-83.361890000315455,30.906598000095538],[-83.361209999899899,30.904395000186963],[-83.360946000309227,30.903592000120749],[-83.360753999790305,30.903040000099917],[-83.360527999834503,30.902447999678991],[-83.360414999856587,30.902185000084284],[-83.360387000267508,30.9021180002274],[-83.360142999870021,30.901572999821823],[-83.359948999701274,30.901167000020489],[-83.359861999662641,30.901008999833575],[-83.359427000367759,30.900184999901523],[-83.359152000008152,30.899719999900064],[-83.358556999981403,30.898797999655081],[-83.358028999901805,30.897994999659154],[-83.357755000265399,30.897589999869812],[-83.357443999920804,30.897119000181274],[-83.356429999594383,30.895630999921021],[-83.356212000034503,30.895323000171739],[-83.356160999980872,30.895240000352629],[-83.356021000238798,30.895015999998854],[-83.355802999780593,30.894695999905874],[-83.355395000249885,30.894082999757373],[-83.35523700006614,30.893872000371545],[-83.355052000118221,30.893610000154624],[-83.354556999650598,30.892878000068681],[-83.354324000022089,30.892542000303845],[-83.35386999956232,30.891862999975178],[-83.353662000048175,30.891562999870075],[-83.35347600027535,30.891223999838267],[-83.35342699987153,30.891180000112268],[-83.353257999817146,30.890923000205081],[-83.353193000418131,30.890823000063762],[-83.352962000439433,30.890488999713863],[-83.352196999635055,30.889359000256515],[-83.351465000239259,30.888314000033091],[-83.35015100033722,30.88636399971745],[-83.349978000084846,30.886120999983579],[-83.349241999592778,30.885039999632344],[-83.347509000289378,30.882468999896776],[-83.347074999921119,30.881843000216566],[-83.345506999575832,30.879508999886674],[-83.345458999895257,30.879444000272027],[-83.343503000110772,30.876543000242759],[-83.343252000040607,30.876160999789164],[-83.343118000146305,30.875981000093127],[-83.342123000086474,30.874492999883991],[-83.342001999712664,30.874320000225229],[-83.341717000205605,30.87388400003859],[-83.341227999585755,30.873072999904089],[-83.340893999674918,30.872500999909818],[-83.340608000342954,30.871924000170466],[-83.340215999807484,30.871079999668073],[-83.339993000224709,30.870582000085722],[-83.339587000343869,30.869491999649707],[-83.338966000377852,30.867728000079577],[-83.338619000048212,30.866771000211855],[-83.33751000018556,30.863630999801732],[-83.336982999930868,30.862181999894535],[-83.336730000210878,30.861446999829024],[-83.336398999774772,30.860538999671203],[-83.334889000054133,30.856274999687383],[-83.334747999588814,30.855887999951669],[-83.334464999731608,30.855065000014672],[-83.334411000203247,30.85490599992028],[-83.334381000066003,30.854818000254273],[-83.334037999934324,30.853871000254728],[-83.333114000019606,30.851260000271004],[-83.332744999948673,30.850197000147581],[-83.332441000175052,30.849307000190716],[-83.332411999862728,30.84922200006616],[-83.332325999649015,30.848976000188554],[-83.332119999784695,30.848324999876525],[-83.332021000050489,30.848012000106184],[-83.330945999624717,30.845035000374033],[-83.330786999616052,30.844641000081644],[-83.330682000034059,30.844355999705328],[-83.330563000208386,30.844008000176263],[-83.330511000329849,30.843868000364253],[-83.330365999666583,30.843473999907179],[-83.330227999574305,30.843080999712868],[-83.330143999908728,30.842722000283377],[-83.33008899965715,30.8426389996376],[-83.330040999976561,30.842432999768956],[-83.329969999831448,30.842285000286687],[-83.329877999769934,30.842027000028512],[-83.329433000429333,30.840866000308786],[-83.329055999962463,30.83995199976393],[-83.328731000272455,30.839204000276705],[-83.32841599972987,30.838630000321494],[-83.327639000128229,30.837211000288189],[-83.327112999698471,30.836296000004172],[-83.326802000252144,30.835744000264881],[-83.326602000235624,30.835390000161322],[-83.324296999573363,30.831360999678946],[-83.323669999759559,30.830265000348316],[-83.323388999552179,30.829760999631652],[-83.323164000319579,30.829368000363612],[-83.320754999900259,30.825158000192811],[-83.320568000302529,30.824822999635437],[-83.32031700023235,30.824388000207104],[-83.320119999690547,30.824047999680829],[-83.319459000439863,30.822883999926447],[-83.319277999791566,30.822542999694154],[-83.318974999842879,30.82201700017599],[-83.318698999658352,30.821558999789051],[-83.318618000365817,30.821406000015205],[-83.318462999656802,30.821143000202479],[-83.31787400037615,30.820110000095259],[-83.317356000342301,30.819213000129242],[-83.317065000089144,30.818640000035899],[-83.317024000081275,30.818557999989341],[-83.316932999844667,30.818427000042512],[-83.316865000072625,30.818303000234419],[-83.31681999986678,30.818176999842368],[-83.316756000292656,30.81807899985175],[-83.316696999843117,30.817987000273458],[-83.315392999986798,30.815649999982945],[-83.315307999597991,30.815497999907677],[-83.315244999848801,30.815385000127296],[-83.315126999848019,30.815181000118898],[-83.31008899979966,30.806494999808173],[-83.307707999867745,30.802257000294976],[-83.30740999994191,30.801669000176002],[-83.304043000170992,30.794781000090282],[-83.302001999997714,30.790536000294303],[-83.30110599967206,30.788656000191722],[-83.300041000190348,30.786420000061902],[-83.299458999684077,30.785169999871737],[-83.2989619995666,30.784127000181154],[-83.2988200001747,30.783827999772353],[-83.298617999610016,30.783381000013883],[-83.295674000336717,30.77720799971058],[-83.295379999710548,30.77658200018324],[-83.294968999806798,30.775729000117032],[-83.294697999645152,30.775165999737581],[-83.294495999978778,30.77482300019177],[-83.294192000205172,30.774324999768247],[-83.293912999647588,30.773914999651517],[-83.293591000330622,30.773500000192033],[-83.293305999925266,30.773157999632417],[-83.293168999657937,30.77300000004665],[-83.291701999594991,30.771416000246067],[-83.29003899971346,30.769637999860795],[-83.28879599995652,30.76829299970931],[-83.286285000328263,30.765603999733678],[-83.282270999753734,30.761284000107242],[-83.280867000338304,30.759794999991676],[-83.278625000323558,30.757376000278668],[-83.277453999638311,30.756127999625079],[-83.276790999839506,30.755395999828156],[-83.276415999920758,30.754968999628232],[-83.276169999873488,30.754676000306514],[-83.27593600042006,30.754375000035409],[-83.275692999847507,30.754042999750482],[-83.27546400041696,30.753702999751134],[-83.275136000353911,30.753186999892627],[-83.274326000241999,30.751865999955569],[-83.274290000256983,30.751772999802572],[-83.274089000415529,30.751468999705164],[-83.274009999874494,30.751348999768265],[-83.27380999985796,30.751076999666441],[-83.273706000100887,30.750871000349623],[-83.273672999590602,30.750805000340407],[-83.273645000001508,30.750759000026441],[-83.273403999977077,30.750364999894888],[-83.272805999577287,30.749353000273739],[-83.271624999744617,30.747395000086144],[-83.271322999620821,30.746898000372667],[-83.270632000232908,30.745758999696491],[-83.269739000280339,30.744285999859542],[-83.267028999562143,30.739789999614331],[-83.266662999864238,30.739171999727773],[-83.266308999861906,30.738549000327566],[-83.265933999943172,30.737863999930177],[-83.265308999779208,30.73669100003584],[-83.260218999852313,30.727137999649113],[-83.258750999964448,30.724395000304249],[-83.258405000358039,30.723762000004236],[-83.258021000218491,30.723078000340514],[-83.257211000106594,30.721670999677723],[-83.255519999737658,30.718781999751908],[-83.25398400007775,30.716172999705726],[-83.253613000356978,30.715548999800596],[-83.251737000040137,30.712341999729993],[-83.25086300035413,30.710864999732078],[-83.250609999735815,30.710421000031559],[-83.250362999863611,30.709974000068915],[-83.250132999709848,30.709615000205872],[-83.248715999875614,30.707211000294482],[-83.248468000178505,30.706766999994656],[-83.24833900030707,30.706551000362428],[-83.247864999755834,30.705754000324074],[-83.247336999676222,30.704846999952526],[-83.246765999938916,30.70388299969764],[-83.246201000049396,30.702909999904193],[-83.245216999860219,30.701256999891399],[-83.244565999756972,30.700122000128417],[-83.244273999678924,30.699648999867826],[-83.244041999875336,30.699263000115629],[-83.243460000267362,30.698435999683202],[-83.243210999847022,30.698093000334939],[-83.243075000302909,30.697926000024101],[-83.242238000426823,30.696987000249869],[-83.242055999953607,30.696798000365494],[-83.241474000345661,30.696222000237327],[-83.241210999681613,30.695997000351881],[-83.240194999705366,30.695092999641076],[-83.240133999606016,30.695039000197028],[-83.239475000005143,30.694467000197502],[-83.239212000239434,30.694272000283078],[-83.239053000230783,30.69412799970123],[-83.238684999984741,30.693827000349927],[-83.236073999899048,30.691471999883827],[-83.235704999828101,30.691147000280569],[-83.235406999902267,30.690895000039479],[-83.229537999825624,30.685737000345256],[-83.227530999987508,30.683981999723336],[-83.225310999714068,30.682028999874298],[-83.223769000206374,30.680672999908744],[-83.223482999976113,30.680431000353359],[-83.223077000095245,30.680086999890676],[-83.222868999682774,30.679882999738236],[-83.222687999932816,30.679723999672735],[-83.222593000396571,30.679640999748397],[-83.221097999846236,30.678320999945463],[-83.220490000298994,30.677774000231242],[-83.220285000259594,30.67758000033556],[-83.219900000295112,30.677213000211808],[-83.219316000139031,30.67659399975706],[-83.218763999769976,30.675953999637766],[-83.218125000260599,30.675195999749995],[-83.21629800034755,30.672951999809044],[-83.213827999828851,30.669959999928647],[-83.212431000086127,30.668251000332972],[-83.207800999568462,30.662613000366708],[-83.207266999641078,30.661978999772263],[-83.206720000193201,30.661351999794846],[-83.206191000288698,30.660771000376165],[-83.205643999942524,30.660201999613765],[-83.205303000358981,30.659863000150128],[-83.204899999952858,30.659474999899746],[-83.204565000217087,30.659152999827739],[-83.202779000311935,30.657452000343465],[-83.200357000372136,30.655168999686584],[-83.198917999898285,30.653798000010426],[-83.198403000237477,30.653304000192612],[-83.197243000321194,30.65219300026267],[-83.196777000165881,30.651697999962391],[-83.195257000399494,30.650083999894445],[-83.192242000082771,30.646787999875549],[-83.191411999879364,30.645866000264064],[-83.19130399992433,30.645746999621785],[-83.190463999675188,30.644840999873182],[-83.189758000218688,30.644070999875698],[-83.189504999600373,30.643794999845472],[-83.189272999796785,30.643541999641016],[-83.189049000389119,30.643296000222009],[-83.1888159998623,30.64304100006013],[-83.187195999638476,30.641276000224074],[-83.186345000417006,30.640344000125555],[-83.184849999866671,30.638704000044747],[-83.184414999673479,30.638239000082795],[-83.181278000056338,30.634799999899545],[-83.180682000204683,30.634160999924678],[-83.177901000239657,30.631119999685129],[-83.177035999876168,30.630182000064423],[-83.176143999748504,30.629262999804144],[-83.175505000239127,30.628652999822709],[-83.174897999618494,30.628097999901339],[-83.174094000252694,30.62740100008752],[-83.173649999838673,30.627031999836184],[-83.173135000177879,30.626627000108989],[-83.172893000328529,30.626441000210338]]},"properties":{"BASENAME":"75","NAME":"I- 75","MTFCC":"S1100","RTTYP":"I","OID":"110499211196"}},{"type":"Feature","geometry":{"type":"LineString","coordinates":[[-83.397903999943281,31.029903000171803],[-83.397858999737451,31.029644000098084],[-83.397779000269821,31.02925499985588],[-83.397289999649956,31.027191999667679],[-83.397207999634205,31.026875000156419],[-83.397159000128696,31.026752000049857],[-83.396958000287256,31.025873000072384],[-83.396930999624757,31.025813999695867],[-83.39682799969259,31.025315999928253],[-83.396783000385085,31.025138999963442],[-83.39671899991265,31.024885999886362],[-83.396195999855919,31.022810999775718],[-83.395986999618543,31.021983000025514],[-83.395964999877236,31.021895000071602],[-83.395846999876468,31.021484000233968],[-83.395781999579157,31.021148999908903],[-83.395713999807086,31.020846999831182],[-83.39565000023299,31.020567000066301],[-83.395071999924667,31.018207999864703],[-83.394768999975966,31.017009000176504],[-83.39448100009588,31.015806999811826],[-83.393187000285309,31.010535000253395],[-83.392696999840524,31.008538999692227],[-83.392515000265647,31.007823999916962],[-83.392278000439191,31.006886000326752],[-83.392265999845321,31.006840999767189],[-83.391907999645014,31.00540899981743],[-83.391574999559083,31.0041619999399],[-83.391497999566198,31.003882999859702],[-83.391386000311513,31.003469999704958],[-83.391351999976322,31.003355999705093],[-83.391244000021288,31.002995000346367],[-83.391111999776825,31.002553999663196],[-83.390473000267434,31.000481999862565],[-83.390427000236684,31.000313000313206],[-83.390380000381015,31.0001390000497],[-83.390277000448862,30.999830000246146],[-83.390233999892843,30.999687999910936],[-83.389724000254901,30.998000999976288],[-83.389367999704447,30.996867999660381],[-83.389294999909509,30.996635000080488],[-83.388744000263685,30.994885999664337],[-83.388682000339415,30.994615999739221],[-83.388518000307869,30.99410300031688],[-83.387945000022441,30.992213999626877],[-83.387642000073711,30.991212999704899],[-83.387236000192871,30.989925000307867],[-83.38710300012346,30.989482000093474],[-83.386432999753652,30.987256000266385],[-83.386329999821484,30.986922000164572],[-83.386092999995029,30.986157000109195],[-83.385729999771868,30.984960999744416],[-83.384929999705705,30.982365000356673],[-83.384862999758553,30.982140000333469],[-83.384763000199442,30.981801000200274],[-83.384462999725471,30.980831000147639],[-83.384127000164796,30.979765999846109],[-83.383927999973181,30.979102000238306],[-83.383667999682189,30.978275000251688],[-83.383292999763455,30.977011000216081],[-83.382903999601027,30.975731000201822],[-83.382526000207562,30.97452499966543],[-83.382105000258093,30.973143000359052],[-83.381075000038152,30.969827999646668],[-83.380639999844973,30.968412000019718],[-83.380006000358478,30.966351000010462],[-83.378935000130653,30.962837999822341],[-83.378750000182734,30.962238000111906],[-83.377976000055838,30.959726999695846],[-83.377314000081924,30.957581999862793],[-83.375017999640505,30.950077000131976],[-83.374906000385835,30.949731000202728],[-83.374411999743103,30.948153999812462],[-83.374124999687922,30.94720399963904],[-83.373116000282707,30.943857999748364],[-83.371877999650323,30.93984699990386],[-83.371818000274175,30.939649000256615],[-83.371348999745791,30.938103999802824],[-83.371095000200896,30.937331999905187],[-83.370449999945436,30.935487000185592],[-83.370312999678077,30.935066000287399],[-83.369960000398976,30.933933999760345],[-83.368909000262647,30.930508999923525],[-83.368592000070237,30.929448999682652],[-83.368450999604917,30.928995000115918],[-83.368207999930675,30.928152999857545],[-83.367893000286415,30.926942000029634],[-83.367688000247,30.926211000034147],[-83.367509000146853,30.925615999658373],[-83.367206000198166,30.924609999956193],[-83.36714099990084,30.924432999637016],[-83.367120999809345,30.92435899966334],[-83.367109999938677,30.924317000277657],[-83.367052000212368,30.92417099984764],[-83.367013999679216,30.924023000208226],[-83.366935000036506,30.923842000051561],[-83.366878000135102,30.923578999915971],[-83.366842999975006,30.923503999782866],[-83.36679000027155,30.923306999697651],[-83.366702000408011,30.922984999623683],[-83.364624000424769,30.916211000159883],[-83.364605999983127,30.916140000259244],[-83.36452499979228,30.915889999668693],[-83.364196999729216,30.914794000153606],[-83.36393800016144,30.914104999836134],[-83.363794000221404,30.913625999818173],[-83.363559000044745,30.912847999634387],[-83.36173200013171,30.906780000178877],[-83.361688999575676,30.906636000082191],[-83.361323999702691,30.905432999753614],[-83.360892999707488,30.904053999936451],[-83.360753999790305,30.903631999942682],[-83.360577000238294,30.903134000004375],[-83.360315000297476,30.902455999740344],[-83.360229000083763,30.902259000251416],[-83.36021999986292,30.902237999949396],[-83.359906999868485,30.901560000276348],[-83.359643000277813,30.901011999805405],[-83.359470999850373,30.900676999801078],[-83.359158999680844,30.900121999929134],[-83.358808999876487,30.899542999783478],[-83.358416000414408,30.898938000188807],[-83.357751999892372,30.897967000063776],[-83.35758799986084,30.897720999633176],[-83.357499000172368,30.897609000111405],[-83.357265999645549,30.897255999997405],[-83.357012000100653,30.896858999923676],[-83.356901999597483,30.896748999720742],[-83.356843000046254,30.896653000155119],[-83.356636000357028,30.896298999816985],[-83.356285999654332,30.895787000156908],[-83.355976000032939,30.895324999757868],[-83.355859999681982,30.895151000150921],[-83.35558400039578,30.894722999887584],[-83.353815000209053,30.892206000131019],[-83.353800999965358,30.892153999934688],[-83.353708999903844,30.892020000010213],[-83.353078999716985,30.891039999798405],[-83.352781999616084,30.8906090001352],[-83.351252999628855,30.888349999836457],[-83.350501000141591,30.88722599984813],[-83.350136000268606,30.8866909998521],[-83.349946000297791,30.886427000261651],[-83.348460999793204,30.884212999780928],[-83.347183999701059,30.882329999885108],[-83.346891999623011,30.881927999947624],[-83.345972999731146,30.880553999795758],[-83.344808999616916,30.878823999892962],[-83.344125999726629,30.877822000128024],[-83.343399000353713,30.876737000245281],[-83.342903000061156,30.876008999948127],[-83.342711000440545,30.875716000289362],[-83.341855000297883,30.874452000215957],[-83.341297999905962,30.873581999871153],[-83.340905000443868,30.872914000373608],[-83.340671999917049,30.872493999690597],[-83.340368999968362,30.871906000268382],[-83.339789999835133,30.870608999925032],[-83.339379999756304,30.869506999817638],[-83.339223000295789,30.869063000330204],[-83.339058000439351,30.868611999825383],[-83.337201000389058,30.863374000021015],[-83.336758999624877,30.862151000209135],[-83.336024999680959,30.860084000062646],[-83.335306999630561,30.858034000098332],[-83.335260999599797,30.857928000004669],[-83.334836000350663,30.856719999987781],[-83.334256000392543,30.855102000183134],[-83.334192999745042,30.854923999929653],[-83.333723000290078,30.853612000078392],[-83.333102000324061,30.85185000033929],[-83.332192999579618,30.849392000240005],[-83.332181999708965,30.849361000276105],[-83.33208799999764,30.849102999765268],[-83.331754999911723,30.84818699999277],[-83.331706000406214,30.848053999799578],[-83.331431999871512,30.847329000050596],[-83.331322000266667,30.846983999857674],[-83.331306000373147,30.846931999801502],[-83.33128700010657,30.846872999940921],[-83.331113999854196,30.846379000011229],[-83.330954000020625,30.845953000008961],[-83.330810000080589,30.845569999979812],[-83.33054399994181,30.844779999987797],[-83.330241999818014,30.843956000049573],[-83.329620999851997,30.842262000028807],[-83.329536000361486,30.842030000304533],[-83.329389999873314,30.841589999951712],[-83.329365999583857,30.841517000329095],[-83.329138999803135,30.84088799976908],[-83.329074000404134,30.840710000134866],[-83.32876300005951,30.839959999644424],[-83.328578999936482,30.839540999991915],[-83.32852799988288,30.839424000005216],[-83.328397000361619,30.839141999925619],[-83.327573999830918,30.837660999984315],[-83.326521999869684,30.835802000383911],[-83.326285000043214,30.835383000318249],[-83.324982999836706,30.833111000146257],[-83.32428800025086,30.83188199972977],[-83.324008999693277,30.831394999895853],[-83.323355000115285,30.83025599995926],[-83.322936999640532,30.829523999688526],[-83.320092999926359,30.824537999806989],[-83.319820000114888,30.824059000181823],[-83.31960599985463,30.823681000336926],[-83.319133000026625,30.822887000029422],[-83.318677999741951,30.822112999663535],[-83.318630999886295,30.822049000272994],[-83.318493999618937,30.821742999728624],[-83.31722599974762,30.819520999873443],[-83.31675399974452,30.818783999666071],[-83.316465999864448,30.818221999725857],[-83.316393000069496,30.818122000127623],[-83.315088000388272,30.81580400029101],[-83.314976000235291,30.815606000290444],[-83.314925000181645,30.815514999740255],[-83.314859000059428,30.81539899964303],[-83.314823999899318,30.815348999930393],[-83.314808999830689,30.815321999966699],[-83.314448999980584,30.814650000311829],[-83.314036000427038,30.813942999730873],[-83.313046000390074,30.812195999846505],[-83.312746999741009,30.811681000358345],[-83.31245200018823,30.811149999721163],[-83.311784000366544,30.809974999700131],[-83.310600999985724,30.807916999922281],[-83.309143000143621,30.805354000133818],[-83.308564000010392,30.804346999979295],[-83.307990999724964,30.803338000113403],[-83.307752000248669,30.802906999772485],[-83.307197000404898,30.801902000202023],[-83.30696700025112,30.801486000365461],[-83.306764999686436,30.801102999634313],[-83.306029000092693,30.799614000037955],[-83.30559800009749,30.79871500000397],[-83.305177000147992,30.797822000278],[-83.303758999590542,30.794839000255593],[-83.30291900023974,30.793072000095417],[-83.302860999615092,30.792949000063508],[-83.302273000159346,30.791727999719875],[-83.301914999959052,30.790965999663673],[-83.301754000300591,30.790629000031956],[-83.301223999672843,30.789519000305038],[-83.300802999723359,30.788621000147067],[-83.299725999647748,30.78637200024836],[-83.299304999698293,30.785457999677948],[-83.29875700042551,30.784321000271738],[-83.298488999738595,30.783764000348718],[-83.297932000244984,30.782585999878695],[-83.29685099997144,30.780311999983351],[-83.296260000142638,30.779090000252022],[-83.295826999599285,30.77818199985094],[-83.295429999939245,30.777348999697931],[-83.295107999723953,30.776683000042283],[-83.295048000347819,30.776558999627419],[-83.294430999681452,30.775266000038755],[-83.294208999923598,30.774873000147668],[-83.293807000240704,30.774234999779356],[-83.293666999600305,30.774036999816165],[-83.293536000079058,30.773853999897156],[-83.293310999948147,30.773569000177879],[-83.293253000221839,30.773502000002136],[-83.29300200015166,30.77321300037995],[-83.29150900014946,30.771594999699708],[-83.290591000082514,30.770605999840868],[-83.289681000411491,30.769632999748705],[-83.283465999830113,30.762953999697473],[-83.282264999905948,30.761648000261147],[-83.281213999769619,30.760548999638729],[-83.279126999565563,30.758299999625702],[-83.277225000207764,30.756262999887841],[-83.276533000096634,30.755508000161882],[-83.276184000117183,30.755104999682267],[-83.276059000443709,30.754951000185635],[-83.275851999856158,30.754693000086029],[-83.275605999808874,30.754372000110052],[-83.275375999655097,30.754044000243663],[-83.275153000072336,30.75370400024784],[-83.274937000162268,30.753360000138315],[-83.274102999760913,30.752001000017781],[-83.273841999645001,30.751565000164689],[-83.273691999857178,30.751313000298445],[-83.273576000404532,30.751119999801773],[-83.273543999719166,30.751068000353861],[-83.273410999649784,30.750854999649711],[-83.273202000310718,30.750521000065298],[-83.271829999784018,30.748259000268739],[-83.27040399972897,30.745905999812084],[-83.266626999879222,30.739660000319748],[-83.266256999983383,30.739021999742167],[-83.265902999981037,30.738377000385828],[-83.265131000402278,30.736930000094496],[-83.262578000042907,30.732141000262118],[-83.261315000194472,30.729781000134597],[-83.259674000054261,30.726693999969367],[-83.25837900041877,30.724277999939726],[-83.257719999919601,30.723087999993467],[-83.257369000290339,30.722472999715077],[-83.25697799957976,30.721801000071352],[-83.254369000042217,30.717357000209056],[-83.253302000012354,30.71555100004187],[-83.253121000262382,30.715233999892884],[-83.250885000095423,30.711435000286222],[-83.249700000064806,30.709404000149188],[-83.249115999908696,30.708429000039203],[-83.24815299963592,30.706800000024646],[-83.248041000381249,30.706611000051367],[-83.247955000167522,30.706454999855755],[-83.24717400036792,30.705103000209188],[-83.243784000132479,30.699354000156255],[-83.243596999636409,30.699075999864579],[-83.243399999992917,30.698803999765442],[-83.243205999824141,30.698545999968168],[-83.243122000158564,30.698453999640069],[-83.242742000216964,30.697970000231173],[-83.242534999629427,30.697719999876227],[-83.242129999573464,30.697265000379897],[-83.241618000285698,30.69673100008875],[-83.241168999848824,30.696306999679884],[-83.240747999899341,30.695923999891875],[-83.24003599969673,30.695300999877833],[-83.239589999632898,30.694910999935146],[-83.23924800022445,30.694638000119109],[-83.238980000435831,30.694433999811849],[-83.238498000386983,30.69400199969175],[-83.237703000343686,30.693291999996958],[-83.235982999662454,30.691741999827364],[-83.235452999933031,30.69127399975428],[-83.234168000343288,30.690150000365822],[-83.231092999752107,30.687442999877323],[-83.230104000438359,30.686587000299202],[-83.22653000007989,30.683441000029902],[-83.22584999966432,30.68284600031151],[-83.225172999621805,30.6822550003351],[-83.223576999687438,30.680842000126098],[-83.223278999761618,30.680577999638377],[-83.22287100023091,30.68021699992212],[-83.22281299960629,30.680192000107954],[-83.222457999779039,30.679862000254751],[-83.222205999883968,30.679642999961501],[-83.222096000279123,30.679546999729272],[-83.221728000033082,30.679222000158227],[-83.221103999694009,30.678684000028674],[-83.22036700027536,30.678017999737911],[-83.219680000187083,30.677359999759339],[-83.219271999758092,30.676948999847763],[-83.219142000061751,30.676806999968061],[-83.218689000325227,30.676276000124037],[-83.21835100021643,30.675866999754099],[-83.218146000177001,30.675636999977201],[-83.217314000323796,30.674608000178189],[-83.216777000023356,30.673950999926998],[-83.213281000381002,30.66971200009149],[-83.212814000400783,30.669140999775365],[-83.212588000444981,30.668903999845291],[-83.21255199956164,30.668852999931076],[-83.212303000039597,30.668500999728153],[-83.210133999819803,30.665875000225437],[-83.208527999839689,30.663914999787945],[-83.208090999996685,30.663390000274898],[-83.207694000336645,30.66288999988997],[-83.206884000224733,30.661945999874874],[-83.206519000351761,30.661532000345105],[-83.206044999800511,30.660993999833224],[-83.205812999996937,30.660742999645596],[-83.205238000061669,30.660168999882302],[-83.204887000432379,30.659817999653264],[-83.204715000004924,30.65965400015504],[-83.203340000003493,30.658340999619931],[-83.201869999567506,30.656959999789105],[-83.199148000052048,30.654376999649763],[-83.198192000350289,30.653463999681026],[-83.197230999727324,30.652546000360399],[-83.196557999882771,30.651861999821186],[-83.196358999691142,30.651660000370065],[-83.195273000293014,30.650485000257227],[-83.193913000360197,30.648991999998128],[-83.19299299974513,30.647995000076751],[-83.191939000134056,30.646837999780889],[-83.191387999589935,30.646232000360687],[-83.189537000285739,30.644217000290038],[-83.189318000002629,30.643978000121503],[-83.18910299991748,30.643743999820831],[-83.189072999780237,30.643707000286252],[-83.188816999687205,30.64342400009831],[-83.188575999662774,30.643156999874652],[-83.187233000346708,30.641700000292186],[-83.186954999614073,30.641397999759686],[-83.18635899976239,30.640736999705545],[-83.184735000238931,30.638967999771349],[-83.182878000188651,30.636933999869271],[-83.177466999871385,30.631025999623844],[-83.176712000011065,30.630210000369356],[-83.176308999604956,30.629787999883572],[-83.175891999853434,30.629377000200396],[-83.175246999597945,30.62876700016464],[-83.174551000187179,30.628123000049779],[-83.174310999987654,30.627914000248502],[-83.173299000209397,30.627078999885644],[-83.172973999621064,30.626824000264342],[-83.172412999929506,30.626395000122081]]},"properties":{"BASENAME":"75","NAME":"I- 75","MTFCC":"S1100","RTTYP":"I","OID":"110499211195"}},{"type":"Feature","geometry":{"type":"LineString","coordinates":[[-82.832792999599036,30.34658800016572],[-82.833956999713266,30.348054999880627],[-82.836105999841593,30.350761000119324],[-82.836513000445692,30.351274000276309],[-82.836895999862008,30.351791000057201],[-82.837576000277579,30.352705999950494],[-82.838271999688374,30.353639000195699],[-82.839814000094378,30.355407999630781],[-82.841225000080811,30.356883999946632],[-82.842426000004977,30.357906000287315],[-82.843853999709836,30.358878999864267],[-82.848107999585565,30.361873999923311],[-82.850927000083729,30.363843999665598],[-82.85263000014821,30.365092999849477],[-82.855695999620252,30.367250999977635],[-82.857285999706832,30.368321000008379],[-82.859394999652196,30.369960000364213],[-82.860465999880006,30.370933000153421],[-82.861592000359408,30.372374999757511],[-82.86345500025746,30.374655000236217],[-82.868279999870495,30.380557999665836],[-82.868377999779781,30.380725000264885],[-82.872028000306244,30.385116000356483],[-82.872224999949736,30.38535299995176],[-82.873308999698025,30.386642000025404],[-82.875739999858652,30.389616000150543],[-82.883069000325563,30.398582000230256],[-82.891167999823097,30.408475999670415],[-82.891979999584819,30.409467999796927],[-82.892984999690398,30.410617999774288],[-82.894410999745446,30.412321000038112],[-82.898990000209508,30.417869000312393],[-82.901480999746298,30.420941000127115],[-82.905552000222201,30.426131999748762],[-82.912269000045612,30.434099999958367],[-82.912885999813696,30.434836000094961],[-82.913866999629818,30.436079000176591],[-82.914248000294648,30.43657799993726],[-82.914958999774029,30.437281000279317],[-82.916625000028588,30.438791999667334],[-82.917767000401511,30.439632999854549],[-82.921303000226843,30.441746000323814],[-82.92974200038131,30.446887000191477],[-82.930094999660412,30.447102999712577],[-82.931806000120815,30.448140999941444],[-82.932765000195658,30.44872300022455],[-82.932885999671143,30.448796000347429],[-82.932934000250043,30.448825000115846],[-82.933001000197194,30.448866000307785],[-82.93415600009061,30.449567999785629],[-82.936133999616388,30.450767999793122],[-82.937080999995658,30.451343000062217],[-82.938203000277085,30.452022999692272],[-82.940041000060788,30.453139000372158],[-82.941769000239631,30.454187000146757],[-82.942283999900454,30.454499000024622],[-82.943772999704692,30.455404000313354],[-82.943790000321442,30.455413999743364],[-82.94660700027147,30.457134999961625],[-82.946895999976462,30.457311999663542],[-82.952252999867042,30.460585000159586],[-82.955041000403071,30.462289000334003],[-82.958153999730769,30.46419100030889],[-82.959910000397016,30.465263000372847],[-82.968613999967047,30.470580000034264],[-82.977407000123833,30.475890000137447],[-82.978260999718358,30.476400000319696],[-82.98044099980882,30.477701000007652],[-82.982185999706118,30.478742000141001],[-82.983930999603402,30.479591999866482],[-82.985371999727064,30.480228999900678],[-82.986500999681198,30.480563999773864],[-82.992649000315453,30.482393000049054],[-82.995932000420765,30.483368999874216],[-82.998786000180715,30.484211999676411],[-83.00368399958866,30.485658000083614],[-83.008198999580301,30.486949999998409],[-83.014358000085195,30.488783000053747],[-83.016092999936745,30.48930000021824],[-83.020024999597183,30.490472999697847],[-83.028745999783951,30.49305800014589],[-83.031299000143321,30.493787000171505],[-83.031734000336513,30.49394200018741],[-83.032853000244913,30.494342000211155],[-83.034639000150065,30.495089999828895],[-83.036076999900686,30.495899000250887],[-83.037732000284592,30.496852000266678],[-83.039421999930312,30.497984999687638],[-83.040487000310335,30.498789999872255],[-83.040954000290554,30.499263000310954],[-83.041901999596419,30.500224000076798],[-83.043084000152319,30.501574999957715],[-83.044974999639479,30.503989999750683],[-83.046748000024166,30.506471999635053],[-83.048825000182475,30.509190000226482],[-83.05022699994808,30.510962999689326],[-83.051713000277573,30.512921999916731],[-83.053063999989575,30.514272999842127],[-83.055577999990888,30.51639699990195],[-83.056824999945789,30.517202000131157],[-83.058377000397542,30.518166000128911],[-83.060000999921016,30.519162999659969],[-83.062109999866365,30.520554999702799],[-83.063056000420701,30.521288000240563],[-83.063900999794399,30.521998999637532],[-83.064746000066407,30.522937000054764],[-83.06549599990386,30.523970000007679],[-83.066193999862762,30.5253239996647],[-83.066904000415562,30.526732000350307],[-83.067561000366595,30.528233000281372],[-83.06872799995557,30.53087500028612],[-83.070337000308726,30.534346999990454],[-83.072763000446486,30.539590000364953],[-83.073755000133275,30.541747000110895],[-83.074469999810631,30.543135999693437],[-83.07504800011894,30.544194999659915],[-83.075762999796297,30.545350999634678],[-83.0763400002797,30.546162000214721],[-83.07731699989786,30.547482999772161],[-83.07895399984011,30.549821000249608],[-83.081168000265762,30.552861000237328],[-83.082364999991967,30.554539000150342],[-83.083739000168492,30.556451000294221],[-83.085756999877248,30.559232999748662],[-83.086753999586904,30.560594000234484],[-83.088537999842245,30.562809000182877],[-83.089932999935172,30.564380999945449],[-83.091191999585632,30.565843000238065],[-83.093026999894605,30.56761900021954],[-83.094160000046699,30.568742999791251],[-83.095951999799652,30.570526999870964],[-83.098126000042342,30.57269000004657],[-83.102461000108917,30.577087000049122],[-83.105386000013965,30.580038000197288],[-83.10734099997353,30.581997000002826],[-83.109120000206005,30.583800000238853],[-83.111038000355649,30.585701999864618],[-83.114021999811911,30.588750999708129],[-83.115041000161213,30.589792999646985],[-83.116772999639693,30.591565000039587],[-83.117077000311625,30.591867999705723],[-83.11890500004958,30.593690000349127],[-83.119668000305822,30.594450999857038],[-83.120197000210339,30.594990999685248],[-83.121846999673068,30.596672999964014],[-83.12251100019509,30.597338000126268],[-83.123370999637402,30.59819999999505],[-83.126385999954138,30.601221999788176],[-83.130165000352022,30.605053999890067],[-83.132408000191688,30.607114999790447],[-83.134415999854696,30.608488000159948],[-83.136917000335529,30.609841000058609],[-83.142085000080229,30.612149000166308],[-83.146918999914092,30.614308999655478],[-83.156019000217569,30.61815199998107],[-83.162679999964467,30.621083000089232],[-83.165897999772469,30.622538000319977],[-83.167496000254971,30.623240000341646],[-83.169176999679834,30.624173000072023],[-83.17132400015835,30.625543999956658],[-83.171802999834142,30.625850000067445],[-83.172412999929506,30.626395000122081]]},"properties":{"BASENAME":"75","NAME":"I- 75","MTFCC":"S1100","RTTYP":"I","OID":"1104259563895"}},{"type":"Feature","geometry":{"type":"LineString","coordinates":[[-83.397903999943281,31.029903000171803],[-83.397985000134142,31.030521999997308],[-83.398047999883346,31.031324000234914],[-83.3980739998226,31.031831000060549],[-83.397878999828919,31.035412999694955],[-83.397578000428368,31.039643000289445],[-83.397570000032459,31.039753999748033],[-83.397481000343987,31.04113199967594],[-83.39742799974222,31.041949999686324],[-83.397399000328221,31.043329999721017],[-83.397380999886565,31.044220999798405],[-83.397317000312455,31.045163000313284],[-83.397216999855033,31.046616999880548],[-83.397210000182341,31.046689000260145],[-83.397108000075093,31.048587999844614],[-83.397004000318006,31.050415999912833],[-83.396973000355871,31.051378999752945],[-83.396925999601876,31.052274000199763],[-83.396915999556143,31.053417000347089],[-83.396908999883451,31.054212000124288],[-83.396959999937081,31.054720000089173],[-83.396965999784854,31.054768999772708],[-83.397010999990698,31.055125000123862],[-83.397158000303804,31.055865000171547],[-83.397197999588457,31.056030000317818],[-83.397430000290356,31.056809999794215],[-83.397555999788736,31.057181000164153],[-83.397707000299789,31.057543999704588],[-83.397770999873899,31.05772300025912],[-83.39785399971457,31.057901999707365],[-83.397927000407819,31.058077999932785],[-83.398016999921182,31.058261999925204],[-83.398122000401486,31.058455999657316],[-83.398206999891983,31.058631000004461],[-83.398395000212957,31.058947000361183],[-83.398484999726335,31.059117000177267],[-83.398689999765764,31.059426000079078],[-83.398772999606422,31.059583000224897],[-83.399893000238038,31.061422000064859],[-83.401073000245802,31.063316999745265],[-83.403264000206931,31.066861000208434],[-83.404363999848741,31.068673000102358],[-83.405507999871489,31.070653000302737],[-83.406524999672627,31.072539000046159],[-83.407404000279826,31.074156999836823],[-83.407837999749788,31.075005999761913],[-83.408430000301792,31.076144999841443],[-83.408773000433484,31.076775999871543],[-83.409124000062775,31.077467999891088],[-83.409441000255171,31.078082000258274],[-83.410053999825251,31.079198000213729],[-83.410493000216405,31.080055000311351],[-83.411193999650052,31.08135600027417],[-83.413192000165651,31.085221999936731],[-83.415272999623596,31.089361000078654],[-83.416210999782024,31.091077000148388],[-83.416539999669993,31.091706000195327],[-83.41700199962736,31.092591000035636],[-83.41922500027384,31.096843999696208],[-83.420728000321787,31.099617000227369],[-83.421398999618205,31.100856000205258],[-83.422618999808947,31.103218999794336],[-83.422735000159889,31.10344300003154],[-83.423612000218938,31.105139999859233],[-83.424234000009889,31.106344999973029],[-83.424998000091051,31.107782999844407],[-83.425889000393795,31.10934700021658],[-83.4262550000917,31.109990000268485],[-83.427167000310845,31.111739999647792],[-83.427630999918037,31.112631000194988],[-83.42770200006315,31.112767999846355],[-83.428184999936903,31.113687999939824],[-83.429130999592942,31.115488999876312],[-83.429427999693843,31.116045999656016],[-83.429791999741937,31.116726000074582],[-83.432220000427833,31.121269000113294],[-83.433991000264371,31.124582000304148],[-83.434224999717799,31.12502000016778],[-83.434628999948828,31.125771000128768],[-83.434931999897529,31.126314000181434],[-83.435256999587537,31.126897999912213],[-83.435876999728649,31.12825400013455],[-83.436435999770396,31.129651000258328],[-83.436695000236483,31.13038499972313],[-83.438708999747277,31.135780000090762],[-83.440317000275527,31.140040999698591],[-83.440827999738389,31.141473999642681],[-83.441456000275409,31.143237999618488],[-83.441846000262757,31.144284000010153],[-83.442879999782335,31.147030000010009],[-83.443177999708155,31.147795000270683],[-83.44321100021844,31.147884000035827],[-83.443647000236524,31.14905799985457],[-83.443811000268056,31.149499999759502],[-83.445309000293136,31.153534999968951],[-83.446182000154238,31.155886000019059],[-83.446860999846578,31.157731999800003],[-83.447619000079939,31.159791999744982],[-83.448194999840112,31.16157899962727],[-83.448610999766728,31.163262999737867],[-83.448967000317182,31.164807000143007],[-83.449230000082935,31.1659479999369],[-83.449456000038722,31.166974999917858],[-83.449784000101801,31.168470000353679],[-83.45041099991559,31.171166000280639],[-83.451440000310612,31.175594000045866],[-83.451693999855536,31.176740000143955],[-83.451823999551863,31.177326000365209],[-83.452196999820771,31.178882999964852],[-83.453018999628227,31.182594999739944],[-83.453468000065115,31.184478000164681],[-83.453574000370338,31.18491799963444],[-83.45362700007378,31.185139000351882],[-83.45637000040395,31.197188000018222],[-83.457225999648287,31.20088299998201],[-83.458138999692366,31.204963000076585],[-83.458325000363516,31.205857999625216],[-83.458383999914744,31.206205000182702],[-83.458486000021992,31.20681200011602],[-83.459091999919409,31.210809999800098],[-83.459337000141787,31.212422000241595],[-83.459508999670931,31.213282999709854],[-83.459775999634616,31.214958000326444],[-83.460086000154334,31.216632999695644],[-83.460296000216616,31.217763999970376],[-83.460369000011539,31.218256000376353],[-83.460495000408244,31.218983000088322],[-83.460788000311197,31.220330999713688],[-83.464237999922801,31.235140999894877],[-83.464390000258774,31.235840000153789],[-83.464500999688525,31.236353999847562],[-83.464699999880168,31.237190999898822],[-83.464930999858851,31.238167999948587],[-83.465688000267306,31.241501999656577],[-83.465756999864269,31.24180200008724],[-83.465780000328806,31.241901999762977],[-83.466483000310603,31.244931999638602],[-83.46730599994298,31.24847499968859],[-83.467356000171691,31.248695000186782],[-83.468540000377416,31.253896000049782],[-83.468922999793747,31.255518999619319],[-83.469629999973478,31.258416000312227],[-83.46978399995929,31.259100000035463],[-83.470642999576668,31.262966999792734],[-83.47072700014057,31.26332599982798],[-83.470968999989907,31.264470999825512],[-83.471240999976473,31.265641000285822],[-83.471800999843111,31.268040999991047],[-83.472014000278463,31.268953999661029],[-83.472169000089153,31.269665999900134],[-83.472631999871425,31.27178999986435],[-83.47269799999367,31.272054999826352],[-83.472944000040954,31.273038999954093],[-83.47304299977516,31.273486000271195],[-83.473801999833427,31.276767000224272],[-83.473862999932805,31.277030999632675],[-83.473989000329496,31.277583000125883],[-83.47466800002185,31.280552000053849],[-83.475562999624245,31.284374999639258],[-83.475771000036715,31.285392000241657],[-83.476015000434188,31.286584000193916],[-83.476197999833957,31.287583999849026],[-83.476376000109212,31.288701000375831],[-83.476576999950666,31.290155999971368],[-83.476727999563394,31.291752999938982],[-83.47682899984575,31.292962000020324],[-83.476905999838635,31.293874000044145],[-83.476992000052363,31.29493600015763],[-83.477036000433287,31.295483000017722],[-83.477883000355106,31.306006000056406],[-83.478360000381088,31.311763000104598],[-83.478486999704387,31.313523000126025],[-83.478591000359785,31.314116000233149],[-83.478793000026144,31.315080999814384],[-83.478915000224887,31.31556299974288],[-83.479050999769001,31.31610299973886],[-83.480352999975494,31.32114400020804],[-83.481748000068407,31.326666000156973]]},"properties":{"BASENAME":"75","NAME":"I- 75","MTFCC":"S1100","RTTYP":"I","OID":"11055773305"}},{"type":"Feature","geometry":{"type":"LineString","coordinates":[[-83.398159000211422,31.029909999643909],[-83.3981659998841,31.029958999783055],[-83.398207999716888,31.030136000028595],[-83.398261000318655,31.030401999739883],[-83.398299999778416,31.030670999997515],[-83.398322000418034,31.030940000265087],[-83.398329000090726,31.031211000364461],[-83.398320999694803,31.031480999784669],[-83.398297000303671,31.031750999978939],[-83.398176999754767,31.033781999816949],[-83.397969000240607,31.037004999814656],[-83.397812999706701,31.0397720003761],[-83.397806000033995,31.039897000239637],[-83.397770999873899,31.040573999678529],[-83.397754999980364,31.04113199967594],[-83.397743000284805,31.041559000080273],[-83.397641000177558,31.04323999991022],[-83.397638999629436,31.043257999879213],[-83.397553000314019,31.044168000202419],[-83.39751999980372,31.045099999743716],[-83.397460000427586,31.04675799980318],[-83.39734900009951,31.047924999822833],[-83.397134000014347,31.051754999765588],[-83.397154000105843,31.052165999791068],[-83.397200000136593,31.053050000187692],[-83.397232999748553,31.053415999899808],[-83.397289999649956,31.054035000002294],[-83.397389000282473,31.05462699974094],[-83.397502000260388,31.055305999927842],[-83.397917000362071,31.056848999677094],[-83.398584000358852,31.058653999793133],[-83.399565000174988,31.060539000103351],[-83.403301999841759,31.066571000320923],[-83.40400099962558,31.067678999896781],[-83.406519999649774,31.072134000287704],[-83.408858999748901,31.076578999965506],[-83.411149000342519,31.08103900036112],[-83.413623000160854,31.085650000281188],[-83.415378999928805,31.08903500005734],[-83.418111000388308,31.094105999662684],[-83.420657000176675,31.098898999999552],[-83.422001000215971,31.10151599983643],[-83.422867000404366,31.103142000287885],[-83.426906000194933,31.110729000283253],[-83.427380999672778,31.111641999759932],[-83.427821999713757,31.112491999925567],[-83.427902000079698,31.112645000039297],[-83.428385999778357,31.113558000317035],[-83.429178000346909,31.115053000227299],[-83.429980000062898,31.11656400003459],[-83.432468000124928,31.121260000207339],[-83.434140000227274,31.124416000262947],[-83.43433699987078,31.12478800021097],[-83.435396000403045,31.126715000208147],[-83.435967000140352,31.1279329996756],[-83.436508999565319,31.129127000359432],[-83.436875999986441,31.130082999642003],[-83.43739200037048,31.131405999742423],[-83.437908999681113,31.132792999625202],[-83.439037999635246,31.135966999844374],[-83.441269999604259,31.142030999887613],[-83.441687000254078,31.143150999879076],[-83.443379000447919,31.147698000172312],[-83.443413999709705,31.147792000372132],[-83.444021000330338,31.149449000082647],[-83.44532000016379,31.152995000202544],[-83.4455450002947,31.153596999990121],[-83.44707199973378,31.157671000295966],[-83.448199000038088,31.160679999964326],[-83.448361000419794,31.161201999839982],[-83.448840999920506,31.163211999780106],[-83.449199000120785,31.164774000259055],[-83.449452999665695,31.165882000183831],[-83.449696000238248,31.166938999959392],[-83.450010999882508,31.168314000334654],[-83.450629000373794,31.171264000160559],[-83.451805000183612,31.17631100023242],[-83.45186299990992,31.176570000282453],[-83.452594000379122,31.179808999757352],[-83.453680999602156,31.184480999670242],[-83.453781999884484,31.184912999713056],[-83.453856000402638,31.185233000295458],[-83.454728000438834,31.189107000178275],[-83.455504000215541,31.192605000275321],[-83.45632199982505,31.19612599970289],[-83.45712600008919,31.199647999951313],[-83.457916000109606,31.203181000335611],[-83.458414000051988,31.205342999661791],[-83.458558999816944,31.206189999950247],[-83.458573999885559,31.206273999838494],[-83.459326000271133,31.210896999631352],[-83.459533999785279,31.212172999996664],[-83.459982000397247,31.214985000237391],[-83.460318999782828,31.216684000068607],[-83.460742000280447,31.218810000101556],[-83.461037999658132,31.220378999724336],[-83.461681000263781,31.223198000012065],[-83.463273000000186,31.230111999760339],[-83.464104999853404,31.233645000295692],[-83.464432999916468,31.235094999837141],[-83.464605000343923,31.235859999823564],[-83.464713000298957,31.236337999734896],[-83.464885999652992,31.237130000139221],[-83.464903000269743,31.237207999912986],[-83.465129000225545,31.238161999733837],[-83.465139000271307,31.238203999692988],[-83.467977000137722,31.250244000013065],[-83.468824999884447,31.253861000012915],[-83.470008000265267,31.259057000340359],[-83.470184999817263,31.259852999879286],[-83.470968999989907,31.26328999967858],[-83.471210000014338,31.264320000277696],[-83.47124599999934,31.264455999626971],[-83.471558000168869,31.26579200002331],[-83.471984000141219,31.267868999727781],[-83.472179000134901,31.268820000074278],[-83.472363000257914,31.269608000265059],[-83.473066000239697,31.272340999874427],[-83.473997999652028,31.276732999851287],[-83.474190999995869,31.277583999744131],[-83.474297000301092,31.278048999971791],[-83.475099999841987,31.281466000284681],[-83.475905999755923,31.285010000341515],[-83.476022000106866,31.285514999835922],[-83.476634999676975,31.28818299980464],[-83.476959000440402,31.291993000162023],[-83.477028000037365,31.292946999746661],[-83.477094999984516,31.293861999787975],[-83.477122999573623,31.294114999683266],[-83.477191000243977,31.294906000236235],[-83.477252000343356,31.29562500012473],[-83.477426000420621,31.297656999832419],[-83.478249999877917,31.308110999983509],[-83.478594999659421,31.311676000338892],[-83.478798999873931,31.313236999904518],[-83.47915700007421,31.315201999829341],[-83.479233000242203,31.315546000030999],[-83.479936000223987,31.318746999880236],[-83.481984999894877,31.326671000249473]]},"properties":{"BASENAME":"75","NAME":"I- 75","MTFCC":"S1100","RTTYP":"I","OID":"11055773306"}},{"type":"Feature","geometry":{"type":"LineString","coordinates":[[-82.83294800030805,30.346437000235706],[-82.834189000415179,30.347985999759061],[-82.834637999953742,30.348553999850743],[-82.835985000366094,30.350258999737477],[-82.836434999729562,30.350827999821036],[-82.836541999859691,30.350960999856635],[-82.836843999983472,30.351335999618993],[-82.836864000074968,30.351361999656753],[-82.836967999832041,30.351498999741501],[-82.837217000252366,30.351827999936742],[-82.83757899975231,30.352304000240469],[-82.837986000356409,30.352800000288475],[-82.838249000122147,30.353120000135405],[-82.838582000208078,30.353549999783503],[-82.839251999679576,30.354367000109843],[-82.839947000163747,30.355116999995431],[-82.840378999983884,30.355584000178187],[-82.841114999577641,30.356223999992977],[-82.841845000221923,30.356812000013061],[-82.843252999835329,30.357828999879644],[-82.846182999763229,30.359895000031116],[-82.847007000118836,30.360476000331879],[-82.847667000442925,30.360941999832171],[-82.848326999868675,30.36140700031406],[-82.848474000181767,30.361509999896708],[-82.849465000043651,30.362209000226404],[-82.852881000218375,30.364616999766604],[-82.853837999745053,30.365291000022314],[-82.854020000218256,30.365420000342077],[-82.854318999968996,30.365631000299921],[-82.855215000294635,30.366262999918224],[-82.85551499987028,30.366475000229265],[-82.855759000267767,30.366647000085422],[-82.856951999795996,30.367494999892447],[-82.857616000318046,30.367967999648155],[-82.858043999940207,30.368271999900632],[-82.859692999578016,30.369692000218183],[-82.860736000216761,30.370788000188636],[-82.860897999700128,30.370991000234095],[-82.861321000197762,30.371521000099452],[-82.861990999669274,30.372376000319047],[-82.862321000280446,30.372779000247309],[-82.862405999770971,30.372883000034115],[-82.863316000340305,30.373987000369919],[-82.863634000357592,30.37437200019459],[-82.863649000426221,30.374389999857396],[-82.863974999941149,30.374772000359066],[-82.864247999752635,30.375091999622253],[-82.86476400013666,30.375714000240329],[-82.864937000389006,30.375935000285804],[-82.865247000010427,30.376332000241678],[-82.865925999702753,30.377146999885078],[-82.867102000410881,30.378561000057022],[-82.867656000429747,30.379219000175933],[-82.867951999807431,30.379604000318377],[-82.868320000053473,30.380081999701318],[-82.868601000260853,30.380444999859709],[-82.869366999991826,30.381376000353601],[-82.870649000106852,30.382932999644094],[-82.871667999557815,30.384170999874364],[-82.872435999836924,30.385103000175647],[-82.872688999556928,30.385417999897296],[-82.872753000029334,30.385498000009314],[-82.87341800037629,30.386321999831178],[-82.873451999813156,30.386362999943653],[-82.873711000279258,30.386674999782436],[-82.874159999817806,30.387215999704605],[-82.875508999879983,30.388839999713976],[-82.875779000216724,30.389164000194377],[-82.875959000141776,30.389381999659378],[-82.876196999793152,30.389670000005456],[-82.877674999726736,30.391528999669664],[-82.879065999621702,30.393211999690109],[-82.881013000083655,30.395567999756075],[-82.882147999885575,30.396951000387045],[-82.885785999818154,30.401441999660083],[-82.88670300006018,30.402573999760012],[-82.888427000041077,30.404671999891129],[-82.890577999819214,30.407289000232264],[-82.891572999879045,30.408471999677612],[-82.891854999911359,30.408816000008795],[-82.896333000093065,30.414287000323217],[-82.89825600026559,30.416636000122306],[-82.899377999648706,30.418000000355732],[-82.902029999742282,30.421226000172492],[-82.903543999660883,30.423068000260102],[-82.903707999692415,30.423271000121904],[-82.905443000442261,30.425420000214494],[-82.908040000284245,30.428572999756557],[-82.909144000124016,30.429913000324976],[-82.910417999843133,30.431459999995585],[-82.910632000103362,30.431719999907607],[-82.912796000300318,30.434346000055836],[-82.912905000080258,30.434479000287741],[-82.913326999854661,30.434995999827436],[-82.914177000149522,30.435888000340576],[-82.914557999916042,30.436229000345143],[-82.915656999732931,30.437293999709109],[-82.916905000411077,30.438397000125057],[-82.917919999664065,30.439178000264313],[-82.918308999826507,30.439464000343165],[-82.919420000237295,30.440282000145846],[-82.927013000294849,30.444939999772163],[-82.92966100019045,30.446564999615237],[-82.929730999612346,30.446605000182409],[-82.929877000100518,30.446688999693688],[-82.929942000397844,30.446726000036289],[-82.930005999971954,30.446764999963637],[-82.9300870001628,30.446814000187729],[-82.930391999761341,30.446999999771201],[-82.931553000400839,30.447706000230859],[-82.931596000058548,30.447732999970313],[-82.931946999687824,30.447930000108887],[-82.932160999948067,30.448065999756025],[-82.932237999940952,30.448115999886067],[-82.932812999876219,30.448462000176104],[-82.933031000334424,30.448593999958604],[-82.933191999992914,30.448695999984896],[-82.933678000239723,30.449005000301376],[-82.933839999723105,30.449109000222666],[-82.934489000176526,30.44950099964332],[-82.934603999804267,30.449570999871796],[-82.935138999556543,30.4499080001907],[-82.936434999915278,30.450686000217768],[-82.93708600001851,30.451078000265362],[-82.937665999976659,30.451431999668664],[-82.939409000224117,30.452497000226725],[-82.939990000007171,30.452851999633324],[-82.940344999834409,30.453064999895624],[-82.941411000039352,30.453705999668507],[-82.941604000383208,30.453821999815933],[-82.941765999866604,30.453920999839227],[-82.942733000337341,30.454509000321877],[-82.944183999608427,30.455389999715763],[-82.945635999602743,30.456272999840369],[-82.946394999661052,30.456733999902482],[-82.946603999898414,30.456861000068923],[-82.946889000303756,30.457033999943885],[-82.947829000112009,30.457605999796584],[-82.951506000402645,30.459842999750673],[-82.952087000185699,30.460196999834626],[-82.952733000266079,30.460587999906629],[-82.953192999675281,30.460866999980823],[-82.954478999988268,30.461645999657691],[-82.954575000247743,30.461704000055438],[-82.95503600038019,30.461985000091627],[-82.955706999676607,30.462392000376724],[-82.957720000260821,30.463615000348227],[-82.958392000280469,30.464022999639813],[-82.95949600012024,30.46469600019304],[-82.96201900034238,30.466233999707484],[-82.962810000187716,30.466715000278821],[-82.963719000033834,30.467267999880512],[-82.963915999677312,30.467388000040319],[-82.966778999658075,30.469127000109761],[-82.975367999600365,30.474345000108297],[-82.978232000304359,30.476085000089935],[-82.978519000359526,30.476259000158496],[-82.978671999622094,30.476351000264874],[-82.979992000270258,30.477149000300216],[-82.980209000005246,30.477279999665477],[-82.980436999610859,30.477408999884705],[-82.981250999920732,30.477872000296092],[-82.981543999823714,30.478018999638412],[-82.983742000355832,30.479125999943275],[-82.984963000371465,30.479659999678741],[-82.985143000296517,30.479738999708342],[-82.986073999883942,30.480112000001522],[-82.986136999633118,30.480133000212135],[-82.987459999756041,30.480576999623235],[-82.988912999575263,30.481064999799319],[-82.991462999561591,30.481808999979201],[-82.991518999638075,30.481825999743094],[-82.992799000103261,30.482219000105729],[-82.993103999701802,30.482309999790093],[-82.993408000373719,30.482401000163545],[-82.993579000077958,30.482451999910321],[-82.994025000141789,30.482581000243389],[-82.997063000024738,30.483458999834866],[-82.997474999753379,30.483577999973257],[-82.997709000105118,30.483651000298394],[-82.99862799999697,30.483939999701491],[-82.998930999945671,30.484029999908241],[-82.999609999638011,30.484231000172755],[-83.001069000203344,30.484688000319391],[-83.001084000271945,30.484692999692484],[-83.005427999661038,30.485946000323068],[-83.007515999690014,30.486550999942775],[-83.009080999662231,30.487005000325993],[-83.009664999818327,30.487176999911181],[-83.010604999626565,30.487454000134342],[-83.013424999949635,30.488287000238511],[-83.014194000053664,30.488515000274003],[-83.014365999582793,30.488565999913426],[-83.017838999658935,30.489587999743087],[-83.020752999693329,30.490446000193526],[-83.023135000348461,30.491155999748329],[-83.028256000237505,30.492668999839299],[-83.031729000313632,30.49369600038175],[-83.033757999893041,30.494436999733239],[-83.034090000154066,30.494558999855283],[-83.035347999979635,30.495157000347071],[-83.036711000285507,30.495866000287766],[-83.037225999946315,30.496152999662545],[-83.038053999601573,30.496674999675015],[-83.03872300014649,30.497135000377398],[-83.039380000097523,30.497622000295319],[-83.040252999958611,30.498268999643127],[-83.040554000257487,30.498536000379502],[-83.040870999551572,30.498831999968232],[-83.040905999711669,30.498864999699222],[-83.040940999871779,30.498898000193027],[-83.041042999979027,30.498997000059273],[-83.041106999553122,30.499057999989187],[-83.041171000025543,30.49911899988092],[-83.041284000003444,30.499226999836399],[-83.042065999627951,30.499997999668857],[-83.042983999694897,30.501038999697069],[-83.043535000239018,30.501710999773461],[-83.04395199999054,30.502262000256874],[-83.050920999709035,30.511477999795265],[-83.051716999577224,30.512491999640474],[-83.051923000339869,30.512707000016363],[-83.053005000438347,30.513837999927198],[-83.054018000041538,30.514767999619259],[-83.055133999576881,30.515678999933154],[-83.055685000121002,30.516132999805603],[-83.055772000159649,30.516190000379588],[-83.057823000378662,30.517544000086275],[-83.058507000093883,30.517996000077058],[-83.05895700035569,30.518290000343377],[-83.060309999717489,30.519174999939001],[-83.060760999804202,30.519470000335065],[-83.060978000437501,30.519605000060302],[-83.061630000365653,30.520011000253618],[-83.061847999925533,30.520146999820977],[-83.062457000196005,30.5205730002499],[-83.062806000175456,30.520818000357494],[-83.063586999975044,30.521402999758795],[-83.06462899989053,30.522447999641965],[-83.065304000283234,30.523227000151632],[-83.06581200027135,30.523952999870325],[-83.066540000367496,30.525405999825526],[-83.067145000439993,30.5267119998921],[-83.067595999628381,30.527684999964354],[-83.068460000166951,30.529579999736182],[-83.069093999653461,30.530990000065092],[-83.069651999870274,30.532207000174964],[-83.070071999994852,30.533104999714826],[-83.070272999836291,30.533562000015657],[-83.070822999657224,30.534773000064352],[-83.071638999616908,30.536535000144241],[-83.073232000076544,30.540029999908999],[-83.073627999911665,30.54077899965931],[-83.075223000021126,30.543715999896577],[-83.075870999751331,30.544772000254071],[-83.076930000283554,30.546475000290499],[-83.077179999630516,30.546849999786655],[-83.078577000271565,30.548844000246941],[-83.079071000015972,30.549530999862345],[-83.083284999708724,30.555395000110419],[-83.084094999820636,30.556514999631315],[-83.084504999899465,30.557091999714803],[-83.08559100019589,30.558618000263998],[-83.086599999601106,30.559946000228031],[-83.087659999958277,30.561341000340743],[-83.088131999961377,30.5619189997395],[-83.091898999765391,30.566300000370287],[-83.095100999679872,30.569421000089253],[-83.097132999632322,30.57140300009527],[-83.097489000182776,30.57174999977028],[-83.098127999692153,30.572404000158286],[-83.099080999919195,30.573373000051181],[-83.099620999694352,30.573915999860318],[-83.104118000142648,30.578438999926124],[-83.105406999930366,30.579734999900055],[-83.105617999817539,30.579946999977825],[-83.107896999642222,30.582245999614447],[-83.113040999995789,30.587434000173353],[-83.114738000212483,30.589139999656922],[-83.115073999773159,30.589476999706164],[-83.115853999747827,30.590260999947247],[-83.116702000392891,30.591118999912563],[-83.117022999884938,30.591434999912796],[-83.117299999894385,30.591707999668298],[-83.117448999857302,30.591854000196275],[-83.118431000396654,30.592818999648415],[-83.118716999728605,30.593122999875003],[-83.118741999842968,30.593148999616108],[-83.119142999700969,30.593544000267357],[-83.119296999686739,30.593695000300368],[-83.119422000258538,30.59381800010221],[-83.119742999750585,30.59416400014705],[-83.119890000063677,30.594323000166852],[-83.11996000038387,30.594396000035033],[-83.120018999935098,30.594457000369996],[-83.120181000316819,30.594609000353078],[-83.120255999761568,30.594678999756326],[-83.120671999688184,30.5950960002904],[-83.121728999672285,30.596155999733273],[-83.121922999841047,30.596349000020961],[-83.12234299996561,30.596764999750352],[-83.122594000035789,30.59702999999994],[-83.122758000067321,30.597203000241581],[-83.122969999779428,30.597426999890036],[-83.123354999743881,30.597818999961813],[-83.123610999836927,30.598079999713935],[-83.124995000059187,30.599490999785402],[-83.126365999862657,30.600867000030558],[-83.126945999820805,30.601455000315937],[-83.12784100032151,30.602361000333911],[-83.128574000440537,30.603115000065742],[-83.129881999596492,30.604369000195543],[-83.130812000257322,30.605207999691729],[-83.13335600039585,30.607203999850277],[-83.134605000000576,30.608053000270807],[-83.135995999895542,30.608902000207397],[-83.136920999635166,30.609432999744907],[-83.137904999824343,30.609967000012773],[-83.138162999567214,30.610092000136621],[-83.138730999829775,30.610369000096],[-83.141407000212794,30.611567000082697],[-83.142492999610909,30.6120350003537],[-83.142619000007613,30.612090000212245],[-83.143687999687302,30.612558000274895],[-83.146959000097056,30.613986999968695],[-83.148530999741993,30.614671999670193],[-83.149217999830242,30.614972999734334],[-83.151524000317409,30.615981000111244],[-83.151739000402571,30.616075000096185],[-83.151905000083914,30.616147999807655],[-83.152751000180828,30.616516999805157],[-83.165332999882935,30.621988999698832],[-83.166009999925464,30.622298999933854],[-83.167004999985281,30.622775999807615],[-83.168086000258853,30.623342000337455],[-83.169769000231852,30.624318000076045],[-83.172893000328529,30.626441000210338]]},"properties":{"BASENAME":"75","NAME":"I- 75","MTFCC":"S1100","RTTYP":"I","OID":"1104259744236"}}]}