{"type":"FeatureCollection","features":[{"type":"Feature","geometry":{"type":"LineString","coordinates":[[-83.311873999879921,30.63459399961986],[-83.311684999734027,30.634865999663759],[-83.311620000334997,30.635057999916317],[-83.311358000394193,30.635575000380648]]},"properties":{"BASENAME":"31","NAME":"State Rte 31","MTFCC":"S1200","RTTYP":"S","OID":"11048693939"}},{"type":"Feature","geometry":{"type":"LineString","coordinates":[[-83.346684999933785,30.852849999669438],[-83.346788999690844,30.852840999856127],[-83.347224999708942,30.852807000296817],[-83.348547000006917,30.852725000130544],[-83.349434999936634,30.85268900005422],[-83.350618000317439,30.852625000227906],[-83.350645000081627,30.852622999750622],[-83.351286999964046,30.852574000383946],[-83.352225999947379,30.852531000116368],[-83.352937000325099,30.852515000137462],[-83.35323900044888,30.852548000332025],[-83.353836999950374,30.852648999782151],[-83.354513999992875,30.852764000133714],[-83.355215000324833,30.853030000385036],[-83.356254999692197,30.853623000275757],[-83.356936999757579,30.854070999671059],[-83.357719000280412,30.854755999967868],[-83.360658000429154,30.85718599992412],[-83.361600999712138,30.857966000022607],[-83.362271000081961,30.85853399967311],[-83.363148999965915,30.859278999855693],[-83.36371899987833,30.859710000104883],[-83.36384500027502,30.859786999648446],[-83.364672000105372,30.860436999890815],[-83.366170000130452,30.861477000366847],[-83.366252999971124,30.861519999707728],[-83.366355000078357,30.861588000347592],[-83.366464999683231,30.861632999927988],[-83.367586999964658,30.862211000063766],[-83.368565000306063,30.862501999867355],[-83.369196000317814,30.862648000276046],[-83.370008999904471,30.862757000177474],[-83.371492999685827,30.863046000377338],[-83.372112000002033,30.863128000200646],[-83.372677999716487,30.863202999827202],[-83.372697999807954,30.863209999953877],[-83.372724999572142,30.863208999825684],[-83.37284299957291,30.863230000202766],[-83.372922999938851,30.863255999671907],[-83.372927000136812,30.863285000287409],[-83.373071999901768,30.86330200013893],[-83.373558999973497,30.86337699962937],[-83.373846000028664,30.86342099978636],[-83.373970999702124,30.863443000242793],[-83.374877000073525,30.863599999813719],[-83.374959000089262,30.863592000362424],[-83.37501900036375,30.863637999897101],[-83.375270000433886,30.863673000366497],[-83.375494999666486,30.863704999682881],[-83.377485999611068,30.864040000222445],[-83.377541999687566,30.864028999677775],[-83.377580000220703,30.864059000178855],[-83.377657000213603,30.864066000242968],[-83.380494000255084,30.864594000083763],[-83.381282999552297,30.864732000263803],[-83.381336999978984,30.864731000151476],[-83.381992000280178,30.864786000146072],[-83.382038000310928,30.864797999944457],[-83.382210999664977,30.864803999843062],[-83.382969999723258,30.86485700034487],[-83.383681999925869,30.864893999819397],[-83.383698999644324,30.864879999811492],[-83.384131000362757,30.864871999695893],[-83.385235000202542,30.864885000365298],[-83.385303999799518,30.864900999822552],[-83.386959000183424,30.864832999990309],[-83.387202999682586,30.864837999775499],[-83.387237999842682,30.864815000298815],[-83.387837000067407,30.864817999862073],[-83.388437000117023,30.864820000084897],[-83.388719999974242,30.864803999843062],[-83.389003999656367,30.864788999710296],[-83.389032999968677,30.864808000289308],[-83.389180000281769,30.864783999922533],[-83.389560000223369,30.864810999852796],[-83.390280999748512,30.864899000372478],[-83.390532999643568,30.864960000159584],[-83.390568999628584,30.864939000161446],[-83.390818999873844,30.865012999804041],[-83.391265999762595,30.865117000330606],[-83.392595999558182,30.865509999685283],[-83.392630999718293,30.865532999766405],[-83.393070000109432,30.865635999625926],[-83.394189000017832,30.865987999732887],[-83.394341000353791,30.866040000252529],[-83.395495000422287,30.866437000057093],[-83.395642999661973,30.866500999918305],[-83.395678999646989,30.866500999918305],[-83.39729999969569,30.867040999744912],[-83.397694999705919,30.867145999700696],[-83.39930300023417,30.867685999749256],[-83.399361999785384,30.867741000361729],[-83.399844999659152,30.867924000349834],[-83.40081600032785,30.868240000130402],[-83.400976999986341,30.868252000267468],[-83.401006000298651,30.868276999841335],[-83.40267699967778,30.868795999762778],[-83.40286699964858,30.868858000223632],[-83.404917000042715,30.869531999835317],[-83.406420000090648,30.870045000330638],[-83.407045000254641,30.870244999937714],[-83.407553000242743,30.870407000200228],[-83.408012999651959,30.870512000324062],[-83.408134999850716,30.870552000084],[-83.408257999874351,30.870561999828563],[-83.408713000159025,30.870735000102698],[-83.409093999925531,30.870881000309467],[-83.409156999674721,30.870933999764425],[-83.409816999998796,30.871097999725293],[-83.411311999650835,30.871547000015838],[-83.411359000404801,30.871549000098298],[-83.412135000181536,30.871829999702143],[-83.412325000152336,30.871912999759495],[-83.414433000272766,30.872556000072432],[-83.416897999870272,30.873366999955849],[-83.418333999971068,30.873824999797307],[-83.418520999568841,30.873904000373479],[-83.418585000041233,30.873910999718717],[-83.418600000109862,30.87395199961821],[-83.418939999868485,30.874028000043751],[-83.421140999875348,30.874741999860753],[-83.421560999999912,30.874918000317972],[-83.421668999954946,30.874924000354152],[-83.42169599971912,30.874979999902621],[-83.422023999782184,30.87501900010577],[-83.424054000084837,30.875691000342773],[-83.425704000445862,30.876325000057463],[-83.426660999972555,30.876744000154563],[-83.426866999836875,30.876833999713764],[-83.427368000152299,30.877016000088833],[-83.427528999810775,30.87705700020188],[-83.427620000047384,30.877125999825981],[-83.428907000185262,30.877727000071239],[-83.429114999699394,30.877807999695463],[-83.42941900037134,30.877916000115828],[-83.429979000237992,30.878164999678962],[-83.430392999616458,30.878355000371776],[-83.430971999749673,30.87859000001772],[-83.432144000259839,30.879099999940347],[-83.432523000376534,30.879283999787276],[-83.433457000336986,30.879707999832387],[-83.433931999814817,30.879924000123065],[-83.434607000207521,30.880267999809181],[-83.434853000254833,30.880425000346897],[-83.435454000129354,30.880720000145754],[-83.43605400017897,30.881015999749724],[-83.437305000331847,30.881628000333514],[-83.44053200036069,30.88319699968087],[-83.440850000377992,30.883352000208312],[-83.443429999603225,30.884591000119741],[-83.444443000104741,30.885076999795324],[-83.445053000200105,30.885370000123203],[-83.445378999715032,30.885491999811212],[-83.445707999603002,30.885622999935151],[-83.446265999819815,30.885798999678435],[-83.446778000005892,30.885948999624834],[-83.44733899969745,30.886101999775331],[-83.447841999662714,30.886231999948016],[-83.449445000168097,30.886630000020094],[-83.450293999739728,30.886872000123276],[-83.450609000282327,30.886999000381923],[-83.450873999697876,30.887113999614975],[-83.451193000438423,30.88726299993769],[-83.45149999968676,30.887399999978115],[-83.451661000243561,30.88746799998729],[-83.451970000040035,30.887640999804354],[-83.452288999882271,30.887844999944736],[-83.452646000257658,30.888087999930381],[-83.452821000159844,30.888203000168691],[-83.453836000311156,30.888976000164494],[-83.457756000276021,30.892060999868942],[-83.45801099964585,30.892443999957667],[-83.458316000142702,30.892848000110074],[-83.458654000251485,30.893342000338585],[-83.458867999613403,30.893704999877695],[-83.459180999607852,30.894396999999206],[-83.459411999586536,30.895013999635459],[-83.459841999756847,30.896184000050418],[-83.459900000381495,30.896294999914563],[-83.459987000420128,30.896565000276023],[-83.460066999887744,30.896748999720742],[-83.460136000383045,30.89692899970672],[-83.460206999629833,30.897133999878111],[-83.460334999676363,30.897447000364814],[-83.46043699978361,30.897716999790163],[-83.460444000354599,30.897740999616587],[-83.460518999799362,30.898000000026492],[-83.461097000107685,30.899585000023649],[-83.461339999781927,30.900404000253648],[-83.461588000377361,30.901005000127924],[-83.461863999663564,30.901498999895217],[-83.462272000092582,30.902110999859968],[-83.462979000272313,30.903152000205139],[-83.46322399959638,30.903552999989213],[-83.46349599958296,30.903952999931992],[-83.463887000293511,30.904397000354358],[-83.464207999785557,30.904683999665146],[-83.464662000245326,30.905047000136413],[-83.465301999579609,30.905542000312117],[-83.465900999804319,30.905958999641335],[-83.466408999792435,30.906355000067276],[-83.466742999703271,30.906588999934211],[-83.467379999562823,30.907088000065045],[-83.469246999658836,30.908625999964059],[-83.469861999777066,30.909147000245728],[-83.470153000030223,30.909420999937698],[-83.47042800038983,30.909706000312401],[-83.470677999736765,30.910005999830435],[-83.470905000415797,30.910322999935719],[-83.471399000160218,30.910859999716525],[-83.471861000117585,30.911539000188711],[-83.472400999892741,30.912193000029305],[-83.47324899963948,30.913240000105567],[-83.473307000264114,30.913310999846136],[-83.473390999929705,30.913415000347928],[-83.474290999554981,30.914524999936631],[-83.474990000237128,30.915438999996862],[-83.475396000117996,30.915960999754862],[-83.475787999755156,30.916428999720939],[-83.476109000145527,30.916758999921385],[-83.476545999988531,30.917292000008423],[-83.476939000348892,30.917771000168838],[-83.477308000419853,30.918179999868492],[-83.478003000005714,30.918950999945725],[-83.478661999606558,30.919671999930994],[-83.479012000309254,30.920066000026353],[-83.479281999747684,30.920369999867077],[-83.479501999855714,30.920638000304457],[-83.479902999713701,30.921124999936396],[-83.480019999889564,30.921281999757682],[-83.480255000066208,30.921596999687047],[-83.480472999626087,30.921942000217516],[-83.480732999917095,30.922399999711914],[-83.480927000085856,30.922802000031904],[-83.481095000315349,30.923238000213431],[-83.481210999767967,30.923698000201661],[-83.481328999768763,30.924125000098797],[-83.481654000357082,30.925718000161851],[-83.481977000397265,30.927249999742948],[-83.482040999971375,30.927552999641339],[-83.482189999934292,30.928238000084654],[-83.482485000385381,30.929529000038119],[-83.482507000126688,30.92962099970913],[-83.482661999937392,30.930269000345604],[-83.48292499970313,30.931613999808636],[-83.482974999931827,30.931831999710074],[-83.483144999811145,30.932567999989615],[-83.483344999827693,30.933206999948862],[-83.483610999966459,30.933866999789558],[-83.483883999777944,30.934317999641586],[-83.484144999893857,30.934787000091124],[-83.484564000193501,30.935319999882271],[-83.485129000083035,30.935951000369013],[-83.486165000150748,30.937042000294955],[-83.486508000282441,30.937409000227785],[-83.487026000316291,30.937960999973892],[-83.488433999929683,30.939423999739304],[-83.488525000166277,30.939521999745494],[-83.48880300000063,30.939820999654479],[-83.490276999736253,30.941407000383016],[-83.490840999800866,30.941975999909314],[-83.491513999645406,30.942685000370233],[-83.492156000426164,30.943247999616212],[-83.492503999682384,30.943493000042459],[-83.492716000292816,30.943642999710328],[-83.493194000143703,30.943926999761995],[-83.493354999802179,30.944005000219885],[-83.4937509996373,30.944197999824656],[-83.494318000074955,30.944389999759334],[-83.494990999919509,30.944624999856636],[-83.495612999710445,30.944852999824878],[-83.497119000131448,30.945391999972578],[-83.497249999652709,30.945413000046855],[-83.497525000012317,30.945516000271098],[-83.498182999788256,30.945754000020457],[-83.498490999759824,30.945849999628571],[-83.498570000300845,30.945854999806194],[-83.49859000039234,30.945875999778735],[-83.499505999911136,30.946214000316338],[-83.500531999933116,30.94657000016425],[-83.500601000428404,30.946594000062976],[-83.502372000264955,30.94721099978835],[-83.502595999672636,30.947264000132176],[-83.503008000299587,30.947448999938764],[-83.50420099982783,30.94785199973516],[-83.504651999914557,30.948026999817149],[-83.504723999884561,30.948051000120415],[-83.504747000349084,30.948042000007405],[-83.504979000152687,30.948101999974337],[-83.505211999781196,30.948192000239249],[-83.505426999866344,30.94825800017426],[-83.505985999908091,30.948474999860903],[-83.506513000162784,30.948700999876962],[-83.506971999747094,30.948929000135553],[-83.507370000130337,30.949159999852824],[-83.507622999850341,30.949306999872412],[-83.508126999640496,30.949659999766205],[-83.508207999831356,30.949676999691032],[-83.508352999596312,30.949824999679567],[-83.509224999632494,30.950619000045229],[-83.509439999717657,30.95086100011379],[-83.509884999956569,30.951362000348233],[-83.51025200037769,30.951884999661658],[-83.510388999746723,30.95204799964317],[-83.510478000333507,30.952274999650403],[-83.511193999835768,30.953533999978283],[-83.511550000386222,30.954215000115145],[-83.512202000314375,30.955462000309254],[-83.512661999723605,30.956288000005507],[-83.513049000236208,30.956995999892943],[-83.513279000389986,30.957399000247769],[-83.51373100030159,30.958185999947315],[-83.514165999596472,30.95905799987705],[-83.514865000278618,30.960323000239306],[-83.515385999787213,30.961329999882523],[-83.515778000322683,30.962033999906232],[-83.51612800012704,30.962636999707556],[-83.516795999948741,30.963751000360553],[-83.517348000317767,30.964553000006649],[-83.517775000115051,30.965120999738446],[-83.518392999708013,30.965819999642243],[-83.519133000398043,30.966670000127472],[-83.519396000163752,30.966943999823858],[-83.519658000104585,30.967193000353131],[-83.520052000289894,30.967583000229705],[-83.520434999706211,30.967940000355501],[-83.520926999800821,30.968354000085558],[-83.52196100021871,30.9691889996312],[-83.522451999590075,30.969519000256405],[-83.523063000408669,30.969947000119717],[-83.524060000118311,30.970633999730858],[-83.524113999646687,30.970671999687255],[-83.527046000122724,30.972647999683833],[-83.527327000330118,30.972862000158468],[-83.527827999747231,30.973208000249262],[-83.529979000423694,30.974631000049982],[-83.53055099998592,30.975078000355165],[-83.531183999647496,30.97561599967305],[-83.532125000178965,30.976597000289352],[-83.532603999854771,30.977240000377183],[-83.532879000214379,30.977632000205013],[-83.533280999897286,30.978336000176053],[-83.5335629999296,30.978894000338776],[-83.533603000112564,30.978972999657916],[-83.533916000107013,30.979644999927764],[-83.534213000207927,30.98046899980562],[-83.534867999610825,30.982201000097842],[-83.53533700013918,30.983559000094189],[-83.535912000074447,30.984865999799673],[-83.536103999695086,30.985292999764848],[-83.537447999734368,30.987553999785163],[-83.538299999679069,30.988909999893995],[-83.538669999574921,30.989538000354109],[-83.539069999608003,30.99014799977121],[-83.53936000003624,30.990685000041719],[-83.539637000045673,30.991145000303099],[-83.541013999696929,30.99337100024993],[-83.541340000110154,30.993814000114714],[-83.541885999733111,30.994414000019798],[-83.541967999748877,30.994503999757033],[-83.542301999659713,30.994845000001579],[-83.543285999848905,30.995622000022134],[-83.544417000351174,30.996361999656788],[-83.545497999726408,30.997102999978679],[-83.546138999783921,30.997522000036835],[-83.547040000132412,30.99813099972803],[-83.547861999939897,30.998732999928432],[-83.549107000244973,30.999683000242307],[-83.550181999772448,31.000541999985888],[-83.550965999945092,31.001205000298221],[-83.551579000413497,31.001709000343265],[-83.552222000120835,31.002196000224089],[-83.553197000089185,31.002998000197376],[-83.554212000240497,31.003824999925474],[-83.554976000321659,31.004462000150049],[-83.556573999905837,31.005734999972137],[-83.557724999601291,31.006684999818734],[-83.560298999877062,31.008783999657588],[-83.561114999836732,31.00942199999384],[-83.562118000292486,31.010236000037423],[-83.562497000409181,31.010560000367981],[-83.563096999560486,31.01103200016189],[-83.56717700025726,31.014327000230338],[-83.568621999680573,31.015482000304814],[-83.568970999660024,31.015783000376523],[-83.570443999570756,31.016994000045685],[-83.571955000014597,31.018191999875086],[-83.573107000433282,31.019166999677257],[-83.574007000058558,31.020016999892214],[-83.574679000078206,31.020657999772233],[-83.575457000403063,31.021351999966154],[-83.575753999605666,31.021636999790708],[-83.576197000194782,31.022033999637969],[-83.577217000368961,31.022978000244201],[-83.577901999909088,31.023629000123623],[-83.578388999980803,31.024071000281626],[-83.579741000416007,31.025300000362463],[-83.580225000114694,31.025798000213726],[-83.580908000004982,31.026370000045546],[-83.581393000426885,31.026857000169542],[-83.581865000429985,31.027377000045952],[-83.582088000012746,31.027665000165371],[-83.582266000287973,31.027890999718746],[-83.582878000033162,31.028899999675065],[-83.583213999593838,31.029464999849509],[-83.584031000276752,31.030873999777601],[-83.584210000376885,31.031166999656563],[-83.584413999693083,31.03151800022432],[-83.584808999703284,31.032121000370349],[-83.585095999758465,31.032613999717093],[-83.585531999776549,31.033349999730664],[-83.586157999765462,31.03424000019147]]},"properties":{"BASENAME":"133","NAME":"State Rte 133","MTFCC":"S1200","RTTYP":"S","OID":"11048694040"}},{"type":"Feature","geometry":{"type":"LineString","coordinates":[[-83.311873999879921,30.63459399961986],[-83.311684999734027,30.634865999663759],[-83.311620000334997,30.635057999916317],[-83.311358000394193,30.635575000380648]]},"properties":{"BASENAME":"Madison","NAME":"Madison Hwy","MTFCC":"S1200","RTTYP":"M","OID":"11048699749"}},{"type":"Feature","geometry":{"type":"LineString","coordinates":[[-83.400976999986341,30.868252000267468],[-83.401006000298651,30.868276999841335],[-83.40267699967778,30.868795999762778],[-83.40286699964858,30.868858000223632],[-83.404917000042715,30.869531999835317],[-83.406420000090648,30.870045000330638],[-83.407045000254641,30.870244999937714],[-83.407553000242743,30.870407000200228],[-83.408012999651959,30.870512000324062],[-83.408134999850716,30.870552000084],[-83.408257999874351,30.870561999828563],[-83.408713000159025,30.870735000102698],[-83.409093999925531,30.870881000309467],[-83.409156999674721,30.870933999764425],[-83.409816999998796,30.871097999725293],[-83.411311999650835,30.871547000015838],[-83.411359000404801,30.871549000098298],[-83.412135000181536,30.871829999702143],[-83.412325000152336,30.871912999759495],[-83.414433000272766,30.872556000072432],[-83.416897999870272,30.873366999955849],[-83.418333999971068,30.873824999797307],[-83.418520999568841,30.873904000373479],[-83.418585000041233,30.873910999718717],[-83.418600000109862,30.87395199961821],[-83.418939999868485,30.874028000043751],[-83.421140999875348,30.874741999860753],[-83.421560999999912,30.874918000317972],[-83.421668999954946,30.874924000354152]]},"properties":{"BASENAME":"Valdosta","NAME":"Valdosta Hwy","MTFCC":"S1200","RTTYP":"M","OID":"11048700053"}},{"type":"Feature","geometry":{"type":"LineString","coordinates":[[-83.346788999690844,30.852840999856127],[-83.347224999708942,30.852807000296817],[-83.348547000006917,30.852725000130544],[-83.349434999936634,30.85268900005422],[-83.350618000317439,30.852625000227906],[-83.350645000081627,30.852622999750622],[-83.351286999964046,30.852574000383946],[-83.352225999947379,30.852531000116368],[-83.352937000325099,30.852515000137462],[-83.35323900044888,30.852548000332025],[-83.353836999950374,30.852648999782151],[-83.354513999992875,30.852764000133714],[-83.355215000324833,30.853030000385036],[-83.356254999692197,30.853623000275757],[-83.356936999757579,30.854070999671059],[-83.357719000280412,30.854755999967868],[-83.360658000429154,30.85718599992412],[-83.361600999712138,30.857966000022607],[-83.362271000081961,30.85853399967311],[-83.363148999965915,30.859278999855693],[-83.36371899987833,30.859710000104883],[-83.36384500027502,30.859786999648446],[-83.364672000105372,30.860436999890815],[-83.366170000130452,30.861477000366847],[-83.366252999971124,30.861519999707728],[-83.366355000078357,30.861588000347592],[-83.366464999683231,30.861632999927988],[-83.367586999964658,30.862211000063766],[-83.368565000306063,30.862501999867355],[-83.369196000317814,30.862648000276046],[-83.370008999904471,30.862757000177474],[-83.371492999685827,30.863046000377338],[-83.372112000002033,30.863128000200646],[-83.372677999716487,30.863202999827202],[-83.372697999807954,30.863209999953877],[-83.372724999572142,30.863208999825684],[-83.37284299957291,30.863230000202766],[-83.372922999938851,30.863255999671907],[-83.372927000136812,30.863285000287409],[-83.373071999901768,30.86330200013893],[-83.373558999973497,30.86337699962937],[-83.373846000028664,30.86342099978636],[-83.373970999702124,30.863443000242793],[-83.374877000073525,30.863599999813719],[-83.374959000089262,30.863592000362424],[-83.37501900036375,30.863637999897101],[-83.375270000433886,30.863673000366497],[-83.375494999666486,30.863704999682881],[-83.377485999611068,30.864040000222445],[-83.377541999687566,30.864028999677775],[-83.377580000220703,30.864059000178855],[-83.377657000213603,30.864066000242968],[-83.380494000255084,30.864594000083763],[-83.381282999552297,30.864732000263803],[-83.381336999978984,30.864731000151476],[-83.381992000280178,30.864786000146072],[-83.382038000310928,30.864797999944457],[-83.382210999664977,30.864803999843062],[-83.382969999723258,30.86485700034487],[-83.383681999925869,30.864893999819397],[-83.383698999644324,30.864879999811492],[-83.384131000362757,30.864871999695893],[-83.385235000202542,30.864885000365298],[-83.385303999799518,30.864900999822552],[-83.386959000183424,30.864832999990309],[-83.387202999682586,30.864837999775499],[-83.387237999842682,30.864815000298815],[-83.387837000067407,30.864817999862073],[-83.388437000117023,30.864820000084897],[-83.388719999974242,30.864803999843062],[-83.389003999656367,30.864788999710296],[-83.389032999968677,30.864808000289308],[-83.389180000281769,30.864783999922533],[-83.389560000223369,30.864810999852796],[-83.390280999748512,30.864899000372478],[-83.390532999643568,30.864960000159584],[-83.390568999628584,30.864939000161446],[-83.390818999873844,30.865012999804041],[-83.391265999762595,30.865117000330606]]},"properties":{"BASENAME":"Valdosta","NAME":"Valdosta Hwy","MTFCC":"S1200","RTTYP":"M","OID":"11048700054"}},{"type":"Feature","geometry":{"type":"LineString","coordinates":[[-83.3213070002693,31.120155000140645],[-83.321174000199917,31.12009800005271],[-83.319656999908275,31.119399999788381],[-83.318887999804247,31.119135000313577],[-83.316788000079711,31.118572000096524],[-83.310132000355679,31.116924000346028],[-83.308989999982757,31.116586999648867],[-83.308025999885061,31.116199999980722],[-83.306886000060274,31.115729000133829],[-83.305736000189739,31.11525400030191],[-83.304974999583322,31.114912999858792],[-83.302581000130928,31.113838000229862],[-83.301592999743775,31.113394999668841],[-83.299773000401743,31.112626000305013],[-83.298721000440494,31.112180999814047],[-83.290395000263942,31.10849999995412],[-83.285194000008957,31.106238999999988],[-83.284439000148637,31.105909999758364],[-83.283983000039058,31.105712000358654],[-83.281403999740419,31.104582999933122],[-83.27366599991791,31.101179999772178],[-83.273331000182154,31.101033000091384],[-83.270033999833117,31.099583000002639],[-83.267522000379955,31.098498000148915],[-83.264158999908659,31.097029000043467],[-83.257492000313974,31.094116999873229],[-83.253815000023351,31.092469000284993],[-83.251861999713597,31.091642999681163],[-83.250710000193251,31.091155000254393],[-83.249432000276201,31.09053900037545],[-83.247038999750387,31.089524999737279],[-83.243916000376942,31.08816800010835],[-83.241978000135802,31.087324999810726],[-83.240754999572033,31.086810000237225],[-83.239629999815875,31.086303000222255],[-83.237326999701736,31.085278000076986],[-83.23486700012711,31.08415999971179],[-83.227478000284066,31.080965999663476],[-83.224292000263105,31.079574999686866],[-83.213955999875381,31.07506299998553],[-83.211841999907165,31.074139000327321],[-83.210215999835569,31.0736289997275],[-83.209830999871102,31.073531999996309],[-83.209589000021765,31.073500000142563],[-83.209171000445323,31.073420999928608],[-83.208660999909071,31.073358000373201],[-83.20801300017888,31.073390000274731],[-83.206485999841476,31.073621000157988],[-83.20585099963175,31.073719000032149],[-83.205214999597132,31.073816999805342],[-83.204895999754896,31.073865999654],[-83.204367999675284,31.073946999960953],[-83.203844999618582,31.074028000198847],[-83.203211000132072,31.074131000031258],[-83.2027630004184,31.074203999822508],[-83.201600000129091,31.074392999759365],[-83.201564000144074,31.074399000349636],[-83.201040000262438,31.074484000335939],[-83.20090200017016,31.074505999912631],[-83.199626999727855,31.074710000291809]]},"properties":{"BASENAME":"37","NAME":"Co Rd 37","MTFCC":"S1200","RTTYP":"C","OID":"11049198126"}},{"type":"Feature","geometry":{"type":"LineString","coordinates":[[-83.192617000001476,31.075647999698106],[-83.192793999553501,31.076679999706666],[-83.193037000126054,31.077757999628972],[-83.193074999760896,31.078366000091641],[-83.193025000430495,31.079270999961125],[-83.192964000331131,31.079972000256497],[-83.192813999644983,31.080595999912919],[-83.192631000245186,31.081099999899902],[-83.192569000320916,31.081227999788567],[-83.19247499971128,31.081423999909106],[-83.192312000402978,31.081701000249925],[-83.192258999801211,31.081790999836898],[-83.1919209996924,31.082258999854663],[-83.191656000276836,31.08256400016629],[-83.191346999582038,31.082886000295868],[-83.191010000196471,31.083153999782173],[-83.190635000277751,31.083443999867733],[-83.190309999689418,31.0836329998982],[-83.189882000067243,31.083863000152864],[-83.189338000094111,31.084110999783743],[-83.188665000249557,31.084396000188953],[-83.188352000255122,31.084572999969939],[-83.187574999755171,31.085092999927582],[-83.187040999827786,31.085491999979414],[-83.186617000403572,31.085888000347023],[-83.186301999860987,31.08623300002747],[-83.186024999851554,31.086582999716725],[-83.185762000085816,31.086959999900628],[-83.185551000198629,31.087341999810285],[-83.185398000037765,31.087717999973801],[-83.185208999891856,31.088221999888979],[-83.185060999753858,31.088826000045291],[-83.184859000087499,31.089957000185141],[-83.184747999759423,31.091137000117314],[-83.184602999994468,31.092227999661468],[-83.184301999695577,31.094837000115469],[-83.184086999610429,31.096025000200598],[-83.183940000195648,31.096424999727144],[-83.18366499983604,31.097052999762795],[-83.183424999636514,31.097433999878685],[-83.183140999954389,31.097934999855362],[-83.182931999717013,31.098243999753329],[-83.182824999586884,31.098403000362108],[-83.182538000430043,31.098756999716631],[-83.182225000435579,31.099112000025979],[-83.181767999602783,31.099581000079535],[-83.180912000358433,31.100216999657356],[-83.178863999614137,31.101671999764442],[-83.177532999993645,31.102702000371877],[-83.1718420001922,31.106838999897313],[-83.169370999848596,31.108655000080262],[-83.168380999811646,31.109149000292515],[-83.167691000248638,31.109428000276225],[-83.167105000442731,31.109613999809866],[-83.16620099972117,31.109834000160788],[-83.165491999891614,31.109933000229269]]},"properties":{"BASENAME":"64","NAME":"State Rte 64","MTFCC":"S1200","RTTYP":"S","OID":"11049198184"}},{"type":"Feature","geometry":{"type":"LineString","coordinates":[[-83.204895999754896,31.073865999654],[-83.204367999675284,31.073946999960953],[-83.203844999618582,31.074028000198847],[-83.203211000132072,31.074131000031258],[-83.2027630004184,31.074203999822508],[-83.201600000129091,31.074392999759365],[-83.201564000144074,31.074399000349636],[-83.201040000262438,31.074484000335939],[-83.20090200017016,31.074505999912631],[-83.199626999727855,31.074710000291809],[-83.199112000067032,31.074796999675442],[-83.198570999568659,31.074876999737029],[-83.198323999696456,31.07491300001211],[-83.197629999935486,31.075009999873213],[-83.196992000251043,31.075092999644109],[-83.196371000285012,31.07518199988332],[-83.196084000229845,31.075222000145263],[-83.19400100022375,31.075543000310688],[-83.193459999725349,31.075603000084737],[-83.192617000001476,31.075647999698106],[-83.192246000280718,31.075644000383043],[-83.191483999849382,31.075615999787189],[-83.191057999877046,31.075551999933012],[-83.190483999766698,31.075475999761636],[-83.190005000090878,31.075364999655335],[-83.189912000204473,31.075343000277353],[-83.189237999636703,31.07514699992889],[-83.188666999899382,31.074938000152333],[-83.188518999761371,31.074875000063333],[-83.187718999695221,31.074535000291206],[-83.185977000170965,31.073795000069151]]},"properties":{"BASENAME":"Main","NAME":"Main St","MTFCC":"S1200","RTTYP":"M","OID":"11049198863"}},{"type":"Feature","geometry":{"type":"LineString","coordinates":[[-83.203705999701398,31.079069999899595],[-83.204545999950525,31.080028999810668],[-83.204617999920544,31.080110999649317],[-83.204900999777763,31.080469000105236],[-83.205207999924426,31.080979000171233],[-83.205257000328231,31.081058000259493],[-83.205339000343997,31.081190000056001],[-83.205412000138935,31.081307999823792],[-83.205612000155469,31.081918000186267],[-83.205653999988257,31.082048000034941],[-83.205751999897558,31.082325000095882],[-83.20580600032423,31.082604999770332],[-83.20583999976111,31.082782999947788],[-83.205844999783977,31.082835000204664],[-83.205864000050539,31.08302600017916],[-83.205884999966941,31.08325099969705],[-83.205886999616766,31.083267000292093],[-83.205912999556048,31.083816999684874],[-83.205803999776094,31.085175000013301],[-83.205767999791092,31.085557000174347],[-83.205726999783195,31.085995000056336],[-83.205631000422031,31.087014999692265],[-83.20556799977453,31.087767000350013]]},"properties":{"BASENAME":"Patten","NAME":"Patten Ave","MTFCC":"S1200","RTTYP":"M","OID":"11049199233"}},{"type":"Feature","geometry":{"type":"LineString","coordinates":[[-83.196736999982903,31.062205000260036],[-83.19664999994427,31.063035999862073],[-83.196682999556231,31.063657000383582],[-83.196721999914303,31.064223999627313],[-83.196892999618512,31.065265000334232],[-83.196969999611412,31.065733000139382],[-83.197455999858235,31.067528999816624],[-83.197464000254143,31.067556999716153],[-83.197527000003333,31.067761999911255],[-83.197630999760406,31.068102000048906],[-83.198045000037197,31.069447999932287],[-83.199126000310741,31.073042999661816],[-83.199626999727855,31.074710000291809],[-83.199693999674992,31.07485400002437],[-83.199921000354038,31.074935000258957],[-83.200134999715971,31.075082000308992],[-83.200299999572408,31.07522500002958],[-83.200581999604722,31.075546999629989],[-83.201144000019511,31.076154000176135]]},"properties":{"BASENAME":"Patten","NAME":"Patten Ave","MTFCC":"S1200","RTTYP":"M","OID":"11049199234"}},{"type":"Feature","geometry":{"type":"LineString","coordinates":[[-83.192617000001476,31.075647999698106],[-83.192793999553501,31.076679999706666],[-83.193037000126054,31.077757999628972],[-83.193074999760896,31.078366000091641],[-83.193025000430495,31.079270999961125],[-83.192964000331131,31.079972000256497],[-83.192813999644983,31.080595999912919],[-83.192631000245186,31.081099999899902],[-83.192569000320916,31.081227999788567]]},"properties":{"BASENAME":"Samuel","NAME":"Samuel St","MTFCC":"S1200","RTTYP":"M","OID":"11049199248"}},{"type":"Feature","geometry":{"type":"LineString","coordinates":[[-82.582861000254312,30.68332799970846],[-82.583427999793642,30.683156999838722],[-82.586816000379301,30.682383000381904],[-82.58928599999966,30.681830999692263],[-82.590317999869427,30.681578000156527],[-82.591813000419762,30.681298999954922],[-82.593186999697963,30.68100800015679],[-82.59347600030128,30.680976999991177],[-82.593780000074887,30.680895000078447],[-82.595561999782106,30.680632999928282],[-82.597983999721905,30.680335999844996],[-82.603000000028956,30.679681999859586],[-82.605489999740811,30.679362000131313],[-82.607988999673509,30.679070000178353],[-82.613016999676134,30.678416000118158],[-82.614268999653916,30.678230999898872],[-82.614508999853413,30.678212000299002],[-82.61718299968831,30.677925999932995],[-82.618392000008384,30.67777100023978],[-82.618679999888457,30.677741000320282],[-82.619951999957735,30.677586000330226],[-82.622024000093177,30.677301000172768],[-82.623777000386369,30.677085000265894],[-82.624728000065289,30.676990000329155],[-82.628243999799125,30.676537999732439],[-82.629248000079798,30.676396000021054],[-82.632587000261609,30.675987000159228],[-82.634131000317439,30.675788999951582],[-82.635656000106692,30.675598999753102],[-82.636951999567103,30.675438999824657],[-82.638469999683664,30.675244000108901],[-82.639986999975321,30.675039000003029],[-82.6441119999796,30.674551999774774],[-82.644988000213743,30.674438999868993],[-82.645873999595324,30.674308000011056],[-82.646050000220725,30.674286000312371],[-82.647296000350735,30.674131999963542],[-82.648503000122673,30.674006000127655],[-82.649387999679348,30.673884999799402],[-82.651942999688544,30.673536000283285],[-82.652519000347027,30.673465000178631],[-82.655438000404303,30.673103000357397],[-82.656228000424704,30.673019000362842],[-82.656816999705356,30.672975000373405],[-82.65755499984725,30.672947000088723],[-82.65818699968392,30.672939000226613],[-82.658583000417366,30.672951999809044],[-82.659622999784716,30.673019000362842],[-82.660047999932161,30.673057999845099],[-82.663556000168398,30.673378000371041],[-82.665625999755704,30.673591999730434],[-82.667995999816952,30.67382300029405],[-82.67103100022517,30.674104000014218],[-82.672065999569654,30.674204000127126],[-82.677403000267077,30.674720999886254],[-82.678538999893902,30.674831999922059],[-82.68015200044502,30.674979999771352],[-82.682637999958942,30.675224000155396],[-82.684566999979225,30.675399999758497],[-82.685199999640815,30.675463000333004],[-82.687286000019952,30.675655000322145],[-82.688574999807656,30.67579299976471],[-82.69046299982007,30.675962000022736],[-82.692391999840382,30.676169999756148],[-82.693422999885229,30.676257000139522],[-82.69618399975873,30.676526000385131],[-82.698552999995087,30.676741999996963],[-82.700498999733838,30.676942999813516],[-82.701173000301608,30.677006000154275],[-82.702992999643655,30.677153999762851],[-82.703991000076542,30.677256000071093],[-82.70474099991398,30.677371999775584],[-82.705027000144241,30.677404999812634],[-82.705992999891777,30.677554999838783],[-82.707143999587203,30.677762000264934],[-82.707429999817478,30.677813999850624],[-82.708813000214832,30.678104000265712],[-82.709479000386693,30.678259999931633],[-82.710197000437077,30.678451999768885],[-82.711164000009504,30.678697000383078],[-82.711627999616695,30.678824000009051],[-82.713035000303506,30.679169000060263],[-82.713590999972197,30.67930600016641],[-82.714760000109294,30.679570999989409],[-82.716052000270054,30.679815000364218],[-82.717299000224955,30.68001200032781],[-82.718633000218503,30.680206999688206],[-82.71924199959065,30.680275000331331],[-82.721357000282111,30.680408000019284],[-82.721974000050167,30.680400000002585],[-82.722569000076902,30.68036299982008],[-82.723104999654126,30.680276000045033],[-82.723764999978201,30.68010899981325],[-82.724355999806988,30.67988400022853],[-82.724866000343255,30.679629999734463],[-82.725453999798987,30.679256000059969],[-82.726131999666407,30.678752999928506],[-82.726549000316254,30.678430999974253],[-82.727049999733367,30.677975000217888],[-82.727455999614222,30.67761300030153],[-82.728008999808182,30.677210999948375],[-82.72850699975055,30.676896999796298],[-82.729140000310466,30.67651299973851],[-82.730104000408147,30.676016000093135],[-82.730541000251151,30.675817000185081],[-82.730972000246368,30.675643999854216],[-82.731574999770729,30.675448000016033],[-82.732235000094803,30.675251000014402],[-82.733042999658579,30.675032999850199],[-82.735120999641808,30.674496000111464],[-82.737273000143176,30.673963000366829],[-82.738132999585474,30.673733999700843],[-82.738349000393853,30.673675999999308],[-82.739843000220986,30.673357000245861],[-82.740126999903111,30.673296999973534],[-82.740969999626984,30.67315699970823],[-82.742002000395047,30.67295999967001],[-82.743232999558103,30.672706000282918],[-82.744406999718095,30.672483000039257],[-82.745202999586297,30.672355999802072],[-82.746170000057049,30.672247000377943],[-82.74719699990392,30.672114000268998],[-82.748293000246107,30.672019999878195],[-82.74855199981387,30.672022000249132],[-82.749426000398202,30.671960000320677],[-82.751979999684153,30.671798000170334],[-82.752546000296917,30.671758000377551],[-82.753732000152453,30.671685999936173],[-82.755056000100254,30.671588999718164],[-82.755584000179866,30.671556000012028],[-82.755933999984236,30.671517999727833],[-82.756017999649814,30.671515000314734],[-82.756407999637162,30.671487000379479],[-82.756628999570097,30.671470999640182],[-82.757307000335842,30.671433999900369],[-82.757965999936687,30.671389999961669],[-82.758186000044731,30.671366999792511],[-82.759058999905818,30.671315999633141],[-82.759582999787469,30.671325000208604],[-82.760253000157277,30.671350999806023],[-82.760883000344137,30.671418999730353],[-82.761673000364553,30.67154999964286],[-82.762638000287168,30.671772999722325],[-82.763217000420397,30.671903000127049],[-82.765426999749764,30.672377999940295],[-82.766461999992572,30.672605000371473],[-82.76730600043966,30.672796999860275],[-82.767840000367045,30.672903999856423],[-82.768555000044387,30.673071999972365],[-82.769216000193381,30.673235999877356],[-82.769874999794254,30.673458000143707],[-82.770739000332838,30.673771999886],[-82.771048999954232,30.673890000243823],[-82.772177999908365,30.674224000291755],[-82.77276299988938,30.674346999745545],[-82.773394999726051,30.674418999748816],[-82.773634000100657,30.674428000035217],[-82.776011999659517,30.674523000173959],[-82.776446000027775,30.674524999720433],[-82.777421999821044,30.67456700023094],[-82.778181999704231,30.674666999864463],[-82.779182999611862,30.674888000163151],[-82.78010300022693,30.675151999979533],[-82.781785000375038,30.675805999735612],[-82.784485000149175,30.676951000116578],[-82.785916000227104,30.67764900025151],[-82.786589000071658,30.677928999919626],[-82.786911000286935,30.678061999748007],[-82.788328000121155,30.678436999916062],[-82.788606999780413,30.678506999724373],[-82.788909999729128,30.678583000187228],[-82.789627999779498,30.678712999925409],[-82.790502000363844,30.678792999915039],[-82.79209699957498,30.67887400033916],[-82.793337999682123,30.678963999786561],[-82.79477799998088,30.679031999759705],[-82.796692999757468,30.679135000127847],[-82.797083999569722,30.679135000127847],[-82.797837999605136,30.679110000033578],[-82.79846500031725,30.679062000050816],[-82.798755999672082,30.679011000091251],[-82.799227999675182,30.678954999922816],[-82.799718000119938,30.67886499969449],[-82.799884999626215,30.678820000321519],[-82.800277000161685,30.678727999735372],[-82.800724000050437,30.678598999748438],[-82.800996999861908,30.678502000291587],[-82.80155199970568,30.678315999730447],[-82.80210200042491,30.678151000216332],[-82.802785000315211,30.677957000305359],[-82.803132999571446,30.677872000157851],[-82.803520999908969,30.677786000196047],[-82.804079999950687,30.677703999891662],[-82.804511999770824,30.67764900025151],[-82.805009999713207,30.677596000062923],[-82.805469000195828,30.677590000068943],[-82.80563300022736,30.677592000324474],[-82.806049999978868,30.677596999804372],[-82.806469000278554,30.677616000297892],[-82.806979999741387,30.677667000221494],[-82.807436999675872,30.677744000312646],[-82.808070000235787,30.677870999646643],[-82.808670000285403,30.677985999647774],[-82.809214000258521,30.678105000001896],[-82.810303999854611,30.67832699989405],[-82.811329000051671,30.678473000331508],[-82.81182699999404,30.678531000242963],[-82.812452000158018,30.67858999985069],[-82.812598999572799,30.678600999983082],[-82.813100999713143,30.678655000123239],[-82.814233999865237,30.67875399965796],[-82.81425599960653,30.678761999811012],[-82.81471199971611,30.678792000185993],[-82.816437000420237,30.678940999875639],[-82.818405999725186,30.679129000229462],[-82.819849000396985,30.679245000002179],[-82.8206529997628,30.67932000016069],[-82.821968000388097,30.67944899995716],[-82.823186000030688,30.679585999666109],[-82.824252000235631,30.679731000026162],[-82.825057000324648,30.679873999960126],[-82.825721999773293,30.679964000020746],[-82.827060999789722,30.680043000030587],[-82.827710000243144,30.680027999652285],[-82.828564999662575,30.679972999790397],[-82.829095000290323,30.679904999707215],[-82.829912000074913,30.679763000310693],[-82.831384999985644,30.679421999726529],[-82.832620000245001,30.679115000207499],[-82.833977999629653,30.678764000042325],[-82.835675999671281,30.678349999951134],[-82.836187000032439,30.678244000314255],[-82.837386000306793,30.677922000208202],[-82.838917999768739,30.677557000095106],[-82.840486000113998,30.677159999783981],[-82.842041999865415,30.676772999976745],[-82.843720999640453,30.67636299963932],[-82.844240000397534,30.676216000119599],[-82.844659999623786,30.676124999900075],[-82.845031000242869,30.676066000331748],[-82.845550999926544,30.676016000093135],[-82.846058999914675,30.675997999815529],[-82.846494000107853,30.676034000367448],[-82.847315000090404,30.676162000160964],[-82.847751999933408,30.676283999709717],[-82.848839000054753,30.676686999808993],[-82.850113999598761,30.677195000157223],[-82.850551000340076,30.677359999759339],[-82.850703999602644,30.677397000319722],[-82.850910000365275,30.677464000108262],[-82.851645999959032,30.677611999787651],[-82.852080000327291,30.677652000246749],[-82.852531000414004,30.677679000199593],[-82.852902000134776,30.677694999910571],[-82.853323999909151,30.677679999940167],[-82.853901000392554,30.67760700030853],[-82.85455300032072,30.677464000108262],[-82.855191000005192,30.677296999649553],[-82.855611999954661,30.677198999912122],[-82.856372999662767,30.67700300013896],[-82.856684999832282,30.676936999778963],[-82.857046000405632,30.676837999926914],[-82.857650999579818,30.676775000249261],[-82.857883000281731,30.676759000385886],[-82.858243000131836,30.676717000055895],[-82.858474999935424,30.67673800022315],[-82.858720999982708,30.676710000256637],[-82.858951999961405,30.676705999708918],[-82.859343999598565,30.676751000066922],[-82.859649000095416,30.676797000153602],[-82.859998000074853,30.676878999682874],[-82.860274000259381,30.676938000299778],[-82.860716999950171,30.677000999871161],[-82.860769999653613,30.677010999664439],[-82.861106000112599,30.677077999720733],[-82.861897999782855,30.677256000071093],[-82.862203000279692,30.67731799969069],[-82.863288999677792,30.677551999840528],[-82.863707000152544,30.677661999972614],[-82.864096000314973,30.677786999935513],[-82.864390999867751,30.677899000049198],[-82.864663999679223,30.677995000374363],[-82.865062000062494,30.678166000113571],[-82.86550700030142,30.678384999893183],[-82.865869999626256,30.67861500007956],[-82.866605000293404,30.679096999734785],[-82.867243999802781,30.679507999776675],[-82.868249999733266,30.680164000370201],[-82.868864000026605,30.680574999734088],[-82.869370000364896,30.680887999809471],[-82.869987000132937,30.681256000350565],[-82.870214999738579,30.681384000176458],[-82.870538999603667,30.68153200002925],[-82.871029000048452,30.681747000335193],[-82.871352000088635,30.681873999813178],[-82.872435999836924,30.682198999730115],[-82.873129999597865,30.682353000349941],[-82.874258999552012,30.682611000165839],[-82.874785999806704,30.682735000215363],[-82.876524000031296,30.683141999944116],[-82.877656000358471,30.683380999841518],[-82.878421000264552,30.683568000370165],[-82.878798999657988,30.683644999619133],[-82.879239999698953,30.683742000090621],[-82.880519000339248,30.684049000351251],[-82.881075000007954,30.684156999916414],[-82.882214000007821,30.684413999876629],[-82.882961000370528,30.684594999618461],[-82.883347000159915,30.68467799992013],[-82.884174999815158,30.684867000359461],[-82.884490000357744,30.684928999728101],[-82.885324999685707,30.685121000211883],[-82.885632999657261,30.685186999614032],[-82.88676599980937,30.685466000170056],[-82.887241000185526,30.685602000181991],[-82.887801000052178,30.685798000271276],[-82.888259999636489,30.686016999738786],[-82.88895400029574,30.686380999899509],[-82.889263999917162,30.686574000234447],[-82.889735999920262,30.686905999615846],[-82.890085999724633,30.687175000327368],[-82.89043700025222,30.687470999821965],[-82.890957999760815,30.687965999958241],[-82.891546000114872,30.688678999854464],[-82.891748999606151,30.688977000165185],[-82.892054999927893,30.689462999875424],[-82.892666999673096,30.690660000172183],[-82.892827000404964,30.690941000341049],[-82.892993999911241,30.691203999931226],[-82.893265000072887,30.691552999714446],[-82.893455999868607,30.69176299981708],[-82.893551000303148,30.69185099965069],[-82.893682999649315,30.692002000003349],[-82.893867999597234,30.692172999657114],[-82.894009000062553,30.692302000049263],[-82.89433299992767,30.692527999637996],[-82.894819999999356,30.692849000119999],[-82.895081999940203,30.692986999710278],[-82.89513299999382,30.693015000364376],[-82.895418000399161,30.693137999830821],[-82.895851000044217,30.693299999717969],[-82.896241000031551,30.69343699985853],[-82.896687000095397,30.693549000359031],[-82.89792200035474,30.693804999690716],[-82.898527000427237,30.693921000371304],[-82.899099999814354,30.694044000228171],[-82.903033000198036,30.694808000174476],[-82.904143999710499,30.69504199965197],[-82.905255000121286,30.695260000219417],[-82.906220999868808,30.695464999882148],[-82.906926000398727,30.695664999792928],[-82.907480000417593,30.695846000069434],[-82.907949000047665,30.696040000343093],[-82.908595000128031,30.6963189996588],[-82.908975999894537,30.696520999980592],[-82.909661000332974,30.696910000055553],[-82.910402999774504,30.697364999680683],[-82.910801999982681,30.697623999852084],[-82.911219999559123,30.697873000151787],[-82.911658000125342,30.698113999715311],[-82.912124000280656,30.698350000271873],[-82.912544000405234,30.698550999907898],[-82.913137999708766,30.698816999727978],[-82.913514000350702,30.698966000183741],[-82.91390400033805,30.699091999891984],[-82.914148999662117,30.699163999982442],[-82.914722999772465,30.699322999702204],[-82.91585599992456,30.699610999824699],[-82.916989000076654,30.699892999707156],[-82.918091000266628,30.700178000378095],[-82.918703000011803,30.700344999881406],[-82.918986999693942,30.700422999929689],[-82.919155999748327,30.700463000207254],[-82.919461000245178,30.700533999770844],[-82.919886000392609,30.700631999768039],[-82.920109999800289,30.700693000322918],[-82.920666000367291,30.700828000236253],[-82.921165000134579,30.700936000339858],[-82.922299999936513,30.701163000063538],[-82.922771000114693,30.701250000326457],[-82.923403999776284,30.701359999720907],[-82.923916999787252,30.701454999623678],[-82.924278000360601,30.701507999845926],[-82.924485000049827,30.701539000370449],[-82.92684400024045,30.701927000038534],[-82.927190999671765,30.701973999977984],[-82.927666000047907,30.702044999974611],[-82.927842999599932,30.702067000300211],[-82.928065000256083,30.7021039998885],[-82.928656000084885,30.70217799979498],[-82.929029000353793,30.702194000080453],[-82.929799000282728,30.702182000059732],[-82.930528000203765,30.702144999728883],[-82.930631999960852,30.702144999728883],[-82.930837999825172,30.702120000186238],[-82.931230000360657,30.702046999723546],[-82.931709999861368,30.701951000141982],[-82.932099000023769,30.701840999876431],[-82.93273800043147,30.701684000200061],[-82.933545999995246,30.701461999946162],[-82.934659999880765,30.701166000100521],[-82.937602000402563,30.70034699966558],[-82.938490000332266,30.700100000131776],[-82.93944900040708,30.699849000376869],[-82.940407999583584,30.699577000139236],[-82.941366999658428,30.699311000096813],[-82.942324000083431,30.699101999714614],[-82.942700999651976,30.699051999818494],[-82.942769000322357,30.699037000076327],[-82.943523000357757,30.698953999761571],[-82.944024999599776,30.698929999685141],[-82.944699999992451,30.698914999924018],[-82.945625999557009,30.698929999685141],[-82.946136999918167,30.698958999680169],[-82.947054999985113,30.699048999715789],[-82.947561000323418,30.699085999688926],[-82.948054000242905,30.69913300023973],[-82.948521000223138,30.699160000365012],[-82.949143000014089,30.699210000205177],[-82.950100000439093,30.699296999911663],[-82.9508760002158,30.699373999746296],[-82.951380000005955,30.699413000170725],[-82.951845000336363,30.699454999897185],[-82.952358000347346,30.699494000288944],[-82.952509999784994,30.699512000048461],[-82.953012999750229,30.699551999931284],[-82.953335999790426,30.699572999766549],[-82.954232000116065,30.699650999666428],[-82.954947999618327,30.699704999619556],[-82.955218999779987,30.699721999827453],[-82.955844999768857,30.699789999856527],[-82.956804999668606,30.699859000121105],[-82.957138999579456,30.699871999941518],[-82.95752899956679,30.699912999957849],[-82.958101999852232,30.69998000034272],[-82.958681999810352,30.700015000167877],[-82.959059000277236,30.700043999836833],[-82.959489000447547,30.7000970000616],[-82.960025000024743,30.70012800026706],[-82.960502999875629,30.70018300023327],[-82.961540999593183,30.700274000178759],[-82.961965999740613,30.700300999984801],[-82.962923000165617,30.700391000313608],[-82.963505999598482,30.700430999832065],[-82.963886000438393,30.700464999988988],[-82.964487000312928,30.700505000249137],[-82.964852000185928,30.700525000373002],[-82.965434999618779,30.700583999671505],[-82.965814999560379,30.700606999833408],[-82.966217999966503,30.700662999801608],[-82.966762999764555,30.700707000305545],[-82.96706499988835,30.700735000264689],[-82.968116000024679,30.700811000223197],[-82.96847800042292,30.700853000113622],[-82.96941099966017,30.700919000345898],[-82.969523999638071,30.700930999751272],[-82.969925000394369,30.700973999861258],[-82.970379999780718,30.701013999910412],[-82.971354999749067,30.701081999801445],[-82.971856999889411,30.701141999801873],[-82.974032999781926,30.701319999815187],[-82.974779000319714,30.701391000293032],[-82.976443000026151,30.701538000104499],[-82.976930999922772,30.701559000279982],[-82.977453999979502,30.70160599962627],[-82.977888000347775,30.701638000384285],[-82.979193000029014,30.701757999656238],[-82.979759999568358,30.701793999872184],[-82.980499000433468,30.701834999844294],[-82.981491000120258,30.701863999738702],[-82.982259000399367,30.701868000016404],[-82.982957000358269,30.701880000076194],[-82.983242999690233,30.701875999798975],[-82.983928000128657,30.701889000120072],[-82.984204000313198,30.701884999843244],[-82.984964000196399,30.701886000105532],[-82.986754000299499,30.701866999753879],[-82.988397000089535,30.701890999872251],[-82.989255999706941,30.701895999638666],[-82.990184999644541,30.701887000367854],[-82.991138999696474,30.701869999769016],[-82.991382000269056,30.701869000278933],[-82.991983000143577,30.701863999738702],[-82.993863999584988,30.701861999985962],[-82.997495999669795,30.701869999769016],[-82.998397000018286,30.701843999892382],[-82.999115000068684,30.701833000090947],[-83.000367000046467,30.701842000139223],[-83.000639000033033,30.701843999892382],[-83.002306999937431,30.701845000155089],[-83.003440000089526,30.701837999860373],[-83.004131000375736,30.701843999892382],[-83.004943999962379,30.701843999892382],[-83.006549999942479,30.701816000255032],[-83.007289999734198,30.701810000221283],[-83.008210000349266,30.701846999908181],[-83.009832000222914,30.701911999970918],[-83.010289999982319,30.701939000091034],[-83.011183999759794,30.702046000235296],[-83.013059000251744,30.702270999920582],[-83.013219000085314,30.70228899993451],[-83.014462999667188,30.702467999633001],[-83.015763000223856,30.702636000061997],[-83.016051999928848,30.70267000021439],[-83.016396999710352,30.702710000332878],[-83.017041999965812,30.702807999664877],[-83.017584000289119,30.702881999803832],[-83.017859999575336,30.702918999852002],[-83.018943000397016,30.703081999791035],[-83.019472000301533,30.703118999762506],[-83.019781999922927,30.703152000267885],[-83.020136999750164,30.703177999792075],[-83.021049999794229,30.703208000303832],[-83.021504000253998,30.703226999619044],[-83.022260999764143,30.703236999785567],[-83.022438000214464,30.703246999951109],[-83.023214999816091,30.703314999813241],[-83.023362999954102,30.703338000096565],[-83.023398000114199,30.703336999849267],[-83.025023000360889,30.703514999675281],[-83.025718999771669,30.703495999644431],[-83.026498999746337,30.703464000275098],[-83.027292000139809,30.703439999775643],[-83.027667000058528,30.703439999775643],[-83.027975999855016,30.703435000089176],[-83.028058999695688,30.703443999988018],[-83.028462000101811,30.703446999954075],[-83.029319000069407,30.703461000309513],[-83.029638999736534,30.703480999820663],[-83.030124999983357,30.703511000238262],[-83.030434999604751,30.703536999665712],[-83.030519000168653,30.703546000327378],[-83.030662000283783,30.703561000141047],[-83.030810000421781,30.703577999669577],[-83.031262000333399,30.703663999828297],[-83.031730999963443,30.703732000168909],[-83.031863000207935,30.7037510001533],[-83.032239999776479,30.70379999968927],[-83.033100999942008,30.703942000032431],[-83.03347300038601,30.704004000279866],[-83.034286999797558,30.704130999827726],[-83.035404999881038,30.704295999738672],[-83.035748999837622,30.7043549998209],[-83.036127999954317,30.704418000039045],[-83.036179000007934,30.704432000253583],[-83.036826999738139,30.704541999882363],[-83.037020000081981,30.70457499990103],[-83.038082999913883,30.704741000057727],[-83.038533000175661,30.704815000258865],[-83.039219000439019,30.704938000133655],[-83.040324999928629,30.705100999751245],[-83.041406000202187,30.705286000229734],[-83.042522999562451,30.705439000094454],[-83.04300899980926,30.705530999941768],[-83.043144000426778,30.705591000265009],[-83.044948999700196,30.705845999870981],[-83.046747000199247,30.706139000151978],[-83.048328999889904,30.70636199990134],[-83.04877599977867,30.706425999796508],[-83.050838999693255,30.706794999739966],[-83.051790000270486,30.707004999887637],[-83.053069999837362,30.707379999621178],[-83.055151000193632,30.708196000010002],[-83.0560729995602,30.708635999914645],[-83.057080000213915,30.709197999791325],[-83.058835999981852,30.710421000031559],[-83.059822999645775,30.711205000291876],[-83.060174000173376,30.711473999696942],[-83.061580000136942,30.712575999936064],[-83.063057000245621,30.713751000098071],[-83.06439299988898,30.714821999698835],[-83.070407999555513,30.719545999966687],[-83.070842999748706,30.719888000191748],[-83.073360999947965,30.721838999868215],[-83.075762999796297,30.723721000085497],[-83.078205999652482,30.725644999764462],[-83.080808000415658,30.727678999921],[-83.081758000269645,30.728441999914995],[-83.083169000256092,30.729526999699662],[-83.086388999713918,30.732107999637886],[-83.087138999551357,30.732651999641067],[-83.088486999788628,30.733704999759681],[-83.093806999869273,30.737890000133415],[-83.096022999944751,30.739613000216867],[-83.098248000241071,30.741363000262119],[-83.10302000015065,30.745084999881339],[-83.105478000075465,30.747042999934219],[-83.107785000387537,30.748855000080592],[-83.110325000328132,30.750797999740207],[-83.11167299966705,30.751838999920388],[-83.11271499958255,30.752643999775557],[-83.115215000238464,30.754650000002197],[-83.116797999754041,30.755886000229928],[-83.120228999997394,30.758563999685077],[-83.120603000091208,30.758836999923655],[-83.120860999834065,30.759092999616559],[-83.122157000192772,30.760065000079205],[-83.12387100012792,30.761432000098377],[-83.124576999584448,30.761996000190056],[-83.126618999582647,30.763608999733751],[-83.126934000125217,30.763862999848353],[-83.129019999606058,30.765214000106766],[-83.130787999967851,30.766234000364634],[-83.132800999653753,30.767242000206561],[-83.134700000435146,30.768216999694037],[-83.135273999647183,30.768530999734601]]},"properties":{"BASENAME":"94","NAME":"State Rte 94","MTFCC":"S1200","RTTYP":"S","OID":"11050997729"}},{"type":"Feature","geometry":{"type":"LineString","coordinates":[[-83.023542000054235,30.617576999861164],[-83.023551000275077,30.617779000136444],[-83.023578999864171,30.618127999932742],[-83.023680999971418,30.619757000240547],[-83.023721999979315,30.620748999653639],[-83.023808000193029,30.622384999788196],[-83.023887999660644,30.624074999812994],[-83.02393799988937,30.625759999862503],[-83.024025999752922,30.62746400025377],[-83.024148999776571,30.629448000223437],[-83.024301000112544,30.632332000124741],[-83.024412000440606,30.634432999639998],[-83.02452100022056,30.636105000301612],[-83.024635999848286,30.638022000057013],[-83.024698999597476,30.639509999733225],[-83.024793000207112,30.641151000179217],[-83.024896000139279,30.642841000159819],[-83.024982000352992,30.644434000329202],[-83.025041999729126,30.646100000067452],[-83.025157000255192,30.647576000044829],[-83.025234000248076,30.649247999959524],[-83.025246999768569,30.649463000236647],[-83.025288999601358,30.650144999922002],[-83.025331000332471,30.651095000134912],[-83.025368000142379,30.651944999653086],[-83.025409999975167,30.652718000317506],[-83.025493999640773,30.653814999799661],[-83.025594999923101,30.656169999669626],[-83.025623000410519,30.656649000152662],[-83.025637999580809,30.657130999667267],[-83.025664000418388,30.657524999749],[-83.025728999817403,30.658897999755894],[-83.025739999688057,30.65891600012851],[-83.025743000061098,30.658987000105839],[-83.025801999612327,30.660198999849392],[-83.02584400034344,30.66085799994487],[-83.025886000176229,30.661509000147539],[-83.02589100019911,30.661530999664741],[-83.02590799991755,30.662527999854429],[-83.025911000290591,30.6627180002599],[-83.025988000283505,30.663992999904927],[-83.026005999826836,30.664290999891143],[-83.026066999926201,30.665712999916856],[-83.026132000223541,30.666853999977878],[-83.026221999736904,30.668244999758464],[-83.02630399975267,30.66965599994041],[-83.026386999593328,30.67097800033541],[-83.026425000126494,30.671684000330924],[-83.02649100024874,30.672767999732532],[-83.026487000050778,30.67315699970823],[-83.026493999723456,30.673194000333368],[-83.026565999693489,30.67469699996613],[-83.026605000051561,30.675739000342212],[-83.026694999564924,30.677098000062898],[-83.026754000014449,30.678422000060909],[-83.026816999763653,30.679653999973961],[-83.026849000449019,30.680240000301691],[-83.026896000304689,30.681089000268305],[-83.026952000381172,30.681919000080853],[-83.026966999551476,30.682147000187708],[-83.026975999772318,30.682409999784674],[-83.026976999597224,30.682599000027984],[-83.027050000290458,30.684215999949714],[-83.027144000001812,30.685812000096895],[-83.027154000047545,30.685978999736296],[-83.027211999773868,30.687080999916908],[-83.027318000079092,30.688456999813116],[-83.027329999774636,30.688917000326928],[-83.02734300019344,30.689202000192168],[-83.027365999759652,30.689773000103806],[-83.027426999859031,30.69071900009402],[-83.027472999889781,30.692158999981412],[-83.027547000407949,30.693233000102804],[-83.027611999806965,30.694346000015731],[-83.027636999921313,30.694940000365449],[-83.02764199994418,30.695053000227428],[-83.027734999830599,30.696527000343149],[-83.027824000417368,30.697912999941533],[-83.027901000410267,30.700015000167877],[-83.02793999987,30.700552000108868],[-83.027950999740654,30.700845999747003],[-83.027991999748537,30.70202200015548],[-83.028021999885766,30.702359000214333],[-83.028027999733553,30.702765000372192],[-83.028058999695688,30.703443999988018],[-83.028082000160239,30.70372900021172],[-83.028125999642853,30.704779999857706],[-83.028149000107391,30.705444999902472],[-83.028158000328219,30.705692999879332],[-83.028153000305338,30.705915999887225],[-83.02814699955924,30.706136000269634],[-83.0281149997722,30.706453999640772],[-83.028066000266705,30.706815000104765],[-83.027997999596337,30.707134999970656],[-83.027922000326669,30.707466000252538],[-83.027811999823484,30.707831000049485],[-83.027796999754869,30.70788299965843],[-83.027725999609757,30.708080999695333],[-83.027703000043545,30.708132999941942],[-83.027311000406385,30.709024999807028],[-83.027241999911098,30.709183000081801],[-83.027026000001044,30.709756000304953],[-83.026980999795185,30.709873999933663],[-83.026878999687938,30.710145000314835],[-83.026831000007363,30.710272999677219],[-83.026668999625656,30.710683999824361],[-83.025983000260624,30.712346999727188],[-83.02545199980797,30.713637000368283],[-83.024948999842735,30.714720999826902],[-83.02433000042484,30.716233999701387],[-83.023658000405206,30.717696000180194],[-83.023259000197029,30.718694999854993],[-83.023187000227011,30.718880999832066],[-83.023116999906804,30.719060999717311],[-83.023034999891038,30.719272000270443],[-83.022252000441625,30.721020999713776],[-83.021802000179832,30.722084000007335],[-83.02130400023745,30.723262000275607],[-83.021259999856525,30.72336599981498],[-83.021072000433861,30.723774999692363],[-83.020742999647567,30.724522000030916],[-83.020695999791926,30.724629999861463],[-83.020642000263564,30.724801999627825],[-83.020265999621614,30.725657999970842],[-83.020092000442645,30.726073000232184],[-83.019812000060156,30.726907000039674],[-83.019565000187953,30.727534999784034],[-83.019328000361497,30.72813800032139],[-83.018882000297637,30.729167000064638],[-83.018247999912845,30.730631999683638],[-83.018093000102155,30.730970000119132],[-83.017464999565121,30.732353999877731],[-83.017150999745752,30.733043999761023],[-83.016778000375169,30.7340230001051],[-83.016393000410716,30.734910000240752],[-83.016291000303454,30.735121999995695],[-83.015862999782968,30.736173000335793],[-83.015370999688372,30.737259000229596],[-83.014841999783854,30.738513999816632],[-83.014706000239741,30.738859000326897],[-83.014383000199558,30.739614999958842],[-83.013811999563927,30.740921000205081],[-83.013264000291159,30.742300999733239],[-83.012781000417391,30.743322999972754],[-83.012241999568829,30.744596999747493],[-83.012127999766022,30.744892999845227],[-83.011608999907239,30.746110999908538],[-83.011319000377327,30.746790999816167],[-83.01122099956973,30.746989000240131],[-83.011187999957784,30.747083000174207],[-83.0110490000406,30.747391000153034],[-83.010886999658894,30.747732999622226],[-83.010788999749607,30.747979999899009],[-83.010663000251213,30.748296999669925],[-83.01052400033403,30.748589000094338],[-83.010471999557183,30.748673999702561],[-83.009352999648783,30.751449000112082],[-83.008767999667782,30.752852000170822],[-83.008760000170184,30.752872999977935],[-83.008453000023508,30.753611000326007],[-83.00761100012457,30.755605000159569],[-83.007190000175086,30.756562999965567],[-83.006810000233486,30.757492000138726],[-83.006219000404698,30.758932000314335],[-83.004907000152457,30.761943000029241],[-83.004822999588555,30.762100000377167],[-83.003753999908881,30.764688000224734],[-83.003733999817385,30.764734999669301],[-83.003051999751989,30.76633500027954],[-83.002205999655089,30.768321000106074],[-83.001879000315256,30.769128999775692],[-83.001407000312142,30.770349000341923],[-83.001299000357108,30.770674000037975],[-83.001201000447821,30.771070999820775],[-83.001038000241195,30.771861999723395],[-83.000981000339792,30.772272000098173],[-83.000930000286161,30.772941999830717],[-83.00089699977589,30.774085000382598],[-83.000919000415522,30.774359000102315],[-83.000933999585811,30.77468599993243],[-83.000947999829506,30.774971999705897],[-83.001145000371309,30.778196999625486],[-83.001120000256961,30.778191999958125],[-83.001147999846054,30.778351999988285],[-83.001215999618111,30.77933000027231],[-83.001253000326358,30.779872000121696],[-83.001410999611792,30.782773000172455],[-83.001480999931985,30.784196000262174],[-83.001610999628326,30.786132000049722],[-83.001804999797088,30.789568000215034],[-83.00195100028526,30.792285999910522],[-83.002009000011597,30.793110000324354],[-83.002077999608559,30.79445499997346],[-83.002111000118845,30.794863000367009],[-83.002153999776539,30.795786000040327],[-83.002189999761541,30.796307000158972],[-83.002496999908217,30.801665000183871],[-83.002542000114076,30.802285000063922],[-83.002547999961848,30.802551999765814],[-83.002665000137711,30.804477999837168],[-83.002746000328557,30.80581199985976],[-83.003132000117944,30.812988000055203],[-83.00324300044602,30.814803999908595],[-83.003276000057994,30.815198999864766],[-83.003418000348205,30.817748000151948],[-83.00349899964074,30.819297000017198],[-83.003522000105278,30.819626999967777],[-83.003604000121044,30.820802999758389],[-83.003680000289023,30.822493999624598],[-83.003794000091844,30.824415999697614],[-83.003823000404168,30.825035000345039],[-83.003845000145461,30.82533099982502],[-83.003907000069745,30.826666000062975],[-83.003933999833919,30.827253999927187],[-83.003963999971162,30.827520999660582],[-83.003969999818935,30.827796000317282],[-83.003974000016896,30.827870000073396],[-83.004008000352087,30.828450999929185],[-83.004039000314236,30.828773999723701],[-83.004078999598875,30.829118999818167],[-83.004075000299252,30.82932300030355],[-83.004235000132809,30.832309000169495],[-83.004291000209307,30.83315100007929],[-83.004318999798414,30.833576000170396],[-83.004358999981363,30.834724999676826],[-83.004345999562588,30.834879999899975],[-83.004215000041327,30.836446000281843],[-83.00382900025194,30.839468999957639],[-83.003800999764536,30.839688000247715],[-83.003641999755871,30.841114000102724],[-83.00359400007531,30.841486999717901],[-83.003192000392403,30.844615999744242],[-83.002687999703937,30.848655000302536],[-83.002467999595908,30.850625000332016],[-83.001961000331008,30.854530000151826],[-83.001812000368076,30.856004999910951],[-83.001782000230875,30.856160999891607],[-83.001752999918551,30.856343999619668],[-83.001504000396523,30.858317000349071],[-83.001245999755341,30.860235999711097]]},"properties":{"BASENAME":"129","NAME":"US Hwy 129","MTFCC":"S1200","RTTYP":"U","OID":"11050997747"}},{"type":"Feature","geometry":{"type":"LineString","coordinates":[[-83.098250999715802,30.621888000140974],[-83.098351000173238,30.622089000381891],[-83.098511000006809,30.622367999885999],[-83.098646999550922,30.622590999775852],[-83.098745000358534,30.622742999673253],[-83.098814999780402,30.622931999868864],[-83.0988769997047,30.623178000049158],[-83.098925000283586,30.623490999698475],[-83.098937999804065,30.623737000004194],[-83.098904000367185,30.624040999826153],[-83.098837000420033,30.624337999739684],[-83.098752999856131,30.624586000018162],[-83.098516999854581,30.625015999961185],[-83.098233000172456,30.625421999753893],[-83.097784999560474,30.625823999827887],[-83.097423999885464,30.626066000063325],[-83.097093000347655,30.626225999778139],[-83.096632000215223,30.626375000110475],[-83.095637000155378,30.626642000272248],[-83.095340999879369,30.626722000073109],[-83.09414699962791,30.627042999652446],[-83.093050000359142,30.627337999880268],[-83.091569999877422,30.627751000234422],[-83.090425999854659,30.628071000011943],[-83.088224000022876,30.628621999869267],[-83.088123999565454,30.628646999882392],[-83.087334000443363,30.628865999783006],[-83.085822999999479,30.629287000183524],[-83.084648999839501,30.629665000155786],[-83.083145999791569,30.630239000124504],[-83.082751999606245,30.630360999665641],[-83.080547000299745,30.63104099987822],[-83.078472999616181,30.631613999970124],[-83.076496999740215,30.632212999836572],[-83.075987999927179,30.632385999836998],[-83.075704000245068,30.632474999855152],[-83.075413999816831,30.632607000191744],[-83.074248999877682,30.633005999956026],[-83.071846000204459,30.633857999622752],[-83.067696000085817,30.635305999775202],[-83.067341000258565,30.635452000279972],[-83.067059000226266,30.635605000249548],[-83.066855999836676,30.635751000303088],[-83.06666500004097,30.635889999699334],[-83.066522999750745,30.636034999924288],[-83.066274000228702,30.636290000006031],[-83.066059999968459,30.636569000307468],[-83.065777999936174,30.637111999958595],[-83.065599999660918,30.637538000040916],[-83.065551000155438,30.637905000115353],[-83.065563999675931,30.63852900022998],[-83.065664999958258,30.639070000192934],[-83.065854999929059,30.639948000101892],[-83.066275000053622,30.642072999914475],[-83.066441999559885,30.643025000021517],[-83.066465999849342,30.643404999837582],[-83.066449000130902,30.6441180001496],[-83.066398000077271,30.644511999935823],[-83.066386000381712,30.644600999618245],[-83.066291999772062,30.64514499985637],[-83.06607900023505,30.64587500011833],[-83.065957000036292,30.646264000146967],[-83.065362000009557,30.648083999644967],[-83.065301999735112,30.64842400027198],[-83.064755000287235,30.650156000201591],[-83.064362999751765,30.651417000000631],[-83.063878000228172,30.653147999644368],[-83.063610000439581,30.653932999799899],[-83.063309999965611,30.65481599989312],[-83.062656000387619,30.65704000001832],[-83.062038999721253,30.659071999868715],[-83.061802999719689,30.659862000225171],[-83.061779000328571,30.659950999687528],[-83.061628999642423,30.660498999780494],[-83.061360000028898,30.661648000384723],[-83.06124399967797,30.662347999613765],[-83.061031999965863,30.663364999969339],[-83.060882000178026,30.665164000156764],[-83.060768000375205,30.666095999774303],[-83.060486000342905,30.668405999848726],[-83.060313999915451,30.669493999789864],[-83.060174999998267,30.670609000225173],[-83.06013800018836,30.672336999819159],[-83.060017999639442,30.675516999909796],[-83.060000000096096,30.67698299977706],[-83.060012999616561,30.6779619997663],[-83.060082000111876,30.678906000135136],[-83.060180000021148,30.679678999927397],[-83.061189000324688,30.685724000166061],[-83.061279999662972,30.686176000257937],[-83.061570999916114,30.687607000099781],[-83.061632000015479,30.687887999885177],[-83.061770000107728,30.688520000367419],[-83.061805000267825,30.68865500031303],[-83.062552999557155,30.691579999642887],[-83.062854999680937,30.692665000101844],[-83.062916999605207,30.69281099971672],[-83.063067000291369,30.693323000070897],[-83.063274999805515,30.694120000048844],[-83.063324000209306,30.694631000074008],[-83.063380000285804,30.695225000214684],[-83.063370000240056,30.695687000028158],[-83.063349000323655,30.69622299978591],[-83.063320999836264,30.696441000003166],[-83.063139000261401,30.697307999806153],[-83.062704000068209,30.69906199964532],[-83.062381000028012,30.700282000093477],[-83.062349000240957,30.700402000279404],[-83.062207999775637,30.701078999761869],[-83.061864999643987,30.70242800018659],[-83.061555999847485,30.703637999662664],[-83.061267000142493,30.704772999775926],[-83.060730999666973,30.706948000300997],[-83.06060900036654,30.707767999742988],[-83.060508000084212,30.708158000243547],[-83.060458999680407,30.708583999939172],[-83.060314999740356,30.709667999807163],[-83.060174000173376,30.711473999696942],[-83.060005999943883,30.713703999717708],[-83.059927000301144,30.714554999853409],[-83.059795000056681,30.715138000304883],[-83.059703999820087,30.715450000161098],[-83.059395999848505,30.716113999901186],[-83.058419000230344,30.717909000051282],[-83.057024000137417,30.72058799964292],[-83.056850999885071,30.720928999968418],[-83.056597000340162,30.721629999641987],[-83.05648299963903,30.722033999666994],[-83.056328999653246,30.722666999729253],[-83.056297999691111,30.722801999779403],[-83.055855999825226,30.724742999697668],[-83.055768999786594,30.72527300006605],[-83.055750000418328,30.72554100036702],[-83.055752999893073,30.726077000278114],[-83.055805999596515,30.726431999831949],[-83.056070999910375,30.728375999983118],[-83.056222000421428,30.729525999723982],[-83.056297999691111,30.730031999988878],[-83.056385999554649,30.730707000058541],[-83.056438000331497,30.731235000150104],[-83.056441999631147,30.731597999645118],[-83.056431999585413,30.731900999957134],[-83.056337999874074,30.732473000367904],[-83.056239999964788,30.732856000201881],[-83.055926000145419,30.733618000203521],[-83.055403000088702,30.734920000210511],[-83.054869999986224,30.736171999656918],[-83.054707999604517,30.736589999910432],[-83.054572999885295,30.737149000086468],[-83.054510999961025,30.737686000191921],[-83.054531000052506,30.738077000022059],[-83.054649000053288,30.738623999945613],[-83.054746000137669,30.738961000268041],[-83.055311999852108,30.740464000188734],[-83.055694000341845,30.741507999662623],[-83.055788999878089,30.741960999972676],[-83.05583699955865,30.742292000372686],[-83.055854000175415,30.742741999796799],[-83.055805999596515,30.743146999951882],[-83.055727999778711,30.743501999936122],[-83.055522999739281,30.744036999724493],[-83.055152000018523,30.745084999881339],[-83.054811000434995,30.746046000301792],[-83.054784999597402,30.746172000259772],[-83.054700000106905,30.746576999890575],[-83.054676999642382,30.747035000038625],[-83.054709000327748,30.747401000371461],[-83.054787999970472,30.747832999860591],[-83.054850999719662,30.748147999778482],[-83.054946999979109,30.748617000046217],[-83.055256999600516,30.750126999732007],[-83.055342999814229,30.750739000285911],[-83.055389999669913,30.751214000335981],[-83.055379999624165,30.752472000297026],[-83.055353999684897,30.753169999847231],[-83.055350000385246,30.753558000180927],[-83.055330000293765,30.75375500009218],[-83.055302999631266,30.754256000350882],[-83.055248000277999,30.756082000310013],[-83.055198000049273,30.757549999630395],[-83.055166000262233,30.758536000309615],[-83.055194999676232,30.759149000351211],[-83.055214999767713,30.75933399977588],[-83.055429000027971,30.761268000365835],[-83.055448000294533,30.761434999803754],[-83.05571199988519,30.763298999889148],[-83.055926999970339,30.76516300015744],[-83.055932999818125,30.765865000263865],[-83.055942999863859,30.766297000278154],[-83.055920000297647,30.766544000018936],[-83.055669000227482,30.767985999786845],[-83.055598000082369,30.76847999999929],[-83.055362000080819,30.769892999829857],[-83.055355000408127,30.769979999809973],[-83.05525300030088,30.771099999725191],[-83.055255999775611,30.771249000373647],[-83.055264999996425,30.771649999796956],[-83.055379999624165,30.772710000161059],[-83.055418000157317,30.773050000178078],[-83.055437000423893,30.773218999828085],[-83.055602000280331,30.775027000188235],[-83.055742000022406,30.776150000032683],[-83.055813999992438,30.77672200005885],[-83.055916000099685,30.777692999746911],[-83.055942000038968,30.778320000003539],[-83.055921000122567,30.77889800011334],[-83.055890999985323,30.779223000260053],[-83.055419999807143,30.782596000299815],[-83.05529900033163,30.783432999755867],[-83.055158999691216,30.784499000233435],[-83.055023000147102,30.785205999798233],[-83.054737999741761,30.786190000030409],[-83.054167000004441,30.78764099989904],[-83.054090999836461,30.787834999846464],[-83.053598999741865,30.789055000108682],[-83.053387000029772,30.789619000346768],[-83.053227000196202,30.790043000016727],[-83.052990000369732,30.790677000035608],[-83.052976999950943,30.790714000327501],[-83.052802000048743,30.791344000130405],[-83.052713000360299,30.791773999744638],[-83.052554000351634,30.792538999849604],[-83.052417999909196,30.793620000157087],[-83.052369000403715,30.794046000086116],[-83.052308000304336,30.794586000195881],[-83.052026000272036,30.797057999817945],[-83.051920999791733,30.798080999749626],[-83.05192499998968,30.799025999953319],[-83.051960999974696,30.799835000211814],[-83.052008999655285,30.800688000205682],[-83.052105999739652,30.803444000318191],[-83.052237000159238,30.805556000261824],[-83.0522139996947,30.806049999633711],[-83.052181999907646,30.807234999991323],[-83.052089000021226,30.808230000043896],[-83.052073000127706,30.808348000167705],[-83.051976000043325,30.809062999629784],[-83.051828999730233,30.809827000327886],[-83.051710999729451,30.810412000186066],[-83.051683000140358,30.810550000373247],[-83.051444999590672,30.811720999960578],[-83.050980000158575,30.813639000109617],[-83.050062000091629,30.81695800029275],[-83.050025000281721,30.817225999945943],[-83.049990999946516,30.817473999868469],[-83.049956999611325,30.818136999842526],[-83.049980000075863,30.818854999966764],[-83.05002000025884,30.819573999935205],[-83.05012900003878,30.820114999897026],[-83.050287000222539,30.820627000280961],[-83.050577999577342,30.821263000253285],[-83.050899999792634,30.821814999944422],[-83.051336999635637,30.822386000044297],[-83.052397999817714,30.823911999904698],[-83.052567999697018,30.824213000120615],[-83.052714000185205,30.824556000113471],[-83.052817999942292,30.8248289997202],[-83.053012000111025,30.825494999852932],[-83.053478000266352,30.827187000137538],[-83.053499000182754,30.827264000329262],[-83.053552999711101,30.827382999943065],[-83.053571999977692,30.827425000179968],[-83.053577000000573,30.827440999714383],[-83.053807000154322,30.828224999861359],[-83.053867000428781,30.828431000142622],[-83.053900000040755,30.828544000000505],[-83.053993999752066,30.828862999851111],[-83.054372000043855,30.83013900022436],[-83.054475999800928,30.830391000306896],[-83.054582000106137,30.830798000371683],[-83.054628999961821,30.831043999799711],[-83.054683000388479,30.831670999940339],[-83.054834999826113,30.833817999996739],[-83.054834000001208,30.834367000269932],[-83.054815999559537,30.834663999943384],[-83.054751999985456,30.835116000082508],[-83.054639999832446,30.835617999619419],[-83.054326000013091,30.836765000098111],[-83.053623999856228,30.839390999923804],[-83.053546999863329,30.839680000344501],[-83.053264999831029,30.841001999976573],[-83.052801000223837,30.843229999846432],[-83.052730999903631,30.843746000141184],[-83.052713000360299,30.84394000018289],[-83.052690999720667,30.84418999962643],[-83.0526859996978,30.844718999704231],[-83.052756999842913,30.845670000296039],[-83.052941999790846,30.848091000358931],[-83.052960000232503,30.848555000012851],[-83.052940999965926,30.849021000288538]]},"properties":{"BASENAME":"135","NAME":"State Rte 135","MTFCC":"S1200","RTTYP":"S","OID":"11050997755"}},{"type":"Feature","geometry":{"type":"LineString","coordinates":[[-83.118638000085895,30.622958999645775],[-83.118761999934435,30.62315100033333],[-83.119402999991962,30.624163000223671],[-83.119860999751353,30.62484900010233],[-83.120487999565171,30.62574400005775],[-83.12112899962267,30.62645599962941],[-83.121358999776433,30.626731000162465],[-83.121566000363984,30.626961999851787],[-83.121824999931761,30.627221000159519],[-83.12368199998204,30.629125999875775],[-83.126268999778276,30.631683999681343],[-83.131290999933114,30.636717000007796],[-83.131721999928331,30.63714800031028],[-83.135745999650283,30.641114999771478]]},"properties":{"BASENAME":"7","NAME":"State Rte 7","MTFCC":"S1200","RTTYP":"S","OID":"11050997717"}},{"type":"Feature","geometry":{"type":"LineString","coordinates":[[-83.023542000054235,30.617576999861164],[-83.023551000275077,30.617779000136444],[-83.023578999864171,30.618127999932742],[-83.023680999971418,30.619757000240547],[-83.023721999979315,30.620748999653639],[-83.023808000193029,30.622384999788196],[-83.023887999660644,30.624074999812994],[-83.02393799988937,30.625759999862503],[-83.024025999752922,30.62746400025377],[-83.024148999776571,30.629448000223437],[-83.024301000112544,30.632332000124741],[-83.024412000440606,30.634432999639998],[-83.02452100022056,30.636105000301612],[-83.024635999848286,30.638022000057013],[-83.024698999597476,30.639509999733225],[-83.024793000207112,30.641151000179217],[-83.024896000139279,30.642841000159819],[-83.024982000352992,30.644434000329202],[-83.025041999729126,30.646100000067452],[-83.025157000255192,30.647576000044829],[-83.025234000248076,30.649247999959524],[-83.025246999768569,30.649463000236647],[-83.025288999601358,30.650144999922002],[-83.025331000332471,30.651095000134912],[-83.025368000142379,30.651944999653086],[-83.025409999975167,30.652718000317506],[-83.025493999640773,30.653814999799661],[-83.025594999923101,30.656169999669626],[-83.025623000410519,30.656649000152662],[-83.025637999580809,30.657130999667267],[-83.025664000418388,30.657524999749],[-83.025728999817403,30.658897999755894],[-83.025739999688057,30.65891600012851],[-83.025743000061098,30.658987000105839],[-83.025801999612327,30.660198999849392],[-83.02584400034344,30.66085799994487],[-83.025886000176229,30.661509000147539],[-83.02589100019911,30.661530999664741],[-83.02590799991755,30.662527999854429],[-83.025911000290591,30.6627180002599],[-83.025988000283505,30.663992999904927],[-83.026005999826836,30.664290999891143],[-83.026066999926201,30.665712999916856],[-83.026132000223541,30.666853999977878],[-83.026221999736904,30.668244999758464],[-83.02630399975267,30.66965599994041],[-83.026386999593328,30.67097800033541],[-83.026425000126494,30.671684000330924],[-83.02649100024874,30.672767999732532],[-83.026487000050778,30.67315699970823],[-83.026493999723456,30.673194000333368],[-83.026565999693489,30.67469699996613],[-83.026605000051561,30.675739000342212],[-83.026694999564924,30.677098000062898],[-83.026754000014449,30.678422000060909],[-83.026816999763653,30.679653999973961],[-83.026849000449019,30.680240000301691],[-83.026896000304689,30.681089000268305],[-83.026952000381172,30.681919000080853],[-83.026966999551476,30.682147000187708],[-83.026975999772318,30.682409999784674],[-83.026976999597224,30.682599000027984],[-83.027050000290458,30.684215999949714],[-83.027144000001812,30.685812000096895],[-83.027154000047545,30.685978999736296],[-83.027211999773868,30.687080999916908],[-83.027318000079092,30.688456999813116],[-83.027329999774636,30.688917000326928],[-83.02734300019344,30.689202000192168],[-83.027365999759652,30.689773000103806],[-83.027426999859031,30.69071900009402],[-83.027472999889781,30.692158999981412],[-83.027547000407949,30.693233000102804],[-83.027611999806965,30.694346000015731],[-83.027636999921313,30.694940000365449],[-83.02764199994418,30.695053000227428],[-83.027734999830599,30.696527000343149],[-83.027824000417368,30.697912999941533],[-83.027901000410267,30.700015000167877],[-83.02793999987,30.700552000108868],[-83.027950999740654,30.700845999747003],[-83.027991999748537,30.70202200015548],[-83.028021999885766,30.702359000214333],[-83.028027999733553,30.702765000372192],[-83.028058999695688,30.703443999988018],[-83.028082000160239,30.70372900021172],[-83.028125999642853,30.704779999857706],[-83.028149000107391,30.705444999902472],[-83.028158000328219,30.705692999879332],[-83.028153000305338,30.705915999887225],[-83.02814699955924,30.706136000269634],[-83.0281149997722,30.706453999640772],[-83.028066000266705,30.706815000104765],[-83.027997999596337,30.707134999970656],[-83.027922000326669,30.707466000252538],[-83.027811999823484,30.707831000049485],[-83.027796999754869,30.70788299965843],[-83.027725999609757,30.708080999695333],[-83.027703000043545,30.708132999941942],[-83.027311000406385,30.709024999807028],[-83.027241999911098,30.709183000081801],[-83.027026000001044,30.709756000304953],[-83.026980999795185,30.709873999933663],[-83.026878999687938,30.710145000314835],[-83.026831000007363,30.710272999677219],[-83.026668999625656,30.710683999824361],[-83.025983000260624,30.712346999727188],[-83.02545199980797,30.713637000368283],[-83.024948999842735,30.714720999826902],[-83.02433000042484,30.716233999701387],[-83.023658000405206,30.717696000180194],[-83.023259000197029,30.718694999854993],[-83.023187000227011,30.718880999832066],[-83.023116999906804,30.719060999717311],[-83.023034999891038,30.719272000270443],[-83.022252000441625,30.721020999713776],[-83.021802000179832,30.722084000007335],[-83.02130400023745,30.723262000275607],[-83.021259999856525,30.72336599981498],[-83.021072000433861,30.723774999692363],[-83.020742999647567,30.724522000030916],[-83.020695999791926,30.724629999861463],[-83.020642000263564,30.724801999627825],[-83.020265999621614,30.725657999970842],[-83.020092000442645,30.726073000232184],[-83.019812000060156,30.726907000039674],[-83.019565000187953,30.727534999784034],[-83.019328000361497,30.72813800032139],[-83.018882000297637,30.729167000064638],[-83.018247999912845,30.730631999683638],[-83.018093000102155,30.730970000119132],[-83.017464999565121,30.732353999877731],[-83.017150999745752,30.733043999761023],[-83.016778000375169,30.7340230001051],[-83.016393000410716,30.734910000240752],[-83.016291000303454,30.735121999995695],[-83.015862999782968,30.736173000335793],[-83.015370999688372,30.737259000229596],[-83.014841999783854,30.738513999816632],[-83.014706000239741,30.738859000326897],[-83.014383000199558,30.739614999958842],[-83.013811999563927,30.740921000205081],[-83.013264000291159,30.742300999733239],[-83.012781000417391,30.743322999972754],[-83.012241999568829,30.744596999747493],[-83.012127999766022,30.744892999845227],[-83.011608999907239,30.746110999908538],[-83.011319000377327,30.746790999816167],[-83.01122099956973,30.746989000240131],[-83.011187999957784,30.747083000174207],[-83.0110490000406,30.747391000153034],[-83.010886999658894,30.747732999622226],[-83.010788999749607,30.747979999899009],[-83.010663000251213,30.748296999669925],[-83.01052400033403,30.748589000094338],[-83.010471999557183,30.748673999702561],[-83.009352999648783,30.751449000112082],[-83.008767999667782,30.752852000170822],[-83.008760000170184,30.752872999977935],[-83.008453000023508,30.753611000326007],[-83.00761100012457,30.755605000159569],[-83.007190000175086,30.756562999965567],[-83.006810000233486,30.757492000138726],[-83.006219000404698,30.758932000314335],[-83.004907000152457,30.761943000029241],[-83.004822999588555,30.762100000377167],[-83.003753999908881,30.764688000224734],[-83.003733999817385,30.764734999669301],[-83.003051999751989,30.76633500027954],[-83.002205999655089,30.768321000106074],[-83.001879000315256,30.769128999775692],[-83.001407000312142,30.770349000341923],[-83.001299000357108,30.770674000037975],[-83.001201000447821,30.771070999820775],[-83.001038000241195,30.771861999723395],[-83.000981000339792,30.772272000098173],[-83.000930000286161,30.772941999830717],[-83.00089699977589,30.774085000382598],[-83.000919000415522,30.774359000102315],[-83.000933999585811,30.77468599993243],[-83.000947999829506,30.774971999705897],[-83.001145000371309,30.778196999625486],[-83.001120000256961,30.778191999958125],[-83.001147999846054,30.778351999988285],[-83.001215999618111,30.77933000027231],[-83.001253000326358,30.779872000121696],[-83.001410999611792,30.782773000172455],[-83.001480999931985,30.784196000262174],[-83.001610999628326,30.786132000049722],[-83.001804999797088,30.789568000215034],[-83.00195100028526,30.792285999910522],[-83.002009000011597,30.793110000324354],[-83.002077999608559,30.79445499997346],[-83.002111000118845,30.794863000367009],[-83.002153999776539,30.795786000040327],[-83.002189999761541,30.796307000158972],[-83.002496999908217,30.801665000183871],[-83.002542000114076,30.802285000063922],[-83.002547999961848,30.802551999765814],[-83.002665000137711,30.804477999837168],[-83.002746000328557,30.80581199985976],[-83.003132000117944,30.812988000055203],[-83.00324300044602,30.814803999908595],[-83.003276000057994,30.815198999864766],[-83.003418000348205,30.817748000151948],[-83.00349899964074,30.819297000017198],[-83.003522000105278,30.819626999967777],[-83.003604000121044,30.820802999758389],[-83.003680000289023,30.822493999624598],[-83.003794000091844,30.824415999697614],[-83.003823000404168,30.825035000345039],[-83.003845000145461,30.82533099982502],[-83.003907000069745,30.826666000062975],[-83.003933999833919,30.827253999927187],[-83.003963999971162,30.827520999660582],[-83.003969999818935,30.827796000317282],[-83.003974000016896,30.827870000073396],[-83.004008000352087,30.828450999929185],[-83.004039000314236,30.828773999723701],[-83.004078999598875,30.829118999818167],[-83.004075000299252,30.82932300030355],[-83.004235000132809,30.832309000169495],[-83.004291000209307,30.83315100007929],[-83.004318999798414,30.833576000170396],[-83.004358999981363,30.834724999676826],[-83.004345999562588,30.834879999899975],[-83.004215000041327,30.836446000281843],[-83.00382900025194,30.839468999957639],[-83.003800999764536,30.839688000247715],[-83.003641999755871,30.841114000102724],[-83.00359400007531,30.841486999717901],[-83.003192000392403,30.844615999744242],[-83.002687999703937,30.848655000302536],[-83.002467999595908,30.850625000332016],[-83.001961000331008,30.854530000151826],[-83.001812000368076,30.856004999910951],[-83.001782000230875,30.856160999891607],[-83.001752999918551,30.856343999619668],[-83.001504000396523,30.858317000349071],[-83.001245999755341,30.860235999711097]]},"properties":{"BASENAME":"11","NAME":"State Rte 11","MTFCC":"S1200","RTTYP":"S","OID":"11050997720"}},{"type":"Feature","geometry":{"type":"LineString","coordinates":[[-83.118638000085895,30.622958999645775],[-83.118761999934435,30.62315100033333],[-83.119402999991962,30.624163000223671],[-83.119860999751353,30.62484900010233],[-83.120487999565171,30.62574400005775],[-83.12112899962267,30.62645599962941],[-83.121358999776433,30.626731000162465],[-83.121566000363984,30.626961999851787],[-83.121824999931761,30.627221000159519],[-83.12368199998204,30.629125999875775],[-83.126268999778276,30.631683999681343],[-83.131290999933114,30.636717000007796],[-83.131721999928331,30.63714800031028],[-83.135745999650283,30.641114999771478]]},"properties":{"BASENAME":"41","NAME":"US Hwy 41","MTFCC":"S1200","RTTYP":"U","OID":"11050997725"}},{"type":"Feature","geometry":{"type":"LineString","coordinates":[[-82.671485999611519,30.596716000068366],[-82.670740999796934,30.597145000262078],[-82.670539000130589,30.597255999645999],[-82.669941999555704,30.59761299985356],[-82.669299999673285,30.597987999629684],[-82.668860000355536,30.598213000345204],[-82.668380999781419,30.598483999990968],[-82.666867999687739,30.599307999667253],[-82.666378000141265,30.599542999709453],[-82.662706999698415,30.601198999941285],[-82.660919999968357,30.602040000103678],[-82.660474999729431,30.602239000299445],[-82.659910999664817,30.602517999784613],[-82.659640000401467,30.602652000252135],[-82.658410999989925,30.603180999785479],[-82.65776300025972,30.603494999640375],[-82.656893999698255,30.603887999632555],[-82.655352000190575,30.604611999661891],[-82.654732999874383,30.604929999942147],[-82.653886999777441,30.605285999989864],[-82.652341999896706,30.606014000001341],[-82.650426000295212,30.606901999906],[-82.649847999986875,30.607168999654064],[-82.649498000182518,30.607353000080042],[-82.647951999578552,30.608043999991214],[-82.646457999751433,30.608726999848628],[-82.645229000238189,30.609283999622541],[-82.643706999923651,30.609983000105657],[-82.642193999829971,30.610657000168182],[-82.641756999986953,30.610866999777461],[-82.640802000110099,30.611326000364308],[-82.640088000257649,30.611653000193087],[-82.637861000311517,30.612715000205593],[-82.636333000149222,30.613405999740657],[-82.635711000358285,30.613667999645653],[-82.634810000009793,30.614048000337295],[-82.633301000114059,30.614725999958605],[-82.632191000426502,30.615255999644997],[-82.631961000272725,30.615366000310321],[-82.630474999943218,30.616047999945369],[-82.628949000329044,30.616791999971863],[-82.627813999628813,30.617310999797215],[-82.627431000212482,30.617495000279757],[-82.626047999815128,30.618105999818845],[-82.625277999886194,30.61846000020163],[-82.624529999698552,30.618805000010468],[-82.623011999582005,30.619496000147521],[-82.622747999991361,30.619609999679362],[-82.621506999884218,30.620144999818713],[-82.619975000422272,30.620868999678933],[-82.618443000062001,30.621576000267233],[-82.616551999676545,30.62243800010085],[-82.614169000094805,30.623526000179194],[-82.613783000305432,30.623694000300667],[-82.611346000297004,30.624795000049279],[-82.610381000374389,30.62526299976567],[-82.607494000104182,30.626602000347052],[-82.606428999724159,30.627095999733413],[-82.605811000131183,30.627381000283822],[-82.604692000222798,30.627896000288899],[-82.603348000183502,30.62853399964802],[-82.601324999553555,30.629461999710113],[-82.599793999916514,30.630147999904079],[-82.59803300012571,30.630994999657613],[-82.597544000404156,30.631204999982668],[-82.596842000247293,30.631523000269883],[-82.594692000294046,30.632499999645802],[-82.59216700042208,30.633674000101259],[-82.591362000333064,30.634049000137892],[-82.589579999727519,30.63486100029214],[-82.58821499977185,30.635497999927445],[-82.586900999869769,30.63608200023846],[-82.586187000017347,30.63640899991718],[-82.585964000434586,30.636510999945408],[-82.584925999818722,30.637010999952459],[-82.584041000262047,30.637426000299051],[-82.583221999929336,30.637800999704904]]},"properties":{"BASENAME":"89","NAME":"State Rte 89","MTFCC":"S1200","RTTYP":"S","OID":"11050997728"}},{"type":"Feature","geometry":{"type":"LineString","coordinates":[[-83.055419999807143,30.782596000299815],[-83.055968999803142,30.782671000337924],[-83.057034000183165,30.782837999677639],[-83.057353000025401,30.782909999719461],[-83.058035000090783,30.783110999743815],[-83.058240000130183,30.783142999678208],[-83.058331000366792,30.783183999771548],[-83.058466000086014,30.783261999919663],[-83.059425000160829,30.783668999775195],[-83.059501000328808,30.783737000000304],[-83.059858999630791,30.784500999814949],[-83.059979000179709,30.784601999848348],[-83.060144000036132,30.784675999690922],[-83.06029200017413,30.784697000272018],[-83.060571999658308,30.784675000287873],[-83.060771999674856,30.784596000338382],[-83.06135199963299,30.784141999800308],[-83.061558000395621,30.784090999850754],[-83.063657000295251,30.784115000329713],[-83.064151000039658,30.784213999637647],[-83.064469999881894,30.784239999672877],[-83.064712999556136,30.78420500033624],[-83.064839999777746,30.784135000081239],[-83.064987999915743,30.784001999919422],[-83.065491999705898,30.783355999934969],[-83.0657179996617,30.783153000041402],[-83.066007000265031,30.783002999886591],[-83.066310000213718,30.782876000092291],[-83.066464000199517,30.782838999871554],[-83.066597000268899,30.78283700025554],[-83.068793000252896,30.783109000133415],[-83.069096000201597,30.783157000032016],[-83.069157000300962,30.783195999739064],[-83.069184999890055,30.783271000081079],[-83.069230000095899,30.78472800027625],[-83.069240999966553,30.784942000281664],[-83.069270000278863,30.78506300018222],[-83.069328000005186,30.785264000337399],[-83.0694200000667,30.785481999815836],[-83.069952000344244,30.786566999824071],[-83.070022999591046,30.786694000146444],[-83.070134999744056,30.786955999953353],[-83.070145999614709,30.787046999766414],[-83.070106000330043,30.788119000376295],[-83.070487000096549,30.78815000004915],[-83.071118999933233,30.788229000165963],[-83.072197999658655,30.788288999928064],[-83.072467999995396,30.788298999756162],[-83.072625000354222,30.788330000142672],[-83.073181999847833,30.788336000191396],[-83.074715000033009,30.788304999806822],[-83.074904000178904,30.788292000339588],[-83.07511000004321,30.788258999665828],[-83.07621100040825,30.788015999897951],[-83.076433999991025,30.787977999970803],[-83.076525000227605,30.787986999690922],[-83.076618000114038,30.788009999829203],[-83.078487999684796,30.789165000371003],[-83.078616999556218,30.789267000263294],[-83.079695000355045,30.790341000278495],[-83.079901000219365,30.790555000140145],[-83.080235999955136,30.790816000120021],[-83.080501000268995,30.790981999868688],[-83.08068799986674,30.791107999653953],[-83.080841000027618,30.791223999751303],[-83.081085000425091,30.79143499964928],[-83.081909999707307,30.792331999668384],[-83.082051000172612,30.792463999790698],[-83.082149999906804,30.792545999728631],[-83.082272000105547,30.792613999849991],[-83.083777999628211,30.793315000204036],[-83.08429999986005,30.793613000356238],[-83.086119000275488,30.794725000030493],[-83.086245999598773,30.794792000084396],[-83.086390000437163,30.794814000068897],[-83.088153999702698,30.794716000169437],[-83.088412000343865,30.794731999750365],[-83.088597000291799,30.794784000299281],[-83.089321000189969,30.795078000261629]]},"properties":{"BASENAME":"135","NAME":"State Rte 135 N","MTFCC":"S1200","RTTYP":"S","OID":"11050997762"}},{"type":"Feature","geometry":{"type":"LineString","coordinates":[[-83.055419999807143,30.782596000299815],[-83.05529900033163,30.783432999755867],[-83.055158999691216,30.784499000233435],[-83.055023000147102,30.785205999798233],[-83.054737999741761,30.786190000030409],[-83.054167000004441,30.78764099989904],[-83.054090999836461,30.787834999846464],[-83.053598999741865,30.789055000108682],[-83.053387000029772,30.789619000346768]]},"properties":{"BASENAME":"135","NAME":"N State Rte 135","MTFCC":"S1200","RTTYP":"S","OID":"11050997763"}},{"type":"Feature","geometry":{"type":"LineString","coordinates":[[-83.003823000404168,30.825035000345039],[-83.003502999838688,30.824963000229278],[-82.997723000348813,30.82385899992271],[-82.99749300019505,30.823815000133823],[-82.995713999962575,30.82344799989939],[-82.995458999694435,30.823403000150336],[-82.99516499996659,30.823379000224119],[-82.993743000109461,30.823308999955138],[-82.993317000137125,30.823251999775504],[-82.99293999967027,30.823180999639806],[-82.992488999583557,30.823089000320287],[-82.99210199996925,30.822953999733791],[-82.991491999873901,30.822695999970765],[-82.991046999634975,30.822470000242639],[-82.990501000012031,30.822154000106519],[-82.989418000088648,30.821501000321945],[-82.989088000375759,30.821330000319325],[-82.98877500038131,30.821193999779542],[-82.988494999998835,30.821099999736322],[-82.988233000058031,30.821046999745246],[-82.987732999567498,30.820977000090643],[-82.987422999946105,30.820961000250641],[-82.985887000286198,30.820927999993547],[-82.98354200033927,30.820893999927168],[-82.982497000050728,30.820855999884117],[-82.981343999807152,30.820813999859702],[-82.977372999788656,30.820705999932898],[-82.974939000153299,30.820651999923921],[-82.974609000440395,30.820628000081683],[-82.973883999819009,30.820611000382598],[-82.971154999732533,30.820528999704496],[-82.968982000213074,30.820473999793741],[-82.966530999960952,30.820398999934802],[-82.964733000360226,30.820348999739178],[-82.963638999667879,30.820336999780924],[-82.96026900042223,30.820315000239283],[-82.954603999661742,30.820185000179901],[-82.953723000303029,30.820212000319444],[-82.953298999980504,30.820233000079917],[-82.95249999973926,30.820315000239283],[-82.950124999655131,30.820787999688395],[-82.945505000081511,30.821689000302804],[-82.941986999799525,30.822390999727521],[-82.941486000382426,30.822491000280746],[-82.937891999932461,30.823199000200738],[-82.936639999954679,30.823471000037252],[-82.935925000277336,30.823679000027667],[-82.935094000249038,30.823970000229803],[-82.933330000085178,30.824578000226417],[-82.932711999593892,30.824700000129919],[-82.931864999672058,30.824811000236259],[-82.931616999974935,30.824815000036139],[-82.930820000281827,30.824827000206209],[-82.926359999643466,30.824766000354536],[-82.921899000078511,30.82466299980879],[-82.91154099994948,30.824505999767968],[-82.909097000268375,30.82447900006429],[-82.908502000241612,30.824472000197044],[-82.907590999847358,30.824462000275552],[-82.907199000210198,30.824457999689511],[-82.904989999807412,30.824434000027026],[-82.899720999780371,30.824304000143709],[-82.898714999849886,30.824278999908593],[-82.886318000095713,30.824320000198135],[-82.883731000299477,30.824272000026703],[-82.882865000111053,30.824255999964265],[-82.881377000131735,30.824164999895686],[-82.880459999889709,30.824050999747442],[-82.879214999584619,30.823871999979193],[-82.875759000125214,30.823358000380203],[-82.873974000044967,30.823101999709632],[-82.87231700001125,30.822731999728131],[-82.870756000236966,30.822247000105655],[-82.869284000151168,30.821803999957826],[-82.866862000211356,30.821076999801978],[-82.86567899983055,30.820713000074679],[-82.864958000305407,30.820567999678229],[-82.863665000319756,30.820445999925244],[-82.862435000083281,30.820419999654373],[-82.862405999770971,30.820422999834328],[-82.861982000346757,30.820429999996779],[-82.86147199981049,30.820398999934802],[-82.861009999853124,30.820402000115468],[-82.859522999698711,30.820380999620543],[-82.859238000191667,30.820413000262658],[-82.858465999714596,30.820620999933656],[-82.858125999955973,30.820752999773102],[-82.857817999984391,30.820890999761932],[-82.857375000293615,30.821215000096675],[-82.856534000219568,30.822029999710445],[-82.85600399959182,30.822538000018792],[-82.855554000228352,30.822876000165607],[-82.854955000003628,30.823195000333541],[-82.854719999826983,30.823254999867039],[-82.854395000136975,30.823358000380203],[-82.854216000036828,30.823410000095532],[-82.854150999739502,30.82341499972549],[-82.853889999623604,30.823436000328375],[-82.852984000150542,30.823433000242488],[-82.851842999602511,30.823429000385026],[-82.851072999673576,30.82342700007051],[-82.850204999835356,30.82340499969391],[-82.848567999893106,30.823363000012883],[-82.847526999802511,30.823335999987801],[-82.847118000446912,30.823321000313417],[-82.846139000280616,30.823305999865294],[-82.843278999774569,30.823263000367678],[-82.842482000081461,30.823244999818808],[-82.840974999835552,30.823210999801319],[-82.840870000253574,30.823203000067728]]},"properties":{"BASENAME":"187","NAME":"State Rte 187","MTFCC":"S1200","RTTYP":"S","OID":"11050997764"}},{"type":"Feature","geometry":{"type":"LineString","coordinates":[[-83.135273999647183,30.702796999973348],[-83.134885000383079,30.702832000321528],[-83.134738000069987,30.702844999741423],[-83.133097999754668,30.703025000203784],[-83.130982999961532,30.703242999730517],[-83.128847000251994,30.703288000078164],[-83.126668999811372,30.703274999945545],[-83.125421000031523,30.703285000107158],[-83.124622999615198,30.703326000218105],[-83.121388000088757,30.70371900009614],[-83.12087599990268,30.703780999714539],[-83.120189999639337,30.70386300026982],[-83.119502999551074,30.703939000081704],[-83.118721999751472,30.704059999821364],[-83.118356999878486,30.704117999808705],[-83.116045000441858,30.704318000323347],[-83.114149000033521,30.704458000205253],[-83.113755999673145,30.704487000083628],[-83.113711000365626,30.704490000017305],[-83.111727999918642,30.704649000229495],[-83.111419999947074,30.704673999889248],[-83.111008000218419,30.704679000283846],[-83.109299000306152,30.704802999791731],[-83.108695000058546,30.704845000261617],[-83.108355000299923,30.704868999639224],[-83.107529000294505,30.704925999681816],[-83.106894999909684,30.704969999786513],[-83.104728000238012,30.705097000379912],[-83.104262999907604,30.705100999751245],[-83.102785999798925,30.705074999972865],[-83.102246999848674,30.705049000187476],[-83.102113999779277,30.705030999916051],[-83.101159999727329,30.70490100008735],[-83.095701999554393,30.704094000244346],[-83.094704999844737,30.704011999885331],[-83.093930999717841,30.704014000365909],[-83.092887999977435,30.704101000375374],[-83.092538999997984,30.704149000267069],[-83.091759000023316,30.70429899967824],[-83.087660999783196,30.704892999783194],[-83.086611000370084,30.704988000069314],[-83.083936999636904,30.705037999979055],[-83.083387999640891,30.705043000354852],[-83.082252000014066,30.705100000294632],[-83.081820000193929,30.705148999917817],[-83.081364999909269,30.705226999944511],[-83.080927000241331,30.70531199995126],[-83.080553999972437,30.705423000347167],[-83.079926000333728,30.705640999862297],[-83.07925599996392,30.705926999995484],[-83.077593999907307,30.706619000212996],[-83.077051999583986,30.706817999965992],[-83.076452000432681,30.706975999993716],[-83.076079000163787,30.707059000359273],[-83.075375000357084,30.707124000000075],[-83.072959000265072,30.707242999965764],[-83.07054300017306,30.707342000305662],[-83.067425999749062,30.707478999820417],[-83.065343999567887,30.707587000202853],[-83.063049999674618,30.707668999840276],[-83.061036999988715,30.707729000378563],[-83.06060900036654,30.707767999742988]]},"properties":{"BASENAME":"376","NAME":"State Rte 376","MTFCC":"S1200","RTTYP":"S","OID":"11050997767"}},{"type":"Feature","geometry":{"type":"LineString","coordinates":[[-82.671485999611519,30.596716000068366],[-82.670740999796934,30.597145000262078],[-82.670539000130589,30.597255999645999],[-82.669941999555704,30.59761299985356],[-82.669299999673285,30.597987999629684],[-82.668860000355536,30.598213000345204],[-82.668380999781419,30.598483999990968],[-82.666867999687739,30.599307999667253],[-82.666378000141265,30.599542999709453],[-82.662706999698415,30.601198999941285],[-82.660919999968357,30.602040000103678],[-82.660474999729431,30.602239000299445],[-82.659910999664817,30.602517999784613],[-82.659640000401467,30.602652000252135],[-82.658410999989925,30.603180999785479],[-82.65776300025972,30.603494999640375],[-82.656893999698255,30.603887999632555],[-82.655352000190575,30.604611999661891],[-82.654732999874383,30.604929999942147],[-82.653886999777441,30.605285999989864],[-82.652341999896706,30.606014000001341],[-82.650426000295212,30.606901999906],[-82.649847999986875,30.607168999654064],[-82.649498000182518,30.607353000080042],[-82.647951999578552,30.608043999991214],[-82.646457999751433,30.608726999848628],[-82.645229000238189,30.609283999622541],[-82.643706999923651,30.609983000105657],[-82.642193999829971,30.610657000168182],[-82.641756999986953,30.610866999777461],[-82.640802000110099,30.611326000364308],[-82.640088000257649,30.611653000193087],[-82.637861000311517,30.612715000205593],[-82.636333000149222,30.613405999740657],[-82.635711000358285,30.613667999645653],[-82.634810000009793,30.614048000337295],[-82.633301000114059,30.614725999958605],[-82.632191000426502,30.615255999644997],[-82.631961000272725,30.615366000310321],[-82.630474999943218,30.616047999945369],[-82.628949000329044,30.616791999971863],[-82.627813999628813,30.617310999797215],[-82.627431000212482,30.617495000279757],[-82.626047999815128,30.618105999818845],[-82.625277999886194,30.61846000020163],[-82.624529999698552,30.618805000010468],[-82.623011999582005,30.619496000147521],[-82.622747999991361,30.619609999679362],[-82.621506999884218,30.620144999818713],[-82.619975000422272,30.620868999678933],[-82.618443000062001,30.621576000267233],[-82.616551999676545,30.62243800010085],[-82.614169000094805,30.623526000179194],[-82.613783000305432,30.623694000300667],[-82.611346000297004,30.624795000049279],[-82.610381000374389,30.62526299976567],[-82.607494000104182,30.626602000347052],[-82.606428999724159,30.627095999733413],[-82.605811000131183,30.627381000283822],[-82.604692000222798,30.627896000288899],[-82.603348000183502,30.62853399964802],[-82.601324999553555,30.629461999710113],[-82.599793999916514,30.630147999904079],[-82.59803300012571,30.630994999657613],[-82.597544000404156,30.631204999982668],[-82.596842000247293,30.631523000269883],[-82.594692000294046,30.632499999645802],[-82.59216700042208,30.633674000101259],[-82.591362000333064,30.634049000137892],[-82.589579999727519,30.63486100029214],[-82.58821499977185,30.635497999927445],[-82.586900999869769,30.63608200023846],[-82.586187000017347,30.63640899991718],[-82.585964000434586,30.636510999945408],[-82.584925999818722,30.637010999952459],[-82.584041000262047,30.637426000299051],[-82.583221999929336,30.637800999704904]]},"properties":{"BASENAME":"441","NAME":"US Hwy 441","MTFCC":"S1200","RTTYP":"U","OID":"11050997773"}},{"type":"Feature","geometry":{"type":"LineString","coordinates":[[-82.671485999611519,30.596716000068366],[-82.670740999796934,30.597145000262078],[-82.670539000130589,30.597255999645999],[-82.669941999555704,30.59761299985356],[-82.669299999673285,30.597987999629684],[-82.668860000355536,30.598213000345204],[-82.668380999781419,30.598483999990968],[-82.666867999687739,30.599307999667253],[-82.666378000141265,30.599542999709453],[-82.662706999698415,30.601198999941285],[-82.660919999968357,30.602040000103678],[-82.660474999729431,30.602239000299445],[-82.659910999664817,30.602517999784613],[-82.659640000401467,30.602652000252135],[-82.658410999989925,30.603180999785479],[-82.65776300025972,30.603494999640375],[-82.656893999698255,30.603887999632555],[-82.655352000190575,30.604611999661891],[-82.654732999874383,30.604929999942147],[-82.653886999777441,30.605285999989864],[-82.652341999896706,30.606014000001341],[-82.650426000295212,30.606901999906],[-82.649847999986875,30.607168999654064],[-82.649498000182518,30.607353000080042],[-82.647951999578552,30.608043999991214],[-82.646457999751433,30.608726999848628],[-82.645229000238189,30.609283999622541],[-82.643706999923651,30.609983000105657],[-82.642193999829971,30.610657000168182],[-82.641756999986953,30.610866999777461],[-82.640802000110099,30.611326000364308],[-82.640088000257649,30.611653000193087],[-82.637861000311517,30.612715000205593],[-82.636333000149222,30.613405999740657],[-82.635711000358285,30.613667999645653],[-82.634810000009793,30.614048000337295],[-82.633301000114059,30.614725999958605],[-82.632191000426502,30.615255999644997],[-82.631961000272725,30.615366000310321],[-82.630474999943218,30.616047999945369],[-82.628949000329044,30.616791999971863],[-82.627813999628813,30.617310999797215],[-82.627431000212482,30.617495000279757],[-82.626047999815128,30.618105999818845],[-82.625277999886194,30.61846000020163],[-82.624529999698552,30.618805000010468],[-82.623011999582005,30.619496000147521],[-82.622747999991361,30.619609999679362],[-82.621506999884218,30.620144999818713],[-82.619975000422272,30.620868999678933],[-82.618443000062001,30.621576000267233],[-82.616551999676545,30.62243800010085],[-82.614169000094805,30.623526000179194],[-82.613783000305432,30.623694000300667],[-82.611346000297004,30.624795000049279],[-82.610381000374389,30.62526299976567],[-82.607494000104182,30.626602000347052],[-82.606428999724159,30.627095999733413],[-82.605811000131183,30.627381000283822],[-82.604692000222798,30.627896000288899],[-82.603348000183502,30.62853399964802],[-82.601324999553555,30.629461999710113],[-82.599793999916514,30.630147999904079],[-82.59803300012571,30.630994999657613],[-82.597544000404156,30.631204999982668],[-82.596842000247293,30.631523000269883],[-82.594692000294046,30.632499999645802],[-82.59216700042208,30.633674000101259],[-82.591362000333064,30.634049000137892],[-82.589579999727519,30.63486100029214],[-82.58821499977185,30.635497999927445],[-82.586900999869769,30.63608200023846],[-82.586187000017347,30.63640899991718],[-82.585964000434586,30.636510999945408],[-82.584925999818722,30.637010999952459],[-82.584041000262047,30.637426000299051],[-82.583221999929336,30.637800999704904]]},"properties":{"BASENAME":"Woodpecker","NAME":"Woodpecker Rte","MTFCC":"S1200","RTTYP":"O","OID":"11051000461"}},{"type":"Feature","geometry":{"type":"LineString","coordinates":[[-83.135273999647183,30.702796999973348],[-83.134885000383079,30.702832000321528]]},"properties":{"BASENAME":"Statenville","NAME":"Statenville Rd","MTFCC":"S1200","RTTYP":"M","OID":"11051000499"}},{"type":"Feature","geometry":{"type":"LineString","coordinates":[[-83.039939000139242,30.529154000102714],[-83.040237000065076,30.529225000042377],[-83.040362999563456,30.529259000016914],[-83.040830000442014,30.529388000176169],[-83.041237999972694,30.529520999831188],[-83.04142799994348,30.529592999998986],[-83.041603999670599,30.529674999652222],[-83.04200000040403,30.529861000326484],[-83.042011000274684,30.52984299995234],[-83.04204600043478,30.529792000292613],[-83.042058000130339,30.529776000120759]]},"properties":{"BASENAME":"6","NAME":"State Hwy 6","MTFCC":"S1200","RTTYP":"S","OID":"11055233464"}},{"type":"Feature","geometry":{"type":"LineString","coordinates":[[-83.243610999880104,30.482242999716004],[-83.24339199959698,30.482335999794916],[-83.243348999939286,30.482354999883359],[-83.243332000220846,30.48236199979273],[-83.24273200017123,30.482604999764355],[-83.242512999888106,30.482694999657259],[-83.239889000281948,30.483762000200084],[-83.237788999659102,30.484645000126008],[-83.236302000403001,30.48524700033029],[-83.235402999704306,30.485572999936046],[-83.234863999754069,30.485744999729697],[-83.233974000174527,30.486010999829155],[-83.232542000271692,30.486334999637542],[-83.230665999954837,30.486587999853739],[-83.229541000198665,30.486680000261952],[-83.220141000319558,30.486657999751525],[-83.220069000349525,30.486660000079638],[-83.217147999744128,30.486655000033387],[-83.210538999875752,30.486647000268551],[-83.207244000074866,30.486629999798488],[-83.201658999680319,30.48661699998339],[-83.199165999595408,30.486610999770424],[-83.19490000002412,30.486603000001974],[-83.191575000086004,30.486600999672689],[-83.190940999701169,30.486600999672689],[-83.188158999911266,30.486586999688971],[-83.185962000102364,30.486591999738721],[-83.185178999754626,30.486619000312345],[-83.184341999878555,30.486661999633569],[-83.182848000051422,30.486770000257319],[-83.181616999990041,30.486912000063601],[-83.18152099973058,30.486923999677934],[-83.180334000050124,30.487083999813169],[-83.178326000387116,30.487375000173454],[-83.177040999899049,30.487555000343768],[-83.176988000195593,30.487561999879219],[-83.175723999623941,30.487741000324871],[-83.173991000320527,30.487995000132639],[-83.173192000079283,30.488110999696381],[-83.171909000139351,30.488298999683284],[-83.171012999813726,30.488430999671198],[-83.170633999697031,30.488488000226365],[-83.168239000419717,30.488844000195105],[-83.166808000341803,30.489048000225171],[-83.165532000074592,30.489229999898612],[-83.164726999985547,30.489350000084002],[-83.163206000394226,30.489576999817174],[-83.16230900024371,30.489683000036379],[-83.161500999781623,30.48977999972681],[-83.160264999697361,30.489885999724887],[-83.159907000395393,30.489918000037548],[-83.158684999656501,30.489972000105812],[-83.156545999573922,30.489979000241522],[-83.155306000190009,30.48998400011693],[-83.154053000387336,30.489993999867028],[-83.153002000251007,30.49000300026055],[-83.150294000080919,30.490017999882351],[-83.149041000278245,30.490026000144169],[-83.148761999720648,30.49003399963124],[-83.147927000392727,30.490057000281627],[-83.147648999660063,30.490065999895226],[-83.146677000064756,30.490069000282272],[-83.143762000205456,30.490080000152563],[-83.142791000435054,30.490085000022777],[-83.142321000081779,30.490086000151631],[-83.14226300035547,30.490087000280447],[-83.140679999941582,30.490093000279085],[-83.14015299968689,30.490095999891246],[-83.138484999782492,30.490101999889351],[-83.133482999719149,30.490122000138363],[-83.131815999639656,30.490129000263224],[-83.130763999678422,30.490134000130968],[-83.127823999704759,30.490148000378472],[-83.127607999794705,30.490148000378472],[-83.126556999658362,30.490148999732583],[-83.12639299962683,30.490148999732583],[-83.125902000255479,30.490148999732583],[-83.125739000048853,30.490148999732583],[-83.125282000114368,30.490164000105974],[-83.12483199985256,30.490178999703019],[-83.123913999785628,30.490172000355805],[-83.123457999676049,30.49017000009988],[-83.122630000020806,30.490172999709674],[-83.122087999697484,30.490176000093413],[-83.120146000156723,30.490184999695995],[-83.119319000326371,30.490190000334923],[-83.117729000239791,30.490198999936208],[-83.114944000076818,30.490215999782805],[-83.112962000353079,30.490237000135714],[-83.112733999849112,30.490239999743388],[-83.111373000091405,30.49024699985981],[-83.111235999824046,30.490247999986959],[-83.11062999992663,30.490250000241272],[-83.11044599980363,30.490251000368382],[-83.109567000094756,30.490257999709922],[-83.106976000100559,30.490279000053697],[-83.105885999606144,30.49028199966012],[-83.104149999929703,30.490288999773476],[-83.10234499975796,30.490297000013019],[-83.102118999802158,30.49029800013971],[-83.101547000239918,30.490299999618895],[-83.100650999914293,30.490304000125356],[-83.099152999889213,30.490312000363662],[-83.098356000196091,30.490316000095518],[-83.095535000048145,30.49034000003142],[-83.091836999841092,30.490366000213282],[-83.089496000092154,30.490375999924122],[-83.088721000140353,30.490375999924122],[-83.088135000334432,30.490380999779173],[-83.087563999698801,30.490385000282313],[-83.08716500038895,30.490387999885403],[-83.084562999625774,30.490408000075643],[-83.08409300017081,30.490417999782156],[-83.08406100038377,30.4904189999076],[-83.083601000076229,30.490462999996968],[-83.08302100011808,30.490539000174934],[-83.082944999950087,30.490555999962147],[-83.082607999666209,30.490628999697801],[-83.082497000236444,30.490653999679466],[-83.082029000431305,30.490772000187548],[-83.081645000291743,30.490901999676336],[-83.081615999979434,30.490912000106196],[-83.081296000312292,30.491037000360997],[-83.08083400035494,30.491266000262513],[-83.08057999991172,30.491393000293385],[-83.079987000433078,30.49175400025592],[-83.079600999745395,30.492040000040863],[-83.079532999973338,30.492095999922029],[-83.079137999963123,30.49242799966115],[-83.078952000190299,30.492621000336445],[-83.078752000173751,30.492831000018636],[-83.078426999585432,30.493227000353599],[-83.078258000429329,30.493433999992813],[-83.078210999675363,30.493490999939493],[-83.077547000051624,30.494323000140803],[-83.077327999768528,30.494599000065012],[-83.075401000296353,30.496980000030359],[-83.07468499989578,30.497865000089554],[-83.07463800004011,30.497922999810609],[-83.074498000298036,30.498099999679557],[-83.074452000267257,30.498159000080349],[-83.073730000018912,30.499084000163407],[-83.073627000086759,30.499217000261282],[-83.073417000024477,30.499450999648563],[-83.071519999791221,30.501826000004304],[-83.070939000008181,30.50255500011502],[-83.070778000349705,30.502736000064388],[-83.070432999669876,30.503183000044363],[-83.069872999803223,30.503878999704838],[-83.067132999846109,30.507287000301449],[-83.066219999802044,30.508424000213811],[-83.065850999731097,30.508879999784316],[-83.064746999891312,30.510251000134012],[-83.064505000041976,30.51055299995393],[-83.064380000368516,30.510709000257091],[-83.063689000082292,30.51156899997525],[-83.061617999771755,30.514148999920579],[-83.061051000232425,30.514856000192793],[-83.060934000056548,30.515014000301633],[-83.060559999962749,30.515473000297366],[-83.059436999856388,30.516851000290462],[-83.059063999587494,30.517310999973692],[-83.058947000309942,30.517443000059579],[-83.058845000202695,30.51755900010426],[-83.058615000048917,30.51785599967457],[-83.058507000093883,30.517996000077058],[-83.058377000397542,30.518166000128911],[-83.058018000372343,30.51863899996048],[-83.057988000235127,30.518675000213349],[-83.057855000165731,30.518842000352073],[-83.057378999964655,30.519431999948694],[-83.05666900031018,30.520312999934024],[-83.053110999845245,30.524725999739736],[-83.052336999718349,30.525693000230564],[-83.05200799983038,30.526123999901582],[-83.051935999860348,30.526206000161096],[-83.051463999857248,30.526582000295274],[-83.050807999731134,30.52707300029471],[-83.050710999646753,30.527157000022392],[-83.050211000054546,30.527452000176581],[-83.050098999901564,30.527519000063197],[-83.049173000337007,30.527897000012977],[-83.048147000315041,30.528160999879521],[-83.046199999853073,30.528555000028593],[-83.045597000328712,30.528696999957681],[-83.044039000029187,30.529048000346894],[-83.043502999553652,30.529170000376993],[-83.042983999694897,30.529298000155141],[-83.042750000241469,30.529386999677747],[-83.042537999631051,30.529484000003631],[-83.042294999956809,30.529612000141817],[-83.042058000130339,30.529776000120759]]},"properties":{"BASENAME":"6","NAME":"State Hwy 6","MTFCC":"S1200","RTTYP":"S","OID":"11055233465"}},{"type":"Feature","geometry":{"type":"LineString","coordinates":[[-83.039939000139242,30.529154000102714],[-83.040237000065076,30.529225000042377],[-83.040362999563456,30.529259000016914],[-83.040830000442014,30.529388000176169],[-83.041237999972694,30.529520999831188],[-83.04142799994348,30.529592999998986],[-83.041603999670599,30.529674999652222],[-83.04200000040403,30.529861000326484],[-83.042223999811696,30.530021999957043],[-83.042381000170522,30.530129999631743],[-83.042721999754079,30.530363999675835],[-83.043245999635715,30.530804999714817],[-83.043454999873077,30.531022999714153],[-83.043638999996105,30.531215999617565],[-83.04378200011125,30.53135699982187]]},"properties":{"BASENAME":"41","NAME":"US Hwy 41","MTFCC":"S1200","RTTYP":"U","OID":"11055233646"}},{"type":"Feature","geometry":{"type":"LineString","coordinates":[[-83.119668000305822,30.594450999857038],[-83.119591000312937,30.594496999656119],[-83.119516999794769,30.594540999779611],[-83.11926800027274,30.59468600008049],[-83.118520999910032,30.595122000275413],[-83.118273000212909,30.595268000299502],[-83.118222000159292,30.595296999695503],[-83.118068000173494,30.595384000151263],[-83.118017999944783,30.595413000285788],[-83.117970000264208,30.595438000368137],[-83.117923000408538,30.595461999853491],[-83.117721999668774,30.595572999618859],[-83.116838999761924,30.596064999953072],[-83.116672000255662,30.596158000126909],[-83.116545999858957,30.596230000349767],[-83.114959999970353,30.597111999898232],[-83.113621999778843,30.597857999613915],[-83.110202000304469,30.5997549997651],[-83.110050999793415,30.59983999976658],[-83.108884000204441,30.600448000058631],[-83.108587000103526,30.60057999999432],[-83.108305000071212,30.60070499986136],[-83.107402999897801,30.601009000089729],[-83.107161999873384,30.601090999713247],[-83.107103000322141,30.601102000157233],[-83.10694299959026,30.601131999885617],[-83.106463000089562,30.601221000030289],[-83.106304000080897,30.601252000252618],[-83.105862000215026,30.601314999651233],[-83.105228999655111,30.601377000025806],[-83.104902000315278,30.601383000109834],[-83.104806000055817,30.601383999866066],[-83.104785000139415,30.601384999622276],[-83.104520999650461,30.601389999949664],[-83.104426999939136,30.601392000235169],[-83.104209000379257,30.601395000276785],[-83.104026999906054,30.60139800031827],[-83.103556999552765,30.601405999912998],[-83.103339999817806,30.601411000239292],[-83.103039000417226,30.601415999792124],[-83.102634000361263,30.60142400015858],[-83.10213899989364,30.601437999831777],[-83.1018400001429,30.601447999707609],[-83.101732000187852,30.601462000150566],[-83.101589999897641,30.601481000140971],[-83.101418000368497,30.601532999770118],[-83.101315000436344,30.601564999646968],[-83.101154999704463,30.601651999886908],[-83.101139999635834,30.601660999987299],[-83.100963000083837,30.601774999639645],[-83.100711000188753,30.601968000332356],[-83.100567000248702,30.602079000376303],[-83.100394999821262,30.602206000124308],[-83.099880999985345,30.602586999915808],[-83.099710000281135,30.602715000286672]]},"properties":{"BASENAME":"143","NAME":"State Hwy 143","MTFCC":"S1200","RTTYP":"S","OID":"11055234048"}},{"type":"Feature","geometry":{"type":"LineString","coordinates":[[-82.946220999583758,30.508480999890139],[-82.946249000071177,30.508816999950589],[-82.946260999766736,30.508960000017996],[-82.946281999683123,30.509830999686248],[-82.946290999903965,30.510169000343936],[-82.946297999576672,30.510535999791614],[-82.946302999599524,30.510734999638323],[-82.946285000056179,30.511640000379636],[-82.946278000383487,30.51200800036958],[-82.946268000337739,30.512212999707295],[-82.946239999850334,30.512830000334333],[-82.946232000352722,30.513036000153409],[-82.946203000040427,30.513351999838942],[-82.946116000001794,30.514302000231581],[-82.946088000412686,30.514619000322043],[-82.946059000100391,30.514875999995486],[-82.945973999711569,30.515648000222487],[-82.945951999970262,30.515906999997767],[-82.945931000053861,30.516142999963016],[-82.945869000129562,30.516852999997706],[-82.945849000038095,30.517089999839044],[-82.945830999596424,30.517271999667784],[-82.945778999717888,30.517820999735932],[-82.945761999999462,30.518004000359344]]},"properties":{"BASENAME":"2nd","NAME":"2nd Ave SE","MTFCC":"S1200","RTTYP":"M","OID":"11055234208"}},{"type":"Feature","geometry":{"type":"LineString","coordinates":[[-82.945761999999462,30.518004000359344],[-82.945945000297556,30.5180250001297],[-82.946494000293555,30.518088000187571],[-82.946676999693338,30.518108999939837],[-82.946824999831364,30.51812300003013],[-82.947271999720101,30.518166000128911],[-82.947420999683004,30.518181000050919],[-82.947436999576539,30.518182999730811],[-82.94748699980525,30.518190000157823],[-82.947504000422001,30.518192999677378],[-82.947527999813147,30.518196999810431],[-82.947599999783151,30.518209000208735],[-82.947624999897513,30.518214000180777],[-82.948470999994427,30.518310000213358],[-82.948967000286984,30.518354999905824],[-82.949138999816128,30.518372000248537],[-82.949657999674884,30.518425000159869],[-82.949830999927258,30.518443000327583],[-82.950015000050271,30.51846099971808],[-82.950568000244232,30.518516999864278],[-82.950753000192151,30.518535999851274],[-82.950933999942109,30.518555999670635],[-82.951477000090321,30.518618000322764],[-82.951657999840293,30.51863899996048],[-82.951686000327697,30.51864300007524],[-82.951770999818194,30.518654999644614],[-82.951800000130518,30.518660000367586]]},"properties":{"BASENAME":"Hatley","NAME":"Hatley St SW","MTFCC":"S1200","RTTYP":"M","OID":"11055235753"}},{"type":"Feature","geometry":{"type":"LineString","coordinates":[[-83.119668000305822,30.594450999857038],[-83.119591000312937,30.594496999656119],[-83.119516999794769,30.594540999779611],[-83.11926800027274,30.59468600008049],[-83.118520999910032,30.595122000275413],[-83.118273000212909,30.595268000299502],[-83.118222000159292,30.595296999695503],[-83.118068000173494,30.595384000151263],[-83.118017999944783,30.595413000285788],[-83.117970000264208,30.595438000368137],[-83.117923000408538,30.595461999853491],[-83.117721999668774,30.595572999618859],[-83.116838999761924,30.596064999953072],[-83.116672000255662,30.596158000126909],[-83.116545999858957,30.596230000349767],[-83.114959999970353,30.597111999898232],[-83.113621999778843,30.597857999613915],[-83.110202000304469,30.5997549997651],[-83.110050999793415,30.59983999976658],[-83.108884000204441,30.600448000058631],[-83.108587000103526,30.60057999999432],[-83.108305000071212,30.60070499986136],[-83.107402999897801,30.601009000089729],[-83.107161999873384,30.601090999713247],[-83.107103000322141,30.601102000157233],[-83.10694299959026,30.601131999885617],[-83.106463000089562,30.601221000030289],[-83.106304000080897,30.601252000252618],[-83.105862000215026,30.601314999651233],[-83.105228999655111,30.601377000025806]]},"properties":{"BASENAME":"Hamilton","NAME":"Hamilton Ave","MTFCC":"S1200","RTTYP":"M","OID":"11055236005"}},{"type":"Feature","geometry":{"type":"LineString","coordinates":[[-83.104426999939136,30.601392000235169],[-83.104520999650461,30.601389999949664],[-83.104785000139415,30.601384999622276],[-83.104806000055817,30.601383999866066],[-83.104902000315278,30.601383000109834],[-83.105228999655111,30.601377000025806]]},"properties":{"BASENAME":"Hamilton","NAME":"Hamilton St","MTFCC":"S1200","RTTYP":"M","OID":"11055236012"}},{"type":"Feature","geometry":{"type":"LineString","coordinates":[[-83.389188999604286,31.038608999794992],[-83.389525999888178,31.039039000225699],[-83.389556999850328,31.039081999777093],[-83.38964100041423,31.039200000218372],[-83.390289999969326,31.040110000078538],[-83.390645999621498,31.04061700007604],[-83.390798999782362,31.040868000308247],[-83.390869999927475,31.041023999708258],[-83.390920000156186,31.041134000059053],[-83.39102800011122,31.041497999809927],[-83.392066999653665,31.044451999711356],[-83.392403999937571,31.045488999906773],[-83.392573999816875,31.046170000153364],[-83.392783999879171,31.046787999923552],[-83.393222000445405,31.048043000077502],[-83.393511999975317,31.048964000109898],[-83.393616999557295,31.049476000031159],[-83.393653000440622,31.049770999818811],[-83.393670999983968,31.050072999760374],[-83.393638000372007,31.050888999717419],[-83.393635999823871,31.052088000018195],[-83.393659000288409,31.053093000336176],[-83.39366099993822,31.053146000349287],[-83.393671999808873,31.0533009999569]]},"properties":{"BASENAME":"A-Ray","NAME":"A-Ray St","MTFCC":"S1200","RTTYP":"M","OID":"11055774412"}},{"type":"Feature","geometry":{"type":"LineString","coordinates":[[-83.133270000182122,30.949011000372572],[-83.133061999769652,30.949171999862898],[-83.133054000272054,30.949189999875141],[-83.131542999828184,30.950314000088575],[-83.131382000169708,30.950430000262589],[-83.12994000022114,30.951552999779743],[-83.129532999617027,30.951870000074781],[-83.126703999971468,30.95411499987085],[-83.124985000013439,30.955510000255757],[-83.124437999667279,30.955913999877037],[-83.124198000366064,30.956129000037105],[-83.123957000341647,30.95633099990788],[-83.121542000074541,30.958204999708212],[-83.120338999602254,30.959138000100896],[-83.120054999920114,30.959358000178391],[-83.119970000429618,30.959425999889763],[-83.119582999917014,30.959708000237711],[-83.118874000087445,30.960254999625953],[-83.11720299980999,30.961544000305224],[-83.116175000138199,30.962363999839919],[-83.113860000328529,30.964192000167799],[-83.112395999740315,30.965308000060919],[-83.111157000181336,30.966243999853212],[-83.107622000180925,30.969106999770453],[-83.107269000003512,30.969443999969414],[-83.106725999855286,30.970044999627692],[-83.106236000308826,30.97081400007966],[-83.105602999748939,30.971781999969242],[-83.105205000263993,30.972295999781586],[-83.104996999851522,30.972640999858179],[-83.103701000391126,30.974712999787211],[-83.103035000219265,30.975667999935983],[-83.102507000139667,30.976549999873431],[-83.102487000048171,30.976581999962498],[-83.101661999867659,30.977959000271813],[-83.099573999838711,30.981192999886609],[-83.099018000170005,30.981970000203653],[-83.098870000032008,30.982254999932398],[-83.09855899968737,30.982668000309566],[-83.097577999871248,30.984150000018857],[-83.097122999586588,30.98484899997792],[-83.095915999814636,30.986714000368146],[-83.094025000327505,30.989706000168699],[-83.090491999976891,30.995175999987431],[-83.090178999982456,30.995660000039166],[-83.08941800027435,30.996790000029652],[-83.088578999850114,30.998038999815424],[-83.086869999937861,31.000703000361234],[-83.082550999764791,31.007509000193277],[-83.08206100021836,31.008245000134497],[-83.08088000038569,31.010019999975096],[-83.080649000407007,31.010366000045725],[-83.079975999664143,31.011449000366078],[-83.079543000019072,31.012146000210468],[-83.079178000146101,31.012671000065804],[-83.07790000022905,31.014507999839157],[-83.077162000087171,31.015560000041262],[-83.0758680002766,31.017003999876547],[-83.07471400020809,31.018136000275206],[-83.073934000233407,31.019121000259013],[-83.073423999697155,31.019899000317469],[-83.073191999893581,31.020225000182986],[-83.072986999854166,31.020562999975741],[-83.0727299999362,31.021062999989347],[-83.072630000377103,31.021257000091804],[-83.072309999811637,31.021967999907904],[-83.071976999725706,31.023226000026309],[-83.071817999717055,31.024961999669749],[-83.071807999671321,31.025426999921109],[-83.07178599993,31.026527000063432],[-83.071778000432388,31.02679299984641],[-83.071739000074345,31.028134000081121],[-83.071744999922132,31.029149000137767],[-83.071826999937883,31.030683999681663],[-83.071985000121614,31.031908000364254],[-83.072336999575811,31.03304400027988],[-83.072659999616022,31.033977999951052],[-83.072864999655422,31.034567999993421],[-83.072909999861253,31.034696000154089],[-83.072970999960631,31.034871000317843],[-83.073092000334469,31.035218999942956],[-83.073233999726369,31.03557299979617],[-83.07348700034467,31.036207999759853],[-83.07427399999203,31.038301999704455],[-83.074385000320106,31.038566000029967],[-83.074801000246737,31.039692999860499],[-83.075065999662286,31.040408999673474],[-83.075296999640969,31.041058999903619]]},"properties":{"BASENAME":"31","NAME":"State Rte 31","MTFCC":"S1200","RTTYP":"S","OID":"11055818349"}},{"type":"Feature","geometry":{"type":"LineString","coordinates":[[-83.036000999732707,31.047368999876205],[-83.035487999721724,31.047449999659435],[-83.03492299983219,31.047551000318769],[-83.034767000196581,31.047569000242138],[-83.034142999857522,31.04764300014784],[-83.033425999632016,31.047746999814141],[-83.032814999711761,31.047792000293107],[-83.031857000360148,31.047816000129401],[-83.031578999627499,31.047822999824007]]},"properties":{"BASENAME":"37","NAME":"E State Rte 37","MTFCC":"S1200","RTTYP":"S","OID":"11055818369"}},{"type":"Feature","geometry":{"type":"LineString","coordinates":[[-83.031578999627499,31.047822999824007],[-83.029461000359618,31.047868000267034],[-83.026137000246408,31.047941000205125],[-83.019436000316531,31.048090999617454],[-83.013795999670421,31.048222000034496],[-83.013414000078996,31.04823300016708],[-83.011586000341026,31.048228999699244],[-83.01032199976936,31.048170999823082],[-83.009051000423327,31.048089999883828],[-83.006486000368383,31.047851000136397],[-83.000055999701829,31.047222999836229],[-82.998324000223349,31.047057000066989],[-82.992871999898199,31.046540999677326],[-82.992580999645071,31.046512999749211],[-82.991530000407039,31.046410999776391],[-82.991325000367652,31.046443000277606],[-82.985487000253102,31.045830999890342],[-82.985173000433747,31.045801000238008],[-82.980102999700023,31.04531099996019],[-82.973200000103802,31.044641000272684],[-82.969956000356504,31.044325999898295]]},"properties":{"BASENAME":"37","NAME":"E Hwy 37","MTFCC":"S1200","RTTYP":"M","OID":"11055818373"}},{"type":"Feature","geometry":{"type":"LineString","coordinates":[[-83.165491999891614,31.109933000229269],[-83.165045999827754,31.110003999733127],[-83.164615999657457,31.110023999843776],[-83.163803000070814,31.110050999678823],[-83.162566000161647,31.110065999754784],[-83.161402999872308,31.110079999977401],[-83.159243999698248,31.110083000299465],[-83.15735700040905,31.110131000056558],[-83.154513999621471,31.110412999773612],[-83.154199999802117,31.110486999997001],[-83.152752999830653,31.11082700034444],[-83.151320999927819,31.111202999844682],[-83.149011000141016,31.111746000186972],[-83.146879999556035,31.112247999862316],[-83.144157000215657,31.112922999926532],[-83.144092999743251,31.11289699996054],[-83.143607000394766,31.113046000142482],[-83.142348999670872,31.113313000100412],[-83.13989900014198,31.11389900024416],[-83.139658999942469,31.1139579998298],[-83.139324000206713,31.114041000188617],[-83.13758299960908,31.114471000273827],[-83.137450000437994,31.11450399997814],[-83.136419000393161,31.114836999638207],[-83.135888999765413,31.11500999964716],[-83.1349659996756,31.115700999814557],[-83.134209999990361,31.117005000093354],[-83.13417999985316,31.117057999852669],[-83.134100000385516,31.11719500003645],[-83.134065000225405,31.117260000071322],[-83.132959999662404,31.119374000058361],[-83.132667999584356,31.11993199985794],[-83.130757999830635,31.123177999839477],[-83.130587000126411,31.123398000283576],[-83.130563999661874,31.123422000259193],[-83.130324000360687,31.123669999652115],[-83.13003499975737,31.123896000264683],[-83.129111999667543,31.124557000154361],[-83.128519000188945,31.124930000013219],[-83.124564999888861,31.127418000376199],[-83.124126000396046,31.127686999990203],[-83.123709999571133,31.127986999915016],[-83.123488999638184,31.128080999660423],[-83.122977000350417,31.128270999728514],[-83.1228779997179,31.128321000371233],[-83.122079000374967,31.128513000041405],[-83.120896999819081,31.128624000334238],[-83.11975600016936,31.128481000251476],[-83.118002000051249,31.12820699997474],[-83.116436000254126,31.128018000209494],[-83.11633499997177,31.128005999650178],[-83.116247999933137,31.127952999853321],[-83.116023999627146,31.127934000107498],[-83.113497999930274,31.127710999649977],[-83.113244000385379,31.127709999984656],[-83.106694999893151,31.126973000029285],[-83.106664999755921,31.126944999951494],[-83.105853999819089,31.126836999793756],[-83.105576999809657,31.126900999702688],[-83.104686000405209,31.126886999654239],[-83.103104999641147,31.127202000245592],[-83.102609000246915,31.127414000164652],[-83.101937000227267,31.127797000047124],[-83.101261999834577,31.128247000210372],[-83.10068699989931,31.128620000173555],[-83.099249000148703,31.130838000348998],[-83.098726999916863,31.131485000180632],[-83.098727999741783,31.131505000378429],[-83.097243999960412,31.13402899995766],[-83.096486999551942,31.135128000093374],[-83.096428000000714,31.135171000015482],[-83.094888999967765,31.1376890000268],[-83.09425600030616,31.13866699999825],[-83.093661000279425,31.139319000270895],[-83.093533000232895,31.139500999954741],[-83.093127000352041,31.139739999913079],[-83.091579999923155,31.140350000167864],[-83.090421999656698,31.140504999790181],[-83.088732000010992,31.14048199982253],[-83.086490999821166,31.140517999836248],[-83.086361999949744,31.140475000031874],[-83.086720000150024,31.146650000073148],[-83.086730000195757,31.146809999787084]]},"properties":{"BASENAME":"64","NAME":"State Rte 64","MTFCC":"S1200","RTTYP":"S","OID":"11055818444"}},{"type":"Feature","geometry":{"type":"LineString","coordinates":[[-83.008039999571636,30.93546899990389],[-83.007924999943924,30.935493000278729],[-83.007694999790147,30.935565999969043],[-83.00726399979493,30.935732999842582],[-83.006867000134889,30.935868999713289],[-83.006409000375484,30.936036999966323],[-83.006211999833681,30.936117000203158],[-83.0060999996807,30.936157000296522],[-83.005616999806932,30.936354000107407],[-83.004990999818034,30.936609999626757],[-83.004894999558573,30.93665000028431],[-83.003748999886,30.937080999873928],[-83.003476000074514,30.937193000196487],[-83.003446999762204,30.93719599980427],[-83.003331000309558,30.937256999771485],[-83.001445999771889,30.938103999802824],[-83.001391000418622,30.93812200035887],[-83.001362000106298,30.938142000373361],[-83.001337999816855,30.938147000183733],[-83.001085000096865,30.938289999734415],[-83.000840999699392,30.938438999749902],[-83.000651999553497,30.93856999983543],[-83.000596000375324,30.938617999792388],[-83.000491999719941,30.938680999843807],[-83.00045699955983,30.938704000072388],[-83.000430999620576,30.938711000073852],[-83.000403000031483,30.938733000185209],[-83.000378999742011,30.938740000184563],[-83.00018799994632,30.93886399986776],[-82.999828999921135,30.939120000370206],[-82.999736999859607,30.939203999988401],[-82.999551999911688,30.939333000359024]]},"properties":{"BASENAME":"84","NAME":"E Hwy 84","MTFCC":"S1200","RTTYP":"M","OID":"11055818503"}},{"type":"Feature","geometry":{"type":"LineString","coordinates":[[-83.004990999818034,30.936609999626757],[-83.004894999558573,30.93665000028431],[-83.003748999886,30.937080999873928],[-83.003476000074514,30.937193000196487],[-83.003446999762204,30.93719599980427],[-83.003331000309558,30.937256999771485],[-83.001445999771889,30.938103999802824]]},"properties":{"BASENAME":"84","NAME":"E US Hwy 84","MTFCC":"S1200","RTTYP":"U","OID":"11055818508"}},{"type":"Feature","geometry":{"type":"LineString","coordinates":[[-83.005487999935497,30.937471000182292],[-83.003784999871016,30.93816299972919],[-83.001836999584128,30.938880000063708]]},"properties":{"BASENAME":"84","NAME":"W US Hwy 84","MTFCC":"S1200","RTTYP":"U","OID":"11055818510"}},{"type":"Feature","geometry":{"type":"LineString","coordinates":[[-83.028594000346317,31.061928000061872],[-83.028358000344753,31.061974999935625],[-83.027509999699689,31.062168999790952],[-83.02535999974647,31.062648999794948],[-83.024096000073101,31.062922999929679],[-83.022828000201812,31.063171000320342],[-83.02152699982021,31.063444999720833],[-83.020120000031739,31.063772000120725],[-83.018647000121007,31.064154000103052],[-83.01762299974888,31.064453999899982],[-83.016835000276586,31.064712000353609],[-83.016198000417035,31.064935999798102],[-83.011769999565729,31.066626999906401],[-83.00679099996691,31.068553000234168],[-83.005411999767531,31.069081000060411],[-83.002936000299357,31.070041000208043],[-83.0019680000037,31.070416000061986],[-83.001248000303477,31.070694999923401],[-83.000191000319376,31.071115999987583],[-82.999424999690078,31.071416000136917],[-82.999299000191684,31.0714649996841],[-82.996653999770828,31.07248600006573],[-82.995779000259901,31.07282999967391],[-82.994704999659035,31.073235999784252],[-82.993647999674934,31.073645999868507],[-82.993322000160006,31.073785000047511],[-82.993098999678921,31.073859999799506],[-82.992389000024446,31.074129000341863],[-82.989463000294478,31.075265999721481],[-82.989203999828419,31.075367000088129],[-82.988392000066682,31.07574100026773],[-82.987890999751258,31.076015999823273],[-82.987426000319147,31.076298000029738],[-82.987248999868854,31.076415000279162],[-82.986720999789227,31.076797999687322],[-82.986434999558966,31.077032000350197],[-82.986191999884724,31.077249000174053],[-82.985977999624467,31.077450000239043],[-82.985729999927372,31.077697000253686],[-82.985503000146636,31.07793500023072],[-82.985098000090687,31.078405999783286],[-82.984924999838327,31.078631000235621],[-82.984587999554435,31.079111000241362],[-82.984350999727965,31.079508999844197],[-82.984205000138104,31.079768999798354],[-82.984025000213052,31.080142000189106],[-82.98390600038735,31.080403000113982],[-82.983820999998528,31.080608000310026],[-82.983617999608953,31.081198999913038],[-82.983568000278552,31.081360000118288],[-82.983481000239919,31.081726000143743],[-82.983242999690233,31.082975000163156],[-82.983097000100344,31.083718000090578],[-82.982970999703653,31.084389000108292],[-82.982888999687916,31.084725999671445],[-82.982772000410336,31.085071999837961],[-82.982665000280221,31.085365999901068],[-82.982557000325201,31.085620000107767],[-82.982437999601203,31.085834000009417],[-82.982214000193522,31.086206000345125],[-82.981953999902515,31.086591999832422],[-82.981808000312668,31.086787999661457],[-82.981610999770865,31.08699999982219],[-82.981312999845017,31.087333999856142],[-82.981084000414484,31.087546999656304],[-82.980978000109261,31.087644999790442],[-82.980749999605322,31.087840999755517],[-82.980501000083294,31.088028000106803],[-82.980003000140911,31.088350000186662],[-82.979577000168561,31.088606000264772],[-82.975207999766809,31.091201000247448],[-82.975139999994738,31.091241999971643],[-82.970115000365169,31.094226000352347],[-82.969976000448,31.094308000249228],[-82.969814999891199,31.094404000301246]]},"properties":{"BASENAME":"122","NAME":"State Rte 122","MTFCC":"S1200","RTTYP":"S","OID":"11055818578"}},{"type":"Feature","geometry":{"type":"LineString","coordinates":[[-83.197763000004869,31.057204000303312],[-83.197733999692559,31.057357000184275],[-83.197645000004115,31.057838999875454],[-83.19740599962951,31.058952999617453],[-83.197244000146128,31.059668000372199],[-83.197065000045967,31.060461000268749],[-83.196833000242378,31.061637000162804],[-83.196736999982903,31.062205000260036]]},"properties":{"BASENAME":"125","NAME":"State Rte 125","MTFCC":"S1200","RTTYP":"S","OID":"11055818604"}},{"type":"Feature","geometry":{"type":"LineString","coordinates":[[-83.066275000053622,31.026537999623539],[-83.066779999668682,31.027942000017298],[-83.066838000293316,31.028103000297492],[-83.066910000263348,31.028301999627054],[-83.067609999872076,31.030248999634995],[-83.067691000062936,31.030474999985039],[-83.067906000148085,31.031046000299192],[-83.06815999969298,31.031745999682961],[-83.06833499959518,31.032258999740534],[-83.068497999801792,31.032671999834708],[-83.0688710000707,31.033712000221136],[-83.068882999766259,31.033746000141196],[-83.069184999890055,31.034627000335426],[-83.069543999915254,31.035586000350591],[-83.069555999610827,31.035618999737014],[-83.069743999931788,31.036178000153843],[-83.069918000009068,31.036632000364524],[-83.070065000322145,31.037002000264486],[-83.070114999652574,31.037126999916175],[-83.070273999661225,31.037557000112553],[-83.070631000036599,31.038547000109748],[-83.071011999803105,31.039583000153833],[-83.0713139999269,31.040498999851625],[-83.071518999966301,31.041071999709047],[-83.071719999807769,31.041625999890545],[-83.07107799992535,31.041741000086834],[-83.070349999829205,31.041849000010799]]},"properties":{"BASENAME":"135","NAME":"State Rte 135 Byp","MTFCC":"S1200","RTTYP":"S","OID":"11055818663"}},{"type":"Feature","geometry":{"type":"LineString","coordinates":[[-83.070544999822886,31.042700999818756],[-83.070677000067349,31.043488000038092],[-83.070773000326824,31.043817999864327],[-83.070766999580727,31.045086999718688],[-83.070744999839405,31.045579999660042]]},"properties":{"BASENAME":"135","NAME":"State Rte 135 Byp","MTFCC":"S1200","RTTYP":"S","OID":"11055818665"}},{"type":"Feature","geometry":{"type":"LineString","coordinates":[[-83.133270000182122,30.949011000372572],[-83.133061999769652,30.949171999862898],[-83.133054000272054,30.949189999875141],[-83.131542999828184,30.950314000088575],[-83.131382000169708,30.950430000262589],[-83.12994000022114,30.951552999779743],[-83.129532999617027,30.951870000074781],[-83.126703999971468,30.95411499987085],[-83.124985000013439,30.955510000255757],[-83.124437999667279,30.955913999877037],[-83.124198000366064,30.956129000037105],[-83.123957000341647,30.95633099990788],[-83.121542000074541,30.958204999708212],[-83.120338999602254,30.959138000100896],[-83.120054999920114,30.959358000178391],[-83.119970000429618,30.959425999889763],[-83.119582999917014,30.959708000237711],[-83.118874000087445,30.960254999625953],[-83.11720299980999,30.961544000305224],[-83.116175000138199,30.962363999839919],[-83.113860000328529,30.964192000167799],[-83.112395999740315,30.965308000060919],[-83.111157000181336,30.966243999853212],[-83.107622000180925,30.969106999770453],[-83.107269000003512,30.969443999969414],[-83.106725999855286,30.970044999627692],[-83.106236000308826,30.97081400007966],[-83.105602999748939,30.971781999969242],[-83.105205000263993,30.972295999781586],[-83.104996999851522,30.972640999858179],[-83.103701000391126,30.974712999787211],[-83.103035000219265,30.975667999935983],[-83.102507000139667,30.976549999873431],[-83.102487000048171,30.976581999962498],[-83.101661999867659,30.977959000271813],[-83.099573999838711,30.981192999886609],[-83.099018000170005,30.981970000203653],[-83.098870000032008,30.982254999932398],[-83.09855899968737,30.982668000309566],[-83.097577999871248,30.984150000018857],[-83.097122999586588,30.98484899997792],[-83.095915999814636,30.986714000368146],[-83.094025000327505,30.989706000168699],[-83.090491999976891,30.995175999987431],[-83.090178999982456,30.995660000039166],[-83.08941800027435,30.996790000029652],[-83.088578999850114,30.998038999815424],[-83.086869999937861,31.000703000361234],[-83.082550999764791,31.007509000193277],[-83.08206100021836,31.008245000134497],[-83.08088000038569,31.010019999975096],[-83.080649000407007,31.010366000045725],[-83.079975999664143,31.011449000366078],[-83.079543000019072,31.012146000210468],[-83.079178000146101,31.012671000065804],[-83.07790000022905,31.014507999839157],[-83.077162000087171,31.015560000041262],[-83.0758680002766,31.017003999876547],[-83.07471400020809,31.018136000275206],[-83.073934000233407,31.019121000259013],[-83.073423999697155,31.019899000317469],[-83.073191999893581,31.020225000182986],[-83.072986999854166,31.020562999975741],[-83.0727299999362,31.021062999989347],[-83.072630000377103,31.021257000091804],[-83.072309999811637,31.021967999907904],[-83.071976999725706,31.023226000026309],[-83.071817999717055,31.024961999669749],[-83.071807999671321,31.025426999921109],[-83.07178599993,31.026527000063432],[-83.071778000432388,31.02679299984641],[-83.071739000074345,31.028134000081121],[-83.071744999922132,31.029149000137767],[-83.071826999937883,31.030683999681663],[-83.071985000121614,31.031908000364254],[-83.072336999575811,31.03304400027988],[-83.072659999616022,31.033977999951052],[-83.072864999655422,31.034567999993421],[-83.072909999861253,31.034696000154089],[-83.072970999960631,31.034871000317843],[-83.073092000334469,31.035218999942956],[-83.073233999726369,31.03557299979617],[-83.07348700034467,31.036207999759853],[-83.07427399999203,31.038301999704455],[-83.074385000320106,31.038566000029967],[-83.074801000246737,31.039692999860499],[-83.075065999662286,31.040408999673474],[-83.075296999640969,31.041058999903619]]},"properties":{"BASENAME":"221","NAME":"US Hwy 221","MTFCC":"S1200","RTTYP":"U","OID":"11055818742"}},{"type":"Feature","geometry":{"type":"LineString","coordinates":[[-83.029461000359618,31.047868000267034],[-83.029544000200303,31.047764999700437],[-83.029595000253906,31.047673999727252],[-83.02961299979728,31.047575999954834],[-83.029591000055959,31.047457999890806],[-83.029518000261021,31.047353000167391]]},"properties":{"BASENAME":"37C","NAME":"State Rte 37C","MTFCC":"S1200","RTTYP":"S","OID":"11055818762"}},{"type":"Feature","geometry":{"type":"LineString","coordinates":[[-83.071518999966301,31.041071999709047],[-83.071719999807769,31.041625999890545]]},"properties":{"BASENAME":"Oak","NAME":"Oak St","MTFCC":"S1200","RTTYP":"M","OID":"11055818850"}},{"type":"Feature","geometry":{"type":"LineString","coordinates":[[-83.066779999668682,31.027942000017298],[-83.066838000293316,31.028103000297492],[-83.066910000263348,31.028301999627054],[-83.067609999872076,31.030248999634995],[-83.067691000062936,31.030474999985039],[-83.067906000148085,31.031046000299192],[-83.06815999969298,31.031745999682961],[-83.06833499959518,31.032258999740534],[-83.068497999801792,31.032671999834708],[-83.0688710000707,31.033712000221136],[-83.068882999766259,31.033746000141196],[-83.069184999890055,31.034627000335426],[-83.069543999915254,31.035586000350591],[-83.069555999610827,31.035618999737014],[-83.069743999931788,31.036178000153843],[-83.069918000009068,31.036632000364524],[-83.070065000322145,31.037002000264486],[-83.070114999652574,31.037126999916175],[-83.070273999661225,31.037557000112553],[-83.070631000036599,31.038547000109748],[-83.071011999803105,31.039583000153833],[-83.0713139999269,31.040498999851625],[-83.071518999966301,31.041071999709047]]},"properties":{"BASENAME":"S Oak","NAME":"S Oak St","MTFCC":"S1200","RTTYP":"M","OID":"11055818856"}},{"type":"Feature","geometry":{"type":"LineString","coordinates":[[-83.075052000316916,31.04110100027502],[-83.074757999690718,31.041138999862056],[-83.074326999695487,31.041209000155401],[-83.073571000010247,31.041328999878761],[-83.073194000441703,31.041392999669391],[-83.071719999807769,31.041625999890545],[-83.07107799992535,31.041741000086834],[-83.070349999829205,31.041849000010799],[-83.068996999569066,31.042055999779233],[-83.068207000446975,31.04220200004788],[-83.067708999606282,31.042293999659403],[-83.066224000000005,31.042500999999458],[-83.065540000284784,31.042612999765328],[-83.064750000264368,31.042741999675933],[-83.06434699985823,31.042806999845052],[-83.063777999770764,31.042900000199349],[-83.06280399962732,31.043059000247013],[-83.060155999731705,31.043491999935593],[-83.05916099967186,31.043653999874479],[-83.058767000384876,31.043719000190542],[-83.058220999863636,31.043806999991162],[-83.058138000022936,31.043820000191005],[-83.05802599986994,31.043838000050254]]},"properties":{"BASENAME":"Main","NAME":"E Main St","MTFCC":"S1200","RTTYP":"M","OID":"11055818945"}},{"type":"Feature","geometry":{"type":"LineString","coordinates":[[-83.096098000287824,31.036201999839417],[-83.095478000146727,31.03652700024546],[-83.094567999577393,31.0368380000785],[-83.093333000216347,31.037252000173432],[-83.091329999677896,31.037836000124862],[-83.091235000141651,31.037864000296153],[-83.090818000390144,31.037961000221106],[-83.090193000226165,31.038106999842395],[-83.089834000200966,31.038182999851958],[-83.089541000297999,31.038228000234056],[-83.088958999791728,31.03831400005004],[-83.087813999944061,31.038468999951736],[-83.087661999608088,31.038487000053077],[-83.08704099964207,31.038562999759264],[-83.085391000179357,31.038785000295544],[-83.083962999576144,31.038978999709386],[-83.083454999588042,31.039049000051495],[-83.081897000186814,31.039238999621091],[-83.081250000281528,31.039328000309968],[-83.081134999755491,31.039360999938864],[-83.08012299997722,31.039527999867964],[-83.079795999739076,31.039618999931871],[-83.079526000300646,31.03971899984256],[-83.079070000191052,31.039880000224738],[-83.078564999677681,31.040071000262909],[-83.078320000353628,31.040155000319537],[-83.076879000229951,31.040732999762717],[-83.076327999685802,31.040901000173051],[-83.075922999629853,31.040974000066537],[-83.075296999640969,31.041058999903619],[-83.075052000316916,31.04110100027502]]},"properties":{"BASENAME":"Main","NAME":"W Main St","MTFCC":"S1200","RTTYP":"M","OID":"11055818947"}},{"type":"Feature","geometry":{"type":"LineString","coordinates":[[-83.06688199977593,31.026536999663573],[-83.067552000145753,31.027618000282864],[-83.067646999682012,31.027770999995415],[-83.067879000383911,31.028145000225383],[-83.067898999577082,31.028176999938154],[-83.068026999623612,31.028344000237034],[-83.068235000036069,31.028614000087053],[-83.068462999641696,31.028894000063975],[-83.068675000252114,31.029153999800304],[-83.06880599977336,31.029301999700358],[-83.069256000035168,31.029812000059717],[-83.06963900034981,31.030231000285717],[-83.071508000095662,31.032417999854619],[-83.071888999862168,31.032889999907681],[-83.072267000153943,31.03343999965367],[-83.072659999616022,31.033977999951052]]},"properties":{"BASENAME":"Mill","NAME":"S Mill St","MTFCC":"S1200","RTTYP":"M","OID":"11055818973"}},{"type":"Feature","geometry":{"type":"LineString","coordinates":[[-83.008039999571636,30.93546899990389],[-83.007924999943924,30.935493000278729],[-83.007694999790147,30.935565999969043],[-83.00726399979493,30.935732999842582],[-83.006867000134889,30.935868999713289],[-83.006409000375484,30.936036999966323],[-83.006211999833681,30.936117000203158],[-83.0060999996807,30.936157000296522],[-83.005616999806932,30.936354000107407],[-83.004990999818034,30.936609999626757],[-83.004894999558573,30.93665000028431],[-83.003748999886,30.937080999873928],[-83.003476000074514,30.937193000196487],[-83.003446999762204,30.93719599980427],[-83.003331000309558,30.937256999771485],[-83.001445999771889,30.938103999802824],[-83.001391000418622,30.93812200035887],[-83.001362000106298,30.938142000373361],[-83.001337999816855,30.938147000183733],[-83.001085000096865,30.938289999734415],[-83.000840999699392,30.938438999749902],[-83.000651999553497,30.93856999983543],[-83.000596000375324,30.938617999792388],[-83.000491999719941,30.938680999843807],[-83.00045699955983,30.938704000072388],[-83.000430999620576,30.938711000073852],[-83.000403000031483,30.938733000185209],[-83.000378999742011,30.938740000184563],[-83.00018799994632,30.93886399986776],[-82.999828999921135,30.939120000370206],[-82.999736999859607,30.939203999988401],[-82.999551999911688,30.939333000359024]]},"properties":{"BASENAME":"Branch","NAME":"Branch Rd","MTFCC":"S1200","RTTYP":"M","OID":"11055819186"}},{"type":"Feature","geometry":{"type":"LineString","coordinates":[[-83.075052000316916,31.04110100027502],[-83.075259000006142,31.041947000291877]]},"properties":{"BASENAME":"Carter","NAME":"N Carter St","MTFCC":"S1200","RTTYP":"M","OID":"11055819207"}},{"type":"Feature","geometry":{"type":"LineString","coordinates":[[-83.071943000288826,31.042482999887383],[-83.071252999827522,31.042577000349759],[-83.070544999822886,31.042700999818756]]},"properties":{"BASENAME":"Church","NAME":"E Church St","MTFCC":"S1200","RTTYP":"M","OID":"11055819236"}},{"type":"Feature","geometry":{"type":"LineString","coordinates":[[-83.070544999822886,31.042700999818756],[-83.070677000067349,31.043488000038092],[-83.070773000326824,31.043817999864327],[-83.070766999580727,31.045086999718688],[-83.070744999839405,31.045579999660042]]},"properties":{"BASENAME":"College","NAME":"N College St","MTFCC":"S1200","RTTYP":"M","OID":"11055819534"}},{"type":"Feature","geometry":{"type":"LineString","coordinates":[[-83.076327999685802,31.040901000173051],[-83.076901999796178,31.040914000000054],[-83.077595999557118,31.040938000031165],[-83.078676999830691,31.040959999669575],[-83.079403000276997,31.041061000288259],[-83.079743000035634,31.041089000280738],[-83.081142000326494,31.041188000380629],[-83.081800999927367,31.041229999925491],[-83.083883999933448,31.041395000046954],[-83.085411000270838,31.041500999988138],[-83.085818999801518,31.041529999653811],[-83.087146000122374,31.041626999692081],[-83.087584999615203,31.041674000357489],[-83.087967000104939,31.041711999715815],[-83.08908900038638,31.041806999969399],[-83.089462999581883,31.041838999709409],[-83.089804000063722,31.041868000041802],[-83.08992399971433,31.041875000173746],[-83.090440000098354,31.041902999926869],[-83.090682999772596,31.041917000185148],[-83.09132600037826,31.041972999658437],[-83.091559999831659,31.041993000232011]]},"properties":{"BASENAME":"Thigpen","NAME":"W Thigpen Ave","MTFCC":"S1200","RTTYP":"M","OID":"11055819738"}},{"type":"Feature","geometry":{"type":"LineString","coordinates":[[-83.133270000182122,30.949011000372572],[-83.133061999769652,30.949171999862898],[-83.133054000272054,30.949189999875141],[-83.131542999828184,30.950314000088575],[-83.131382000169708,30.950430000262589],[-83.12994000022114,30.951552999779743],[-83.129532999617027,30.951870000074781],[-83.126703999971468,30.95411499987085],[-83.124985000013439,30.955510000255757],[-83.124437999667279,30.955913999877037],[-83.124198000366064,30.956129000037105],[-83.123957000341647,30.95633099990788],[-83.121542000074541,30.958204999708212],[-83.120338999602254,30.959138000100896],[-83.120054999920114,30.959358000178391],[-83.119970000429618,30.959425999889763],[-83.119582999917014,30.959708000237711],[-83.118874000087445,30.960254999625953],[-83.11720299980999,30.961544000305224],[-83.116175000138199,30.962363999839919],[-83.113860000328529,30.964192000167799],[-83.112395999740315,30.965308000060919],[-83.111157000181336,30.966243999853212],[-83.107622000180925,30.969106999770453],[-83.107269000003512,30.969443999969414],[-83.106725999855286,30.970044999627692],[-83.106236000308826,30.97081400007966],[-83.105602999748939,30.971781999969242],[-83.105205000263993,30.972295999781586],[-83.104996999851522,30.972640999858179],[-83.103701000391126,30.974712999787211],[-83.103035000219265,30.975667999935983],[-83.102507000139667,30.976549999873431],[-83.102487000048171,30.976581999962498],[-83.101661999867659,30.977959000271813],[-83.099573999838711,30.981192999886609],[-83.099018000170005,30.981970000203653],[-83.098870000032008,30.982254999932398],[-83.09855899968737,30.982668000309566],[-83.097577999871248,30.984150000018857],[-83.097122999586588,30.98484899997792],[-83.095915999814636,30.986714000368146],[-83.094025000327505,30.989706000168699],[-83.090491999976891,30.995175999987431],[-83.090178999982456,30.995660000039166],[-83.08941800027435,30.996790000029652],[-83.088578999850114,30.998038999815424],[-83.086869999937861,31.000703000361234],[-83.082550999764791,31.007509000193277],[-83.08206100021836,31.008245000134497],[-83.08088000038569,31.010019999975096],[-83.080649000407007,31.010366000045725],[-83.079975999664143,31.011449000366078],[-83.079543000019072,31.012146000210468],[-83.079178000146101,31.012671000065804],[-83.07790000022905,31.014507999839157],[-83.077162000087171,31.015560000041262],[-83.0758680002766,31.017003999876547],[-83.07471400020809,31.018136000275206],[-83.073934000233407,31.019121000259013],[-83.073423999697155,31.019899000317469],[-83.073191999893581,31.020225000182986],[-83.072986999854166,31.020562999975741],[-83.0727299999362,31.021062999989347],[-83.072630000377103,31.021257000091804],[-83.072309999811637,31.021967999907904],[-83.071976999725706,31.023226000026309],[-83.071817999717055,31.024961999669749],[-83.071807999671321,31.025426999921109],[-83.07178599993,31.026527000063432]]},"properties":{"BASENAME":"Lakeland","NAME":"Lakeland Hwy","MTFCC":"S1200","RTTYP":"M","OID":"11055819846"}},{"type":"Feature","geometry":{"type":"LineString","coordinates":[[-83.07178599993,31.026527000063432],[-83.071778000432388,31.02679299984641],[-83.071739000074345,31.028134000081121],[-83.071744999922132,31.029149000137767],[-83.071826999937883,31.030683999681663],[-83.071985000121614,31.031908000364254],[-83.072336999575811,31.03304400027988],[-83.072659999616022,31.033977999951052],[-83.072864999655422,31.034567999993421],[-83.072909999861253,31.034696000154089],[-83.072970999960631,31.034871000317843],[-83.073092000334469,31.035218999942956],[-83.073233999726369,31.03557299979617],[-83.07348700034467,31.036207999759853],[-83.07427399999203,31.038301999704455],[-83.074385000320106,31.038566000029967],[-83.074801000246737,31.039692999860499],[-83.075065999662286,31.040408999673474],[-83.075296999640969,31.041058999903619]]},"properties":{"BASENAME":"Valdosta","NAME":"S Valdosta Rd","MTFCC":"S1200","RTTYP":"M","OID":"11055819904"}},{"type":"Feature","geometry":{"type":"LineString","coordinates":[[-83.19797100041734,31.025404999773293],[-83.195950000335543,31.025417000204431],[-83.195183999706245,31.025422000062864],[-83.193872000352329,31.025421000091196],[-83.193351999770329,31.02542300003455],[-83.193325000006155,31.02542300003455],[-83.191847000072542,31.025428999864261],[-83.185941000185963,31.025459999748371],[-83.185928999592093,31.025459999748371]]},"properties":{"BASENAME":"Jefferson","NAME":"E Jefferson Ave","MTFCC":"S1200","RTTYP":"M","OID":"11055819991"}},{"type":"Feature","geometry":{"type":"LineString","coordinates":[[-83.197763000004869,31.057204000303312],[-83.197733999692559,31.057357000184275],[-83.197645000004115,31.057838999875454],[-83.19740599962951,31.058952999617453],[-83.197244000146128,31.059668000372199]]},"properties":{"BASENAME":"Valdosta Ray City","NAME":"Valdosta Ray City Hwy","MTFCC":"S1200","RTTYP":"M","OID":"11055820275"}},{"type":"Feature","geometry":{"type":"LineString","coordinates":[[-82.790907000419793,31.025748000275115],[-82.791057000207616,31.026025000313144],[-82.791149000269144,31.026194999656852],[-82.791251000376391,31.026362000351497],[-82.791343000437891,31.026472999895258],[-82.791407999836892,31.026542000233025],[-82.791426000278562,31.026560000279495],[-82.791473000134232,31.026610999751025],[-82.791582999739092,31.02670299980042],[-82.79170300028801,31.026805000102708],[-82.791823999763523,31.02687899998195],[-82.791971000076614,31.026956999626023],[-82.792119000214612,31.027031000156999],[-82.79223700021538,31.027075999650808],[-82.792331999751639,31.027107999722634],[-82.792547999661693,31.027181000183099],[-82.794281999688323,31.027342000210044],[-82.798251999881913,31.027737000251594],[-82.802075999587316,31.028103000297492],[-82.806142999865301,31.028485000279819],[-82.810283999763115,31.028887999682716],[-82.813193999599534,31.029151000002777],[-82.813972999749325,31.029222999735502],[-82.817821999569091,31.029588000301569],[-82.818982000383684,31.029711999751658],[-82.821718999967743,31.030004000202837],[-82.825761999956271,31.030387000178155],[-82.830147000251557,31.030826999939038],[-82.833556999680198,31.031154999949827],[-82.834580000227433,31.031234999762312],[-82.839036999594427,31.031674000317999],[-82.841210000012182,31.031882999692701],[-82.846588999644084,31.032402999840642],[-82.847308000417726,31.032472999628954],[-82.853447999757705,31.033077999668748],[-82.860831999577911,31.033793999962437],[-82.862587000419239,31.033942000349395],[-82.864368000301539,31.034144000204666],[-82.868807000125187,31.034536000118774],[-82.872816999603444,31.034905999696207],[-82.874340999567778,31.035047000030609],[-82.877551999703101,31.035340000156051],[-82.879669000044373,31.035554000048375],[-82.88410399967006,31.036003000082896],[-82.88607000039859,31.036217999882979],[-82.886106000383606,31.036221000227584],[-82.88614999986622,31.036226000288593],[-82.887731999556891,31.036378000170942],[-82.890859999851529,31.036677999793771],[-82.894316000209216,31.037002000264486],[-82.896354000009453,31.03722700013514],[-82.897375999833471,31.037324999786023],[-82.899408999610856,31.037518999865554],[-82.900133000407337,31.037591000199185],[-82.90427500013007,31.038004000259342],[-82.910293999994565,31.038552000048615],[-82.913161999998195,31.038855999841211],[-82.916496000157167,31.039197999794677],[-82.922581999968799,31.0397369997076],[-82.925246999582853,31.040012000215462],[-82.929981999682497,31.040461999822877],[-82.93113099972814,31.040552999763737],[-82.933518000406139,31.040777999709245],[-82.934238000106362,31.040842999680038],[-82.9352609997553,31.040946000040179],[-82.937635999839429,31.041196000368689],[-82.943203999617197,31.041707999743519],[-82.944188999631308,31.041790000295606],[-82.947711999936146,31.042126999964204],[-82.948564999705766,31.042221000008428],[-82.951189000210249,31.042460000038481],[-82.955559000436921,31.042892000354481],[-82.960517000119353,31.043359000368806],[-82.964632999902804,31.043779999807374],[-82.969956000356504,31.044325999898295]]},"properties":{"BASENAME":"37","NAME":"State Rte 37","MTFCC":"S1200","RTTYP":"S","OID":"11057614594"}},{"type":"Feature","geometry":{"type":"LineString","coordinates":[[-82.794174999558194,31.079881999716502],[-82.795012000332591,31.080495999878657],[-82.795635999773367,31.080946999746704],[-82.796913999690418,31.081878999812297],[-82.79706000017859,31.082025999895507],[-82.798603000409514,31.083137999937396],[-82.799323000109737,31.083658000053191],[-82.800848999723897,31.084685000213035],[-82.801392999697029,31.085071999837961],[-82.801651000338197,31.085244000105643],[-82.802472000320776,31.085791000046282],[-82.802571999879888,31.085857000142685],[-82.803052000278896,31.086176000347219],[-82.804361999983001,31.087087000266564],[-82.805285999897734,31.087730000240978],[-82.805746000205261,31.088074000075128],[-82.805959999567193,31.088258999806456],[-82.80691199996933,31.089437999986416],[-82.808492999835082,31.091444999771369],[-82.809798000414617,31.093117000142726],[-82.809962000446163,31.093283000297387],[-82.810503000046239,31.093718999906056],[-82.811050000392413,31.094122999987551],[-82.811355999815845,31.094264000257041],[-82.811846000260616,31.094523999845183],[-82.812485999594898,31.094909000147318],[-82.813336999714679,31.095364000101156],[-82.815013000014986,31.096302000288624],[-82.817465000092028,31.097737999963297],[-82.819440000143075,31.098825999945614],[-82.819583000258206,31.098891000249271],[-82.820128000056243,31.099148000351565],[-82.82076200044105,31.099572999617497],[-82.822689999738131,31.10068800030804],[-82.823241000282266,31.100987000243933],[-82.824679000032873,31.101805000092313],[-82.825264999838808,31.102184999673231],[-82.825772000002004,31.102588999900114],[-82.827128999561793,31.104114999880547],[-82.827418000165096,31.104436000135486],[-82.829035999840769,31.106253999909082],[-82.830696000247571,31.108105999749807],[-82.832328000166953,31.109940999818548],[-82.833960000086321,31.111764000264142],[-82.83556500024153,31.113593999780807],[-82.836551000080519,31.114730999917029],[-82.836722999609663,31.114931000104505],[-82.83707699961198,31.115807999781381],[-82.837225999574898,31.116304000028702],[-82.837433999987354,31.117461000086887],[-82.83749799956145,31.118019000366782],[-82.837743999608747,31.119874999636082],[-82.838268000388723,31.123541000337156],[-82.838429999872105,31.124636999841506],[-82.839398000167762,31.13099199973809],[-82.840096000126678,31.136257000130968],[-82.840829000245691,31.141280999774622],[-82.841336000408887,31.144991000141214],[-82.842229000361485,31.151293000324689],[-82.84241799960904,31.152573000048704],[-82.842851000152393,31.155558999995158],[-82.84307700010821,31.15696199992848],[-82.843265000429199,31.158506000002546],[-82.843412999668871,31.159474000255312],[-82.843898999915695,31.162974999932651],[-82.84481399960957,31.169277000326133],[-82.845191999901346,31.171709000167127],[-82.845386000070107,31.173225000245562],[-82.845451000367447,31.173631999873709],[-82.845519999964409,31.17419499987156],[-82.845631000292499,31.174915999635004],[-82.845709000110304,31.17548799982562],[-82.845777999707266,31.176034999992854],[-82.845875999616553,31.176585999748973],[-82.84592900021832,31.177100000289791],[-82.845988999594454,31.177476999829398],[-82.846063000112622,31.178008000043604],[-82.846130999884693,31.178534000096075],[-82.846268999976957,31.179433000168473],[-82.846359000388645,31.180100000284476],[-82.846357999665415,31.180288999973477],[-82.84637100008419,31.180482000331889],[-82.846378999581816,31.180875999623268],[-82.846357999665415,31.181274999694345],[-82.846349000342897,31.181574000022668],[-82.846331999726132,31.181935999958412],[-82.846320999855479,31.18210600017666],[-82.846314000182801,31.182247000347594],[-82.846267000327131,31.182529999915268],[-82.846238000014822,31.183026999935642],[-82.846218999748231,31.183590000176245],[-82.846215000448595,31.183615000129741],[-82.846140999930427,31.184134999971675]]},"properties":{"BASENAME":"100","NAME":"Co Rd 100","MTFCC":"S1200","RTTYP":"C","OID":"11057614662"}},{"type":"Feature","geometry":{"type":"LineString","coordinates":[[-82.969814999891199,31.094404000301246],[-82.968715000249375,31.094941999726956],[-82.967348999570461,31.095375000166058],[-82.966319000248845,31.095564000312766],[-82.964782999690613,31.09569599996026],[-82.961673999662565,31.095961000243115],[-82.958967000215708,31.096207999841091],[-82.955378999613558,31.09649000013539],[-82.949308999695432,31.096960000047531],[-82.944946000039764,31.09730000036749],[-82.944099999942836,31.096351000084027],[-82.943120999776539,31.095252000137187],[-82.9419909999975,31.095993000227224],[-82.941057999861926,31.096575000365402],[-82.940266000191698,31.097040999903886],[-82.939774999922022,31.097299000381888],[-82.939090000381896,31.097596000252366],[-82.938727999983641,31.09770799976036],[-82.938168000116988,31.097819999905528],[-82.937511000165955,31.09793599983422],[-82.936070000042292,31.098016999627539],[-82.930920999665844,31.098474999998739],[-82.92542499985808,31.098889000311612],[-82.924447000415,31.098967000157383],[-82.921945000109261,31.099193000354838],[-82.918229000358878,31.09948100002455],[-82.916031999651651,31.099617000227369],[-82.9147040004042,31.099739999988653],[-82.91462900006114,31.099744999787955],[-82.913993000026508,31.09978299979257],[-82.913495000084126,31.099830000182042],[-82.913062000439098,31.099900000358982],[-82.912796000300318,31.099967999800185],[-82.912413999810582,31.100034000048311],[-82.911638000033861,31.10028299973245],[-82.909859999626292,31.10084999974702],[-82.907339999777207,31.101655000021378],[-82.903213999948008,31.102896000187524],[-82.899844999628939,31.103935999753585],[-82.898821999980015,31.104262000175076],[-82.898015000241173,31.104519000357918],[-82.895112000077418,31.105456000227608],[-82.892825999681747,31.106182999908444],[-82.892273000386098,31.106358000084931],[-82.890252000304301,31.106999999728334],[-82.886996999788053,31.107991999682426],[-82.884481999961835,31.108803000133289],[-82.882973000066102,31.109268999666483],[-82.882799999813727,31.109364999979434],[-82.877648999787482,31.110990999859546],[-82.873861000067066,31.112171999815452],[-82.870639999886023,31.113221999792973],[-82.868478000237218,31.113927000325834],[-82.864575999815685,31.115153000034496],[-82.86119099960311,31.116239999894333],[-82.85639799977713,31.117834000150971],[-82.850346000300675,31.119773999671569],[-82.845725000003824,31.121215999629449],[-82.842655000333835,31.122206999731251],[-82.838268000388723,31.123541000337156],[-82.836925000174332,31.123953000378389],[-82.83404799994986,31.124874999876759],[-82.833567999550851,31.125033000029223],[-82.831980000012393,31.125557000238604],[-82.831163000227789,31.125788999853174],[-82.82990399967899,31.126196000186411],[-82.828275999957583,31.126687999730319],[-82.828152999933948,31.12673600031815],[-82.828007000344073,31.126755999979192],[-82.827542000013665,31.126909999842631],[-82.827478000439541,31.126932000351989],[-82.826735000274795,31.127174000235378],[-82.825462000380611,31.127581000010355],[-82.824188999588131,31.127975999783299],[-82.82175699960257,31.128754999736952],[-82.819671000121744,31.129412000252511],[-82.819277999761383,31.129534999860962],[-82.817639000169294,31.130054999713099],[-82.816798999920152,31.130320999857453],[-82.814609999608848,31.131010000009905],[-82.814320000078951,31.131101000178212],[-82.81395699985579,31.131209000095691],[-82.813094000040437,31.13148599980612],[-82.811842000062654,31.131956000259695],[-82.809667999819965,31.132819000292013],[-82.80938699961257,31.132920999822471],[-82.807561000422751,31.133637000359428],[-82.806925000388105,31.133881000025113],[-82.804455999694341,31.134840000148646],[-82.802432999962704,31.135624000084203],[-82.799497000187017,31.136759000095434],[-82.792068999985887,31.139636999718558],[-82.788662000032005,31.141006000040882],[-82.788241999907427,31.141177999716113],[-82.787104999557371,31.14163100030926],[-82.786455000177369,31.141902000167576],[-82.786295000343785,31.141964000108587],[-82.786003000265723,31.142075000038087],[-82.779037999846906,31.144727999617533],[-82.777928000159335,31.145153000080242],[-82.775919999598003,31.145934000140326],[-82.775158000064991,31.146225999640532],[-82.772571000268741,31.147248000034864],[-82.77179999961659,31.147538999875728],[-82.770172999720074,31.148154000254621],[-82.767590000121785,31.149171999790724],[-82.763891000089856,31.15062900012623],[-82.761280000004177,31.151649000354251],[-82.758716999599059,31.152650000193191],[-82.755208000436227,31.154005000308011],[-82.74771699958761,31.156897000192032],[-82.741645000019659,31.159201999791886],[-82.738161000072878,31.16059600035188],[-82.735982999632242,31.16138499987105],[-82.735170000045613,31.161595000088692],[-82.734560999775141,31.161699999638625],[-82.732932000228814,31.161966000181209],[-82.731943999841675,31.162130999763964],[-82.730126000149468,31.162436000216132],[-82.729528999574569,31.162536000037235],[-82.7269950003801,31.162969000327742],[-82.725898000213007,31.163145000366605],[-82.724005000177712,31.163456000203755],[-82.721618000398024,31.163848000274285],[-82.720446999712777,31.164056000311952],[-82.720159999657596,31.164099000181452],[-82.719051999619865,31.164265999990196],[-82.718932999794148,31.164283000046254],[-82.717921000015892,31.164451000345991],[-82.715777999735337,31.164797999756519],[-82.714218999610907,31.165050000261836],[-82.714146999640889,31.165063000016517],[-82.712901000409218,31.165276999920458],[-82.712754999921017,31.16530000002146],[-82.711389999965334,31.165513000123251],[-82.709146000300748,31.165961000337028],[-82.708205999594199,31.166128999967082],[-82.704991999984145,31.16661799978883],[-82.70160400029684,31.167202000344453],[-82.700378000258311,31.167403999843348],[-82.698866999814442,31.167649000244342],[-82.692755000063542,31.168648000169973],[-82.683735999950926,31.170120999859588],[-82.682287000329652,31.170360000245317],[-82.676926000241096,31.171226000344628],[-82.676892999730839,31.171232000195229],[-82.676276999787675,31.171331999954869],[-82.673999999612832,31.171700999637942],[-82.670608999552471,31.17225100005065],[-82.670482000229171,31.172272000067412],[-82.666472999677524,31.172922999814013]]},"properties":{"BASENAME":"122","NAME":"State Rte 122","MTFCC":"S1200","RTTYP":"S","OID":"11057614690"}},{"type":"Feature","geometry":{"type":"LineString","coordinates":[[-82.554353999571987,30.674992000083286],[-82.553911999706088,30.675555000166145],[-82.553460999619389,30.676076999978978],[-82.552540000077713,30.677180999854915],[-82.551965999967365,30.677763999744361],[-82.551707000399603,30.678037999885476],[-82.551488999941384,30.678311000287763],[-82.551447999933501,30.67836199984438],[-82.551324000084946,30.678486999673925],[-82.551230000373621,30.678580000220904],[-82.551221000152793,30.678591000354441],[-82.551134999939066,30.67865399962016],[-82.551016000113378,30.678741999813429],[-82.550525999668594,30.679101000183511],[-82.550421000086615,30.679177999904006],[-82.549648999609545,30.679793000374715],[-82.549111000382524,30.680181000156779],[-82.548559999838375,30.680555999822701],[-82.54774100040396,30.681366000126708],[-82.547390999701292,30.681712000066526],[-82.546249000226666,30.682844999851852],[-82.545412000350581,30.683809000112486],[-82.544629999827777,30.684413999876629],[-82.54276199990683,30.686363999659399],[-82.54172599983913,30.687438000134687],[-82.540699999817136,30.688460000245122],[-82.538942000399388,30.690449999987454],[-82.538658999643829,30.690770000049771],[-82.536881999959505,30.692704000147558],[-82.535957000219881,30.693873000026674],[-82.53587600002902,30.69397499966836],[-82.53584300041706,30.694024999877456],[-82.535168000024356,30.694783999839469],[-82.534972000205784,30.695069000149349],[-82.534562000126954,30.69566600011974],[-82.534244000109652,30.696148999947496],[-82.533635999664114,30.697193999956056],[-82.533163999660985,30.698008000148096],[-82.531910999858297,30.70029300007165],[-82.531506999627254,30.700726999615163],[-82.531489000083923,30.700747999967142],[-82.531150000150191,30.701081000303194],[-82.53077199985843,30.701393000055479],[-82.530352999558758,30.701670000359197],[-82.529917000438985,30.701922999763273],[-82.529457000131444,30.702142999982023],[-82.529138000289223,30.702266000173545],[-82.528640000346854,30.702411999939969],[-82.527875000440773,30.702600000160249],[-82.527733999975482,30.702631999816123],[-82.523902999699061,30.70348999971522],[-82.523044000081654,30.70363599994668],[-82.521830999563619,30.703789000110842],[-82.521494000178038,30.703866000222899],[-82.519344000224791,30.704507000154493],[-82.517532000380371,30.70506900014178],[-82.516220999953035,30.705492999897942],[-82.514221999612559,30.70604999999733],[-82.512563999753894,30.70653699968306],[-82.511577000089986,30.70684299983607],[-82.509581000122537,30.707406000323051],[-82.508118000257554,30.707909999652319],[-82.507782999623487,30.708001000033605],[-82.507625000338052,30.708062999989629],[-82.505348999988115,30.709472999717072],[-82.503460999975701,30.710569000158795],[-82.501753999713245,30.711626999787622],[-82.500792000163699,30.712281000361919],[-82.498936999763245,30.71359700014666],[-82.498222000085889,30.714103999971709],[-82.496221000095559,30.715564000064745],[-82.495581999687872,30.716091000347173],[-82.495153000240805,30.716445000262205],[-82.49261499995005,30.718205000265691],[-82.491666999745874,30.718958000253107],[-82.490552999860355,30.719842999865616],[-82.490311999835924,30.720059999923251],[-82.490068000336763,30.720362000137328],[-82.489818999916437,30.72068399998334],[-82.489614999701928,30.720924999708906],[-82.488853999993822,30.722645000240842],[-82.488654999802208,30.723135999703246],[-82.488438000067219,30.723674999967546],[-82.487966999889011,30.725258999787808],[-82.487693000252634,30.726178999848685],[-82.487270999579934,30.727731999633026],[-82.487049999646999,30.728305000064413],[-82.486596000085555,30.729608999986198],[-82.486458999818197,30.730047000316354],[-82.486391999871046,30.730344000296345],[-82.486288999938878,30.730941999671138],[-82.486242000083223,30.731328000055271],[-82.486160000067471,30.731994999941893],[-82.486124999907346,30.732599000317997],[-82.485898999951544,30.734151000200473],[-82.485852999920795,30.734665000270748],[-82.485831000179502,30.734968000205512],[-82.485729999897146,30.735412000376574],[-82.485654999554058,30.735770999937358],[-82.485632999812765,30.735873000058906],[-82.48556800041375,30.736011999778256],[-82.485390000138523,30.736268999825619],[-82.484651000171723,30.737118000198951],[-82.483666000157626,30.738179999904787],[-82.483025999925047,30.738842000068875],[-82.482206999592293,30.739687999778781],[-82.481768000099478,30.740102999851196],[-82.480788999933168,30.741028000333323],[-82.480573999848005,30.74126699967097],[-82.480486999809386,30.741396999885549],[-82.480084000301559,30.742104000327032],[-82.479162000036652,30.743719000002081],[-82.479029999792175,30.74396999983869],[-82.47840100032856,30.745172999705613],[-82.477718000438244,30.746417000306671],[-82.477192999833392,30.747402000161649],[-82.476093000191568,30.749297000017801],[-82.4752210001554,30.750780000289978],[-82.47477599991646,30.751602000058899],[-82.474278999799012,30.752570000001633],[-82.473195999875614,30.754801000068252],[-82.47282099995688,30.755545000085021],[-82.472636999833881,30.75591000002489],[-82.472261999915148,30.75659300007629],[-82.472093999685654,30.756857999876683],[-82.471818000399466,30.757245000328506],[-82.471516000275656,30.757615999648291],[-82.470778999958682,30.758463000107515],[-82.470553999827786,30.758693999711429],[-82.470183000107028,30.75901400027545],[-82.468089000230279,30.760623000227756],[-82.466633999862893,30.761713000143747],[-82.46582299992609,30.762288999620459],[-82.464582999643866,30.76311400036526],[-82.463883999860045,30.763583999920275],[-82.463533000230768,30.76380399990887],[-82.4630849996188,30.764173999808236],[-82.462446999934329,30.764690999828652],[-82.457258000273228,30.769181000274813],[-82.456674000117147,30.769756000269464],[-82.455578999599865,30.770735000264686],[-82.453546999647415,30.772359999773901],[-82.453120999675065,30.772708000334482],[-82.452872000153036,30.772910999887273],[-82.452056000193352,30.773635000017382],[-82.450114999579171,30.775109999832267],[-82.449928999806332,30.775241999667234],[-82.448854000278871,30.77604699985686],[-82.447412000330289,30.777040999857814],[-82.447003000076378,30.777355999910863],[-82.446630999632376,30.777701999657609],[-82.446382000110361,30.77790699996892],[-82.444966999925938,30.779506999980793],[-82.444865999643596,30.779626000090065],[-82.444012999874005,30.780636999983276],[-82.443554000289694,30.781231999785444],[-82.44287899989699,30.78198100025072],[-82.44226399977876,30.78279899982547],[-82.442000000188116,30.783145000059616],[-82.441769000209447,30.783379999825602],[-82.441415000207101,30.783756999830363],[-82.440935999632998,30.784103999885854],[-82.440436999865696,30.784420000139374],[-82.440042999680401,30.78457999984246],[-82.43972200018834,30.784723000176665],[-82.439416999691517,30.784804000368798],[-82.439059000389534,30.784887000066082],[-82.438645999937663,30.784952999857978],[-82.438142999972428,30.784990000037205],[-82.437476999800552,30.784965999776585],[-82.435747999796789,30.784992999779973]]},"properties":{"BASENAME":"177","NAME":"State Rte 177","MTFCC":"S1200","RTTYP":"S","OID":"11057614717"}},{"type":"Feature","geometry":{"type":"LineString","coordinates":[[-82.840870000253574,30.823203000067728],[-82.840820000024848,30.823199000200738],[-82.839808000246592,30.823171000355316],[-82.839403000190629,30.823162000072681],[-82.83922099971744,30.823158999978247],[-82.838588999880756,30.823121999834772],[-82.838038000234945,30.823108999676748],[-82.83723499979574,30.823042000080527],[-82.835463999959174,30.822806000301355],[-82.833324000051675,30.822512000314237],[-82.831123999869732,30.822240000075691],[-82.830442999629255,30.822157000232302],[-82.829259000321841,30.822004999654748],[-82.827628000227378,30.821815999732777],[-82.826968999728209,30.821755000282646],[-82.826469000136001,30.821734000083602],[-82.826101999714894,30.821774000128158],[-82.82542800004542,30.822002000295619],[-82.824771000094415,30.822272999881935],[-82.824463000122819,30.822500999636038],[-82.824301999566018,30.822587000065891],[-82.824094999876792,30.822765000136759],[-82.823921999624432,30.822980000090105],[-82.823761999790847,30.823190999694717],[-82.823739000224634,30.823224999719216],[-82.823038999717582,30.824239999899099],[-82.822776999776778,30.824620000147466],[-82.822585000156138,30.824898999652543],[-82.82229499972793,30.825365999614554],[-82.822087000213784,30.825581999664632],[-82.821663999716151,30.825991000321075],[-82.821178000367667,30.826361999828322],[-82.820672000029376,30.82661999976952],[-82.819860000267639,30.826996000146757],[-82.819208000339472,30.827304000384459],[-82.817983999950783,30.827881000136504],[-82.817533999689005,30.828087000384411],[-82.81691899957076,30.828367000334744],[-82.815346999925822,30.829072999928606],[-82.81516600017585,30.829161999778822],[-82.813085999644514,30.830181999728151],[-82.812062000170684,30.830680999754652],[-82.811565999878113,30.830950999836109],[-82.811329000051671,30.831098000135395],[-82.811103999920775,30.83126300003002],[-82.810780000055672,30.831552000242034],[-82.810696000390081,30.831626999874633],[-82.81009499961722,30.83214800002445],[-82.809538000123624,30.832930999855552],[-82.809333999909128,30.833367000355302],[-82.809116000349235,30.833909000172032],[-82.808996999625236,30.834531999944858],[-82.808985999754569,30.834621000133218],[-82.808965999663101,30.834784999718284],[-82.808963000188356,30.835039000018106],[-82.809159999831849,30.837564999845686],[-82.809263999588921,30.83870899981498],[-82.809467999803431,30.84094799981396],[-82.809580999781332,30.842361000362011],[-82.809631000010057,30.842866000044005],[-82.809656000124406,30.843625000095415],[-82.809631000010057,30.844320999898464],[-82.80961900031447,30.844637999887251],[-82.80957300028372,30.84514299992501],[-82.809472000001392,30.845898000010195],[-82.809426999795548,30.846147999750503],[-82.809204000212787,30.847400000063779],[-82.809128000044794,30.847902000124286],[-82.809068999595254,30.848660000160027],[-82.809010999868931,30.849164000346239],[-82.808601999615021,30.851728999717853],[-82.808570999652886,30.851924000057711],[-82.808296000191589,30.853935000020801],[-82.808237999566941,30.854264000204719],[-82.80812100028939,30.854936999634408],[-82.807883999564623,30.85592899984821],[-82.807681000073345,30.856669000007834],[-82.807599999882498,30.856912999817457],[-82.807395999668003,30.85738799974575],[-82.807158999841533,30.857853000107728],[-82.80701999992435,30.858074999848487],[-82.806695000234342,30.858495999880255],[-82.806332999836087,30.858895999826455],[-82.805978999833769,30.85925800015551],[-82.805764999573526,30.859476999997845],[-82.803807999964135,30.861365000110229],[-82.801343000366629,30.863807999964155],[-82.800337000436144,30.864804999954625],[-82.800163000358864,30.865006999918517],[-82.800006999824944,30.865219999865978],[-82.799735999663298,30.86567100013691],[-82.799503999859695,30.866136999752506],[-82.799407999600234,30.866377999857999],[-82.799334999805311,30.866623999820778],[-82.799286000299801,30.866873000193404],[-82.799176999621537,30.867564999832897],[-82.799180999819498,30.868389999808006],[-82.799227999675182,30.868863999868122],[-82.799267999858159,30.869398999944039],[-82.799374999988274,30.870108000039878],[-82.799399000277702,30.870471999776427],[-82.799396999729566,30.870821999761578],[-82.79932800013259,30.871385000138105],[-82.799267999858159,30.871948000291674],[-82.799123999918095,30.872691000267707],[-82.798795999855045,30.874311000114105],[-82.798688999724931,30.874918000317972],[-82.798625000150821,30.875276000276745],[-82.798534999739132,30.87590799966172],[-82.798502999952078,30.876157999809902],[-82.798511000348,30.876408000076825],[-82.798576999571921,30.877201000065035],[-82.798737000303817,30.877906000367574],[-82.798955999688616,30.878357000312157],[-82.799222999652301,30.879134000198491],[-82.799375999813179,30.879563999881995],[-82.799512000255632,30.87994699982907],[-82.799954999946408,30.881120999814044],[-82.800351999606434,30.882096000092179],[-82.800554000171118,30.882764000340394],[-82.800580000110401,30.882848000101983],[-82.800777999578784,30.883486999841605],[-82.800832000005457,30.88414000022485],[-82.800828999632415,30.88419900028228],[-82.800785999974707,30.885029999856712],[-82.800560000018905,30.885754999772928],[-82.800464999584335,30.886053999678833],[-82.800251000222417,30.886735000098522],[-82.799829000448042,30.888210999878464],[-82.799417999645968,30.889626999655661],[-82.798662999785648,30.892054000307944],[-82.798523000043573,30.89252699988764],[-82.798337000270735,30.893152999893591],[-82.798035999971859,30.894037999996769],[-82.797351000431732,30.895196999953694],[-82.795926000201575,30.897411999898203],[-82.795398999946897,30.898316999812675],[-82.795178000013948,30.898786000260507],[-82.795086999777368,30.899026999953659],[-82.794692999592058,30.900247000090769],[-82.794433000199362,30.901348999639353],[-82.794239000030615,30.902054000262744],[-82.793986000310625,30.902962000141873],[-82.793849999868186,30.903439999874049],[-82.793709000301178,30.904025000098695],[-82.793399999606393,30.905135999617102],[-82.793416000398224,30.906040999735598],[-82.793557999790139,30.90699099963474],[-82.793632000308293,30.907954000344404],[-82.79356299981302,30.908739999775481],[-82.793417000223144,30.909255000009811],[-82.792323000429107,30.911270999695926],[-82.792198999682228,30.911584000200758],[-82.79175299961841,30.912381000264162],[-82.791385000270679,30.913036999731773],[-82.790521999557001,30.914458000240518],[-82.789488000037423,30.916401000123269],[-82.787454000435162,30.919983999619948],[-82.786969999838163,30.920821999709872],[-82.786127999939211,30.922091999792016],[-82.785691999921127,30.922755000118102],[-82.785548999805982,30.922960999962484],[-82.785421999584372,30.9232029999311],[-82.785301000108859,30.923491999632748],[-82.785157999993729,30.92397199983689],[-82.784978999893582,30.924671999733608],[-82.784733999671204,30.926170000161971],[-82.784509000438618,30.927576000235341],[-82.784115000253308,30.930191000237485],[-82.783722999717853,30.93270099999064],[-82.783581000325938,30.933450999748334],[-82.783300000118544,30.935140999828423],[-82.783204999683988,30.935649999628151],[-82.783028000131964,30.9369129999146],[-82.782881999643806,30.937661999640266],[-82.782726000008182,30.93857799995833],[-82.782505999900152,30.939460000350774],[-82.782335000195943,30.939922000316876],[-82.782213999822105,30.94015699984309],[-82.782053999988534,30.940515000092766],[-82.781602999901821,30.941132999856364],[-82.781079999845105,30.941743999697664],[-82.779779000361842,30.942969000186793],[-82.779426000184415,30.943380000106295],[-82.779223999619731,30.943688000027084],[-82.778964000227049,30.944108999704014],[-82.778754999989687,30.94458300012753],[-82.778568000391928,30.945064000047552],[-82.77835599978151,30.945850999664174],[-82.778227999734995,30.946449999809694],[-82.777948000250831,30.947803999793113],[-82.7777070002264,30.949031999651588],[-82.777687999959824,30.949493000343448],[-82.777665000393611,30.950491000257781],[-82.777719999746878,30.950813000142581],[-82.777713999899092,30.950849000315859],[-82.777727000317881,30.950969999750278],[-82.777795000089938,30.951334000193814],[-82.777866000235065,30.951691000200274],[-82.778007999626979,30.952142999891677],[-82.778216999864327,30.952754000213663],[-82.778571999691579,30.953821999715615],[-82.778724999852443,30.954421999910704],[-82.778738000271247,30.954513000330184],[-82.778806999868209,30.954973000057354],[-82.778850000424242,30.956067999790065],[-82.778846000226281,30.957272000216197],[-82.778856000272015,30.958439999722053],[-82.778858999746745,30.959627999720965],[-82.778867000142668,30.960840999629376],[-82.778866000317763,30.962044999973717],[-82.778879999663147,30.963236000138792],[-82.778864999594532,30.963823000185243],[-82.77882799978461,30.964109000022553],[-82.778795000172664,30.964375999703556],[-82.778705999585881,30.964730999819562],[-82.778671000324096,30.964871999968178],[-82.778544000102485,30.965238000250864],[-82.778433999599315,30.965486000007029],[-82.778370000025205,30.965603999900924],[-82.778160999787843,30.965986999792072],[-82.777749999884108,30.966616999766547],[-82.777097999955942,30.967629999668816],[-82.776948999993039,30.967848999634619],[-82.776847999710697,30.96800499993698],[-82.776148000101941,30.969076999841363],[-82.775339999639854,30.9703049996583],[-82.774538999748785,30.971539999761688],[-82.774199999815082,30.972045999706097],[-82.773707999720486,30.972778000094145],[-82.772433000176491,30.97472199969771],[-82.772140000273538,30.975169000346909],[-82.771368999621359,30.976363000005154],[-82.770601000240561,30.977528999954348],[-82.770342999599393,30.97797500008145],[-82.770169000420424,30.978204000240137],[-82.770134000260327,30.978258999722151],[-82.768534999952919,30.980675999682116],[-82.768503999990784,30.980721000265518],[-82.76847499967846,30.980791000275197],[-82.76781299970456,30.981851999745224],[-82.767231000096601,30.982719999810804],[-82.766604000282783,30.983683000129005],[-82.766456000144785,30.983921999903025],[-82.765706000307333,30.985005000221776],[-82.765106000257717,30.986003000209017],[-82.764984999883893,30.986224999986021],[-82.764567000307451,30.987126000324253],[-82.76440900012372,30.987447000292445],[-82.763850999906879,30.988638999637399],[-82.763294000413282,30.989851000229205],[-82.763009000007926,30.990566000013072],[-82.762930000365202,30.990846999680326],[-82.762865999892796,30.991073000294747],[-82.762578999837629,30.992024000226298],[-82.762504000392866,30.992307999636193],[-82.761880999878699,30.994736999922811],[-82.761522999678419,30.995983000342658],[-82.761187000117744,30.997224000087169],[-82.760869999925347,30.998475000087865],[-82.760587999893048,30.999544999891022],[-82.760213999799234,31.000944999758875],[-82.759903000352921,31.002081000024379],[-82.759306999602941,31.004532999869102],[-82.759010000400338,31.005770000045288],[-82.758863999912137,31.006348999654968],[-82.758766000002865,31.006633000292481],[-82.758708000276542,31.006780999757996],[-82.758637999956335,31.006896999844329],[-82.758575000207145,31.006993999735162],[-82.757987999677994,31.007876999719265],[-82.757745999828671,31.008211999734712],[-82.756892000234146,31.009463999687604],[-82.756646000186862,31.009961999924933],[-82.75630800007805,31.010686000199097],[-82.756067999878525,31.011173999769731],[-82.755742000363597,31.011834999828231],[-82.755436999866774,31.012517999971031],[-82.755389000186199,31.012620000061531],[-82.755252999743746,31.012834000183457],[-82.755128000070272,31.013121000279753],[-82.755005000046637,31.013455000245351],[-82.754897000091603,31.013795000372617],[-82.754805999855023,31.014205000180976],[-82.754542000264351,31.015456999941506],[-82.754483999639731,31.015761000311386],[-82.754312000110602,31.016666999840556],[-82.754004999963939,31.018202000350097],[-82.75399099972023,31.018267000332504],[-82.753977000374846,31.018336999731034],[-82.753613000326766,31.020084000231652],[-82.753549999679265,31.020425999851209],[-82.753327000096505,31.02164099983618],[-82.753315000400931,31.0217109998353],[-82.753177000308682,31.022173999777145],[-82.752977000292134,31.023202000150103],[-82.75301199955392,31.023777000140164],[-82.753085000247168,31.024205999814821],[-82.753107999813395,31.024340999926483],[-82.753208000270803,31.025188000247571],[-82.753399000066523,31.026336999763721],[-82.753479000432478,31.026754999922876],[-82.753600999732896,31.027402000360837],[-82.753583000189536,31.027706000338757],[-82.753537999983706,31.027926000122779],[-82.753433000401714,31.028162999968924],[-82.753287999738447,31.028493999734998],[-82.753175999585437,31.028747000236454],[-82.752337000059541,31.0307369998559],[-82.752008999996491,31.031369999918986],[-82.751666999689718,31.03158300035858],[-82.75127900025052,31.031824999864309],[-82.750987000172472,31.032007000003563],[-82.750628999972179,31.032245000371336],[-82.750266999573938,31.032486999734413],[-82.749427000223093,31.033008000325143],[-82.747642000142847,31.034199999631433],[-82.747186999858187,31.034468999937523],[-82.746574000288092,31.034824000142699],[-82.746278999837003,31.035019999671583]]},"properties":{"BASENAME":"187","NAME":"State Rte 187","MTFCC":"S1200","RTTYP":"S","OID":"11057614723"}},{"type":"Feature","geometry":{"type":"LineString","coordinates":[[-82.732151000429226,31.022068999884485],[-82.736914999942883,31.024693000224634],[-82.740070000001694,31.026430999999874],[-82.740684000295019,31.026844999919746],[-82.740694000340781,31.026854000299664],[-82.740977000198001,31.027079000283418]]},"properties":{"BASENAME":"Fargo","NAME":"Fargo Hwy","MTFCC":"S1200","RTTYP":"M","OID":"11057614970"}},{"type":"Feature","geometry":{"type":"LineString","coordinates":[[-82.554353999571987,30.674992000083286],[-82.55452199980148,30.675238999734578],[-82.554633000129556,30.675346000116289],[-82.55477100022182,30.675509000260529],[-82.555260999768265,30.675984000112333],[-82.556379999676651,30.677152000270802],[-82.556814000044923,30.677655999982715],[-82.558490000345245,30.679340000038572],[-82.559014000226881,30.679934999727081],[-82.559456000092766,30.680431000353359],[-82.560020999982285,30.680998000004784],[-82.560232999694392,30.681215999839061],[-82.560528999970401,30.681521999931505],[-82.5608879999956,30.681949000247634],[-82.561112000301577,30.682276000070726],[-82.561120999624094,30.682286000090386],[-82.561436999991585,30.68283499989008],[-82.561677000191125,30.683356000073889],[-82.561794000366973,30.684047999904049],[-82.56181500028336,30.685018999712732]]},"properties":{"BASENAME":"Barton","NAME":"Barton St","MTFCC":"S1200","RTTYP":"M","OID":"11057615103"}},{"type":"Feature","geometry":{"type":"LineString","coordinates":[[-82.753549999679265,31.020425999851209],[-82.753327000096505,31.02164099983618]]},"properties":{"BASENAME":"Forest","NAME":"Forest Ave","MTFCC":"S1200","RTTYP":"M","OID":"11057615139"}},{"type":"Feature","geometry":{"type":"LineString","coordinates":[[-82.753327000096505,31.02164099983618],[-82.753315000400931,31.0217109998353],[-82.753177000308682,31.022173999777145],[-82.752977000292134,31.023202000150103],[-82.75301199955392,31.023777000140164],[-82.753085000247168,31.024205999814821],[-82.753107999813395,31.024340999926483],[-82.753208000270803,31.025188000247571],[-82.753399000066523,31.026336999763721],[-82.753479000432478,31.026754999922876],[-82.753600999732896,31.027402000360837],[-82.753583000189536,31.027706000338757],[-82.753537999983706,31.027926000122779],[-82.753433000401714,31.028162999968924],[-82.753287999738447,31.028493999734998],[-82.753175999585437,31.028747000236454],[-82.752337000059541,31.0307369998559],[-82.752008999996491,31.031369999918986],[-82.751666999689718,31.03158300035858],[-82.75127900025052,31.031824999864309],[-82.750987000172472,31.032007000003563],[-82.750628999972179,31.032245000371336],[-82.750266999573938,31.032486999734413],[-82.749427000223093,31.033008000325143],[-82.747642000142847,31.034199999631433],[-82.747186999858187,31.034468999937523],[-82.746574000288092,31.034824000142699],[-82.746278999837003,31.035019999671583]]},"properties":{"BASENAME":"Forest","NAME":"W Forest Ave","MTFCC":"S1200","RTTYP":"M","OID":"11057615148"}},{"type":"Feature","geometry":{"type":"LineString","coordinates":[[-82.75337399995216,31.045935999753496],[-82.754906000312431,31.046082999983089],[-82.755191999644396,31.046114000070602],[-82.755241000048187,31.04611900038169],[-82.758457000206363,31.04646899995543]]},"properties":{"BASENAME":"Pearson","NAME":"Pearson Hwy","MTFCC":"S1200","RTTYP":"M","OID":"11057615319"}},{"type":"Feature","geometry":{"type":"LineString","coordinates":[[-82.749202999917117,31.040808000174973],[-82.750162999816851,31.042626999919197],[-82.750424999757684,31.043136999723064],[-82.750591000337351,31.04346499966239],[-82.751018000134607,31.044311000220961]]},"properties":{"BASENAME":"Pearson","NAME":"Old Pearson Hwy","MTFCC":"S1200","RTTYP":"M","OID":"11057615324"}},{"type":"Feature","geometry":{"type":"LineString","coordinates":[[-82.759777999781136,31.056429999624715],[-82.758756999782022,31.056578999863984],[-82.758299000022632,31.056630999830528],[-82.758016999990318,31.056662999973462],[-82.757693999950135,31.05671900000522],[-82.757445000428106,31.056639000059636],[-82.757320999681227,31.056535999751734],[-82.757196999832672,31.056459999774294],[-82.757063999763275,31.056387000214691],[-82.757047000044835,31.056378000317807],[-82.756375000025201,31.055984000235842],[-82.755806999762612,31.055530999629262],[-82.754947000320314,31.054547000345057],[-82.753743000023107,31.053159999723462],[-82.753425999830711,31.052841000334645],[-82.753276000042874,31.052688000117993],[-82.753224999989257,31.05260400034717],[-82.753174999760546,31.052533999968457],[-82.753158000042106,31.052492000024309],[-82.753168999912774,31.051314999750197],[-82.753336000317333,31.046927999847032],[-82.75337399995216,31.045935999753496]]},"properties":{"BASENAME":"Locklier","NAME":"Locklier Rd","MTFCC":"S1200","RTTYP":"M","OID":"11057615418"}},{"type":"Feature","geometry":{"type":"LineString","coordinates":[[-82.573359000267942,31.103906999886011],[-82.573761999775755,31.104689000216343],[-82.574020000416937,31.105246000289867],[-82.574301999550926,31.105760999914462],[-82.574446000389287,31.106115000302299],[-82.574497000442889,31.106239999891471],[-82.574610000420805,31.106507999649814],[-82.574696999561141,31.106716000100381],[-82.574778999576907,31.106910000176541],[-82.574920000042212,31.10768899999179],[-82.574998999684922,31.108096000262144],[-82.575080999700688,31.108648000248753],[-82.575093000294572,31.10890400023446],[-82.575137999602106,31.109206999893519],[-82.575279999892317,31.10999399967622],[-82.575427000205408,31.111111999821997],[-82.575452000319771,31.111297000063928],[-82.57548199955869,31.111511999642694],[-82.575575000343406,31.111787000272258],[-82.575732999628841,31.112130999896394],[-82.576445999656372,31.112992999681346],[-82.577568999762732,31.114253000284453],[-82.579525000445528,31.116447000004715],[-82.580040000106322,31.11702800036981],[-82.580572000383896,31.117609000254721],[-82.581169999885375,31.118299999958989],[-82.581324999696079,31.118523999993194],[-82.581681000246533,31.119082000175954],[-82.581873999692078,31.119542999714167],[-82.58195800025598,31.119858999824],[-82.582114999716495,31.120528000383715],[-82.582313000083218,31.121070999677855],[-82.582417999665211,31.121401000174092],[-82.582625000252747,31.122194999975104],[-82.582733000207782,31.122550000323898],[-82.582804000352894,31.122780000165971],[-82.582939999897022,31.123241999909386],[-82.583577999581479,31.125391000365095],[-82.583883999903222,31.126376000315467],[-82.583985000185564,31.126672000297923],[-82.583984000360658,31.127066000338271],[-82.583871000382757,31.127530000079478],[-82.583679999688727,31.128148000019262],[-82.583411000075216,31.128869999897045],[-82.583226000127297,31.129356999638318],[-82.583050000400192,31.129897999876228],[-82.582498999856043,31.131536000292293],[-82.582308000060337,31.132118999786424],[-82.582313000083218,31.132429999922596],[-82.582348000243314,31.132623000117501],[-82.582599000313493,31.133236000371227],[-82.583175000073666,31.134527999862421],[-82.583451000258194,31.135133000335678],[-82.583985000185564,31.136309000327248],[-82.584560000120845,31.137580000237087],[-82.584910999750122,31.138363999821191],[-82.585011000207544,31.138564000176117],[-82.585202999828155,31.138990000133465],[-82.585361000011915,31.139361000288059],[-82.587027000266474,31.141905000252432],[-82.588304000358619,31.143783999660201],[-82.589036999579307,31.14483900015555],[-82.589500000259903,31.14560799985696],[-82.590035999837113,31.146410000380303],[-82.590341000333964,31.146868999666353],[-82.590619999993223,31.147225999624816],[-82.590869000413548,31.147657999682806],[-82.591100000392231,31.148035000301402],[-82.591241999784145,31.148338000327662],[-82.591369000005756,31.148722999943459],[-82.591471000113003,31.149046999860239],[-82.591531000387448,31.149308999728202],[-82.591558999976542,31.149488000380732],[-82.5915559996035,31.150008000002558],[-82.591606999657117,31.150698000315927],[-82.591671999954457,31.151037000150733],[-82.591760999642915,31.151372999756731],[-82.59212100039133,31.152335999730465],[-82.592379999959107,31.152976000092064],[-82.592656999968554,31.153671000359065],[-82.593446999988956,31.15570099985263],[-82.593549999921123,31.156120999647367],[-82.593585999906139,31.15632800037152],[-82.593519999783894,31.157179000050188],[-82.593421999874607,31.157581000376243],[-82.593287999980305,31.158225999705625],[-82.593202999591483,31.158551000302552],[-82.593113999903025,31.1588919999339],[-82.592959999917241,31.159729999933027],[-82.592934999802878,31.160185999783778],[-82.592963000290297,31.160413999654939],[-82.593031000062354,31.160613999616203],[-82.59314800023823,31.160874999711009],[-82.593801999816193,31.162598999616709],[-82.594269999621346,31.163830000086929],[-82.59454800035401,31.164562000078565],[-82.594668999829523,31.164830999632049],[-82.595083000106285,31.165884000246905],[-82.595411000169349,31.166819999764424],[-82.595529999995051,31.167220999908501],[-82.595587999721374,31.167541000327638],[-82.59562000040674,31.16794399974513],[-82.595597999767122,31.168918999649588],[-82.595598999592013,31.169458000144655],[-82.595561999782106,31.170240999736286],[-82.595545000063652,31.170586000264375],[-82.595432000085765,31.17102999963614],[-82.5951810000156,31.171742999910666],[-82.594974000326346,31.172333000162801],[-82.594961999732476,31.172375000155284],[-82.594858999800309,31.172736999903847],[-82.594838999708841,31.173088000296381],[-82.594995000242747,31.174699000171749],[-82.595089999778992,31.175211000328694],[-82.59528999979554,31.176055999939095],[-82.595979000431925,31.178212000124471],[-82.596012000043899,31.178614000353637],[-82.5960270001125,31.178923000338955],[-82.596010000394088,31.17944800003146],[-82.596006000196127,31.1818790001198],[-82.595946999746573,31.184436000160787],[-82.595910999761557,31.184650000096099],[-82.595631000277379,31.185073999968417],[-82.595494000010049,31.185277000367794]]},"properties":{"BASENAME":"Manor Millwood","NAME":"Manor Millwood Rd S","MTFCC":"S1200","RTTYP":"M","OID":"110376387032"}},{"type":"Feature","geometry":{"type":"LineString","coordinates":[[-82.547924999628663,31.08468299997633],[-82.548046999827406,31.084686999680425],[-82.54961900037064,31.084750000190581],[-82.550014000380841,31.084759999828101],[-82.551151999657492,31.084868000154561],[-82.551712000422455,31.084973000012347],[-82.552033999739436,31.085032999988883],[-82.552571999864767,31.085246000330606],[-82.55300399968489,31.085453000302749],[-82.553401000243255,31.085694999754296],[-82.553742999651703,31.085993999951732],[-82.554132999639037,31.086286000036814],[-82.554572999855083,31.086577999994038],[-82.556830999763363,31.08761600033429],[-82.558584000056584,31.088399000236969],[-82.558943999906688,31.08857199994555],[-82.55937200042716,31.088766000155648],[-82.559670000352995,31.088862999727535],[-82.560047999746459,31.088945999710866],[-82.561925999713139,31.089236999886147],[-82.565627000293205,31.089922000286094],[-82.565845999678004,31.089994000196281],[-82.56607199963382,31.090089999991665],[-82.566270000000529,31.090198999705912],[-82.566449000100675,31.090330999884085],[-82.566696999797799,31.090533000034789],[-82.566876999722851,31.090715000198927],[-82.567063000394,31.091060000047751],[-82.567249999991745,31.091425999641796],[-82.567845000018522,31.092579999648393],[-82.568482999702965,31.093832000160933],[-82.568780999628814,31.094425999882809],[-82.569991999598699,31.096837999753738],[-82.570036999804543,31.096925999640948],[-82.570764000075769,31.098327999977499],[-82.57177800040219,31.100283999686628],[-82.57239299962211,31.101465999686976],[-82.572606999882353,31.10184799973052],[-82.572657999935984,31.102034000266709],[-82.572667999981718,31.102170999824988],[-82.572689999723011,31.102284000024905],[-82.572693999920986,31.102303000290316],[-82.572705999616559,31.102467999844901],[-82.572936999595242,31.102989000244072],[-82.573171999771873,31.103485999697305],[-82.573359000267942,31.103906999886011]]},"properties":{"BASENAME":"Suwannee Chapel","NAME":"Suwannee Chapel Rd","MTFCC":"S1200","RTTYP":"M","OID":"110376387070"}},{"type":"Feature","geometry":{"type":"LineString","coordinates":[[-83.388181999848896,30.992283999675383],[-83.387945000022441,30.992213999626877],[-83.387320999683354,30.992029000296441],[-83.386771999687369,30.991874999864194],[-83.386416999860117,30.991776000115038],[-83.384759999826386,30.991296000154755],[-83.384603000365857,30.991250999938337],[-83.381182999993186,30.990280000126528],[-83.380531999889939,30.990095000125581],[-83.380166000192048,30.990005000078636],[-83.380057000412094,30.989985999715636],[-83.379720999953122,30.98994199999526],[-83.379479000103785,30.989916999865077],[-83.379298000353799,30.989911000110094],[-83.378848999916912,30.989896000335907],[-83.378537999572316,30.989909000191673],[-83.377528000342181,30.990152000368063],[-83.376166999686149,30.990503999868121],[-83.375477999948046,30.990679000335032],[-83.374776999616074,30.990856000379509],[-83.373866999945065,30.99108700032204],[-83.373737000248724,30.991119999718109],[-83.373656999882783,30.991140000186618],[-83.373558999973497,30.991164999996265],[-83.373430000102061,30.991198999696106],[-83.37288899960366,30.991334000355142],[-83.372768999953067,30.991354000008744],[-83.372724999572142,30.991383000307486],[-83.373168000161243,30.992630999740495],[-83.373574000042112,30.993796000043858],[-83.373856999899331,30.994636999769366],[-83.373931000417485,30.994870999902464],[-83.374049000418253,30.995196999894336],[-83.374291000267604,30.99585199969108],[-83.374442999705238,30.996262999944708],[-83.374667000011229,30.996887999693637],[-83.375038999556907,30.997954000093475],[-83.375113000075061,30.998210000059196],[-83.375144999862115,30.998340999781874],[-83.375164999953597,30.998479999819828],[-83.375180999847132,30.998634999850363],[-83.375184000220173,30.998703000072382],[-83.375193000441001,30.998903000217847],[-83.375188000418134,30.999492000076923],[-83.37518900024304,30.999722999893848],[-83.37519000006796,31.000178000043416],[-83.375196999740652,31.002397999629792],[-83.375201999763533,31.003626000294322],[-83.375204000311669,31.004144999707218],[-83.375201999763533,31.005059999677581],[-83.375207999611305,31.005400999903578],[-83.375219000380284,31.005685999694141],[-83.37524199994651,31.005884000238478],[-83.375278999756418,31.006060000377147],[-83.375397999582106,31.006498999901901],[-83.376237000006313,31.00933600026994],[-83.376554000198738,31.010446999736157],[-83.376777999606404,31.011152000180495],[-83.377146999677365,31.012404000012463],[-83.378039999629934,31.015413999732402],[-83.378256000438313,31.016094000193686],[-83.378367999692998,31.016394999872091],[-83.378433999815229,31.016544999707268],[-83.378550000166186,31.016760000316786],[-83.378752999657465,31.017077999670011],[-83.379296999630597,31.017809000139579],[-83.380710000165152,31.019671000216238],[-83.38207799959558,31.021455999865868],[-83.382953000004818,31.022602999741757],[-83.383183000158596,31.022919000384114],[-83.383420999809957,31.023305000345911],[-83.383486999932217,31.023442000179688],[-83.383597000435373,31.023688000313811],[-83.384174999845385,31.02528899988965],[-83.384414000219977,31.025973999758012],[-83.384760999651306,31.026930000052545],[-83.384928999880799,31.027404000262528],[-83.385267999814502,31.028361000002111],[-83.385647999756117,31.02940800001798]]},"properties":{"BASENAME":"7","NAME":"State Rte 7","MTFCC":"S1200","RTTYP":"S","OID":"110499211135"}},{"type":"Feature","geometry":{"type":"LineString","coordinates":[[-83.278196999803072,30.829623999755444],[-83.278319000001801,30.829791999756669],[-83.278354000161912,30.829830999825116],[-83.278402999667378,30.829957000353321],[-83.278667999981252,30.830465000376893],[-83.278825000340078,30.830764999638486],[-83.279153000403156,30.831384999924044],[-83.279319000084513,30.831697000250202],[-83.279473999895217,30.831990000199276],[-83.279856000384939,30.832732999685948],[-83.279996999951948,30.833000000379677],[-83.280140999891984,30.833303999650077],[-83.280463999932167,30.833921999639074],[-83.28061500044322,30.83419899979053],[-83.281185000355606,30.835291999997811],[-83.281711999711987,30.836308999919254],[-83.282273000301871,30.837402000008979],[-83.282376000234038,30.837585000043138],[-83.282802000206388,30.838418999939936],[-83.283239000049377,30.839257999878154],[-83.283803000114005,30.840336999813275],[-83.283921999939693,30.840577999967657],[-83.284593000134407,30.841851999703671],[-83.284963000030288,30.842540000362465],[-83.285265999978975,30.843128000168178],[-83.285511000201367,30.843605000385516],[-83.285761000446598,30.844058999946803],[-83.285938999823543,30.844398999781145],[-83.286051999801444,30.844615000193347],[-83.286377000389763,30.845261999739343],[-83.286600999797443,30.845687000185169],[-83.286676999965422,30.845839000284975],[-83.286826999753231,30.84617799967555],[-83.286929999685398,30.846448000121448],[-83.286938000081321,30.84647499981579],[-83.286948000127069,30.846510999910496],[-83.286977000439393,30.846612999848485],[-83.287082000021371,30.847074999888186],[-83.28712600040231,30.84728899985711],[-83.287227999611233,30.847779000114308],[-83.287268999619116,30.847953999654695],[-83.287338000114417,30.848301000011567],[-83.287358000205884,30.848402000077446],[-83.287400999863607,30.848617999960709],[-83.287441999871476,30.848823999660439],[-83.287595000032354,30.849569999962998],[-83.287641000063104,30.849829000256861],[-83.28764400043616,30.849843999645007],[-83.28769399976656,30.850038999960884],[-83.287743999995271,30.850303999794328],[-83.287917000247646,30.851184999786629],[-83.287959000080434,30.851401000344154],[-83.288036999898239,30.851787999676663],[-83.288092999974737,30.852019999711597],[-83.288169999967621,30.852384999727686],[-83.288304999686844,30.853086000384543],[-83.288355999740475,30.853331999747141],[-83.288565999802742,30.854341999714787],[-83.288775000040118,30.855370999978341],[-83.28892099962998,30.856103999942956],[-83.288979000254628,30.856483999732088],[-83.28898699975224,30.857048999871683],[-83.288979000254628,30.857787000273252],[-83.288970999858691,30.858494999702827],[-83.288959999988052,30.858846999808996],[-83.288945999744342,30.859315999940581],[-83.288934999873689,30.859571999636564],[-83.288933000223878,30.859612000105688],[-83.288930999675713,30.859660000338163],[-83.288918000155249,30.859975000207033],[-83.288908000109501,30.86097199995784],[-83.288882999995153,30.861611999972229],[-83.288873999774324,30.861845999660389],[-83.288868999751443,30.862403000271797],[-83.288873999774324,30.862614000338063],[-83.288891000391075,30.863014000069867],[-83.288908000109501,30.863256999799628],[-83.288951999592115,30.863610000283529],[-83.288974000231747,30.86378799983585],[-83.288999000346109,30.863969000189734],[-83.28903199995807,30.86407700001228],[-83.289056000247513,30.864230999734502],[-83.289063999745125,30.864248000189388],[-83.289199000362657,30.864788999710296],[-83.289273999807392,30.865139999734851],[-83.289308000142597,30.865294000062775],[-83.289377999564465,30.865548999886563],[-83.289857999963502,30.867450000267873],[-83.289981999812071,30.867986999910986],[-83.29014900021663,30.868632999790034],[-83.290225000384623,30.868975999845766],[-83.290314000073082,30.869321000345217],[-83.290401000111714,30.869658999947635],[-83.290468999883771,30.869956999908727],[-83.29055900029546,30.870258999933139],[-83.290663000052533,30.87065399989735],[-83.290694000014668,30.870753000224699],[-83.291391000148678,30.873388999671668],[-83.291472000339525,30.873682000277096],[-83.29158899961709,30.873986000160961],[-83.291736999755088,30.874556999763307],[-83.291766999892317,30.87462899967278],[-83.291778999587891,30.874711000381975],[-83.291920000053196,30.875121999795081],[-83.292161000077613,30.875820999993781]]},"properties":{"BASENAME":"31","NAME":"State Rte 31 Alt","MTFCC":"S1200","RTTYP":"S","OID":"110499211147"}},{"type":"Feature","geometry":{"type":"LineString","coordinates":[[-83.275567000349113,30.824841999645358],[-83.275768000190553,30.824928000292839],[-83.275811999673181,30.825011000055287],[-83.276035999979186,30.82542900012934],[-83.276159000002821,30.825673999681253],[-83.276262999759879,30.825880999782029],[-83.276477999845042,30.826271999954766],[-83.276595999845824,30.826507999700837],[-83.276668999640762,30.826665000325114],[-83.276764999900223,30.826842999779078],[-83.276898999794525,30.827107999646238],[-83.277129999773209,30.827523999618737],[-83.277200000093416,30.827667000084848],[-83.277284999583912,30.827814000012989]]},"properties":{"BASENAME":"31","NAME":"State Rte 31 Alt","MTFCC":"S1200","RTTYP":"S","OID":"110499211148"}},{"type":"Feature","geometry":{"type":"LineString","coordinates":[[-83.388181999848896,30.992283999675383],[-83.387945000022441,30.992213999626877],[-83.387320999683354,30.992029000296441],[-83.386771999687369,30.991874999864194],[-83.386416999860117,30.991776000115038],[-83.384759999826386,30.991296000154755],[-83.384603000365857,30.991250999938337],[-83.381182999993186,30.990280000126528],[-83.380531999889939,30.990095000125581],[-83.380166000192048,30.990005000078636],[-83.380057000412094,30.989985999715636],[-83.379720999953122,30.98994199999526],[-83.379479000103785,30.989916999865077],[-83.379298000353799,30.989911000110094],[-83.378848999916912,30.989896000335907],[-83.378537999572316,30.989909000191673],[-83.377528000342181,30.990152000368063],[-83.376166999686149,30.990503999868121],[-83.375477999948046,30.990679000335032],[-83.374776999616074,30.990856000379509],[-83.373866999945065,30.99108700032204],[-83.373737000248724,30.991119999718109],[-83.373656999882783,30.991140000186618],[-83.373558999973497,30.991164999996265],[-83.373430000102061,30.991198999696106],[-83.37288899960366,30.991334000355142],[-83.372768999953067,30.991354000008744],[-83.372724999572142,30.991383000307486],[-83.373168000161243,30.992630999740495],[-83.373574000042112,30.993796000043858],[-83.373856999899331,30.994636999769366],[-83.373931000417485,30.994870999902464],[-83.374049000418253,30.995196999894336],[-83.374291000267604,30.99585199969108],[-83.374442999705238,30.996262999944708],[-83.374667000011229,30.996887999693637],[-83.375038999556907,30.997954000093475],[-83.375113000075061,30.998210000059196],[-83.375144999862115,30.998340999781874],[-83.375164999953597,30.998479999819828],[-83.375180999847132,30.998634999850363],[-83.375184000220173,30.998703000072382],[-83.375193000441001,30.998903000217847],[-83.375188000418134,30.999492000076923],[-83.37518900024304,30.999722999893848],[-83.37519000006796,31.000178000043416],[-83.375196999740652,31.002397999629792],[-83.375201999763533,31.003626000294322],[-83.375204000311669,31.004144999707218],[-83.375201999763533,31.005059999677581],[-83.375207999611305,31.005400999903578],[-83.375219000380284,31.005685999694141],[-83.37524199994651,31.005884000238478],[-83.375278999756418,31.006060000377147],[-83.375397999582106,31.006498999901901],[-83.376237000006313,31.00933600026994],[-83.376554000198738,31.010446999736157],[-83.376777999606404,31.011152000180495],[-83.377146999677365,31.012404000012463],[-83.378039999629934,31.015413999732402],[-83.378256000438313,31.016094000193686],[-83.378367999692998,31.016394999872091],[-83.378433999815229,31.016544999707268],[-83.378550000166186,31.016760000316786],[-83.378752999657465,31.017077999670011],[-83.379296999630597,31.017809000139579],[-83.380710000165152,31.019671000216238],[-83.38207799959558,31.021455999865868],[-83.382953000004818,31.022602999741757],[-83.383183000158596,31.022919000384114],[-83.383420999809957,31.023305000345911],[-83.383486999932217,31.023442000179688],[-83.383597000435373,31.023688000313811],[-83.384174999845385,31.02528899988965],[-83.384414000219977,31.025973999758012],[-83.384760999651306,31.026930000052545],[-83.384928999880799,31.027404000262528],[-83.385267999814502,31.028361000002111],[-83.385647999756117,31.02940800001798]]},"properties":{"BASENAME":"41","NAME":"US Hwy 41","MTFCC":"S1200","RTTYP":"U","OID":"110499211171"}},{"type":"Feature","geometry":{"type":"LineString","coordinates":[[-83.453302000383772,30.793362999638429],[-83.453150000047813,30.793374999879116],[-83.443528000410851,30.794110999688293],[-83.441300999566394,30.794276999921284],[-83.439565999714844,30.794412999982175],[-83.436793999970675,30.794608000227495],[-83.435593999871443,30.794697999673097],[-83.43092099969607,30.795070999795279],[-83.428318999831205,30.795270999800575],[-83.424119000382163,30.79558500027353],[-83.422711999695352,30.795688999648672],[-83.418076000228226,30.796034999802092],[-83.416317999912152,30.796170999690929],[-83.412977000080488,30.796429999752792],[-83.409355999866349,30.796698999614588],[-83.402020999551652,30.797253000099392],[-83.399675999604753,30.797430000000517],[-83.397498000062427,30.797594999863335],[-83.396221999795202,30.797701000229051],[-83.395784999952198,30.797751999904769],[-83.39534999975902,30.7978160000496],[-83.394926000334806,30.797883000264044],[-83.394502999837172,30.797961000063328],[-83.393732000083332,30.798123999716502],[-83.392963999804223,30.79829800022949],[-83.387678000058727,30.799528999895131],[-83.38619299955414,30.799865999965114],[-83.385711000403617,30.799956999905081],[-83.385221999783752,30.800025000185478],[-83.384728000039331,30.800073000127565],[-83.384262999708923,30.800091999631832],[-83.383646999765773,30.800087000331214],[-83.383611999605677,30.800085000302253],[-83.383030999822637,30.80004999978857],[-83.382434999970968,30.799990999665503],[-83.376173000432232,30.799336999668018],[-83.372502999814287,30.79894500016762],[-83.372092999735457,30.798902999823216],[-83.371798000182679,30.798882000029909],[-83.371576000424838,30.798877999921793],[-83.371352999943753,30.798887000164846],[-83.371128999637776,30.798905999903493],[-83.370906999879935,30.798932999850663],[-83.370661999657543,30.798970000051618],[-83.370420999633112,30.799018999774468],[-83.370188999829523,30.799080999797471],[-83.369700999932888,30.799241999819724],[-83.36945200041086,30.799348999934608],[-83.369099000233462,30.79953800007722],[-83.367756999843976,30.800287999943549],[-83.365508000156538,30.801532000350669],[-83.36417300033807,30.802268000205189],[-83.363492999922514,30.802650000163847],[-83.362830000123694,30.803005999792649],[-83.360793999973282,30.804130000039756],[-83.35996700014293,30.804600999776742],[-83.359741000187128,30.804719999693919],[-83.359509000383525,30.80483199970832],[-83.35922399997817,30.804954000002532],[-83.358929000425405,30.805059000005301],[-83.358673000332359,30.805131000381731],[-83.358117999590263,30.805257000139171],[-83.357821000387659,30.805303999822652],[-83.357462000362446,30.805336000086559],[-83.356642000204815,30.805399999810689],[-83.355107000369799,30.805523000113315],[-83.354355999809115,30.805584999798391],[-83.352817999601072,30.805704000040205],[-83.349126999965065,30.806012999843698],[-83.348880000092848,30.806038000203884],[-83.348076999653628,30.806099000376346],[-83.34393699958072,30.80644699998733],[-83.342908000084037,30.806521999937946],[-83.342802999603734,30.806522999885484],[-83.34269399982378,30.806533000131534],[-83.342580999845893,30.80655599969052],[-83.342530999617153,30.806561000197775],[-83.342039000420897,30.806614999641134],[-83.341071999950145,30.806856000344609],[-83.340686000160773,30.806999999893819],[-83.339419999939281,30.80756599965277],[-83.338922999821818,30.807764999956408],[-83.338245999779318,30.808073000144873],[-83.336684000180114,30.808757000148734],[-83.336213999826839,30.808969000059285],[-83.335313000376644,30.809374999957992],[-83.33516299969051,30.809430999969042],[-83.334904999947653,30.809552999824934],[-83.334360999974521,30.809793000189664],[-83.333832999894923,30.810032999954931],[-83.333523000273516,30.810171999824508],[-83.332867000147402,30.810468000364182],[-83.33263899964345,30.810587999864445],[-83.332267999922692,30.810737000282614],[-83.331607999598617,30.811040999828819],[-83.329574999821247,30.811992999899989],[-83.328346000307988,30.8125629998734],[-83.325023999844603,30.814114999638615],[-83.323736999706711,30.814720999810916],[-83.322489999751795,30.815302999616303],[-83.322245000427728,30.815402999834937],[-83.322006000053122,30.81551100032452],[-83.321666000294499,30.815675000149959]]},"properties":{"BASENAME":"84","NAME":"US Hwy 84 W","MTFCC":"S1200","RTTYP":"U","OID":"110499211206"}},{"type":"Feature","geometry":{"type":"LineString","coordinates":[[-83.280877000384038,30.857314999805855],[-83.280837000201061,30.857513000147566],[-83.280839999675806,30.857779999750633],[-83.280874999835902,30.857962000062042],[-83.28088400005673,30.858450000191997],[-83.28088300023181,30.858638999692122],[-83.280868000163224,30.858899999748115],[-83.280823999782271,30.859355000348113],[-83.280723000398268,30.86004299962919],[-83.280687000413252,30.860290999970935],[-83.280641000382488,30.860582000203873],[-83.280578999559893,30.860979999627755],[-83.280398999634841,30.862165999983514],[-83.280359000350188,30.862459000195773],[-83.280237999976364,30.8632910002807],[-83.280229999580456,30.863387000122447],[-83.280131999671141,30.864075999893132],[-83.280089999838353,30.864367000204844],[-83.280058999876218,30.864589000285836],[-83.280008999647492,30.864938000051218],[-83.27993900022561,30.865340999657949],[-83.279863999882537,30.865731000101945],[-83.279853999836803,30.865786000293927],[-83.279790000262693,30.866041999678764],[-83.279566999781622,30.866754000204374],[-83.279535999819473,30.866851999843181],[-83.279476000443339,30.867041999833209],[-83.279303000190978,30.867593999915986],[-83.279218999627076,30.867846000321766],[-83.279151999679925,30.868052999663774],[-83.279094999778522,30.868225999840064],[-83.278877000218642,30.868838000377824],[-83.278457000094065,30.869930999943826],[-83.278341999568013,30.870222000216163],[-83.278194000328327,30.87061700033286],[-83.278132000404057,30.87078500026194],[-83.277908999922971,30.871332000161484],[-83.277585999882803,30.872134000063461],[-83.277302000200663,30.872866999865465],[-83.277149000039785,30.873250000365854],[-83.276974000137614,30.873681000258095],[-83.276817999603679,30.87408700016006],[-83.276436999837159,30.875057000288525],[-83.276168000223649,30.875736000241897],[-83.276078999636866,30.875963000182008],[-83.27593399987191,30.876329000022864],[-83.275717999961856,30.876874999904683],[-83.275522999968189,30.877360000192571],[-83.275254000354664,30.87805399961924],[-83.275066000033689,30.878460000268404],[-83.274799999894924,30.879132000274332],[-83.274616999596816,30.879600999847103],[-83.274557000220682,30.879769000217209],[-83.274414000105537,30.88015400001866],[-83.274055000080338,30.881120999814044],[-83.273896000071687,30.881535000069643],[-83.273669000290951,30.882133999781104],[-83.273623000260201,30.88226599980085],[-83.273530000373796,30.8825300000656],[-83.273474000297284,30.882677999884155],[-83.273291999824082,30.883148999670631],[-83.273135000363567,30.883613999962588],[-83.273116999921911,30.883667999999428],[-83.27294399966955,30.88414100013469],[-83.272920000278418,30.884201000100614],[-83.272881999745266,30.884292000272801],[-83.272850999783131,30.884369000113772],[-83.272800999554406,30.884494000024169],[-83.272593000040274,30.885058000150998],[-83.272423000160956,30.885484999770117],[-83.272018000105007,30.886584999841105],[-83.271794999623921,30.887170999626079],[-83.271494000223356,30.888000999758948],[-83.271243000153191,30.888664000374501],[-83.270807999960013,30.88989999986611],[-83.270675999715536,30.890268000118343],[-83.270315999865417,30.891156000183102],[-83.270016000289772,30.891985999700356],[-83.269586999944366,30.893109000283058],[-83.268996000115578,30.894694000306668],[-83.268605000303324,30.89567899984279],[-83.268105999637726,30.896976999748588],[-83.267594000349959,30.898319999868818],[-83.267359000173329,30.898923999759262],[-83.267226999928837,30.899264999784542],[-83.26674800025306,30.900514999850181],[-83.266574000175765,30.900955000324615],[-83.266410999969153,30.901401999967259],[-83.266306000387175,30.901674000025114],[-83.265723999880905,30.903222999722257],[-83.265491000252396,30.903861000239594],[-83.265444000396727,30.90401099964231],[-83.265301000281596,30.904413000150598],[-83.265141000448025,30.904821999910965],[-83.265044000363659,30.905069999975478],[-83.264907999921206,30.905456000270725],[-83.264878999608882,30.905538000025139],[-83.264800999791078,30.905760000286023],[-83.264451999811627,30.906702000185515],[-83.264219000183118,30.907330000106079],[-83.264184999847942,30.907422999984579],[-83.264077999717813,30.907720999624676],[-83.263961000440261,30.908016000126118],[-83.263789999837726,30.90847199992205],[-83.263435999835394,30.909423000000107],[-83.263378000109086,30.909579000112323],[-83.263224000123287,30.909936000361018],[-83.263084000381212,30.910237000336725],[-83.262940000441176,30.910502999831991],[-83.262756000318149,30.910811999699401],[-83.262588999913575,30.911067999769191],[-83.262481999783461,30.911255000275411],[-83.262419000034257,30.911311000162211],[-83.262188999880479,30.911609999649951],[-83.262077999552403,30.911739999873092],[-83.262014999803213,30.911814999980713],[-83.261840999725933,30.912009999831362],[-83.261628000188921,30.912229000102894],[-83.261521999883698,30.9123410002451],[-83.261063000299387,30.912797999851996],[-83.261037000360147,30.912823000131791],[-83.261007000222904,30.912851999615803],[-83.260962999841979,30.912896999781118],[-83.260731000038376,30.913124000274976],[-83.260380000409114,30.913476999674394],[-83.260284999974544,30.913569000142324],[-83.259848000131541,30.91400199968227],[-83.258815000436869,30.915019999642404],[-83.258408999657689,30.915414999983778],[-83.258371000022862,30.915444000223552],[-83.257849999615942,30.915958000251589],[-83.257457000153877,30.916343999788538],[-83.256922000401588,30.916873000062402],[-83.255672999898522,30.91810399980033],[-83.255527000308675,30.918250000242967],[-83.254353000148683,30.919398999850067],[-83.253195999707145,30.92053099981727],[-83.252219999913891,30.921487000172093],[-83.252127000027471,30.921578000354316],[-83.251973000041687,30.92172900001686],[-83.251505000236534,30.922186999760484],[-83.25146099985561,30.922230999876163],[-83.250969999585934,30.922714000305643],[-83.250619999781549,30.923058999889793],[-83.249643999988308,30.924020999680437],[-83.249136999825097,30.924521000093531],[-83.24839100018562,30.925256000139655],[-83.245425000272689,30.928168000084455],[-83.245190999920951,30.928411000195563],[-83.244866000230942,30.928790000382566],[-83.244652999795591,30.929068000144195],[-83.244453999603977,30.929344000222308],[-83.244342000349306,30.929508000326919],[-83.24425799978539,30.929639000321242],[-83.244109999647378,30.929901999973769],[-83.244077999860352,30.929962999971544],[-83.243907999981033,30.930289999889634],[-83.243835000186081,30.930440999667617],[-83.243703999766524,30.930737999851786],[-83.243601999659262,30.931009999740425],[-83.243482999833589,30.931360999801747],[-83.243343999916405,30.931865000323455],[-83.243170999664045,30.932442999669412],[-83.242910000446457,30.933302999830595],[-83.242741000392058,30.933857999881933],[-83.242691999988253,30.933985000212644],[-83.242539999652294,30.934353999864417],[-83.242356000427577,30.934792000076982],[-83.242291000130265,30.934936000172982],[-83.242136000319547,30.935227000154399],[-83.241938999777744,30.935574000343372],[-83.241803000233631,30.93579899990597],[-83.241530000422159,30.936210999972165],[-83.241270000131166,30.936569000360834],[-83.240957000136717,30.936959999804532],[-83.240789999732144,30.937156000145716],[-83.240433000255081,30.937560000320122],[-83.240207000299264,30.937830999943749],[-83.23998800001614,30.938106000036043],[-83.239443000218117,30.938749999742427],[-83.238709000274199,30.93961900032096],[-83.238431000439832,30.939946999671033],[-83.23743700020492,30.941120000292734],[-83.235801999912482,30.943050000080234],[-83.235612999766602,30.943272999641309],[-83.233773000333073,30.945444999784357],[-83.232451999860004,30.947005999824611],[-83.231782000388492,30.947791000366479],[-83.231440999906653,30.948192000239249],[-83.229782000223068,30.950161000135108],[-83.229476999726245,30.950530999728301],[-83.229150000386426,30.950943000233551],[-83.228794999660863,30.951400000269633],[-83.2285799995757,30.951685000353642],[-83.228382999932208,30.951932999864692],[-83.228017000234331,30.952431999937158],[-83.226817000135085,30.954003000120082],[-83.226544000323599,30.954365999846541],[-83.226012000046026,30.955087000089307],[-83.225861000433284,30.955300999863123],[-83.221774999888751,30.961217000243412],[-83.219730000415808,30.964164999766524],[-83.219383999911074,30.964669999674438],[-83.219125000343325,30.965048000287617],[-83.218520000270814,30.965932000171652],[-83.217730000250398,30.967068999691225],[-83.216547999694498,30.968774999670632],[-83.216017000140155,30.969544000338995],[-83.215065999562938,30.970923000053144],[-83.215016000232552,30.970994999861389],[-83.21311800017439,30.973743000093492],[-83.209179999767841,30.979433000165571],[-83.207978999843675,30.981172999643256],[-83.207152999838257,30.982370000162909],[-83.206286999649862,30.983621999771792],[-83.20621499967983,30.983726000016532],[-83.20616899964908,30.983790999630582],[-83.206121999793396,30.983858999653357],[-83.205499000177568,30.9847700001324],[-83.205357999712248,30.984987999654653],[-83.205258999978057,30.985141999652896],[-83.205031000372415,30.985518999674614],[-83.204894999929977,30.985752000224068],[-83.20463700018712,30.986222999990339],[-83.204516999638201,30.986462000333002],[-83.20427899998684,30.986984000327215],[-83.204151999765216,30.987268999711773],[-83.204025000441931,30.98758600003476],[-83.203945999900895,30.987804999650002],[-83.203776000021591,30.988287999777786],[-83.203329000132854,30.989655999778105],[-83.202324000027275,30.992772000258476],[-83.201886000359337,30.994120000029692],[-83.201082999920132,30.996593000125397],[-83.200702999978546,30.997768000084434],[-83.199656000040164,31.001008000274517],[-83.199563000153759,31.001307999628715],[-83.199517999947901,31.001451000084657],[-83.199311000258675,31.002119999993809],[-83.198790999676675,31.003741000170518],[-83.198701000163311,31.004047999997486],[-83.198633000391254,31.004316999973845],[-83.198537000131779,31.004751999840863],[-83.198479000405456,31.005076000331847],[-83.19841400010813,31.005392999988977],[-83.198383999970886,31.00557300021411],[-83.198346000336073,31.005858000260464],[-83.198266999795038,31.006568000074829],[-83.198251999726423,31.006890999617674],[-83.198249000251693,31.007081000196205],[-83.198230999810022,31.007930999647396],[-83.19822499996225,31.008553000235192],[-83.19819700037317,31.009892999898884],[-83.198182000304541,31.011276999878849],[-83.198167000235927,31.012064999654161],[-83.198127999877855,31.014169000035597],[-83.198084000395241,31.017181999615566],[-83.198064000303759,31.018525999774766],[-83.198041999664127,31.020142000280529],[-83.198009999877101,31.022335999802326],[-83.19797100041734,31.025404999773293]]},"properties":{"BASENAME":"125","NAME":"State Rte 125","MTFCC":"S1200","RTTYP":"S","OID":"110499211222"}},{"type":"Feature","geometry":{"type":"LineString","coordinates":[[-83.305396000431116,30.824027999748495],[-83.30557800000598,30.824176000383272],[-83.30564400012824,30.824229999953449],[-83.305962999970461,30.824534999755539],[-83.306030999742518,30.824604999902274],[-83.306131000199954,30.824706999980538],[-83.306204999819798,30.824799000064129],[-83.306448000392365,30.825105000127209],[-83.30707600003106,30.825917999633759],[-83.307343999819665,30.826265999960203],[-83.307638000445863,30.826646999642584],[-83.307723999761251,30.826753000356465],[-83.307839000287316,30.826894000185856],[-83.308042999603487,30.827162999614359],[-83.308193000289648,30.827379999980572],[-83.308385999735179,30.827692000209229],[-83.308527000200485,30.827942000323354],[-83.308850000240668,30.828670999620638],[-83.30901699974693,30.829005999865618],[-83.309086000242218,30.829156999676705],[-83.309354000030808,30.829744000006713],[-83.309569000115985,30.830101999685148],[-83.309666000200366,30.830281000180829],[-83.309783000376228,30.830484000041672],[-83.309911000422744,30.830680000058607],[-83.310002999585933,30.830821000291635],[-83.310036999921124,30.830872999821999],[-83.310443999626898,30.83151599993478],[-83.310550999757027,30.831687999995417],[-83.311076000361894,30.832532999754442],[-83.31131599966308,30.832871000197912],[-83.311592999672513,30.833242000115565],[-83.311643999726144,30.833314999861908],[-83.311837999894905,30.833551999701793],[-83.311962999568379,30.833696000109551],[-83.312195000270279,30.833941000162337],[-83.31238900043904,30.834139000154124],[-83.312474999754457,30.834220000348662],[-83.3127810000762,30.834504999975337],[-83.313084000024915,30.834761999976759],[-83.313382999775641,30.835014000264412],[-83.313611000279579,30.835206000149615],[-83.313982000000365,30.835516000334742],[-83.314402999949834,30.835876000139198],[-83.314755000302341,30.836168999673212],[-83.314946000098047,30.836327999969935],[-83.31566900017134,30.836924999809796],[-83.315917999693355,30.837120999787263],[-83.31607800042525,30.837247999629806],[-83.316407000313205,30.837523000188675],[-83.316607000329753,30.837681999784891],[-83.316915000301336,30.837928999702385],[-83.317542999940045,30.838400000303157],[-83.317706999971563,30.838506999994621],[-83.31812700009614,30.838780000036525],[-83.318148999837433,30.838793999997943],[-83.318702999856313,30.83909899980782],[-83.318937000208052,30.839216000190813],[-83.319071999927274,30.839283999675402],[-83.31935499978448,30.839425999986421],[-83.32006399961405,30.839742999949738],[-83.320631999876625,30.840016999930732],[-83.321166999628915,30.840265999972441],[-83.323457000222547,30.841283999989329],[-83.324689999933753,30.841827000182107],[-83.325817000238075,30.84232399990665],[-83.326121000011696,30.842459000248521],[-83.327024999834919,30.842878999840387],[-83.327685000158993,30.843183000212314],[-83.328054000229955,30.843353000289675],[-83.328327000041398,30.843479000034687],[-83.32874499961784,30.843686000303308],[-83.329019999977461,30.843821999830553],[-83.329466000041307,30.844100000271993],[-83.329731000355167,30.844265999735391],[-83.329857999678467,30.844344999987783],[-83.33054399994181,30.844779999987797],[-83.330945999624717,30.845035000374033],[-83.331585000032405,30.845440999726488],[-83.331709999705865,30.845522999949477],[-83.331964000149071,30.845690000346753],[-83.332378000425877,30.845963000005348],[-83.332715999636349,30.846187000114003],[-83.333004000414746,30.846360999940817],[-83.333626000205683,30.846701000101024],[-83.333771999795545,30.846774999935445],[-83.334372999670094,30.847082999946103],[-83.334755999984722,30.847300000008371],[-83.335382999798526,30.847654999656147],[-83.336029999703825,30.848007999730466],[-83.336362999789756,30.848180000311931],[-83.337045999680072,30.84855699980373],[-83.337147999787305,30.848605999680021],[-83.337268000336223,30.848652000233606],[-83.337793999867671,30.84894000024762],[-83.337885999929185,30.848998000102984],[-83.338639000139679,30.849468000084141],[-83.338746000269822,30.849540000327458],[-83.338781000429918,30.849563999882417],[-83.339187000310773,30.849817999624371],[-83.339485000236593,30.85002099980597],[-83.339630000001563,30.850116999821996],[-83.341821999787584,30.851545000188523],[-83.342076000230804,30.851701999959939],[-83.342672999907379,30.852088999620374],[-83.343066000267768,30.85230700016843],[-83.343582999578416,30.852535000303462],[-83.34393699958072,30.852664999738781],[-83.3441590002369,30.85272800007202],[-83.344437000071252,30.852785999950562],[-83.344513000239232,30.852797999708326],[-83.344733000347262,30.852834999980157],[-83.34501000035668,30.852871000001684],[-83.345345000092436,30.852895000265587],[-83.345550999956771,30.852904000073835],[-83.346151000006387,30.85288999985768],[-83.346581000176698,30.852853000378218],[-83.346684999933785,30.852849999669438]]},"properties":{"BASENAME":"133","NAME":"State Rte 133","MTFCC":"S1200","RTTYP":"S","OID":"110499211223"}},{"type":"Feature","geometry":{"type":"LineString","coordinates":[[-83.052940999965926,30.849021000288538],[-83.052913000376819,30.850022000071728],[-83.052483000206507,30.853167000009229],[-83.052464999764865,30.853334000209628],[-83.052006000180555,30.857395999714662],[-83.051897000400601,30.858282000237985],[-83.051832999928195,30.858961999668807],[-83.051745000064628,30.859716999715445],[-83.051729999996027,30.859882999914095],[-83.051694999835931,30.860279999767275],[-83.051675999569355,30.860581000048199],[-83.05166200022397,30.861143000275057],[-83.051668000071743,30.861667000213913],[-83.051683999965277,30.862023000033762],[-83.052241000357199,30.870899999681036],[-83.052355999984911,30.872548999857234],[-83.052540999932845,30.875076000374218],[-83.052552999628418,30.875253000220546],[-83.052590000336636,30.875642999656066],[-83.052908000353966,30.879935000385391],[-83.052975000301117,30.880669999773357],[-83.053007999913078,30.881181000129526],[-83.053038999875213,30.881513999848359],[-83.053079999883096,30.882400000265612],[-83.053132999586566,30.884271999793349],[-83.053156999875981,30.884989000071823],[-83.053176000142571,30.885245999712318],[-83.053237000241936,30.88571999965847],[-83.053274999876763,30.885937000161981],[-83.053320999907527,30.886148000070072],[-83.053372999786049,30.886359000284308],[-83.053460999649602,30.886664999802047],[-83.053509000228502,30.886814999934177],[-83.053623000031308,30.887112999736214],[-83.053827000245818,30.887602000113517],[-83.053905999888528,30.887768999686276],[-83.054188999745747,30.888291999889624],[-83.0548409996739,30.889422000372562],[-83.055259000148652,30.890159999746849],[-83.055669000227482,30.890857000015625],[-83.056105000245566,30.891632999670311],[-83.056722000013636,30.892706000281251],[-83.057235999849524,30.89360699995084],[-83.057621999638911,30.894264999738233],[-83.057918999739812,30.894802000190047],[-83.057979999839191,30.894905000193752],[-83.058124999604146,30.895140000094251],[-83.058333000016617,30.895446000077815],[-83.058464000436189,30.895620999709486],[-83.058732000224779,30.895954000102979],[-83.058868999593827,30.896112999937927],[-83.059142000303623,30.896400000188443],[-83.05946199997075,30.896713999769812],[-83.059689999576378,30.896921999730711],[-83.059843999562162,30.897051000087217],[-83.060001999745921,30.897175999633461],[-83.060298999846836,30.897394000159778],[-83.060573000381552,30.897582999942124],[-83.060932000406737,30.89780500015209],[-83.061837999879799,30.898323999686639],[-83.062473999914431,30.898679000003959],[-83.066264000182969,30.900799000030421],[-83.067479000350829,30.901486000339705],[-83.068189999830224,30.901870999947196],[-83.068912000078583,30.902240000161864],[-83.069025999881404,30.902293999716765],[-83.069434000310395,30.902487000260752],[-83.069965999689657,30.902716000213747],[-83.070286000255095,30.902884000120331],[-83.070503999814989,30.902932999973277],[-83.071053999635893,30.903126999711255],[-83.071992999619226,30.903415000226179],[-83.072935999800535,30.903689000141885],[-83.073776999874582,30.903924999766851],[-83.074613999750667,30.904161000351543],[-83.075781000237953,30.904480999640146],[-83.075989999577004,30.904551999713007],[-83.076191000316783,30.904639999958285],[-83.07657600028125,30.904849999813635],[-83.07690799964395,30.905069999975478],[-83.077203999919959,30.905325000301108],[-83.077433000248817,30.905577999804645],[-83.077481999754298,30.905631000103366],[-83.077709000433344,30.905965000045391],[-83.077849000175419,30.906232000303092],[-83.077961000328415,30.906507999985681],[-83.078080999979022,30.906886999858788],[-83.078171000390697,30.907272000094679],[-83.078315000330733,30.907831999985344],[-83.078347999942721,30.907961000284494],[-83.078408000217166,30.908197000166552],[-83.078438000354396,30.908314000231986],[-83.078515000347295,30.90861799964765],[-83.078574999723429,30.908916999842287],[-83.078628000325182,30.909263000272965],[-83.078677999655582,30.909642000026317],[-83.078715000363829,30.91002299986998],[-83.078954999665029,30.911902999713536],[-83.079047999551449,30.912654999944888],[-83.079326000284098,30.914899000173474],[-83.079339999629497,30.915017999697039],[-83.079375999614513,30.915303000356971],[-83.079399999903956,30.915492999811519],[-83.079620000011971,30.917084000384154],[-83.080511000314743,30.923340000170541],[-83.080698999737393,30.924713999734077],[-83.080805000042602,30.925630000036112],[-83.080873999639579,30.926548999983325],[-83.080907000149864,30.927268000030782],[-83.080923999868304,30.927987000066565],[-83.080947000332841,30.929930999674404],[-83.080995999838322,30.932589999973573],[-83.081029000348593,30.933915999956806],[-83.081044000417208,30.935203999859777],[-83.081066000158515,30.936153999885544],[-83.081113000014199,30.937524999886207],[-83.081150999649026,30.938370999740648],[-83.081636999895821,30.945459000340247],[-83.081704999667878,30.946452999897424],[-83.081754000071683,30.947625000005402],[-83.081761999569295,30.948086999793492]]},"properties":{"BASENAME":"135","NAME":"State Rte 135","MTFCC":"S1200","RTTYP":"S","OID":"110499211225"}},{"type":"Feature","geometry":{"type":"LineString","coordinates":[[-83.079728999791925,30.908471000266257],[-83.080103999710659,30.90971199971079],[-83.080620999919589,30.912421000266431],[-83.080923999868304,30.913982000013693],[-83.080974999921921,30.914316999691568],[-83.08098800034071,30.914378000380911],[-83.081019000302845,30.914466000068671],[-83.081061000135634,30.914551999720349],[-83.081171999565413,30.914732999729512],[-83.081239000410889,30.91481600037282],[-83.08131700022868,30.914893000329538],[-83.082205999983316,30.91566099963962],[-83.083674999696072,30.916969999723889],[-83.084046000315155,30.91730799996078],[-83.084136999653424,30.917406000284984],[-83.084212999821403,30.917513999975526],[-83.084369000355338,30.917757999740846],[-83.084530999838734,30.918025000233339],[-83.085759000425369,30.920117999702509],[-83.086688000362983,30.921629999979192],[-83.087095000068743,30.922334999928964],[-83.08751600001824,30.923033999972887],[-83.088576000375397,30.924561999902007],[-83.089385999588984,30.925697000384368],[-83.089615999742762,30.926027000207103],[-83.089830000003005,30.926363000327843],[-83.090003000255351,30.926674999768192],[-83.090157000241149,30.926995000053445],[-83.091024000254464,30.92887200017454],[-83.09112200016375,30.929040999834125],[-83.091244000362479,30.929200000180391],[-83.091381999556432,30.929360999907932],[-83.091527000219699,30.929519000286305],[-83.091774000091903,30.929775999817387],[-83.092025999986987,30.930030999796781],[-83.09292099958941,30.930897999879978],[-83.093766999686309,30.931737000075703],[-83.094477000239095,30.932425999761151],[-83.094580999996182,30.932533000039719],[-83.094674999707522,30.932645000296617],[-83.094781000012716,30.932792000290252],[-83.095100999679872,30.933261999916983],[-83.09531300029029,30.93358699978312],[-83.095775000247642,30.934390000073687],[-83.096392999840617,30.935406000047223],[-83.096894999980961,30.936202000285185],[-83.097216000371333,30.936691999646875],[-83.097412000189891,30.936989999804183],[-83.097669999932762,30.937347000233071],[-83.09794600011729,30.937693999661374],[-83.098635999680269,30.938533999659274],[-83.099065999850595,30.939066000026354],[-83.099486999800064,30.939603000248709],[-83.100275999995574,30.940668000080993],[-83.100964999733662,30.941572999988164],[-83.101143000008889,30.941832999709252],[-83.10130200001754,30.942104000316398],[-83.101353999896077,30.942211999852312],[-83.101390999706013,30.94232300025411],[-83.101428000414245,30.942501999957194],[-83.101450999980472,30.942681000095455],[-83.101465000224167,30.942868999729097],[-83.101466000049086,30.943056999763364],[-83.101440000109804,30.943332000229308],[-83.101396999553785,30.943605999844948],[-83.101239000268365,30.944395000013277],[-83.10084699973288,30.946258000161617],[-83.100805999724983,30.946682000153753],[-83.100731000280248,30.947067999717216],[-83.100645999891427,30.94751899968891],[-83.100501000126471,30.948457999722152],[-83.100490000255817,30.948555999709946]]},"properties":{"BASENAME":"175","NAME":"State Rte 175","MTFCC":"S1200","RTTYP":"S","OID":"110499211226"}},{"type":"Feature","geometry":{"type":"LineString","coordinates":[[-83.178728000070009,30.683704999643492],[-83.178622999589706,30.684031000025659],[-83.178297999899698,30.685054000327835],[-83.177856000033827,30.686438000046561],[-83.177806999630022,30.686563999886392],[-83.177654000367454,30.686902000262993],[-83.177496000183709,30.687195000123459],[-83.177351000418753,30.687431999979591],[-83.177127000112776,30.687737000049943],[-83.17698200034782,30.687904999856922],[-83.176831999661673,30.688092999754222],[-83.176556000375456,30.688366000313323],[-83.176342999940132,30.688556999741834],[-83.176070000128661,30.688779000325681],[-83.17596999967121,30.688856000054034],[-83.175742999890517,30.689008999703201]]},"properties":{"BASENAME":"East","NAME":"N East St","MTFCC":"S1200","RTTYP":"M","OID":"110499211542"}},{"type":"Feature","geometry":{"type":"LineString","coordinates":[[-83.278825000340078,30.830764999638486],[-83.278546999607428,30.830872999821999],[-83.278296000435574,30.830970999869049],[-83.277989000288912,30.831085000285924],[-83.27744500031578,30.831295999820693],[-83.277229000405725,30.831386000384136],[-83.276564999883689,30.831651000053235],[-83.276364000042236,30.83171900026954],[-83.274728999749811,30.832359000308138],[-83.273480000145071,30.832850000116053],[-83.272654999964544,30.833163999648974],[-83.272093000448081,30.83336800002337],[-83.271971000249337,30.833447999658585],[-83.271874000164956,30.833446000324166],[-83.270722999571205,30.833810000375642],[-83.270509000209273,30.833863999926621],[-83.269542999563427,30.834168000317327],[-83.268410000309657,30.834534999683861],[-83.268148000368825,30.834634000275173],[-83.267830000351523,30.834766999786925],[-83.267633999634626,30.834853999680988],[-83.267350999777406,30.834974000336391],[-83.267161999631526,30.835049000380554],[-83.266975000033767,30.83512999980714],[-83.266913999934403,30.835157000372075],[-83.266026999829592,30.83554200037446],[-83.264632999561584,30.836138000064931],[-83.263256999735248,30.836744000096882],[-83.262516999943557,30.837068999785021],[-83.261956000251971,30.837296999882408],[-83.26154799982298,30.837447999763775],[-83.260878000351468,30.837677000126639],[-83.260187000065258,30.837897000270416],[-83.259822000192273,30.838019000216896],[-83.259300999785367,30.838183999784011],[-83.257867000232707,30.838646000302258],[-83.256785000134229,30.839003999945696],[-83.255667999875655,30.839365000155553],[-83.255441000094947,30.839431999929729],[-83.253449000325446,30.840074999781351],[-83.252866999819162,30.840273000230681],[-83.252205999670196,30.840515999732915],[-83.252062999555051,30.840572000095964],[-83.251846999644997,30.840655999807932],[-83.250736999957425,30.84110100006728],[-83.249650999660986,30.841534000182765],[-83.249485999804548,30.841608999728155],[-83.247386000080027,30.842412000236745],[-83.246914999901833,30.842584999624933],[-83.246543000356169,30.84273100027476],[-83.246151999645591,30.842871999772271]]},"properties":{"BASENAME":"Hill","NAME":"E Hill Ave","MTFCC":"S1200","RTTYP":"M","OID":"110499211588"}},{"type":"Feature","geometry":{"type":"LineString","coordinates":[[-83.321666000294499,30.815675000149959],[-83.321343000254316,30.815836999994218],[-83.321323000162835,30.815847000042321],[-83.320687000128203,30.816132000204281],[-83.320621999830863,30.816160999634683],[-83.320149999827763,30.816369000027908],[-83.319998000390115,30.816438000110814],[-83.3195110003184,30.816625999973354],[-83.319225000088139,30.816756000221176],[-83.319045000163072,30.816848000207163],[-83.318796999567653,30.816984999796574],[-83.318601999573985,30.817074999887883],[-83.318446999763268,30.817155999820827],[-83.318307000021193,30.817220000157644],[-83.318101999981778,30.817314999976233],[-83.318011999570103,30.817350000372997],[-83.317721000215272,30.817465999656982],[-83.317563000031527,30.817556999901708],[-83.317295000242922,30.817729000281407],[-83.317192000310769,30.817781999789091],[-83.317024000081275,30.817839999959226],[-83.316866999722436,30.817911000186331],[-83.316781000407033,30.817947000194501],[-83.316696999843117,30.817987000273458],[-83.316393000069496,30.818122000127623],[-83.316169999588439,30.818251000068148],[-83.315307999597991,30.818678000184285],[-83.315206000389054,30.818744999739298],[-83.314537999669056,30.819096999869352],[-83.313463000141596,30.819671999943303],[-83.312971000047,30.819943999740847],[-83.312673999946085,30.82010699990553],[-83.311949000222995,30.82047799977428],[-83.310559999977855,30.821144999793113],[-83.310248999633231,30.821279999836968],[-83.309602999552851,30.821601000259101],[-83.309278999687749,30.821775999705661],[-83.309061999952775,30.821880000050058],[-83.308909999616802,30.821945000111633],[-83.308804000209932,30.822003999868379],[-83.308785999768261,30.82201499983211],[-83.30847899962157,30.822185000373388],[-83.308363000168953,30.822243999982682],[-83.308040999953676,30.822401999646878],[-83.307804999952126,30.822506000084768],[-83.307476000064156,30.822635000308175],[-83.307178999963227,30.822740000272407],[-83.306994000015294,30.822797999762589],[-83.306602000378135,30.822900000217505],[-83.306243000352936,30.82298899961836],[-83.305956000297755,30.823046999729591],[-83.305810999634488,30.823075000382609],[-83.305245999744955,30.823147000371112],[-83.305101999804918,30.823159999752608],[-83.305023999987114,30.823165000166977],[-83.304809999726871,30.823172999903736],[-83.30463399999978,30.823186999827165],[-83.30446099974742,30.823195000333541],[-83.304290999868115,30.823190999694717],[-83.304062000437568,30.823203000067728],[-83.303929000368171,30.823210999801319],[-83.30383099956056,30.823216000213083],[-83.303519000289356,30.823216999986794],[-83.30265099955281,30.823237000088053],[-83.302511999635627,30.82323799986154],[-83.302195000341555,30.823231999677439],[-83.301895999692476,30.823234999769532],[-83.301215000350325,30.823224999719216],[-83.30099400041739,30.823226000264341],[-83.300879999716244,30.823221999626814],[-83.298806999755911,30.82325000022875],[-83.298489999563486,30.823260000276449],[-83.298376999585585,30.823274000187219],[-83.298232999645549,30.823295000049495],[-83.29809399972838,30.823323999631352],[-83.297975999727598,30.823353999748186],[-83.297737000251317,30.82343199969959],[-83.29760599983176,30.823483000375276],[-83.295946000323283,30.824101000329872],[-83.295650999872194,30.824214999647332],[-83.294805999600172,30.82452700013225],[-83.293803999867649,30.824894999856131],[-83.292879000128011,30.825237999727072],[-83.291797000029561,30.825672000184944],[-83.290913000297792,30.826018000371025],[-83.290406999959501,30.826205000251285],[-83.29002799984282,30.826363000340688],[-83.288899999713578,30.826819999677554],[-83.288794000306694,30.826856000202973],[-83.288470000441592,30.826990000197483],[-83.288356999565366,30.827036000313601],[-83.288079999555947,30.827138000123643],[-83.287964000103287,30.827181999932627],[-83.287634000390426,30.827317999705592],[-83.286830999951192,30.82761000017814],[-83.286513999758796,30.827724999684605],[-83.286069000418195,30.827895000144856],[-83.285491000109872,30.828116000061801],[-83.285291000093338,30.828199000153958],[-83.284814999892262,30.828415000001776],[-83.28461900007369,30.828503999690586],[-83.284356000307952,30.828585999729498],[-83.28425500002561,30.828628000211467],[-83.284015999651018,30.828715000269874],[-83.282558999633835,30.82931500030778],[-83.281935000193059,30.829554999890142],[-83.281667000404468,30.829662000185493],[-83.280798999667908,30.82999299970249],[-83.280263999915618,30.830204999795694],[-83.279950000096278,30.830323999621015],[-83.279431000237494,30.830527999859893],[-83.278825000340078,30.830764999638486]]},"properties":{"BASENAME":"Hill","NAME":"W Hill Ave","MTFCC":"S1200","RTTYP":"M","OID":"110499211590"}},{"type":"Feature","geometry":{"type":"LineString","coordinates":[[-83.378537999572316,30.989909000191673],[-83.377528000342181,30.990152000368063],[-83.376166999686149,30.990503999868121],[-83.375477999948046,30.990679000335032],[-83.374776999616074,30.990856000379509],[-83.373866999945065,30.99108700032204],[-83.373737000248724,30.991119999718109],[-83.373656999882783,30.991140000186618],[-83.373558999973497,30.991164999996265],[-83.373430000102061,30.991198999696106],[-83.37288899960366,30.991334000355142],[-83.372768999953067,30.991354000008744],[-83.372724999572142,30.991383000307486]]},"properties":{"BASENAME":"Main","NAME":"W Main St","MTFCC":"S1200","RTTYP":"M","OID":"110499211660"}},{"type":"Feature","geometry":{"type":"LineString","coordinates":[[-83.280863999965248,30.856782999970907],[-83.280518000358839,30.856824000255909],[-83.280203999641174,30.856840999710673],[-83.279731999638074,30.856860000322474],[-83.278570999896871,30.856919000209491],[-83.277717000302346,30.856955999662659],[-83.277492000171463,30.856946000041116],[-83.277267000040567,30.856958000049548],[-83.277166999583116,30.856974000058429],[-83.277057999803176,30.856972999865175],[-83.276486000240965,30.856998000066753],[-83.274461999786126,30.857079999664279],[-83.272588000017393,30.857161999962866],[-83.272310000183055,30.857171000141875],[-83.271214999665773,30.857220999664126],[-83.270709000225821,30.857244000191322],[-83.270514000232154,30.857253000362576],[-83.270018999764488,30.857274999920882],[-83.268926999620291,30.857319999983108],[-83.266699999674145,30.857411999650466],[-83.266212999602431,30.857459000024786],[-83.265979000149031,30.857472000157085],[-83.265593000359644,30.857477000326146],[-83.265023000447258,30.857502999812944],[-83.264153000060887,30.8575260002725],[-83.263501999957654,30.857556999910891],[-83.263378000109086,30.857559999701227],[-83.262920000349681,30.857588999726101],[-83.262466999714832,30.85763999998796],[-83.262213999994827,30.857675999748135],[-83.261905000198368,30.857725999778268],[-83.261597000226786,30.857786000088421],[-83.261269000163722,30.857865000002601],[-83.260982000108555,30.857943999851724],[-83.2606199997103,30.85804800033474],[-83.260536000044709,30.858077999622605],[-83.260248999989528,30.858180999779634],[-83.260151999905162,30.858228999957287],[-83.260024999683552,30.858278000290536],[-83.25968699957474,30.858433000251352],[-83.259263000150526,30.858633000178877],[-83.259075999654456,30.858729000057608],[-83.258936999737287,30.85879200026314],[-83.258812999888733,30.858863999676245],[-83.258628999765719,30.858961999668807],[-83.258540999902166,30.859003999965402],[-83.258462000259456,30.859042000328099],[-83.258418999703437,30.859063000075619],[-83.258099000036296,30.859249000172383],[-83.257781000018966,30.859455000173615],[-83.257042999877086,30.859885000239931],[-83.256688000049849,30.860090000256303],[-83.256462999918966,30.860221999794092],[-83.256154999947384,30.860405000254865],[-83.25603000027391,30.860478000155791],[-83.255877000113045,30.860561000017867],[-83.254590999800072,30.861313000139372],[-83.25451999965496,30.861355000177326],[-83.254488999692811,30.861372999747335],[-83.250040999648334,30.86397199977948],[-83.24849900014064,30.864869000134313],[-83.247150999903397,30.865660999882085],[-83.246888000137645,30.865831000217263],[-83.246479999708654,30.866114999914245],[-83.24611900003363,30.866409999813637],[-83.245763000381473,30.866736000102474],[-83.245319999792386,30.867157999974719],[-83.244552000411588,30.867902000150604],[-83.243780999759423,30.868664999763979],[-83.243290000388058,30.869125999913763],[-83.242731000346325,30.869677000271718],[-83.242567000314779,30.869844000247252],[-83.242395999712244,30.870016000218072],[-83.241542999942638,30.870834000346392],[-83.241315000337011,30.871054000007806],[-83.23913699989636,30.873151000304713],[-83.238991000306484,30.873279000270973],[-83.238385000409082,30.873859999631165],[-83.236913000323284,30.875294000316917],[-83.236790000299621,30.875411999725355],[-83.235741999638037,30.87641799998141],[-83.235416999948029,30.876709999819351],[-83.235180000121559,30.876906000225457],[-83.234922000378702,30.877099000280733],[-83.234636000148427,30.877293999909849],[-83.234221000046745,30.877561999911062],[-83.234119999764403,30.877620000186639],[-83.234078999756505,30.877643999652364],[-83.233512000217175,30.877941000252907],[-83.233360999706122,30.878012999932793],[-83.232851999893086,30.878228000218215],[-83.232254000391592,30.878441000082688],[-83.231126000262378,30.878826999788817],[-83.230956000383074,30.878885000069594],[-83.228372000061555,30.879767000306344],[-83.228069000112853,30.879872000197526],[-83.226540000125638,30.880401000035846],[-83.224924999924681,30.880949999672431]]},"properties":{"BASENAME":"Park","NAME":"E Park Ave","MTFCC":"S1200","RTTYP":"M","OID":"110499211697"}},{"type":"Feature","geometry":{"type":"LineString","coordinates":[[-83.199302000037832,30.687270999928828],[-83.199369999809889,30.68716500004151],[-83.199405999794905,30.687119999901057],[-83.199436999757054,30.687093000270277],[-83.199496000206594,30.687039999857156],[-83.199666000085898,30.686911999803559],[-83.199789999934467,30.686817999909632],[-83.199847999660804,30.686774000026428],[-83.200107000126877,30.686585999878286],[-83.20040099985475,30.686385000046414],[-83.20070200015364,30.686192000106161],[-83.200947000376004,30.686047000177467],[-83.201200000096009,30.685910000364373],[-83.201458999663785,30.685780999928511],[-83.201749999916913,30.685645000168652],[-83.202047000017842,30.685518000242638],[-83.202459999571403,30.685354999995525],[-83.202883000069008,30.6852110000175],[-83.2032350004215,30.68511200014947],[-83.203591999898578,30.68502799978382],[-83.203935999855162,30.684955999964075],[-83.204018999695833,30.684939000245553],[-83.204448000041239,30.684863000149591],[-83.205541999835276,30.684691000240157],[-83.207778000002236,30.68434700027456],[-83.209876000076932,30.684016999941853],[-83.209983000207046,30.684000999733144],[-83.210283999607626,30.683952999863816],[-83.211211999720305,30.683806000308511],[-83.212324999780918,30.683629999800338],[-83.212822999723286,30.683552000087069],[-83.213201000015061,30.683492999648045],[-83.213349000153073,30.683470000043272],[-83.213976999791782,30.683370000253582],[-83.214357999558288,30.683302999927097],[-83.214828999736483,30.683215000027264],[-83.214909000102423,30.683195999862807],[-83.215160000172602,30.683139999803529],[-83.21548499986261,30.683051999755079],[-83.215842000237984,30.682942000354405],[-83.216192000042355,30.682819000258085],[-83.216563999588018,30.682668999909716],[-83.217428999951508,30.682333000323474],[-83.219865999959936,30.681363999949276],[-83.220348999833689,30.681176000083514],[-83.220756000437774,30.681018000307766],[-83.222040000202611,30.680501000261589],[-83.222301000318524,30.680396000380256],[-83.222403000425771,30.680356000285062],[-83.22281299960629,30.680192000107954],[-83.223077000095245,30.680086999890676],[-83.223507000265556,30.6799149999724],[-83.223587999558092,30.679882999738236],[-83.223899999727635,30.679761000100058],[-83.224416999936565,30.679559999967498],[-83.224628999648672,30.67948299977898],[-83.224846000281971,30.679415999845979],[-83.22506200019204,30.679359000189201],[-83.22545899985208,30.679244000277802],[-83.226138000442731,30.679174999956167],[-83.226387999789665,30.679157000267292],[-83.226468999980511,30.679151000370204],[-83.226800000416631,30.679138999802404],[-83.227098000342465,30.679141999751362],[-83.22739500044338,30.679160999940869],[-83.227667000429932,30.679188999969426],[-83.227935000218551,30.679230999997035],[-83.228838000216868,30.679407000024359],[-83.229935000383946,30.679623000146314],[-83.232152000284358,30.680061000326933],[-83.234251000183946,30.680478999655787],[-83.234811000050613,30.680589000316925],[-83.235200000213041,30.680672000199152],[-83.235586999827333,30.680767000376989],[-83.235934999981879,30.680868999959657]]},"properties":{"BASENAME":"Lakes","NAME":"Lakes Blvd","MTFCC":"S1200","RTTYP":"M","OID":"110499222931"}},{"type":"Feature","geometry":{"type":"LineString","coordinates":[[-83.277989000288912,30.831085000285924],[-83.278478999835372,30.83202700001079],[-83.278627999798275,30.832314000107431],[-83.278992999671274,30.833029999787222],[-83.279097000326672,30.833235999785224],[-83.279139999984352,30.8333379999501],[-83.279172999596327,30.833463000064825],[-83.279205000281692,30.833641999692695],[-83.279273999878654,30.834200999880625],[-83.279325999757191,30.834531999944858],[-83.279340999825806,30.834672000264664],[-83.279386000031664,30.835074000125189],[-83.279463000024549,30.83569400034682],[-83.279586000048198,30.83665500033441],[-83.279610000337641,30.836882000241264],[-83.279687000330526,30.83749499989294],[-83.279750000079716,30.838037000309686],[-83.279821000224842,30.838578999979347],[-83.279889999821819,30.839135999964132],[-83.279916999585993,30.839386000354573],[-83.27993900022561,30.839539000013101],[-83.280059999701137,30.840505999940135],[-83.280077000317888,30.840727000131562],[-83.280115999777621,30.841501999639057],[-83.280135999869103,30.841733999868566],[-83.280155999960584,30.842043000214179],[-83.280157999610424,30.842282000018631],[-83.280212999862002,30.843178000069372],[-83.280228999755522,30.843567999638537],[-83.280258000067832,30.844008000176263],[-83.28028599965694,30.844634000142062],[-83.280314000144344,30.845069000374334],[-83.280376000068614,30.846074999739425],[-83.280388999589107,30.846438000175617],[-83.280443000015765,30.847493000283997],[-83.280490999696354,30.84838600018103],[-83.280509000138025,30.848719999972143],[-83.28053900027524,30.849466000312244],[-83.280592999803602,30.850688999950361],[-83.280658000100928,30.851613000189847],[-83.280689999887969,30.852206000358166],[-83.28071099980437,30.852687000349484],[-83.280793999645056,30.854369999721211],[-83.280838999850886,30.855281999756926],[-83.280851000444784,30.855728000244323],[-83.280867000338304,30.856417000298713],[-83.280863999965248,30.856782999970907],[-83.280874999835902,30.857088999850976],[-83.280877000384038,30.857314999805855],[-83.281027999996766,30.857618999928807],[-83.281072000377705,30.857682000092421],[-83.281105999814585,30.857738999874371],[-83.281315999876867,30.85809999976275],[-83.28148400010636,30.858424000190848],[-83.282134000384687,30.859632000333953],[-83.282288000370485,30.859910999844985],[-83.282370000386251,30.860062999767624],[-83.282531999869633,30.860361999642819],[-83.282623999931147,30.860534999817975],[-83.283147999812797,30.861492000246731],[-83.28367400024257,30.862445999968454],[-83.284018000199154,30.863077999902938],[-83.284059000207051,30.863158000212543],[-83.284147999895481,30.863327000232626],[-83.284458000415214,30.863893000270231],[-83.285098999574402,30.865039000331798],[-83.285639000247883,30.865862000254953],[-83.286324999612916,30.866895999947449],[-83.286424000245432,30.867045000097828],[-83.28671499960025,30.867489999763453],[-83.28737800029738,30.868499000120487],[-83.287461000138052,30.868602999949314],[-83.287491000275281,30.868662000321034],[-83.28802299965453,30.869478000313322],[-83.288395999923438,30.870041000102933],[-83.288544999886341,30.870280000307968],[-83.288729999834274,30.870526000280492],[-83.288910999584246,30.870790999785807],[-83.289125999669395,30.871124000144682],[-83.289607999718257,30.871856999960944],[-83.289955999872788,30.872402999878297],[-83.290067000200878,30.872575999913483],[-83.290262000194531,30.872877000139553],[-83.290500999670826,30.873245000248371],[-83.290820000411372,30.87371900020036],[-83.29106499973544,30.874105999667023],[-83.291185000284358,30.874309000089287],[-83.291759000394705,30.87520900009763],[-83.291827999991696,30.875298000325355],[-83.291913000380504,30.875424999736232],[-83.292026000358391,30.875587999723059],[-83.292161000077613,30.875820999993781],[-83.292212000131244,30.875908999657423],[-83.292270999682472,30.876008999948127],[-83.292375000337856,30.876189000362576],[-83.292470999699006,30.876352999811946],[-83.29268999998213,30.876617000178804]]},"properties":{"BASENAME":"Ashley","NAME":"N Ashley St","MTFCC":"S1200","RTTYP":"M","OID":"110499236677"}},{"type":"Feature","geometry":{"type":"LineString","coordinates":[[-83.27762299969271,30.830085000120601],[-83.277879999610661,30.830788000337726],[-83.277989000288912,30.831085000285924]]},"properties":{"BASENAME":"Ashley","NAME":"S Ashley St","MTFCC":"S1200","RTTYP":"M","OID":"110499236840"}},{"type":"Feature","geometry":{"type":"LineString","coordinates":[[-83.275482999785211,30.824407000303093],[-83.27550799989956,30.824466000089974],[-83.275532000189017,30.824544999669435],[-83.275558000128285,30.824691999748946],[-83.275567000349113,30.824841999645358],[-83.275585999717379,30.824973000098584],[-83.275620000052569,30.825151000375055],[-83.275552000280499,30.825376000213328],[-83.275558000128285,30.825699000324537],[-83.27557099964875,30.825859999713884],[-83.275568000174033,30.826256999967658],[-83.2755730001969,30.826480999788679],[-83.275604999983955,30.826601000111445],[-83.275660000235533,30.826710000088276],[-83.27582599991689,30.827011999752674],[-83.276429000339547,30.828146999946608],[-83.276450000255949,30.828185999911906],[-83.276456999928655,30.828199999875842],[-83.276738999960969,30.828729999872962],[-83.276836999870255,30.828916000156411],[-83.276853999588695,30.828948000268404],[-83.276904999642298,30.829045000253355],[-83.276984000183347,30.829196000003122],[-83.277138999994037,30.829475000096039],[-83.277236000078432,30.829649000141551],[-83.277441999942738,30.830186999776817]]},"properties":{"BASENAME":"Ashley","NAME":"S Ashley St","MTFCC":"S1200","RTTYP":"M","OID":"110499236842"}},{"type":"Feature","geometry":{"type":"LineString","coordinates":[[-83.280877000384038,30.857314999805855],[-83.280837000201061,30.857513000147566],[-83.280839999675806,30.857779999750633],[-83.280874999835902,30.857962000062042],[-83.28088400005673,30.858450000191997],[-83.28088300023181,30.858638999692122],[-83.280868000163224,30.858899999748115],[-83.280823999782271,30.859355000348113],[-83.280723000398268,30.86004299962919],[-83.280687000413252,30.860290999970935],[-83.280641000382488,30.860582000203873],[-83.280578999559893,30.860979999627755],[-83.280398999634841,30.862165999983514],[-83.280359000350188,30.862459000195773],[-83.280237999976364,30.8632910002807],[-83.280229999580456,30.863387000122447],[-83.280131999671141,30.864075999893132],[-83.280089999838353,30.864367000204844],[-83.280058999876218,30.864589000285836],[-83.280008999647492,30.864938000051218],[-83.27993900022561,30.865340999657949],[-83.279863999882537,30.865731000101945],[-83.279853999836803,30.865786000293927],[-83.279790000262693,30.866041999678764],[-83.279566999781622,30.866754000204374],[-83.279535999819473,30.866851999843181],[-83.279476000443339,30.867041999833209],[-83.279303000190978,30.867593999915986],[-83.279218999627076,30.867846000321766],[-83.279151999679925,30.868052999663774],[-83.279094999778522,30.868225999840064],[-83.278877000218642,30.868838000377824],[-83.278457000094065,30.869930999943826],[-83.278341999568013,30.870222000216163],[-83.278194000328327,30.87061700033286],[-83.278132000404057,30.87078500026194],[-83.277908999922971,30.871332000161484],[-83.277585999882803,30.872134000063461],[-83.277302000200663,30.872866999865465],[-83.277149000039785,30.873250000365854],[-83.276974000137614,30.873681000258095],[-83.276817999603679,30.87408700016006],[-83.276436999837159,30.875057000288525],[-83.276168000223649,30.875736000241897],[-83.276078999636866,30.875963000182008],[-83.27593399987191,30.876329000022864],[-83.275717999961856,30.876874999904683],[-83.275522999968189,30.877360000192571],[-83.275254000354664,30.87805399961924],[-83.275066000033689,30.878460000268404],[-83.274799999894924,30.879132000274332],[-83.274616999596816,30.879600999847103],[-83.274557000220682,30.879769000217209],[-83.274414000105537,30.88015400001866],[-83.274055000080338,30.881120999814044],[-83.273896000071687,30.881535000069643],[-83.273669000290951,30.882133999781104],[-83.273623000260201,30.88226599980085],[-83.273530000373796,30.8825300000656],[-83.273474000297284,30.882677999884155],[-83.273291999824082,30.883148999670631],[-83.273135000363567,30.883613999962588],[-83.273116999921911,30.883667999999428],[-83.27294399966955,30.88414100013469],[-83.272920000278418,30.884201000100614],[-83.272881999745266,30.884292000272801],[-83.272850999783131,30.884369000113772],[-83.272800999554406,30.884494000024169],[-83.272593000040274,30.885058000150998],[-83.272423000160956,30.885484999770117],[-83.272018000105007,30.886584999841105],[-83.271794999623921,30.887170999626079],[-83.271494000223356,30.888000999758948],[-83.271243000153191,30.888664000374501],[-83.270807999960013,30.88989999986611],[-83.270675999715536,30.890268000118343],[-83.270315999865417,30.891156000183102],[-83.270016000289772,30.891985999700356],[-83.269586999944366,30.893109000283058],[-83.268996000115578,30.894694000306668],[-83.268605000303324,30.89567899984279],[-83.268105999637726,30.896976999748588],[-83.267594000349959,30.898319999868818],[-83.267359000173329,30.898923999759262],[-83.267226999928837,30.899264999784542],[-83.26674800025306,30.900514999850181],[-83.266574000175765,30.900955000324615],[-83.266410999969153,30.901401999967259],[-83.266306000387175,30.901674000025114],[-83.265723999880905,30.903222999722257],[-83.265491000252396,30.903861000239594],[-83.265444000396727,30.90401099964231],[-83.265301000281596,30.904413000150598],[-83.265141000448025,30.904821999910965],[-83.265044000363659,30.905069999975478],[-83.264907999921206,30.905456000270725],[-83.264878999608882,30.905538000025139],[-83.264800999791078,30.905760000286023],[-83.264451999811627,30.906702000185515],[-83.264219000183118,30.907330000106079],[-83.264184999847942,30.907422999984579],[-83.264077999717813,30.907720999624676],[-83.263961000440261,30.908016000126118],[-83.263789999837726,30.90847199992205],[-83.263435999835394,30.909423000000107],[-83.263378000109086,30.909579000112323],[-83.263224000123287,30.909936000361018],[-83.263084000381212,30.910237000336725],[-83.262940000441176,30.910502999831991],[-83.262756000318149,30.910811999699401],[-83.262588999913575,30.911067999769191],[-83.262481999783461,30.911255000275411],[-83.262419000034257,30.911311000162211],[-83.262188999880479,30.911609999649951],[-83.262077999552403,30.911739999873092],[-83.262014999803213,30.911814999980713],[-83.261840999725933,30.912009999831362],[-83.261628000188921,30.912229000102894],[-83.261521999883698,30.9123410002451],[-83.261063000299387,30.912797999851996],[-83.261037000360147,30.912823000131791],[-83.261007000222904,30.912851999615803],[-83.260962999841979,30.912896999781118],[-83.260731000038376,30.913124000274976],[-83.260380000409114,30.913476999674394],[-83.260284999974544,30.913569000142324],[-83.259848000131541,30.91400199968227],[-83.258815000436869,30.915019999642404],[-83.258408999657689,30.915414999983778],[-83.258371000022862,30.915444000223552],[-83.257849999615942,30.915958000251589],[-83.257457000153877,30.916343999788538],[-83.256922000401588,30.916873000062402],[-83.255672999898522,30.91810399980033],[-83.255527000308675,30.918250000242967],[-83.254353000148683,30.919398999850067],[-83.253195999707145,30.92053099981727],[-83.252219999913891,30.921487000172093],[-83.252127000027471,30.921578000354316],[-83.251973000041687,30.92172900001686],[-83.251505000236534,30.922186999760484],[-83.25146099985561,30.922230999876163],[-83.250969999585934,30.922714000305643],[-83.250619999781549,30.923058999889793],[-83.249643999988308,30.924020999680437],[-83.249136999825097,30.924521000093531],[-83.24839100018562,30.925256000139655],[-83.245425000272689,30.928168000084455],[-83.245190999920951,30.928411000195563],[-83.244866000230942,30.928790000382566],[-83.244652999795591,30.929068000144195],[-83.244453999603977,30.929344000222308],[-83.244342000349306,30.929508000326919],[-83.24425799978539,30.929639000321242],[-83.244109999647378,30.929901999973769],[-83.244077999860352,30.929962999971544],[-83.243907999981033,30.930289999889634],[-83.243835000186081,30.930440999667617],[-83.243703999766524,30.930737999851786],[-83.243601999659262,30.931009999740425],[-83.243482999833589,30.931360999801747],[-83.243343999916405,30.931865000323455],[-83.243170999664045,30.932442999669412],[-83.242910000446457,30.933302999830595],[-83.242741000392058,30.933857999881933],[-83.242691999988253,30.933985000212644],[-83.242539999652294,30.934353999864417],[-83.242356000427577,30.934792000076982],[-83.242291000130265,30.934936000172982],[-83.242136000319547,30.935227000154399],[-83.241938999777744,30.935574000343372],[-83.241803000233631,30.93579899990597],[-83.241530000422159,30.936210999972165],[-83.241270000131166,30.936569000360834],[-83.240957000136717,30.936959999804532],[-83.240789999732144,30.937156000145716],[-83.240433000255081,30.937560000320122],[-83.240207000299264,30.937830999943749],[-83.23998800001614,30.938106000036043],[-83.239443000218117,30.938749999742427],[-83.238709000274199,30.93961900032096],[-83.238431000439832,30.939946999671033],[-83.23743700020492,30.941120000292734],[-83.235801999912482,30.943050000080234],[-83.235612999766602,30.943272999641309],[-83.233773000333073,30.945444999784357],[-83.232451999860004,30.947005999824611],[-83.231782000388492,30.947791000366479],[-83.231440999906653,30.948192000239249],[-83.229782000223068,30.950161000135108],[-83.229476999726245,30.950530999728301],[-83.229150000386426,30.950943000233551],[-83.228794999660863,30.951400000269633],[-83.2285799995757,30.951685000353642],[-83.228382999932208,30.951932999864692],[-83.228017000234331,30.952431999937158],[-83.226817000135085,30.954003000120082],[-83.226544000323599,30.954365999846541],[-83.226012000046026,30.955087000089307],[-83.225861000433284,30.955300999863123],[-83.221774999888751,30.961217000243412],[-83.219730000415808,30.964164999766524],[-83.219383999911074,30.964669999674438],[-83.219125000343325,30.965048000287617],[-83.218520000270814,30.965932000171652],[-83.217730000250398,30.967068999691225],[-83.216547999694498,30.968774999670632],[-83.216017000140155,30.969544000338995],[-83.215065999562938,30.970923000053144],[-83.215016000232552,30.970994999861389],[-83.21311800017439,30.973743000093492],[-83.209179999767841,30.979433000165571],[-83.207978999843675,30.981172999643256],[-83.207152999838257,30.982370000162909],[-83.206286999649862,30.983621999771792],[-83.20621499967983,30.983726000016532],[-83.20616899964908,30.983790999630582],[-83.206121999793396,30.983858999653357],[-83.205499000177568,30.9847700001324],[-83.205357999712248,30.984987999654653],[-83.205258999978057,30.985141999652896],[-83.205031000372415,30.985518999674614],[-83.204894999929977,30.985752000224068],[-83.20463700018712,30.986222999990339],[-83.204516999638201,30.986462000333002],[-83.20427899998684,30.986984000327215],[-83.204151999765216,30.987268999711773],[-83.204025000441931,30.98758600003476],[-83.203945999900895,30.987804999650002],[-83.203776000021591,30.988287999777786],[-83.203329000132854,30.989655999778105],[-83.202324000027275,30.992772000258476],[-83.201886000359337,30.994120000029692],[-83.201082999920132,30.996593000125397],[-83.200702999978546,30.997768000084434],[-83.199656000040164,31.001008000274517],[-83.199563000153759,31.001307999628715],[-83.199517999947901,31.001451000084657],[-83.199311000258675,31.002119999993809],[-83.198790999676675,31.003741000170518],[-83.198701000163311,31.004047999997486],[-83.198633000391254,31.004316999973845],[-83.198537000131779,31.004751999840863],[-83.198479000405456,31.005076000331847],[-83.19841400010813,31.005392999988977],[-83.198383999970886,31.00557300021411],[-83.198346000336073,31.005858000260464],[-83.198266999795038,31.006568000074829],[-83.198251999726423,31.006890999617674],[-83.198249000251693,31.007081000196205],[-83.198230999810022,31.007930999647396],[-83.19822499996225,31.008553000235192],[-83.19819700037317,31.009892999898884],[-83.198182000304541,31.011276999878849],[-83.198167000235927,31.012064999654161],[-83.198127999877855,31.014169000035597],[-83.198084000395241,31.017181999615566],[-83.198064000303759,31.018525999774766],[-83.198041999664127,31.020142000280529],[-83.198009999877101,31.022335999802326],[-83.19797100041734,31.025404999773293]]},"properties":{"BASENAME":"Bemiss","NAME":"Bemiss Rd","MTFCC":"S1200","RTTYP":"M","OID":"110499237520"}},{"type":"Feature","geometry":{"type":"LineString","coordinates":[[-83.372724999572142,30.991383000307486],[-83.373168000161243,30.992630999740495],[-83.373574000042112,30.993796000043858],[-83.373856999899331,30.994636999769366],[-83.373931000417485,30.994870999902464],[-83.374049000418253,30.995196999894336],[-83.374291000267604,30.99585199969108],[-83.374442999705238,30.996262999944708],[-83.374667000011229,30.996887999693637],[-83.375038999556907,30.997954000093475],[-83.375113000075061,30.998210000059196],[-83.375144999862115,30.998340999781874],[-83.375164999953597,30.998479999819828],[-83.375180999847132,30.998634999850363],[-83.375184000220173,30.998703000072382]]},"properties":{"BASENAME":"Church","NAME":"N Church St","MTFCC":"S1200","RTTYP":"M","OID":"110499237647"}},{"type":"Feature","geometry":{"type":"LineString","coordinates":[[-83.179662999855381,30.684230000004714],[-83.179898000032026,30.684331000120544],[-83.180206999828513,30.684441999927145],[-83.180568000401848,30.684561000051353],[-83.180802999680168,30.684624000057735],[-83.181076000389965,30.684691000240157],[-83.181478000072872,30.684780999674018],[-83.182321999621649,30.684974999782234],[-83.183165000243832,30.685167999837553],[-83.183653999965387,30.685281000323339],[-83.184273000281564,30.68542000034984],[-83.184613999865121,30.685496999667038],[-83.185244999876872,30.685643000079843],[-83.186208000149662,30.685864999639044],[-83.186860000077814,30.686016000084521],[-83.187681999885285,30.686207000299493],[-83.187819999977535,30.686236000254599],[-83.188081000093447,30.686292999714791],[-83.188346000407321,30.686354999712783],[-83.188519999586291,30.68640000020979],[-83.188945999558641,30.686512000377096],[-83.189285000390655,30.686592999734259],[-83.1901399998101,30.686791000194404],[-83.19031300006246,30.686826999813043],[-83.190514999728833,30.686863000190783],[-83.190556999561622,30.686870000026666],[-83.190954999944879,30.68693000036459],[-83.191185999923562,30.686952999917672],[-83.191305999574169,30.686954999979335],[-83.191422999750031,30.686946999732502],[-83.191564000215337,30.686931999654188],[-83.192463999840612,30.686935000133523],[-83.192714000085871,30.686913000221079],[-83.192960999958075,30.686880000343084],[-83.193595000342881,30.686778000157126],[-83.193736999734782,30.686754000143125],[-83.194172999752865,30.686679999998145],[-83.194482000447678,30.686633000335899],[-83.19474299966528,30.686600000362205],[-83.194932999636066,30.686583999809056],[-83.195124000330097,30.686576000303955],[-83.195505000096617,30.686570000095351],[-83.195885999863108,30.686583000160642],[-83.196312999660364,30.686625000062389],[-83.196387000178532,30.686636999699903],[-83.196736999982903,30.686690999981547],[-83.197090000160316,30.686761999633468],[-83.199302000037832,30.687270999928828],[-83.19975200029964,30.687373000366417],[-83.200980999812899,30.687652999650552],[-83.201651000182707,30.687805999661183],[-83.202261000278085,30.687948000362965],[-83.202750999824531,30.688062000318215],[-83.203323000285053,30.688201999835147],[-83.203674999739263,30.688293000262082],[-83.204012000023141,30.688398999683464],[-83.204061000426947,30.688414999935819],[-83.204437999995491,30.688556999741834],[-83.204670999624,30.688651999887153],[-83.204993999664183,30.688796000140552],[-83.205387000024587,30.688995000341155],[-83.205767999791092,30.689210999873335],[-83.206196000311564,30.689484000360935],[-83.206613000063086,30.689781999731792],[-83.206729000414043,30.689869999826286],[-83.206762000026004,30.689897000225461],[-83.206840999668728,30.689961999839344],[-83.206994999654498,30.690097999698018],[-83.207240999701796,30.690317999836196],[-83.207438000243599,30.690518000369529],[-83.207661999651279,30.690744000272602],[-83.207701999834256,30.690785999909217],[-83.207726000123699,30.690811999675066],[-83.207748999689926,30.690836000225204],[-83.20794700005662,30.69107000006213],[-83.208213000195428,30.69141799995899],[-83.208300000234047,30.691540999915471],[-83.208459000242698,30.691787999725296],[-83.208533999687475,30.691914999900604],[-83.208777000260028,30.692347999680273],[-83.208841999659043,30.692472999944055],[-83.209018000284459,30.692867999929778],[-83.209118999668476,30.693115000206291],[-83.209166000422471,30.693246000043278],[-83.209280000225277,30.693611999907503],[-83.209292999745756,30.693653000265961]]},"properties":{"BASENAME":"Marion","NAME":"W Marion Ave","MTFCC":"S1200","RTTYP":"M","OID":"110499237966"}},{"type":"Feature","geometry":{"type":"LineString","coordinates":[[-83.224924999924681,30.880949999672431],[-83.224056000261569,30.881247999987682],[-83.223075000445419,30.881584000054122],[-83.22241699977117,30.881810000083046],[-83.222334999755404,30.881838999710371],[-83.220461999811604,30.882480999794055],[-83.21969199988267,30.882739999844311],[-83.219133999665829,30.882935000327993],[-83.217690000067435,30.88343199978555],[-83.217321999821394,30.883573000342551],[-83.217096999690497,30.88366700008465],[-83.216879000130604,30.883770999642632],[-83.216582999854595,30.88392999966036],[-83.216291999601452,30.884101999789713],[-83.216072000391748,30.884245999857711],[-83.215808999727699,30.884437999868585],[-83.214560000122972,30.885420000355339],[-83.212655000392132,30.886906999816794],[-83.211143000123329,30.88809900002617],[-83.207090000089067,30.891266999708645],[-83.204333000413513,30.89343300030556],[-83.200645000252223,30.896313999642292],[-83.198510000367591,30.897983999929217],[-83.196926000128784,30.899229999982541],[-83.195763999664379,30.900137999669116],[-83.189013000404103,30.905419000273909],[-83.188070000222794,30.906143000299966],[-83.187797000411322,30.906362000124272],[-83.187528999724407,30.906584999690946],[-83.187082999660575,30.906933000188651],[-83.184885000026753,30.908648999713826],[-83.181884999778646,30.911002000364672],[-83.17663500001818,30.915106000337531],[-83.171924000207966,30.918792000285464],[-83.169166999634101,30.920949999925245],[-83.167194000131175,30.922493999865207],[-83.165660000121093,30.923690000374918],[-83.163948999660676,30.925033000162717],[-83.162361000122232,30.926269000123991],[-83.160554000300664,30.927688000133827],[-83.158852999886008,30.929014999728121],[-83.155569999780681,30.931582000064022],[-83.151628999899387,30.934666000200298],[-83.151026000375026,30.935135999860893],[-83.150726999725975,30.935369000075347],[-83.148561999704128,30.93705800002536],[-83.147905999578001,30.937579000330132],[-83.143614000067444,30.940926999865525],[-83.140993999760923,30.942969000186793],[-83.137964000273911,30.945342000254076],[-83.135575999770964,30.947211999809653],[-83.135412999564352,30.947340000137693],[-83.133270000182122,30.949011000372572]]},"properties":{"BASENAME":"Lakeland","NAME":"Lakeland Hwy","MTFCC":"S1200","RTTYP":"M","OID":"110499239472"}},{"type":"Feature","geometry":{"type":"LineString","coordinates":[[-83.29268999998213,30.876617000178804],[-83.292793999739189,30.876746000128566],[-83.293105999908747,30.877062000120453],[-83.293213999863767,30.877166999891969],[-83.293403000009661,30.877351000366943],[-83.293721999851883,30.877617000253],[-83.29376200003486,30.877641999697097],[-83.294356000236704,30.878023999643574],[-83.294528999590739,30.878119000176831],[-83.294820999668786,30.878281000236008],[-83.295024999883296,30.878375999743536],[-83.295566000381683,30.87858600014663],[-83.296111000179707,30.878735999822375],[-83.296496999969094,30.878816000170211],[-83.296861999842079,30.878870999792362],[-83.297298999685083,30.878925000189685],[-83.297544999732381,30.878964000329212],[-83.297589000113319,30.878971000075815],[-83.297958000184252,30.87901300008663],[-83.298665000364011,30.87914699970441],[-83.298722000265414,30.879156000132333],[-83.298845000289063,30.879166999711831],[-83.299010999970406,30.879181999907431],[-83.299199000291395,30.879199999984788],[-83.299465000430175,30.87924199989525],[-83.299980999915888,30.879312000219077],[-83.300355999834608,30.879361999758249],[-83.300407999713144,30.879369000246747],[-83.302545999970818,30.879671999865032],[-83.303254999800373,30.879774999949632],[-83.303448999969149,30.879800000372658],[-83.303694000191527,30.879840000110701],[-83.30521499978282,30.880064999675394],[-83.306260999896296,30.880203999889371],[-83.306790999625719,30.880280999932232],[-83.307230000016858,30.880373999871406],[-83.307644000293635,30.880487000223216],[-83.307897000013625,30.880579000015455],[-83.308123999794347,30.880661000258648],[-83.308615999888943,30.880872000223327],[-83.308749999783245,30.880947999786173],[-83.3089370002793,30.881053999867035],[-83.309044000409415,30.881114000224485],[-83.30942600000084,30.881369000360781],[-83.309667000025271,30.881556000286373],[-83.310205999975523,30.882032999783377],[-83.310416000037804,30.882252999947141],[-83.310723000184481,30.882631000310379],[-83.31111499982164,30.883125000041911],[-83.311379000310595,30.883440999810876],[-83.311966999766327,30.884181000373111],[-83.312966999849039,30.885415000102032],[-83.313710999838705,30.886327999938509],[-83.314245999591009,30.887003999781658],[-83.31465800021796,30.887523999913267],[-83.315706999806153,30.888823999840266],[-83.316692999645142,30.890046000164716],[-83.317075999959812,30.890487000026798],[-83.317682999682134,30.891242999801282],[-83.31812700009614,30.891808000103342],[-83.318753999909944,30.892587999818229],[-83.3188009997656,30.892647000067932],[-83.318900000398131,30.892768999737317],[-83.320205000079369,30.894381000070705],[-83.320229000368798,30.894409999746479],[-83.320364999912911,30.89455299993298],[-83.32048899976148,30.894700999674694],[-83.32067899973228,30.894944999791072],[-83.320847999786679,30.89514799999543],[-83.321016000016172,30.895337000357056],[-83.321147000435744,30.895505000108276],[-83.321354999949889,30.895707000107205],[-83.321584000278747,30.895914000156292],[-83.321797999640665,30.896091999829437],[-83.321951999626464,30.896209000044969],[-83.322427999827525,30.896533000370042],[-83.322669999676862,30.896670000253806],[-83.322975999998619,30.896823000235582],[-83.323242999962304,30.896951000178536],[-83.323478999963854,30.897051999862228],[-83.32370300026983,30.897136000197218],[-83.324115999823391,30.897280999712041],[-83.324243999869907,30.897320000086257],[-83.324844999744457,30.897456999614789],[-83.325383999694708,30.897546999755409],[-83.325912999599211,30.897590999639188],[-83.326337999746656,30.897599000106418],[-83.32690799965907,30.897568000315612],[-83.327364999593541,30.897536999743984],[-83.328756000386818,30.897415999753949],[-83.32951799991983,30.897381000046856],[-83.330097000053058,30.897313999911148],[-83.330363000191838,30.897283999800653],[-83.330707999973342,30.897258000314018],[-83.331638999560752,30.897201000139791],[-83.331992999563084,30.897140999838637],[-83.332376999702632,30.897075999855335],[-83.332636999993625,30.897045999670315],[-83.332941999592165,30.897010999827955],[-83.333293999944658,30.896962999803073],[-83.334914000168482,30.896802000282765],[-83.335065999606115,30.896786999763052],[-83.335382999798526,30.896758999814455],[-83.335552999677844,30.896743000280647],[-83.335879999915988,30.896702999892717],[-83.336457000399406,30.896650000046687],[-83.336828000120164,30.896615999839181],[-83.337367999895321,30.896545999827314],[-83.337789999669724,30.89652700014561],[-83.338000999556925,30.896505000347172],[-83.338091999793505,30.896502000234097],[-83.338315000274591,30.896492999894377],[-83.338799999798184,30.896425999908121],[-83.339706000169556,30.896336000255424],[-83.340560999588973,30.896262999918342],[-83.340656999848463,30.896254000326945],[-83.341101000262469,30.896204000354889],[-83.343041999978325,30.896022000205267],[-83.343457000080022,30.895983000073144],[-83.34622499962623,30.895718000098739],[-83.348030999622878,30.895535999796209],[-83.349655000044663,30.895372999832993],[-83.350163000032779,30.895327000114762],[-83.352306000313305,30.895122999723917],[-83.353273999710652,30.895023000114222],[-83.353632999735851,30.894986999735771],[-83.353708000078925,30.894973000270202],[-83.35386999956232,30.89495699966708],[-83.354231999960561,30.894890999945268],[-83.355025000354047,30.894791000093278],[-83.35558400039578,30.894722999887584],[-83.355802999780593,30.894695999905874]]},"properties":{"BASENAME":"Valdosta","NAME":"N Valdosta Rd","MTFCC":"S1200","RTTYP":"M","OID":"110499239867"}},{"type":"Feature","geometry":{"type":"LineString","coordinates":[[-83.278825000340078,30.830764999638486],[-83.279153000403156,30.831384999924044],[-83.279319000084513,30.831697000250202],[-83.279473999895217,30.831990000199276],[-83.279856000384939,30.832732999685948],[-83.279996999951948,30.833000000379677],[-83.280140999891984,30.833303999650077],[-83.280463999932167,30.833921999639074],[-83.28061500044322,30.83419899979053],[-83.281185000355606,30.835291999997811],[-83.281711999711987,30.836308999919254],[-83.282273000301871,30.837402000008979],[-83.282376000234038,30.837585000043138],[-83.282802000206388,30.838418999939936],[-83.283239000049377,30.839257999878154],[-83.283803000114005,30.840336999813275],[-83.283921999939693,30.840577999967657],[-83.284593000134407,30.841851999703671],[-83.284963000030288,30.842540000362465],[-83.285265999978975,30.843128000168178],[-83.285511000201367,30.843605000385516],[-83.285761000446598,30.844058999946803],[-83.285938999823543,30.844398999781145],[-83.286051999801444,30.844615000193347],[-83.286377000389763,30.845261999739343],[-83.286600999797443,30.845687000185169],[-83.286676999965422,30.845839000284975],[-83.286826999753231,30.84617799967555],[-83.286929999685398,30.846448000121448],[-83.286938000081321,30.84647499981579],[-83.286948000127069,30.846510999910496],[-83.286977000439393,30.846612999848485],[-83.287082000021371,30.847074999888186],[-83.28712600040231,30.84728899985711],[-83.287227999611233,30.847779000114308],[-83.287268999619116,30.847953999654695],[-83.287338000114417,30.848301000011567],[-83.287358000205884,30.848402000077446],[-83.287400999863607,30.848617999960709],[-83.287441999871476,30.848823999660439],[-83.287595000032354,30.849569999962998],[-83.287641000063104,30.849829000256861],[-83.28764400043616,30.849843999645007],[-83.28769399976656,30.850038999960884],[-83.287743999995271,30.850303999794328],[-83.287917000247646,30.851184999786629],[-83.287959000080434,30.851401000344154],[-83.288036999898239,30.851787999676663],[-83.288092999974737,30.852019999711597],[-83.288169999967621,30.852384999727686],[-83.288304999686844,30.853086000384543],[-83.288355999740475,30.853331999747141],[-83.288565999802742,30.854341999714787],[-83.288775000040118,30.855370999978341],[-83.28892099962998,30.856103999942956],[-83.288979000254628,30.856483999732088],[-83.28898699975224,30.857048999871683],[-83.288979000254628,30.857787000273252],[-83.288970999858691,30.858494999702827],[-83.288959999988052,30.858846999808996],[-83.288945999744342,30.859315999940581],[-83.288934999873689,30.859571999636564],[-83.288933000223878,30.859612000105688],[-83.288930999675713,30.859660000338163],[-83.288918000155249,30.859975000207033],[-83.288908000109501,30.86097199995784],[-83.288882999995153,30.861611999972229],[-83.288873999774324,30.861845999660389],[-83.288868999751443,30.862403000271797],[-83.288873999774324,30.862614000338063],[-83.288891000391075,30.863014000069867],[-83.288908000109501,30.863256999799628],[-83.288951999592115,30.863610000283529],[-83.288974000231747,30.86378799983585],[-83.288999000346109,30.863969000189734],[-83.28903199995807,30.86407700001228],[-83.289056000247513,30.864230999734502],[-83.289063999745125,30.864248000189388],[-83.289199000362657,30.864788999710296],[-83.289273999807392,30.865139999734851],[-83.289308000142597,30.865294000062775],[-83.289377999564465,30.865548999886563],[-83.289857999963502,30.867450000267873],[-83.289981999812071,30.867986999910986],[-83.29014900021663,30.868632999790034],[-83.290225000384623,30.868975999845766],[-83.290314000073082,30.869321000345217],[-83.290401000111714,30.869658999947635],[-83.290468999883771,30.869956999908727],[-83.29055900029546,30.870258999933139],[-83.290663000052533,30.87065399989735],[-83.290694000014668,30.870753000224699],[-83.291391000148678,30.873388999671668],[-83.291472000339525,30.873682000277096],[-83.29158899961709,30.873986000160961],[-83.291736999755088,30.874556999763307],[-83.291766999892317,30.87462899967278],[-83.291778999587891,30.874711000381975],[-83.291920000053196,30.875121999795081],[-83.292161000077613,30.875820999993781]]},"properties":{"BASENAME":"Patterson","NAME":"N Patterson St","MTFCC":"S1200","RTTYP":"M","OID":"110499240282"}},{"type":"Feature","geometry":{"type":"LineString","coordinates":[[-83.278196999803072,30.829623999755444],[-83.278319000001801,30.829791999756669],[-83.278354000161912,30.829830999825116],[-83.278402999667378,30.829957000353321],[-83.278667999981252,30.830465000376893],[-83.278825000340078,30.830764999638486]]},"properties":{"BASENAME":"Patterson","NAME":"S Patterson St","MTFCC":"S1200","RTTYP":"M","OID":"110499240284"}},{"type":"Feature","geometry":{"type":"LineString","coordinates":[[-83.275567000349113,30.824841999645358],[-83.275768000190553,30.824928000292839],[-83.275811999673181,30.825011000055287],[-83.276035999979186,30.82542900012934],[-83.276159000002821,30.825673999681253],[-83.276262999759879,30.825880999782029],[-83.276477999845042,30.826271999954766],[-83.276595999845824,30.826507999700837],[-83.276668999640762,30.826665000325114],[-83.276764999900223,30.826842999779078],[-83.276898999794525,30.827107999646238],[-83.277129999773209,30.827523999618737],[-83.277200000093416,30.827667000084848],[-83.277284999583912,30.827814000012989]]},"properties":{"BASENAME":"Patterson","NAME":"S Patterson St","MTFCC":"S1200","RTTYP":"M","OID":"110499240285"}},{"type":"Feature","geometry":{"type":"LineString","coordinates":[[-83.135273999647183,30.768530999734601],[-83.135431999830928,30.768614000350926],[-83.135586999641632,30.768695999782821],[-83.135702000167655,30.768756999719706],[-83.140685999789369,30.771320999827349],[-83.142417000341254,30.772217999888884],[-83.144808000318918,30.773452999625263],[-83.149550000091267,30.775897000197922],[-83.151042000268575,30.776666000287374],[-83.154254000228789,30.778318000293524],[-83.157280000416165,30.779883999730625],[-83.159514999859894,30.781031999905895],[-83.160725000004888,30.781660999648608],[-83.163547999802688,30.783113000125912],[-83.172506999640845,30.78773099969257],[-83.174181000291327,30.788593999618847],[-83.178686000237221,30.790916000356262],[-83.184444999810708,30.793882000383995],[-83.187946000374239,30.795686000239581],[-83.190404000299054,30.796958999844144],[-83.19617799994117,30.799931000261694],[-83.196747000028651,30.800224999914484],[-83.197060999848006,30.800387000346674],[-83.198901000179845,30.801339000265365],[-83.199151000425104,30.801468000365276],[-83.199763999995213,30.801777999897549],[-83.200389000159191,30.80209299994117],[-83.202214000422401,30.803040000017685],[-83.205721999760328,30.804840000200372],[-83.206048000173567,30.80499799994417],[-83.206350000297363,30.805135000229591],[-83.206654999895875,30.805265999784854],[-83.206979999585883,30.805399999810689],[-83.207306999824041,30.805527999902743],[-83.207692999613414,30.805669999986165],[-83.208082999600762,30.80580500017518],[-83.208494000402808,30.805942000081654],[-83.20891100015433,30.806068000318859],[-83.209289000446105,30.806172999875905],[-83.209918999734654,30.806334000362696],[-83.210413000377372,30.806459000137703],[-83.211159000016877,30.806637999952041],[-83.212807999654672,30.807011000032702],[-83.214552999551969,30.807403999748843],[-83.219499000437139,30.808504999617387],[-83.220741000369173,30.808781999794927],[-83.223519999786035,30.809410000161623],[-83.223737000419334,30.809456000211419],[-83.224214000445301,30.809557000260281],[-83.225018999636035,30.809741000045786],[-83.227146999847946,30.81022499964406],[-83.228737999759446,30.810571999836824],[-83.230443000372063,30.810959000238814],[-83.232964000046081,30.811516999886337]]},"properties":{"BASENAME":"New Statenville","NAME":"New Statenville Hwy","MTFCC":"S1200","RTTYP":"M","OID":"110499241580"}},{"type":"Feature","geometry":{"type":"LineString","coordinates":[[-83.079728999791925,30.908471000266257],[-83.080103999710659,30.90971199971079],[-83.080620999919589,30.912421000266431],[-83.080923999868304,30.913982000013693],[-83.080974999921921,30.914316999691568],[-83.08098800034071,30.914378000380911],[-83.081019000302845,30.914466000068671],[-83.081061000135634,30.914551999720349],[-83.081171999565413,30.914732999729512],[-83.081239000410889,30.91481600037282],[-83.08131700022868,30.914893000329538],[-83.082205999983316,30.91566099963962],[-83.083674999696072,30.916969999723889],[-83.084046000315155,30.91730799996078],[-83.084136999653424,30.917406000284984],[-83.084212999821403,30.917513999975526],[-83.084369000355338,30.917757999740846],[-83.084530999838734,30.918025000233339],[-83.085759000425369,30.920117999702509],[-83.086688000362983,30.921629999979192],[-83.087095000068743,30.922334999928964],[-83.08751600001824,30.923033999972887],[-83.088576000375397,30.924561999902007],[-83.089385999588984,30.925697000384368],[-83.089615999742762,30.926027000207103],[-83.089830000003005,30.926363000327843],[-83.090003000255351,30.926674999768192],[-83.090157000241149,30.926995000053445],[-83.091024000254464,30.92887200017454],[-83.09112200016375,30.929040999834125],[-83.091244000362479,30.929200000180391],[-83.091381999556432,30.929360999907932],[-83.091527000219699,30.929519000286305],[-83.091774000091903,30.929775999817387],[-83.092025999986987,30.930030999796781],[-83.09292099958941,30.930897999879978],[-83.093766999686309,30.931737000075703],[-83.094477000239095,30.932425999761151],[-83.094580999996182,30.932533000039719],[-83.094674999707522,30.932645000296617],[-83.094781000012716,30.932792000290252],[-83.095100999679872,30.933261999916983],[-83.09531300029029,30.93358699978312],[-83.095775000247642,30.934390000073687],[-83.096392999840617,30.935406000047223],[-83.096894999980961,30.936202000285185],[-83.097216000371333,30.936691999646875],[-83.097412000189891,30.936989999804183],[-83.097669999932762,30.937347000233071],[-83.09794600011729,30.937693999661374],[-83.098635999680269,30.938533999659274],[-83.099065999850595,30.939066000026354],[-83.099486999800064,30.939603000248709],[-83.100275999995574,30.940668000080993],[-83.100964999733662,30.941572999988164],[-83.101143000008889,30.941832999709252],[-83.10130200001754,30.942104000316398],[-83.101353999896077,30.942211999852312],[-83.101390999706013,30.94232300025411],[-83.101428000414245,30.942501999957194],[-83.101450999980472,30.942681000095455],[-83.101465000224167,30.942868999729097],[-83.101466000049086,30.943056999763364],[-83.101440000109804,30.943332000229308],[-83.101396999553785,30.943605999844948],[-83.101239000268365,30.944395000013277],[-83.10084699973288,30.946258000161617],[-83.100805999724983,30.946682000153753],[-83.100731000280248,30.947067999717216],[-83.100645999891427,30.94751899968891],[-83.100501000126471,30.948457999722152],[-83.100490000255817,30.948555999709946]]},"properties":{"BASENAME":"Upper Grand Bay","NAME":"Upper Grand Bay Rd","MTFCC":"S1200","RTTYP":"M","OID":"110499241590"}},{"type":"Feature","geometry":{"type":"LineString","coordinates":[[-83.235934999981879,30.680868999959657],[-83.236480999604822,30.681045999797909],[-83.236731999675001,30.681134000129212],[-83.236992999790886,30.681236000096881],[-83.237551000007713,30.681475999777561],[-83.237849999758481,30.681614000173678],[-83.238351999898811,30.681865000220622],[-83.239119000353,30.682271999753521],[-83.23957799993731,30.682514999793831],[-83.239722999702266,30.68259300034477],[-83.240223000192785,30.682861999938979],[-83.241936000303028,30.683766000080752],[-83.24229000030536,30.683943000016722],[-83.242651999805275,30.68410900012455],[-83.243159999793392,30.684312999847581],[-83.243683999675028,30.684486999770652],[-83.244220999975468,30.684638999722118],[-83.244769999971467,30.684758000376039],[-83.245209000362621,30.684828999904365],[-83.245651000228492,30.684875999672165],[-83.246225000338839,30.684916999878315],[-83.246800000274106,30.68494299967972],[-83.248602999897727,30.684983000192457],[-83.25443900036241,30.685107999949739],[-83.255111000382058,30.685117000012536],[-83.256144000076731,30.685132000372899],[-83.257369000290339,30.685137000234935],[-83.258617000070146,30.68512600007449],[-83.260970000412982,30.685084000293184],[-83.262043000290618,30.68507100002612],[-83.26263599976923,30.685055999656289],[-83.262829000113072,30.685050999790054],[-83.266158000249177,30.684992999931779],[-83.267556999641741,30.684972000014479],[-83.268559000272575,30.6849510000926],[-83.26934799956976,30.684946000220872],[-83.270368999568873,30.684958000067056],[-83.271252000374034,30.684983000192457],[-83.271649000034074,30.685001000340527],[-83.272291999741384,30.685041000056675],[-83.273705000275967,30.685140999660899],[-83.274846999750565,30.685226000363247],[-83.27582500009197,30.68529799998165],[-83.276290000422392,30.68532000026207],[-83.276564999883689,30.685327999871173],[-83.276968000289799,30.685332999723119],[-83.277553000270828,30.685334000156949],[-83.279094999778522,30.685309000122491],[-83.280377999718453,30.685297000319927],[-83.281284999914732,30.685297000319927],[-83.282191000286105,30.685309000122491],[-83.284089000344252,30.685354000334403],[-83.284526000187256,30.685364000035293],[-83.285886999944992,30.685396999658959],[-83.287436999848623,30.685429000383554],[-83.28770600036043,30.685439999736914],[-83.287974999973954,30.685457000139728],[-83.288200999929757,30.685475999859342],[-83.288655000389525,30.685530999677034],[-83.288882999995153,30.685568000196998],[-83.289130999692276,30.685615000377609],[-83.289377999564465,30.685667000370017],[-83.289686000434372,30.685742999833145],[-83.289873999857022,30.68579899992779],[-83.290195000247394,30.68590800028106],[-83.29048300012748,30.686016999738786],[-83.290634999565128,30.686083999727082],[-83.291246000383723,30.686378000175431],[-83.292227000199858,30.686861999772802],[-83.292870999732088,30.687173000270263],[-83.293187999924513,30.687316999639631],[-83.293577000086927,30.687481999715231],[-83.293926999891298,30.687617999977554],[-83.294398999894398,30.687794000168982],[-83.294896999836766,30.687965000324155],[-83.295614000062258,30.688184999915674],[-83.296154999662335,30.688335999822726],[-83.2966590003508,30.688464000305952],[-83.296897999827081,30.688518000338174],[-83.297517000143287,30.688643999780943],[-83.299354000102099,30.689006000060775],[-83.300539999957621,30.689261999853244],[-83.300748000370092,30.689314999819],[-83.301144000205227,30.689430999715455],[-83.301330999802943,30.689493999634077],[-83.301519000123932,30.689563000307064],[-83.301703000246945,30.689638000176565],[-83.301888000194879,30.68972199962133],[-83.302068000119931,30.689811000158013],[-83.30225399989277,30.68991100022917],[-83.302436000365972,30.690015999806164],[-83.302811000284692,30.690248000092414],[-83.303704000237261,30.690832999867062],[-83.30415899962361,30.691147000280569],[-83.304782999962697,30.691596999736998],[-83.304967999910616,30.691741999827364],[-83.305742000037526,30.692384999905006],[-83.30635100030797,30.692923999753884],[-83.307178000138322,30.693642999878659],[-83.307373000131989,30.693816999980665],[-83.3076130003315,30.694030999622694],[-83.307727000134321,30.694130999956908],[-83.308267999734383,30.694602999888762],[-83.308415999872381,30.694723000184229],[-83.308702000102656,30.694935000238576],[-83.308839000370014,30.695027000059021],[-83.308989999982757,30.695120999684178],[-83.309143999968541,30.695211000209234],[-83.309436999871494,30.695367000044985],[-83.309897000179049,30.695598999829549],[-83.31111599964656,30.69619399974118],[-83.312336999662193,30.696805000253363],[-83.312740999893222,30.697024999781398]]},"properties":{"BASENAME":"Clyattville Lake Park","NAME":"Clyattville Lake Park Rd","MTFCC":"S1200","RTTYP":"M","OID":"110499241705"}},{"type":"Feature","geometry":{"type":"LineString","coordinates":[[-83.180621999930196,31.025487999709487],[-83.178539999749049,31.0255319999617],[-83.177673999560625,31.025560999871871],[-83.173235999561896,31.025466000345574],[-83.172448000089602,31.025479999941368],[-83.171683000183549,31.025534999873141],[-83.171292000371295,31.025622000344256],[-83.170998999570017,31.025686999883423],[-83.170138000302799,31.025968999928544],[-83.169345999734247,31.026376999777273],[-83.168703999851829,31.026951999848158],[-83.168355999697269,31.027465000324497],[-83.1678850004174,31.028368000357318],[-83.167435999980512,31.029517000003665],[-83.167380999728934,31.029594999796831],[-83.166881000136755,31.03030200005135],[-83.166210999766918,31.031046000299192],[-83.165690000258323,31.031529999885318],[-83.165377000263859,31.031821000246484],[-83.164019999805788,31.032583999748574],[-83.162741999888738,31.033238999734117],[-83.160898000257248,31.033997000013301],[-83.160632999943374,31.03410600013509],[-83.159011000069754,31.034752999899641],[-83.157737000350664,31.035114999675098],[-83.155824000223888,31.035658999700953],[-83.154737000102543,31.035914999996127],[-83.154081999801335,31.03606900009466],[-83.153184999650776,31.03625300030571],[-83.149550999916173,31.03694100015322],[-83.149376999838893,31.036969999668415],[-83.148476000388726,31.037121999902482],[-83.147871000316215,31.037222999974468],[-83.147342000411712,31.037269999735159],[-83.14524099996396,31.037457000240181],[-83.144033000367102,31.037574999616609],[-83.143898999574489,31.037605000321857],[-83.141849999903599,31.038063000011732],[-83.141009999654457,31.038219999996652],[-83.1399920000284,31.038411000286192],[-83.138718000309311,31.038543999838385],[-83.136328999981473,31.038542000170619],[-83.135328000073841,31.03851500003287],[-83.135005999858578,31.03850599998529],[-83.134775999704814,31.038500000209648],[-83.134524999634635,31.03849399966392],[-83.134209000165455,31.038485000384064],[-83.133101000127724,31.038454999956045],[-83.131890999982744,31.038422999848301],[-83.13167199969962,31.038420000342803],[-83.130628999959214,31.038389000058771],[-83.128937999590292,31.038142000340468],[-83.127553000441424,31.037728000266721],[-83.124868999662482,31.036640999819564],[-83.124054000426028,31.036298999918042],[-83.121737999893128,31.035322000229513],[-83.120560000433485,31.03458099991532],[-83.11967800035157,31.033918999976695],[-83.118306999649775,31.032645000341748],[-83.117660999569409,31.032295999877928],[-83.116256000329074,31.031655999698508],[-83.115590999982118,31.031556999694388],[-83.115139000070485,31.031492000312138],[-83.114484999594197,31.03148799991056],[-83.113488999709432,31.031630999730496],[-83.109920000272169,31.032295999877928],[-83.107325999904901,31.032719000302219],[-83.106920000024033,31.03282499989573],[-83.106089999820654,31.033041999726851],[-83.105581000007632,31.0332519998375],[-83.104775999918587,31.033585000163232],[-83.102778000301328,31.034499999958321],[-83.10229399970433,31.034660000054114],[-83.101815000028552,31.034763000175573],[-83.101414999995455,31.034819999881076],[-83.101055000145351,31.034859000308085],[-83.100634000195853,31.034877000322151],[-83.099597000303234,31.034897999949422],[-83.099271999714915,31.034921000085653],[-83.098983000009909,31.03497099982717],[-83.098556000212653,31.035082000114013],[-83.098215999555705,31.035165999953868],[-83.09813299971502,31.035187000287081],[-83.097505999901216,31.035464999680364],[-83.096838000079543,31.035827999690387],[-83.096098000287824,31.036201999839417],[-83.095478000146727,31.03652700024546],[-83.094567999577393,31.0368380000785],[-83.093333000216347,31.037252000173432],[-83.091329999677896,31.037836000124862],[-83.091235000141651,31.037864000296153],[-83.090818000390144,31.037961000221106],[-83.090193000226165,31.038106999842395],[-83.089834000200966,31.038182999851958],[-83.089541000297999,31.038228000234056],[-83.088958999791728,31.03831400005004],[-83.087813999944061,31.038468999951736],[-83.087661999608088,31.038487000053077],[-83.08704099964207,31.038562999759264],[-83.085391000179357,31.038785000295544],[-83.083962999576144,31.038978999709386],[-83.083454999588042,31.039049000051495],[-83.081897000186814,31.039238999621091],[-83.081250000281528,31.039328000309968],[-83.081134999755491,31.039360999938864],[-83.08012299997722,31.039527999867964],[-83.079795999739076,31.039618999931871],[-83.079526000300646,31.03971899984256],[-83.079070000191052,31.039880000224738],[-83.078564999677681,31.040071000262909],[-83.078320000353628,31.040155000319537],[-83.076879000229951,31.040732999762717],[-83.076327999685802,31.040901000173051],[-83.075922999629853,31.040974000066537],[-83.075296999640969,31.041058999903619],[-83.075052000316916,31.04110100027502]]},"properties":{"BASENAME":"122","NAME":"State Rte 122","MTFCC":"S1200","RTTYP":"S","OID":"110534441606"}},{"type":"Feature","geometry":{"type":"LineString","coordinates":[[-82.676178999878388,30.593798000321069],[-82.6758700000819,30.594069999774401],[-82.675530000323278,30.594340000352918],[-82.675314000413209,30.594489000264158],[-82.675140000335929,30.594610000179209],[-82.674429999783143,30.595050000002455],[-82.673150000216268,30.595750000172952],[-82.672446000409565,30.596163999760886],[-82.672029999584652,30.596409999899731],[-82.671485999611519,30.596716000068366]]},"properties":{"BASENAME":"441","NAME":"N US Hwy 441","MTFCC":"S1200","RTTYP":"U","OID":"110535235277"}},{"type":"Feature","geometry":{"type":"LineString","coordinates":[[-83.377159000271234,30.507679999989843],[-83.376980000171088,30.507875999652438],[-83.376929999942362,30.507929999813868],[-83.376539999955043,30.50837999973481],[-83.376284999686902,30.508668999984099],[-83.375129999793501,30.509980000130106],[-83.374769999943396,30.510370000008457],[-83.374379999956048,30.510830000176007],[-83.374000000014462,30.511260000063846],[-83.373846999853583,30.511433000015014],[-83.37359999998138,30.511715000358091],[-83.373199999948298,30.512170000070828],[-83.373119999582357,30.512264999980214],[-83.373066999878901,30.512327000001413],[-83.373040000114713,30.512359999796828],[-83.37296999979452,30.512437999690931],[-83.372759999732253,30.512672999668172],[-83.372691000135262,30.512751999980853],[-83.372640000081645,30.512810000110775],[-83.372260000140045,30.513270000342494],[-83.372194999842719,30.513353999618172],[-83.371870000152711,30.513779999636661],[-83.371690000227659,30.514050000000758],[-83.37133000037754,30.514640000049845],[-83.371100000223777,30.515070000111976],[-83.370967000154366,30.515341999727173],[-83.370930000344458,30.51542000032423],[-83.370779999658311,30.515749999657569],[-83.370660000007703,30.516059999863504],[-83.370550000402858,30.516299999668483],[-83.370470000036917,30.516489999835475],[-83.370438000249862,30.516574000198236],[-83.370360000432072,30.516789999913222],[-83.370209999745924,30.517209999704839],[-83.369950000353242,30.517839999858928],[-83.36983200035246,30.518142999934476],[-83.369809999712857,30.518200000103601],[-83.369639999833538,30.518670000265022],[-83.369551999969985,30.51889900011135],[-83.369459999908457,30.519139999701427],[-83.369310000120649,30.519499999774336],[-83.369283000356475,30.51958499968292],[-83.369209999663227,30.51982000018139],[-83.369119000324929,30.520098999949894],[-83.368992000103333,30.520494000102467],[-83.368869999904604,30.520869999896568],[-83.368849999813094,30.520936999678369],[-83.368770000345478,30.521220000118163],[-83.368689999979537,30.521580000225118],[-83.368635999552851,30.521806999800443],[-83.368599999567834,30.521959999665075],[-83.368489999962989,30.522529999908247],[-83.368350000220914,30.523300000127737],[-83.368314000235898,30.523586999788346],[-83.368249999763478,30.524100000003664],[-83.36823899989281,30.524186000310216],[-83.368192000037169,30.524543000166073],[-83.368175000318729,30.524677999808819],[-83.368110000021403,30.52516999991165],[-83.368048000097104,30.525614000376176],[-83.368009999563952,30.525889999705143],[-83.367998999693327,30.525972000162191],[-83.367965000256433,30.526231000283111],[-83.3678630001492,30.527009999870913],[-83.3678299996389,30.527270000066668],[-83.367746999798243,30.527878000308554],[-83.367709999988321,30.528160000142272],[-83.36755000015475,30.529539999988113],[-83.367540999933908,30.529707999747895],[-83.367540000109017,30.529749999642455]]},"properties":{"BASENAME":"Colin Kelly","NAME":"NE Colin Kelly Hwy","MTFCC":"S1200","RTTYP":"M","OID":"1103691341453"}},{"type":"Feature","geometry":{"type":"LineString","coordinates":[[-83.319949999811229,30.626080000039323],[-83.319379999898828,30.626550000264913],[-83.31910000041465,30.626786999669307],[-83.317039999974796,30.628540000368353],[-83.316571000344737,30.628930000013366],[-83.31624999995438,30.629200000036061],[-83.315726000072729,30.62964200010768]]},"properties":{"BASENAME":"Collin Kelly","NAME":"NE Collin Kelly Hwy","MTFCC":"S1200","RTTYP":"M","OID":"1103660198905"}},{"type":"Feature","geometry":{"type":"LineString","coordinates":[[-83.052105999739652,30.803444000318191],[-83.052237000159238,30.805556000261824]]},"properties":{"BASENAME":"135","NAME":"Hwy 135 N","MTFCC":"S1200","RTTYP":"M","OID":"1103530187454"}},{"type":"Feature","geometry":{"type":"LineString","coordinates":[[-83.050025000281721,30.817225999945943],[-83.049990999946516,30.817473999868469],[-83.049956999611325,30.818136999842526],[-83.049980000075863,30.818854999966764],[-83.05002000025884,30.819573999935205],[-83.05012900003878,30.820114999897026],[-83.050287000222539,30.820627000280961],[-83.050577999577342,30.821263000253285],[-83.050899999792634,30.821814999944422],[-83.051336999635637,30.822386000044297],[-83.052397999817714,30.823911999904698],[-83.052567999697018,30.824213000120615],[-83.052714000185205,30.824556000113471],[-83.052817999942292,30.8248289997202],[-83.053012000111025,30.825494999852932],[-83.053478000266352,30.827187000137538]]},"properties":{"BASENAME":"135","NAME":"Hwy 135 N","MTFCC":"S1200","RTTYP":"M","OID":"1103530187935"}},{"type":"Feature","geometry":{"type":"LineString","coordinates":[[-83.306886000060274,31.115729000133829],[-83.308025999885061,31.116199999980722],[-83.308989999982757,31.116586999648867],[-83.310132000355679,31.116924000346028]]},"properties":{"BASENAME":"Coffee","NAME":"S Coffee Rd","MTFCC":"S1200","RTTYP":"M","OID":"1103677656981"}},{"type":"Feature","geometry":{"type":"LineString","coordinates":[[-83.069362000340391,31.052000999870565],[-83.069369000013069,31.052339000016172],[-83.069464000447638,31.052944000025001],[-83.069666000113997,31.053969999805286],[-83.069895000442841,31.054986000376548]]},"properties":{"BASENAME":"135","NAME":"Hwy 135","MTFCC":"S1200","RTTYP":"M","OID":"1103671355355"}},{"type":"Feature","geometry":{"type":"LineString","coordinates":[[-83.19797100041734,31.025404999773293],[-83.195950000335543,31.025417000204431],[-83.195183999706245,31.025422000062864],[-83.193872000352329,31.025421000091196],[-83.193351999770329,31.02542300003455],[-83.193325000006155,31.02542300003455],[-83.191847000072542,31.025428999864261],[-83.185941000185963,31.025459999748371],[-83.185928999592093,31.025459999748371],[-83.185408999908418,31.025462999662125],[-83.185038000187632,31.025465000374361],[-83.184966000217628,31.025465000374361],[-83.181948000426146,31.025480999912428],[-83.181194000390761,31.025484999796507],[-83.181141999613885,31.025484999796507],[-83.180796000007476,31.025486999738504],[-83.180621999930196,31.025487999709487]]},"properties":{"BASENAME":"122","NAME":"State Rte 122","MTFCC":"S1200","RTTYP":"S","OID":"1102390271586"}},{"type":"Feature","geometry":{"type":"LineString","coordinates":[[-83.051129000121492,31.044945999629675],[-83.049099999643772,31.045271000203115],[-83.04762400025831,31.045514999845121]]},"properties":{"BASENAME":"37","NAME":"State Rte 37 E","MTFCC":"S1200","RTTYP":"S","OID":"1104258178106"}},{"type":"Feature","geometry":{"type":"LineString","coordinates":[[-83.140925999988852,31.053915000136726],[-83.141422000281423,31.054097000373797],[-83.143122999797768,31.054786999870014],[-83.143730000418401,31.055062999652691],[-83.143769999703068,31.055082000124074],[-83.146160999680717,31.056166000363188],[-83.148134999906858,31.05705799996117],[-83.149921999636945,31.057901999707365],[-83.151028999849771,31.058389000151553],[-83.151489000157312,31.05859099968967],[-83.153937999861284,31.059659000016147],[-83.154857999578056,31.060059999833335],[-83.159254999568901,31.06197800023784]]},"properties":{"BASENAME":"137","NAME":"Hwy 137","MTFCC":"S1200","RTTYP":"M","OID":"1103998290545"}},{"type":"Feature","geometry":{"type":"LineString","coordinates":[[-83.144092999743251,31.11289699996054],[-83.143607000394766,31.113046000142482],[-83.142348999670872,31.113313000100412],[-83.13989900014198,31.11389900024416],[-83.139658999942469,31.1139579998298],[-83.139324000206713,31.114041000188617],[-83.13758299960908,31.114471000273827],[-83.137450000437994,31.11450399997814],[-83.136419000393161,31.114836999638207],[-83.135888999765413,31.11500999964716],[-83.1349659996756,31.115700999814557],[-83.134209999990361,31.117005000093354]]},"properties":{"BASENAME":"64","NAME":"Hwy 64","MTFCC":"S1200","RTTYP":"M","OID":"1103925466269"}},{"type":"Feature","geometry":{"type":"LineString","coordinates":[[-83.159254999568901,31.06197800023784],[-83.159818999633515,31.062231000248307],[-83.159837000075186,31.062244999824749],[-83.160734000225716,31.062606000117796],[-83.161265999604979,31.062835999685934],[-83.163647000435205,31.063864999993847],[-83.165181000445301,31.064534999759889],[-83.166296000155725,31.065017000017015],[-83.167015999855948,31.065410999622884],[-83.167128000008944,31.065454000340385]]},"properties":{"BASENAME":"37","NAME":"Hwy 37","MTFCC":"S1200","RTTYP":"M","OID":"1103925482587"}},{"type":"Feature","geometry":{"type":"LineString","coordinates":[[-83.057715000423642,31.043889000274469],[-83.056730000409544,31.044048000209489]]},"properties":{"BASENAME":"37","NAME":"E Hwy 37","MTFCC":"S1200","RTTYP":"M","OID":"1103730436760"}},{"type":"Feature","geometry":{"type":"LineString","coordinates":[[-82.869899000269399,30.989361000174355],[-82.869535000221333,30.98955800038425],[-82.869402000151922,30.989659000048718],[-82.869074000088887,30.989972000296856],[-82.868965000308933,30.990129000206782]]},"properties":{"BASENAME":"Valdosta","NAME":"Valdosta Hwy","MTFCC":"S1200","RTTYP":"M","OID":"1103720985584"}},{"type":"Feature","geometry":{"type":"LineString","coordinates":[[-82.656430000091078,31.071286999857868],[-82.654110000258527,31.072174000293156],[-82.653145000335925,31.072540000292324],[-82.652650999693194,31.072725000252014],[-82.651183999630248,31.073273000149733],[-82.650706999604282,31.073458999689095],[-82.650087000361481,31.073700999670308],[-82.650031000284997,31.073723000197589],[-82.649402999747963,31.073975999740565]]},"properties":{"BASENAME":"Main","NAME":"Main St","MTFCC":"S1200","RTTYP":"M","OID":"1103691475855"}},{"type":"Feature","geometry":{"type":"LineString","coordinates":[[-82.706624999728447,31.007816000205764],[-82.70822300021095,31.008850000049691],[-82.708660000053953,31.00909700027168],[-82.70907599998057,31.009331999707946],[-82.710059000344827,31.009866000109394],[-82.712247999757821,31.011017999983039],[-82.713374000237209,31.011659999689364],[-82.715226000264622,31.01274099972537]]},"properties":{"BASENAME":"Fargo","NAME":"Fargo Hwy","MTFCC":"S1200","RTTYP":"M","OID":"1103719792479"}},{"type":"Feature","geometry":{"type":"LineString","coordinates":[[-82.732151000429226,31.022068999884485],[-82.736914999942883,31.024693000224634]]},"properties":{"BASENAME":"Church","NAME":"S Church St","MTFCC":"S1200","RTTYP":"M","OID":"1103719805165"}},{"type":"Feature","geometry":{"type":"LineString","coordinates":[[-82.69309200034742,30.994529999750878],[-82.693755999971145,30.99485699966057],[-82.694972999788831,30.995480000351382],[-82.696203999850226,30.996093999848764],[-82.696269999972458,30.996126999822661],[-82.697408000147433,30.996709000286359],[-82.697835999769595,30.996978999676468],[-82.69835800000142,30.997381000380845],[-82.698434999994319,30.997433000332858],[-82.698486999872856,30.997473999653081],[-82.698932999936687,30.997961000372413],[-82.699570999621145,30.998765000277821],[-82.699791999554066,30.999077999904824],[-82.70056599968099,31.000072999787005],[-82.701363000272408,31.001055000192057],[-82.701667000046029,31.00145299976105]]},"properties":{"BASENAME":"Fargo","NAME":"Fargo Hwy","MTFCC":"S1200","RTTYP":"M","OID":"1103719807043"}},{"type":"Feature","geometry":{"type":"LineString","coordinates":[[-82.677252999580944,30.987312999894879],[-82.679170999730587,30.988111000359204],[-82.683744000346834,30.990149000112957]]},"properties":{"BASENAME":"Fargo","NAME":"Fargo Hwy","MTFCC":"S1200","RTTYP":"M","OID":"1103719807750"}},{"type":"Feature","geometry":{"type":"LineString","coordinates":[[-82.662289000122001,30.964811999750101],[-82.663059000050936,30.967792999740411],[-82.663541000099784,30.969654000008308]]},"properties":{"BASENAME":"Fargo","NAME":"Fargo Hwy","MTFCC":"S1200","RTTYP":"M","OID":"1103719810321"}},{"type":"Feature","geometry":{"type":"LineString","coordinates":[[-82.664603000106752,30.917538999793745],[-82.664352000036587,30.92239900020164],[-82.664079000225129,30.926977999947262],[-82.663933999561849,30.928879000125317]]},"properties":{"BASENAME":"Fargo","NAME":"Fargo Hwy","MTFCC":"S1200","RTTYP":"M","OID":"1103719815017"}},{"type":"Feature","geometry":{"type":"LineString","coordinates":[[-83.458128999646632,31.000859000087825],[-83.456070999754871,31.000428000335262],[-83.454215000427837,31.000021999972727],[-83.45116599977591,30.999355999939624],[-83.450537000312295,30.999219000131774],[-83.446915000273265,30.998427000183792],[-83.441692000276959,30.997271999826705],[-83.439978000341824,30.996902999908322],[-83.438316000285198,30.996535999881758],[-83.437857999627482,30.99643999963757],[-83.437248000430444,30.996303000260774],[-83.436368999823245,30.996114000044333],[-83.435998000102472,30.996038000356872],[-83.435038000202738,30.995886000030314],[-83.43482599959232,30.995859999636064],[-83.434161999968595,30.995792999979567],[-83.433741000019126,30.995761000172944],[-83.433366999925312,30.99573999962022],[-83.433095999763651,30.995723999709405],[-83.430231999957982,30.995637999950073],[-83.423695000059638,30.99544899995584],[-83.420066000347887,30.995337000181841],[-83.418312000229761,30.995289999756199],[-83.414551000273548,30.995169000274188],[-83.412946999943244,30.995134000159879],[-83.412344000418898,30.99510899985043],[-83.411988999693349,30.995094999643396],[-83.407154999859486,30.994962999790999],[-83.402695000119451,30.994828999940605],[-83.402064999932577,30.99480300002827],[-83.400860999635384,30.99472399995501],[-83.400480999693784,30.994694000377905],[-83.399228999716001,30.994576999780922],[-83.398878000086725,30.994547999683203],[-83.397628999583674,30.994495000172137],[-83.396702000194225,30.994456000164426],[-83.396349999841718,30.994431999974033],[-83.396000000037347,30.994394000237804],[-83.395786999602009,30.994363000259348],[-83.395577000438038,30.994324999725563],[-83.394892999824506,30.994180999834967],[-83.394651999800089,30.994118999729583],[-83.394229000200795,30.994001999967384],[-83.393701000121197,30.993847999640387],[-83.392707999711178,30.993557999899714],[-83.392434999899706,30.993483000022479],[-83.391548999619815,30.993229000308016],[-83.390757999774479,30.993000000016014],[-83.389987000020639,30.992782999864094],[-83.389520999865312,30.992652999753162],[-83.389319000198938,30.992601000275219],[-83.388803999639833,30.992469000051422],[-83.388181999848896,30.992283999675383],[-83.387945000022441,30.992213999626877],[-83.387320999683354,30.992029000296441],[-83.386771999687369,30.991874999864194],[-83.386416999860117,30.991776000115038],[-83.384759999826386,30.991296000154755],[-83.384603000365857,30.991250999938337],[-83.381182999993186,30.990280000126528],[-83.380531999889939,30.990095000125581],[-83.380166000192048,30.990005000078636],[-83.380057000412094,30.989985999715636],[-83.379720999953122,30.98994199999526],[-83.379479000103785,30.989916999865077],[-83.379298000353799,30.989911000110094],[-83.378848999916912,30.989896000335907],[-83.378537999572316,30.989909000191673],[-83.377528000342181,30.990152000368063],[-83.376166999686149,30.990503999868121],[-83.375477999948046,30.990679000335032],[-83.374776999616074,30.990856000379509],[-83.373866999945065,30.99108700032204],[-83.373737000248724,30.991119999718109],[-83.373656999882783,30.991140000186618],[-83.373558999973497,30.991164999996265],[-83.373430000102061,30.991198999696106],[-83.37288899960366,30.991334000355142],[-83.372768999953067,30.991354000008744],[-83.372724999572142,30.991383000307486],[-83.372647999579243,30.991369999882565],[-83.372440999890017,30.991394999631932],[-83.372136000291476,30.99142200003158],[-83.371633000326241,30.991444999881118],[-83.37057499961891,30.991490000005999],[-83.370266999647328,30.991502999644485],[-83.367844999707529,30.991608000095635],[-83.366191999871745,30.991682000351542],[-83.365831000196735,30.991698999725767],[-83.364071000230823,30.991776999669639],[-83.364021999827017,30.991779000318989],[-83.363586999633853,30.99180399996116],[-83.363303999776633,30.99182999992092],[-83.363022999569225,30.991871000109665],[-83.362722999993565,30.991931000260113],[-83.362501000235724,30.991983999655801],[-83.362384999884782,30.992012999763013],[-83.362159999753885,30.992067999756358],[-83.361900000361189,30.992146000168574],[-83.36166600000945,30.992230999676369],[-83.361533999764987,30.992283000126115],[-83.360203000144494,30.992814999899792],[-83.3585150001486,30.993507999988061],[-83.357504000195249,30.993921999698554],[-83.356790000342812,30.994221999783171],[-83.356422000096785,30.994381999750495],[-83.355693000175734,30.994712999803127],[-83.355238999715965,30.99493000018434],[-83.354697000290983,30.995193999797905],[-83.3546410002145,30.995222000180725],[-83.354277000166419,30.995404999675319],[-83.354068999753949,30.995509999681243],[-83.353858999691667,30.995615000341559],[-83.353042999731969,30.996024999796354],[-83.352831999844781,30.996131000168759],[-83.334976000092752,31.005094999998548],[-83.333652000144951,31.005757000041609],[-83.331332000312401,31.006901999904642],[-83.32983500011224,31.007617999824369],[-83.328572000263804,31.008216999726042],[-83.327074000238738,31.008942000310061],[-83.326630999649623,31.009167999618583],[-83.326182999935952,31.009390000141444],[-83.325650999658407,31.009612000147332],[-83.324913000414838,31.00989400003353],[-83.324339000304462,31.010109000249003],[-83.323730999858938,31.010311999957207],[-83.323115999740693,31.010498000133293],[-83.322199000396964,31.010755999776716],[-83.321938000281079,31.010822999698167],[-83.321740999739248,31.010869000042192],[-83.321317000315062,31.010952000322192],[-83.320836999916011,31.01103200016189],[-83.320352000392461,31.011096999645385],[-83.320123000063589,31.01112100026074],[-83.319831999810447,31.011146000221679],[-83.319539999732413,31.011162999975749],[-83.318235000051175,31.011204000321307],[-83.317455000076478,31.01124000004684],[-83.317146000280005,31.011264999976508],[-83.316838000308422,31.011300000329065],[-83.316301999832902,31.011376000170326],[-83.315900000149995,31.011446000011116],[-83.315650999729669,31.011494000290153],[-83.315309000321207,31.011568999859726],[-83.314968999664273,31.011652000300039],[-83.314643999974265,31.011739000359402],[-83.314321999758988,31.011835999942495],[-83.313915000053228,31.011975000323936],[-83.313510999822171,31.012119999630691],[-83.313111999613994,31.012273999704185],[-83.312709999931087,31.012419000095825],[-83.312057000178015,31.012618999955503],[-83.31172499991699,31.012715000077812],[-83.311119000019602,31.012855000050809],[-83.310784000283832,31.012920999933733],[-83.31062399955195,31.012953000140506],[-83.310436999954206,31.012984000234265],[-83.309703000010288,31.013078999887767],[-83.309504999643565,31.013100999802145],[-83.307926000325949,31.013221000295403],[-83.303669000077178,31.013565000102215],[-83.303065999654493,31.013610999892784],[-83.30193900024851,31.01370400027178],[-83.30189300021776,31.013707999880356],[-83.301795000308459,31.013715999867042],[-83.299908000120965,31.013862999790604],[-83.299188000420742,31.013922999961384],[-83.298610000112404,31.013986000369467],[-83.298153000177933,31.01405499974214],[-83.297866000122752,31.014106999838859],[-83.29721300036968,31.014247000076718],[-83.2965039996418,31.014436999850645],[-83.296162000233352,31.014543999856475],[-83.295726000215254,31.014692000126988],[-83.295454000228702,31.014794000200428],[-83.294963999783917,31.014980000098571],[-83.294489000306086,31.015148999823769],[-83.294084000250137,31.015305999855709],[-83.293509000314884,31.015516999878631],[-83.292976000212406,31.015721999763578],[-83.289760000054201,31.016928999964808],[-83.289379000287695,31.017076000321371],[-83.288565999802742,31.017353000167624],[-83.288196999731795,31.017467999650489],[-83.287908000026803,31.017566999669885],[-83.286908999768997,31.017871000237406],[-83.286127000144518,31.018089000310606],[-83.285419999964759,31.018267000332504],[-83.283777000174737,31.018659000151107],[-83.283326000088024,31.018782999970078],[-83.282859999932697,31.018918000067579],[-83.282076999584973,31.019180000161487],[-83.281474999885532,31.019406999863108],[-83.281009999555124,31.019592999995595],[-83.280715999827251,31.019719000201849],[-83.280012000020548,31.020047999997651],[-83.278212999696592,31.020956000374966],[-83.278072000129598,31.021027000125333],[-83.277040000259831,31.021533000088567],[-83.27683500022043,31.021627999687723],[-83.275844000358546,31.022055999794425],[-83.275396999571498,31.022244000154444],[-83.274203000218336,31.022718999816743],[-83.273577000229452,31.022955000303078],[-83.270864000036511,31.024028000110725],[-83.270062000320522,31.024350999756098],[-83.269198999606857,31.024709999871508],[-83.267832000001349,31.025244000321479],[-83.267154000133914,31.025493000334002],[-83.266544999863456,31.025691999727673],[-83.266309999686811,31.025769000375689],[-83.266163000272044,31.025808999858004],[-83.265435000175898,31.025982000254437],[-83.265291000235862,31.026009000096625],[-83.26515700034156,31.026061999793079],[-83.264875000309232,31.026052000143139],[-83.264723999798193,31.02609800006395],[-83.264344999681512,31.026144999926647],[-83.263845000089304,31.026189999838991],[-83.263465999972638,31.026210999842139],[-83.262748999747132,31.026212999768891],[-83.261848000296951,31.026204000098208],[-83.261740000341916,31.026215999658895],[-83.261634999861613,31.026220000281967],[-83.257944000225606,31.026070000282125],[-83.254735999565028,31.025851999994735],[-83.251102999655316,31.025509999838132],[-83.248448999911915,31.025340000041716],[-83.245052000003767,31.025286999943493],[-83.244533000145012,31.025294999727819],[-83.24405699994395,31.025286999943493],[-83.243252999679825,31.02528599997045],[-83.242953999929071,31.025280000131666],[-83.242512999888106,31.025280000131666],[-83.241788999989936,31.025263999790088],[-83.240728999632765,31.025259999896672],[-83.240209999773995,31.025240999631045],[-83.239491999723597,31.025231999868534],[-83.238731999840411,31.025245000295019],[-83.238398999754466,31.02523499978949],[-83.238090999782898,31.02523499978949],[-83.237622999977745,31.025233999815846],[-83.236854999698636,31.025243000347938],[-83.235844999570205,31.025292999781829],[-83.235717000422,31.025296999673809],[-83.235642000078911,31.025300000362463],[-83.235445000435419,31.025313999982721],[-83.234850000408684,31.025334000206382],[-83.232968000244043,31.025446000149625],[-83.232528000027997,31.025477999999222],[-83.23242400027091,31.025484999796507],[-83.231219000148783,31.025540999695867],[-83.230138999700145,31.025564999752589],[-83.22701999962635,31.025556000020686],[-83.226488000247087,31.02555400008017],[-83.224720999710186,31.025538999754993],[-83.224035000345168,31.025544000376851],[-83.223838999628256,31.025545000347236],[-83.223513999938248,31.025539999725442],[-83.218880999945839,31.025525000167875],[-83.218315000231414,31.025516999633066],[-83.218240999713245,31.025521000285426],[-83.217772000083201,31.025522000256053],[-83.216837000297815,31.025512999750323],[-83.216509000234765,31.025516999633066],[-83.215605000411529,31.025485999767504],[-83.215051000392663,31.025458999777094],[-83.213738000315502,31.025352999683637],[-83.212939000074243,31.02526899965655],[-83.212718999966214,31.025214000341002],[-83.2126329997525,31.025217000262469],[-83.210608000371025,31.025047999918772],[-83.208671999779725,31.025024999707593],[-83.208352999937503,31.025023999731747],[-83.208137000027449,31.02498899980105],[-83.203750999907228,31.025173999839044],[-83.203402999752683,31.025189000221697],[-83.201253999624342,31.025280000131666],[-83.19797100041734,31.025404999773293]]},"properties":{"BASENAME":"122","NAME":"State Rte 122","MTFCC":"S1200","RTTYP":"S","OID":"1103717647271"}},{"type":"Feature","geometry":{"type":"LineString","coordinates":[[-82.872816999603444,31.034905999696207],[-82.874340999567778,31.035047000030609]]},"properties":{"BASENAME":"Lakeland","NAME":"Lakeland Hwy","MTFCC":"S1200","RTTYP":"M","OID":"1103720021421"}},{"type":"Feature","geometry":{"type":"LineString","coordinates":[[-82.910039999551344,31.079547999651837],[-82.911265999589872,31.079949999636558],[-82.912428000054277,31.080320000362995],[-82.913091999678002,31.080576999922208],[-82.913685999879846,31.080842000057245],[-82.915967000252635,31.082075000129141],[-82.917103999704381,31.082731999801332],[-82.917731000416509,31.083056999768292],[-82.919292000190794,31.083993999774783],[-82.920698999979265,31.084954000127269],[-82.921430000448453,31.085449999971882],[-82.922301999586324,31.086057999699385],[-82.92290099981102,31.086474999800661],[-82.923527999624824,31.086859999638435],[-82.924068000298305,31.087124999949296],[-82.924443000217039,31.0872659998338],[-82.924786000348718,31.087355000215158],[-82.92520599957497,31.087442000334516],[-82.925711000088342,31.08748799981721],[-82.926603000216019,31.087508000053656],[-82.928114999586484,31.087504999787672]]},"properties":{"BASENAME":"Nashville","NAME":"Nashville Hwy","MTFCC":"S1200","RTTYP":"M","OID":"1103720512011"}},{"type":"Feature","geometry":{"type":"LineString","coordinates":[[-82.932206999978817,31.087680999845745],[-82.932585000270606,31.087772000010158],[-82.933093000258722,31.087970999964714],[-82.933462000329655,31.08816499986327],[-82.933735999966032,31.088321000176421],[-82.934175000357172,31.088581999950168],[-82.934843000178873,31.088998999745705],[-82.937082999645483,31.090360000050186]]},"properties":{"BASENAME":"Nashville","NAME":"Nashville Hwy","MTFCC":"S1200","RTTYP":"M","OID":"1103720514598"}},{"type":"Feature","geometry":{"type":"LineString","coordinates":[[-82.958538999695236,31.110376999872702],[-82.95859700031987,31.11074500009607],[-82.958684000358502,31.111286000304883],[-82.958754999605304,31.111686999995651],[-82.959220999760618,31.114089000251781],[-82.95976499973375,31.115990999754153],[-82.960038000443532,31.117016999736734],[-82.960091999971894,31.11721200007355],[-82.960122000109124,31.117417999828547]]},"properties":{"BASENAME":"Nashville","NAME":"Nashville Hwy","MTFCC":"S1200","RTTYP":"M","OID":"1103720514857"}},{"type":"Feature","geometry":{"type":"LineString","coordinates":[[-82.893894000434827,31.070549000282824],[-82.894167000246313,31.070900999772821],[-82.894470000195,31.071312999671679],[-82.89478800021233,31.07179200020839],[-82.895194999918104,31.072474000182169],[-82.896170999711359,31.074055000262806],[-82.896940999640293,31.075255999854566],[-82.897455000374507,31.076076000068223],[-82.897744999904418,31.076584999648468]]},"properties":{"BASENAME":"Nashville","NAME":"Nashville Hwy","MTFCC":"S1200","RTTYP":"M","OID":"1103720515105"}},{"type":"Feature","geometry":{"type":"LineString","coordinates":[[-82.795012000332591,31.080495999878657],[-82.795635999773367,31.080946999746704]]},"properties":{"BASENAME":"Pearson","NAME":"Pearson Hwy","MTFCC":"S1200","RTTYP":"M","OID":"1103720521857"}},{"type":"Feature","geometry":{"type":"LineString","coordinates":[[-82.804361999983001,31.087087000266564],[-82.805285999897734,31.087730000240978],[-82.805746000205261,31.088074000075128],[-82.805959999567193,31.088258999806456]]},"properties":{"BASENAME":"Pearson","NAME":"Pearson Hwy","MTFCC":"S1200","RTTYP":"M","OID":"1103720553304"}},{"type":"Feature","geometry":{"type":"LineString","coordinates":[[-82.768336999586182,31.053045999922329],[-82.769251000353492,31.053816999864832],[-82.771442000314607,31.055728000042599],[-82.772466999613357,31.056660999916726]]},"properties":{"BASENAME":"Pearson","NAME":"Pearson Hwy","MTFCC":"S1200","RTTYP":"M","OID":"1103720553820"}},{"type":"Feature","geometry":{"type":"LineString","coordinates":[[-82.782710999939567,31.066605000045708],[-82.783563999709187,31.068005000065661],[-82.785202000374653,31.070725000190674]]},"properties":{"BASENAME":"Pearson","NAME":"Pearson Hwy","MTFCC":"S1200","RTTYP":"M","OID":"1103720554265"}},{"type":"Feature","geometry":{"type":"LineString","coordinates":[[-82.887731999556891,31.036378000170942],[-82.890859999851529,31.036677999793771],[-82.894316000209216,31.037002000264486]]},"properties":{"BASENAME":"Lakeland","NAME":"Lakeland Hwy","MTFCC":"S1200","RTTYP":"M","OID":"1103720951420"}},{"type":"Feature","geometry":{"type":"LineString","coordinates":[[-82.887731999556891,31.036378000170942],[-82.890859999851529,31.036677999793771],[-82.894316000209216,31.037002000264486]]},"properties":{"BASENAME":"Stacy","NAME":"Stacy Ln","MTFCC":"S1200","RTTYP":"M","OID":"1103720951424"}},{"type":"Feature","geometry":{"type":"LineString","coordinates":[[-82.873594999928301,30.988036000049668],[-82.873030000038767,30.98819500001979],[-82.871757999969489,30.98861300034811]]},"properties":{"BASENAME":"Valdosta","NAME":"Valdosta Hwy","MTFCC":"S1200","RTTYP":"M","OID":"1103720952244"}},{"type":"Feature","geometry":{"type":"LineString","coordinates":[[-82.850101000078297,31.009220000071817],[-82.84905099976686,31.009570999886925],[-82.847753999583233,31.010011000314783],[-82.843954999992192,31.0112020000795],[-82.83858700023093,31.012808999895352],[-82.837432000337543,31.013177999847322],[-82.836654999837592,31.013427999925113],[-82.835981000168132,31.013584999712599],[-82.83518299975178,31.01371100016415]]},"properties":{"BASENAME":"Valdosta","NAME":"Valdosta Hwy","MTFCC":"S1200","RTTYP":"M","OID":"1103720952502"}},{"type":"Feature","geometry":{"type":"LineString","coordinates":[[-82.741947000143455,31.028067999958498],[-82.742086000060624,31.028254000116924],[-82.742230999825594,31.028476999993675],[-82.742482999720679,31.028931999903914],[-82.742490000291681,31.028941000086576],[-82.742978000188316,31.029740999928805],[-82.744291000265463,31.031991000022149],[-82.744750999674679,31.032757000155506],[-82.745175999822123,31.03342900012095],[-82.746278999837003,31.035019999671583],[-82.746780999977318,31.035769000092518],[-82.746848999749389,31.035890000376448],[-82.746894999780139,31.035969000198953],[-82.747268999873953,31.036667999718961],[-82.747590000264324,31.037293999915196]]},"properties":{"BASENAME":"Church","NAME":"S Church St","MTFCC":"S1200","RTTYP":"M","OID":"1104259378865"}},{"type":"Feature","geometry":{"type":"LineString","coordinates":[[-83.095297000396755,30.597560999666911],[-83.095382999712172,30.597710000037907],[-83.095417999872282,30.597769000246021],[-83.095653000048912,30.598152000055087],[-83.095744000285492,30.598299999729182],[-83.095780000270508,30.598352000292408],[-83.095889999875382,30.598509999840086],[-83.095926999685304,30.598563000075988],[-83.09607200034857,30.59877199983368],[-83.096185000326471,30.598946999620651],[-83.096233999831966,30.5990220002058],[-83.097065999685171,30.600024999966795],[-83.097362999786085,30.600382000023309],[-83.097382000052662,30.600401999991938],[-83.09744099960389,30.600461999872866],[-83.097460999695386,30.600481999824932],[-83.097608999833383,30.600632999871074],[-83.09805400007231,30.601086000143646],[-83.098203000035227,30.601237999779308],[-83.0983550003712,30.601386000151688],[-83.09881300013059,30.601829999912244],[-83.098966000291483,30.601978999903544],[-83.099114000429481,30.602126000168546],[-83.099561000318218,30.602566999625104],[-83.099710000281135,30.602715000286672],[-83.099860000068958,30.602865999945053],[-83.100310000330765,30.603320000336812],[-83.100460999943493,30.603472000333202],[-83.100609000081491,30.603621999851608],[-83.101055999970256,30.604072999834386],[-83.101205999758079,30.604223999695446],[-83.101358000094038,30.604374000368903],[-83.101814000203618,30.604824000222443],[-83.10196599964128,30.604974999685972],[-83.102191999597082,30.605198000204052],[-83.102871000187733,30.605870000127357],[-83.103097999968455,30.606093999838876],[-83.103242999733411,30.60624000033847],[-83.103679999576414,30.606679000218353],[-83.103826000064601,30.606826000309365],[-83.104074999586615,30.607073999830934],[-83.104681000382357,30.607675000177636],[-83.104826000147298,30.607817999997764],[-83.105077000217477,30.608066000071883],[-83.105202999715857,30.608191000329928],[-83.105687000312841,30.608668000129121],[-83.10708900007846,30.610062000090664],[-83.107140000132077,30.610108000208847],[-83.108896999724919,30.611862000313845],[-83.109126999878683,30.612090000212245],[-83.109993000067107,30.612946999735623],[-83.110307999711381,30.613259999993531],[-83.110680000155355,30.613602999744185],[-83.115060000427775,30.618005000075037],[-83.115165999834659,30.618111999639535],[-83.115698000112246,30.61869900001631],[-83.116283000093247,30.619399999705248],[-83.116643999768272,30.619887999805751],[-83.116831000264341,30.620160999775862],[-83.11715699977924,30.620636999805008],[-83.117205000358126,30.620711999828409],[-83.118279000060681,30.62239699967191],[-83.118638000085895,30.622958999645775]]},"properties":{"BASENAME":"Plum","NAME":"Plum St","MTFCC":"S1200","RTTYP":"M","OID":"1104259380558"}},{"type":"Feature","geometry":{"type":"LineString","coordinates":[[-83.1018400001429,30.601447999707609],[-83.101732000187852,30.601462000150566],[-83.101589999897641,30.601481000140971],[-83.101418000368497,30.601532999770118],[-83.101315000436344,30.601564999646968],[-83.101154999704463,30.601651999886908],[-83.101139999635834,30.601660999987299],[-83.100963000083837,30.601774999639645],[-83.100711000188753,30.601968000332356],[-83.100567000248702,30.602079000376303],[-83.100394999821262,30.602206000124308],[-83.099880999985345,30.602586999915808],[-83.099710000281135,30.602715000286672]]},"properties":{"BASENAME":"Hamilton","NAME":"Hamilton Ave","MTFCC":"S1200","RTTYP":"M","OID":"1104259290581"}},{"type":"Feature","geometry":{"type":"LineString","coordinates":[[-83.04378200011125,30.53135699982187],[-83.043834999814678,30.531439000307508],[-83.043966000234249,30.531609000055859],[-83.044143999611165,30.53188299997991],[-83.044206000433746,30.531977000267219],[-83.044993000081121,30.533136999733109],[-83.04523099973251,30.533464999892786],[-83.04560700037446,30.533984000180475],[-83.046122000035254,30.534672999818849],[-83.046666999833306,30.535343000194196],[-83.046973000155077,30.535718999784589],[-83.048560999693521,30.537510000152409],[-83.050082000183124,30.539225999636322],[-83.050794000385736,30.540029000293828],[-83.051226000205887,30.54051700003583],[-83.051822999882432,30.541176000051006],[-83.051839999600887,30.541201000188924],[-83.051914999943946,30.541285999681364],[-83.052198999626086,30.541608000260531],[-83.05277899958422,30.542298999929457],[-83.0533900004028,30.542971999834741],[-83.053920999957143,30.54357800012232],[-83.05395899959197,30.543620000208932],[-83.054645999680233,30.54439400021062],[-83.05506599980481,30.54486700001106],[-83.055610999602834,30.545490000316235],[-83.055803000121784,30.545704000074849],[-83.056977000281748,30.547012999741145],[-83.059395999848505,30.549525999954749],[-83.059969999958867,30.550121999810038],[-83.060611999841285,30.550783999679645],[-83.060714999773438,30.550886999637953],[-83.061025000293156,30.551198000178275],[-83.061129000050229,30.551301999970043],[-83.06128999970872,30.551471999761535],[-83.061772999582473,30.551984000202033],[-83.06193499996418,30.552154999836628],[-83.061958000428703,30.55217899997842],[-83.062027000025694,30.55225199985739],[-83.062051000315137,30.552277000237833],[-83.062607999808733,30.552864000233562],[-83.064279000086174,30.554624999807881],[-83.064698000385832,30.555066000299636],[-83.064832000280134,30.555216999916261],[-83.064870999739881,30.555261000072857],[-83.064988999740663,30.555395000110419],[-83.065028999923626,30.555439999642829],[-83.065351999963823,30.555775000319105],[-83.065735000278451,30.556216000226883],[-83.066243000266567,30.556785000358847],[-83.067162000158433,30.55781500018939],[-83.068344999640914,30.559170000074968],[-83.069492999861637,30.560460999818567],[-83.069852999711728,30.560855999822685],[-83.06994300012343,30.560955000002547],[-83.071046999963201,30.562220999843795],[-83.07110600041274,30.562288999881019],[-83.071245000329924,30.562428000286708],[-83.071842000006498,30.563095999892266],[-83.072040000373221,30.5633169997799],[-83.072739000157043,30.564106999679222],[-83.074837000231753,30.566479999804326],[-83.075536999840466,30.567271000354292],[-83.076705000152671,30.568577999788882],[-83.077952000107587,30.569973999622857],[-83.080195999772158,30.572510999814956],[-83.081358000236563,30.573825000083005],[-83.082052999822437,30.574669999702529],[-83.082363000342141,30.575046000104358],[-83.084253999829301,30.577106000178023],[-83.084995000344222,30.577912999894085],[-83.085544000340221,30.578540999925487],[-83.086630999563255,30.579785999618206],[-83.087203000023777,30.580416999810463],[-83.087763999715349,30.58103600016986],[-83.088176000342301,30.581503000253193],[-83.089412000426563,30.58290600004727],[-83.089824000155218,30.583374000345398],[-83.090091000118917,30.583705999867792],[-83.090266000021089,30.583924000161115],[-83.090869000443774,30.584724000087729],[-83.091126000361712,30.585064999722015],[-83.091677999832442,30.586027999659805],[-83.092091000284313,30.586819999984606],[-83.09234900002717,30.587420999923729],[-83.092591999701412,30.587986999836911],[-83.092815000182497,30.588627999661895],[-83.093087000169064,30.589629999644622],[-83.093129999826772,30.589815000005824],[-83.093278999789689,30.590601000340996],[-83.093380999896937,30.591357000062327],[-83.093594000332274,30.592892999720195],[-83.093693999891372,30.593449000228368],[-83.093990000167381,30.594589999788251],[-83.094192999658659,30.595146999659619],[-83.094427000010398,30.595788000070662],[-83.094579000346343,30.596147999705064],[-83.094898000188579,30.596813000377441],[-83.095184000418854,30.597365999878271],[-83.095297000396755,30.597560999666911],[-83.095382999712172,30.597710000037907],[-83.095417999872282,30.597769000246021],[-83.095653000048912,30.598152000055087],[-83.095744000285492,30.598299999729182],[-83.095780000270508,30.598352000292408],[-83.095889999875382,30.598509999840086],[-83.095926999685304,30.598563000075988],[-83.09607200034857,30.59877199983368],[-83.096185000326471,30.598946999620651],[-83.096233999831966,30.5990220002058],[-83.097065999685171,30.600024999966795],[-83.097362999786085,30.600382000023309],[-83.097382000052662,30.600401999991938],[-83.09744099960389,30.600461999872866],[-83.097460999695386,30.600481999824932],[-83.097608999833383,30.600632999871074],[-83.09805400007231,30.601086000143646],[-83.098203000035227,30.601237999779308],[-83.0983550003712,30.601386000151688],[-83.09881300013059,30.601829999912244],[-83.098966000291483,30.601978999903544],[-83.099114000429481,30.602126000168546],[-83.099561000318218,30.602566999625104],[-83.099710000281135,30.602715000286672],[-83.099860000068958,30.602865999945053],[-83.100310000330765,30.603320000336812],[-83.100460999943493,30.603472000333202],[-83.100609000081491,30.603621999851608],[-83.101055999970256,30.604072999834386],[-83.101205999758079,30.604223999695446],[-83.101358000094038,30.604374000368903],[-83.101814000203618,30.604824000222443],[-83.10196599964128,30.604974999685972],[-83.102191999597082,30.605198000204052],[-83.102871000187733,30.605870000127357],[-83.103097999968455,30.606093999838876],[-83.103242999733411,30.60624000033847],[-83.103679999576414,30.606679000218353],[-83.103826000064601,30.606826000309365],[-83.104074999586615,30.607073999830934],[-83.104681000382357,30.607675000177636],[-83.104826000147298,30.607817999997764],[-83.105077000217477,30.608066000071883],[-83.105202999715857,30.608191000329928],[-83.105687000312841,30.608668000129121],[-83.10708900007846,30.610062000090664],[-83.107140000132077,30.610108000208847],[-83.108896999724919,30.611862000313845],[-83.109126999878683,30.612090000212245],[-83.109993000067107,30.612946999735623],[-83.110307999711381,30.613259999993531],[-83.110680000155355,30.613602999744185],[-83.115060000427775,30.618005000075037],[-83.115165999834659,30.618111999639535],[-83.115698000112246,30.61869900001631],[-83.116283000093247,30.619399999705248],[-83.116643999768272,30.619887999805751],[-83.116831000264341,30.620160999775862],[-83.11715699977924,30.620636999805008],[-83.117205000358126,30.620711999828409],[-83.118279000060681,30.62239699967191],[-83.118638000085895,30.622958999645775]]},"properties":{"BASENAME":"25","NAME":"State Hwy 25","MTFCC":"S1200","RTTYP":"S","OID":"1104259290592"}},{"type":"Feature","geometry":{"type":"LineString","coordinates":[[-83.04378200011125,30.53135699982187],[-83.043834999814678,30.531439000307508],[-83.043966000234249,30.531609000055859],[-83.044143999611165,30.53188299997991],[-83.044206000433746,30.531977000267219],[-83.044993000081121,30.533136999733109],[-83.04523099973251,30.533464999892786],[-83.04560700037446,30.533984000180475],[-83.046122000035254,30.534672999818849],[-83.046666999833306,30.535343000194196],[-83.046973000155077,30.535718999784589],[-83.048560999693521,30.537510000152409],[-83.050082000183124,30.539225999636322],[-83.050794000385736,30.540029000293828],[-83.051226000205887,30.54051700003583],[-83.051822999882432,30.541176000051006],[-83.051839999600887,30.541201000188924],[-83.051914999943946,30.541285999681364],[-83.052198999626086,30.541608000260531],[-83.05277899958422,30.542298999929457],[-83.0533900004028,30.542971999834741],[-83.053920999957143,30.54357800012232],[-83.05395899959197,30.543620000208932],[-83.054645999680233,30.54439400021062],[-83.05506599980481,30.54486700001106],[-83.055610999602834,30.545490000316235],[-83.055803000121784,30.545704000074849],[-83.056977000281748,30.547012999741145],[-83.059395999848505,30.549525999954749],[-83.059969999958867,30.550121999810038],[-83.060611999841285,30.550783999679645],[-83.060714999773438,30.550886999637953],[-83.061025000293156,30.551198000178275],[-83.061129000050229,30.551301999970043],[-83.06128999970872,30.551471999761535],[-83.061772999582473,30.551984000202033],[-83.06193499996418,30.552154999836628],[-83.061958000428703,30.55217899997842],[-83.062027000025694,30.55225199985739],[-83.062051000315137,30.552277000237833],[-83.062607999808733,30.552864000233562],[-83.064279000086174,30.554624999807881],[-83.064698000385832,30.555066000299636],[-83.064832000280134,30.555216999916261],[-83.064870999739881,30.555261000072857],[-83.064988999740663,30.555395000110419],[-83.065028999923626,30.555439999642829],[-83.065351999963823,30.555775000319105],[-83.065735000278451,30.556216000226883],[-83.066243000266567,30.556785000358847],[-83.067162000158433,30.55781500018939],[-83.068344999640914,30.559170000074968],[-83.069492999861637,30.560460999818567],[-83.069852999711728,30.560855999822685],[-83.06994300012343,30.560955000002547],[-83.071046999963201,30.562220999843795],[-83.07110600041274,30.562288999881019],[-83.071245000329924,30.562428000286708],[-83.071842000006498,30.563095999892266],[-83.072040000373221,30.5633169997799],[-83.072739000157043,30.564106999679222],[-83.074837000231753,30.566479999804326],[-83.075536999840466,30.567271000354292],[-83.076705000152671,30.568577999788882],[-83.077952000107587,30.569973999622857],[-83.080195999772158,30.572510999814956],[-83.081358000236563,30.573825000083005],[-83.082052999822437,30.574669999702529],[-83.082363000342141,30.575046000104358],[-83.084253999829301,30.577106000178023],[-83.084995000344222,30.577912999894085],[-83.085544000340221,30.578540999925487],[-83.086630999563255,30.579785999618206],[-83.087203000023777,30.580416999810463],[-83.087763999715349,30.58103600016986],[-83.088176000342301,30.581503000253193],[-83.089412000426563,30.58290600004727],[-83.089824000155218,30.583374000345398],[-83.090091000118917,30.583705999867792],[-83.090266000021089,30.583924000161115],[-83.090869000443774,30.584724000087729],[-83.091126000361712,30.585064999722015],[-83.091677999832442,30.586027999659805],[-83.092091000284313,30.586819999984606],[-83.09234900002717,30.587420999923729],[-83.092591999701412,30.587986999836911],[-83.092815000182497,30.588627999661895],[-83.093087000169064,30.589629999644622],[-83.093129999826772,30.589815000005824],[-83.093278999789689,30.590601000340996],[-83.093380999896937,30.591357000062327],[-83.093594000332274,30.592892999720195],[-83.093693999891372,30.593449000228368],[-83.093990000167381,30.594589999788251],[-83.094192999658659,30.595146999659619],[-83.094427000010398,30.595788000070662],[-83.094579000346343,30.596147999705064],[-83.094898000188579,30.596813000377441],[-83.095184000418854,30.597365999878271],[-83.095297000396755,30.597560999666911],[-83.095382999712172,30.597710000037907],[-83.095417999872282,30.597769000246021],[-83.095653000048912,30.598152000055087],[-83.095744000285492,30.598299999729182],[-83.095780000270508,30.598352000292408],[-83.095889999875382,30.598509999840086],[-83.095926999685304,30.598563000075988],[-83.09607200034857,30.59877199983368],[-83.096185000326471,30.598946999620651],[-83.096233999831966,30.5990220002058],[-83.097065999685171,30.600024999966795],[-83.097362999786085,30.600382000023309],[-83.097382000052662,30.600401999991938],[-83.09744099960389,30.600461999872866],[-83.097460999695386,30.600481999824932],[-83.097608999833383,30.600632999871074],[-83.09805400007231,30.601086000143646],[-83.098203000035227,30.601237999779308],[-83.0983550003712,30.601386000151688],[-83.09881300013059,30.601829999912244],[-83.098966000291483,30.601978999903544],[-83.099114000429481,30.602126000168546],[-83.099561000318218,30.602566999625104],[-83.099710000281135,30.602715000286672],[-83.099860000068958,30.602865999945053],[-83.100310000330765,30.603320000336812],[-83.100460999943493,30.603472000333202],[-83.100609000081491,30.603621999851608],[-83.101055999970256,30.604072999834386],[-83.101205999758079,30.604223999695446],[-83.101358000094038,30.604374000368903],[-83.101814000203618,30.604824000222443],[-83.10196599964128,30.604974999685972],[-83.102191999597082,30.605198000204052],[-83.102871000187733,30.605870000127357],[-83.103097999968455,30.606093999838876],[-83.103242999733411,30.60624000033847],[-83.103679999576414,30.606679000218353],[-83.103826000064601,30.606826000309365],[-83.104074999586615,30.607073999830934],[-83.104681000382357,30.607675000177636],[-83.104826000147298,30.607817999997764],[-83.105077000217477,30.608066000071883],[-83.105202999715857,30.608191000329928],[-83.105687000312841,30.608668000129121],[-83.10708900007846,30.610062000090664],[-83.107140000132077,30.610108000208847],[-83.108896999724919,30.611862000313845],[-83.109126999878683,30.612090000212245],[-83.109993000067107,30.612946999735623],[-83.110307999711381,30.613259999993531],[-83.110680000155355,30.613602999744185],[-83.115060000427775,30.618005000075037],[-83.115165999834659,30.618111999639535],[-83.115698000112246,30.61869900001631],[-83.116283000093247,30.619399999705248],[-83.116643999768272,30.619887999805751],[-83.116831000264341,30.620160999775862],[-83.11715699977924,30.620636999805008],[-83.117205000358126,30.620711999828409],[-83.118279000060681,30.62239699967191],[-83.118638000085895,30.622958999645775]]},"properties":{"BASENAME":"41","NAME":"US Hwy 41","MTFCC":"S1200","RTTYP":"U","OID":"1104259290623"}},{"type":"Feature","geometry":{"type":"LineString","coordinates":[[-83.04378200011125,30.53135699982187],[-83.043735000255566,30.531240000292396],[-83.043643000194066,30.531125000035601],[-83.043509000299764,30.530976999989242],[-83.043336999872324,30.530787000289372],[-83.043161000145233,30.53061199976862],[-83.042777999830562,30.530278000194716],[-83.042455999615285,30.530029000304975],[-83.04240899975963,30.529992999615541],[-83.042259999796713,30.529900000223041],[-83.042058000130339,30.529776000120759],[-83.041833999824362,30.529646999702884],[-83.041660999571988,30.529575000348913],[-83.041597999822798,30.529548999816782],[-83.041237999972694,30.52939900024186],[-83.040715999740883,30.52926799987161],[-83.040380000180207,30.529211000003912],[-83.040150999851349,30.529173000331397],[-83.039939000139242,30.529154000102714]]},"properties":{"BASENAME":"41","NAME":"US Hwy 41","MTFCC":"S1200","RTTYP":"U","OID":"1104259290625"}},{"type":"Feature","geometry":{"type":"LineString","coordinates":[[-83.042058000130339,30.529776000120759],[-83.041833999824362,30.529646999702884],[-83.041660999571988,30.529575000348913],[-83.041597999822798,30.529548999816782],[-83.041237999972694,30.52939900024186],[-83.040715999740883,30.52926799987161],[-83.040380000180207,30.529211000003912],[-83.040150999851349,30.529173000331397],[-83.039939000139242,30.529154000102714]]},"properties":{"BASENAME":"6","NAME":"State Hwy 6","MTFCC":"S1200","RTTYP":"S","OID":"1104259734600"}},{"type":"Feature","geometry":{"type":"LineString","coordinates":[[-83.039939000139242,30.529154000102714],[-83.03979199982615,30.529123000047431],[-83.039350999785185,30.529032999780863],[-83.039204000370432,30.529003000189292],[-83.039022999722135,30.528966000164463],[-83.038479999573923,30.528855000005443],[-83.038445000312123,30.528848000346727],[-83.038390999885465,30.528837000218648],[-83.038299999648842,30.528817000193747],[-83.038227999678838,30.528802000365783],[-83.038157000432051,30.528786999761746],[-83.037832999668623,30.528717000007326],[-83.036702999889584,30.52845900005698],[-83.035057999551412,30.527945999640881],[-83.030299999885528,30.526177000228216],[-83.026923000068876,30.524890999998689],[-83.026148999941981,30.524605999867884],[-83.025005999744138,30.524190000196608],[-83.024688999551742,30.524086000000516],[-83.024214999898803,30.523983000247263],[-83.023743999720608,30.523900999659404],[-83.023326000144181,30.523860000113359],[-83.023128999602363,30.523846000075647],[-83.02305599980744,30.523835999936935],[-83.022778999798007,30.523817999994204],[-83.022422000320944,30.52382800013476],[-83.020757999716182,30.523843999738435],[-83.020686999571083,30.523845000293981],[-83.011936000145383,30.523931999833145],[-83.011794999680077,30.523934999949272],[-83.011372000080783,30.52394400029717],[-83.011232000338708,30.523948000193528],[-83.010951000131314,30.523949999754759],[-83.010108000407428,30.523955999985819],[-83.009827000200033,30.523958000320711],[-83.009603999718962,30.52395999988174],[-83.00893400024745,30.523966000112175],[-83.007071000349399,30.524001999939525],[-83.006857000089141,30.523987999922255],[-83.006679999638834,30.523991999816868],[-83.006503999911729,30.523994999931141],[-83.006335999682236,30.523998000045321],[-83.006168000351053,30.524001000159412],[-83.005888999793498,30.524005000053489],[-83.005629000400802,30.524009999727362],[-83.004218000414369,30.524044999758708],[-83.002985999629757,30.524050999983956],[-83.002019000057331,30.524055999655449],[-83.000322999665528,30.524078000218939],[-82.997781999900042,30.524111999673099],[-82.997670999571966,30.52411099989413],[-82.997505999715528,30.52411099989413],[-82.995235000286769,30.524138000112512],[-82.993538999894994,30.524159000105165],[-82.989974999582245,30.524198999747053],[-82.981405999731436,30.524302000045211],[-82.980889000420802,30.524311000359106],[-82.980445999831701,30.524323999779227],[-82.980121000141693,30.524327999659995],[-82.979913999554157,30.52433799974801],[-82.978568999689955,30.524391000275035],[-82.975063999826745,30.524457999950819],[-82.975006999925341,30.524457000175477],[-82.973642999794563,30.524395000153046],[-82.973585999893174,30.524395000153046],[-82.970743999828784,30.524436000247199],[-82.96977399988333,30.524450999975347],[-82.96797399973444,30.524477000324051],[-82.967823999946617,30.524479999649518],[-82.967419999715574,30.524488999946936],[-82.967264000079965,30.524492999820861],[-82.967238000140696,30.524492999820861],[-82.967161999972717,30.5244950001447],[-82.967136999858354,30.524496999694684],[-82.966961000131263,30.524502999891954],[-82.966880999765323,30.52450599999046],[-82.966506999671523,30.524516000060217],[-82.966433999876571,30.524515000285461],[-82.9662589999744,30.524515000285461],[-82.966205000446038,30.524513999736797],[-82.966044999714157,30.524513999736797],[-82.965992000010701,30.524513999736797],[-82.96573400026783,30.524512000187183],[-82.965551999794641,30.524512000187183],[-82.964962999615679,30.524523000031074],[-82.964705999697728,30.524529000226753],[-82.964683000131501,30.524529000226753],[-82.964612999811308,30.52453000000142],[-82.964591000070001,30.524530999776026],[-82.964493999985621,30.524529000226753],[-82.964205000280629,30.524526000128958],[-82.964109000021168,30.524525000354302],[-82.963934999943888,30.524522000256329],[-82.963760999866594,30.524519999933087],[-82.963319000000737,30.524519000158332],[-82.962800000141968,30.524519000158332],[-82.962626000064688,30.524512000187183],[-82.962278999735048,30.524499999793356],[-82.962226999856526,30.524492000045861],[-82.961526000422879,30.524392999827143],[-82.960972000404013,30.524274000095151],[-82.960942000266769,30.524267999883733],[-82.960214999995543,30.524054999875908],[-82.959983000191954,30.523960999662197],[-82.959841999726635,30.523898000315999],[-82.958957999994894,30.523500999725517],[-82.958564999634504,30.523311000108759],[-82.958383999884532,30.523205000169266],[-82.958234000096709,30.523117000190062],[-82.957799999728437,30.522810999993823],[-82.957353999664605,30.522450000007915],[-82.95601600037142,30.521366999742522],[-82.955570000307574,30.521006999620493],[-82.955525999926621,30.520975000250168],[-82.955393999682158,30.520880000340487],[-82.95535100002445,30.520848999966979],[-82.955238000046549,30.520750999719795],[-82.954899000112832,30.520459000339905],[-82.954786000134931,30.520362000290834],[-82.954729000233513,30.520312000116022],[-82.954559000354209,30.52016499966977],[-82.954494000056883,30.520121999681482],[-82.954464999744559,30.520103000004514],[-82.954420000437054,30.52007299997755],[-82.954285999644412,30.51998600007915],[-82.954223999720142,30.519944999655237],[-82.954011000183129,30.519784000352669],[-82.953915999748574,30.519712999705462],[-82.953854999649209,30.519683000332002],[-82.953806000143715,30.519658000073157],[-82.95336500010275,30.519265999878598],[-82.953252999949768,30.519207999731378],[-82.953187999652428,30.519175999768756],[-82.952477999997939,30.518829000198668],[-82.951800000130518,30.518660000367586],[-82.951770999818194,30.518654999644614],[-82.951686000327697,30.51864300007524],[-82.951657999840293,30.51863899996048],[-82.951477000090321,30.518618000322764],[-82.950933999942109,30.518555999670635],[-82.950753000192151,30.518535999851274],[-82.950568000244232,30.518516999864278],[-82.950015000050271,30.51846099971808],[-82.949830999927258,30.518443000327583],[-82.949657999674884,30.518425000159869],[-82.949138999816128,30.518372000248537],[-82.948967000286984,30.518354999905824],[-82.948470999994427,30.518310000213358],[-82.947624999897513,30.518214000180777],[-82.947599999783151,30.518209000208735],[-82.947527999813147,30.518196999810431],[-82.947504000422001,30.518192999677378],[-82.94748699980525,30.518190000157823],[-82.947436999576539,30.518182999730811],[-82.947420999683004,30.518181000050919],[-82.947271999720101,30.518166000128911],[-82.946824999831364,30.51812300003013],[-82.946676999693338,30.518108999939837],[-82.946494000293555,30.518088000187571],[-82.945945000297556,30.5180250001297],[-82.945761999999462,30.518004000359344]]},"properties":{"BASENAME":"6","NAME":"State Hwy 6","MTFCC":"S1200","RTTYP":"S","OID":"1104259734601"}},{"type":"Feature","geometry":{"type":"LineString","coordinates":[[-82.738443000105192,30.325782999973679],[-82.738521999747903,30.325825000139755],[-82.738602000113843,30.325867000287765],[-82.738660999665086,30.325897000382501],[-82.739069000094077,30.326111999758485],[-82.7393169997912,30.326240999777927],[-82.739536999899215,30.326355999910426],[-82.739685000037241,30.326433000267549],[-82.73978799996938,30.326485999863955],[-82.740128999552937,30.326670999649387],[-82.740276999690934,30.326750999741801],[-82.740685000119939,30.326972000297161],[-82.741633000324114,30.327488000252394],[-82.741906000135572,30.327641999901605],[-82.742164999703363,30.327788999940086],[-82.742238000396597,30.327829999779578],[-82.74231200001644,30.32787000013597],[-82.742585999652832,30.328019999776284],[-82.743410999833358,30.328470999880086],[-82.743687000017871,30.328622000384303],[-82.744097000096716,30.328835000294031],[-82.745328999982988,30.329476000019806],[-82.745739999886737,30.329689999845659],[-82.745763000351275,30.32969900029914],[-82.745833999598077,30.329726000103758],[-82.745857999887505,30.329734999778548],[-82.745910999590961,30.329764000017217],[-82.746069999599612,30.329852000127499],[-82.746124000026299,30.329881999777005],[-82.746201000019198,30.32989199965813],[-82.746395000187931,30.329917999964508],[-82.746435000370909,30.329923000291057],[-82.746513000188713,30.329933999612866],[-82.746636000212362,30.329933000167919],[-82.74700799975804,30.329930999727456],[-82.747131999606609,30.329930999727456],[-82.747416000187044,30.329924999956368],[-82.74826999978157,30.329905999644993],[-82.748555000186926,30.32990100009296],[-82.749712999555072,30.329882999997778],[-82.750613999903564,30.329874000336599],[-82.750711999812864,30.329873000115725],[-82.751008000088873,30.329869000007545],[-82.751899000391617,30.329860000345079],[-82.752197000317466,30.329856999682036],[-82.752235999777199,30.329855000015325],[-82.752352999953075,30.329852000127499],[-82.752393000136038,30.329852000127499],[-82.752628000312683,30.329849000239594],[-82.753337000142253,30.329839999799969],[-82.753573000143803,30.329838000132913],[-82.753614000151686,30.32983699991167],[-82.753737000175335,30.32983699991167],[-82.753779000008123,30.32983699991167],[-82.754081000131919,30.329834000023308],[-82.754989999978037,30.329825999803603],[-82.755293999751643,30.329824000136256],[-82.75559900024848,30.329820000026078],[-82.756517000315412,30.329808999916089],[-82.756822999738844,30.329806000026849],[-82.757259999581862,30.329804000359108],[-82.758263999862521,30.329800000248166],[-82.758571000009184,30.32979000035764],[-82.759007999852187,30.329776000354137],[-82.759180000279656,30.329776999800607],[-82.759540999954666,30.329779999690725],[-82.759682000419986,30.329783999802544],[-82.759699000138397,30.329786999692445],[-82.759869999842635,30.329817000137179],[-82.760159000445952,30.329919999629922],[-82.760217999997181,30.329941000378884],[-82.760568999626457,30.330173000009282],[-82.760818999871717,30.330388000078397],[-82.760901999712402,30.330458999853342],[-82.760977000055462,30.330523999842367],[-82.761135000239221,30.330660000192854],[-82.761172999874049,30.330737999704287],[-82.761182000094891,30.330755000205837],[-82.761207000209239,30.330800999860738],[-82.761213999881917,30.330929999906996],[-82.76120600038432,30.330992999939941],[-82.761197000163477,30.331080999721227],[-82.761178999721821,30.331240000182767],[-82.761173999698954,30.33125900023531],[-82.76104800020056,30.33178499977663],[-82.761007000192691,30.331961000162718],[-82.761008000017611,30.332236000374944],[-82.761012000215572,30.333061000254737],[-82.761013999865398,30.333336999889326],[-82.761006000367772,30.333699999867722],[-82.760999999621674,30.33399299996665],[-82.760983999728168,30.334791999993666],[-82.760977999880382,30.335156000172173],[-82.760967999834634,30.335406999875453],[-82.760967999834634,30.335418000131938],[-82.760980000428518,30.336162000089779],[-82.76098499955306,30.336413999694148],[-82.760986000276304,30.336811999723263],[-82.760986000276304,30.336977000297306],[-82.760986000276304,30.337209000314484],[-82.760986000276304,30.337505999788132],[-82.760987000101224,30.337801999771489],[-82.760987000101224,30.337974999782212],[-82.760987999926115,30.338154999666056],[-82.760993999773902,30.338665999738126],[-82.760998999796769,30.338976999684029],[-82.761001000344919,30.339228999795566],[-82.76100200016981,30.339389999678001],[-82.761007000192691,30.339868000244007],[-82.76103599960669,30.340033999660967],[-82.761058000246322,30.340166000294829],[-82.761089000208457,30.340342999684836],[-82.76117700007201,30.34054899967575],[-82.76122399992768,30.340655999951586],[-82.761230999600372,30.340673000281704],[-82.761263000285723,30.340710999823244],[-82.761358999646873,30.340827000127817],[-82.761392000157159,30.340865999718147],[-82.761485999868498,30.340978000184759],[-82.761583999777784,30.341094000172941],[-82.761793999840066,30.34129099997164],[-82.761900999970194,30.341392000367982],[-82.764835000096056,30.34366199975241],[-82.764999999952508,30.34379400014549],[-82.7656689995991,30.344266999768987],[-82.765954999829376,30.344510999646445],[-82.767046000148667,30.345355999677736],[-82.76737099983869,30.345607000362421],[-82.767734000061836,30.345884999628225],[-82.768053999728977,30.346130000178171],[-82.768893000153199,30.346777000150261],[-82.768984000389807,30.346846999621228],[-82.770135999910167,30.347729000293945],[-82.772377999924885,30.349446000077368],[-82.773540000389303,30.350335999901517],[-82.774169999677852,30.350823999793821],[-82.776061000063322,30.352290000355769],[-82.776692000075073,30.352778999791958],[-82.776860000304566,30.352906000363408],[-82.777364000094735,30.353287000313298],[-82.777532000324214,30.35341500020564],[-82.778841000203414,30.354439000292523],[-82.779446000275911,30.354897000149453],[-82.77999199989884,30.35530899966815],[-82.780354000297109,30.355583000220001],[-82.780420000419326,30.355632999666426],[-82.780900999744958,30.35600400031085],[-82.782960000359921,30.357595000030507],[-82.783620999610605,30.358101999642145],[-82.784530000355019,30.358800000371968],[-82.7883309995959,30.361717000182338],[-82.788887999987807,30.362141999792502],[-82.793360000321741,30.365579000051365],[-82.794055999732507,30.366100000368313],[-82.795839999987862,30.367490999771722],[-82.799697000203537,30.370449999628285],[-82.799948000273716,30.370643000008808],[-82.809650000276619,30.378089999856897],[-82.810985999919993,30.379118999800244],[-82.81499600029656,30.38220599972637],[-82.816332999764839,30.383234999731904],[-82.817963999859302,30.384482000075103],[-82.82005299971317,30.386079000058825],[-82.821698999876261,30.387342999723451],[-82.822235000351782,30.387777000061263],[-82.822300999575702,30.387831999786084],[-82.822825000355664,30.388264000253717],[-82.822871000386414,30.388301999905647],[-82.823668000079522,30.388991000045262],[-82.824473000168567,30.389751999728066],[-82.824684000055754,30.389958999884044],[-82.825042000256047,30.390311999868302],[-82.825674999917652,30.390937000046559],[-82.826006000353743,30.391262999733126],[-82.827690999976568,30.392908999868027],[-82.832748000291517,30.397846999675203],[-82.834433999739247,30.399492999662325],[-82.834581000052339,30.399640000217772],[-82.835022000093318,30.400083999840355],[-82.835170000231301,30.400231999782495],[-82.835709000181566,30.400758999864944],[-82.836442000300579,30.401474000352373],[-82.83732699985724,30.402343000083235],[-82.837865999807491,30.402872000118979],[-82.837924000432125,30.402929000364832],[-82.840788000237794,30.40572599964776],[-82.841784000122558,30.406702999775728],[-82.848892999583114,30.413671999898408],[-82.852959999861099,30.417652000238014],[-82.853529999773485,30.41820899969419],[-82.853662000017962,30.418337999874225],[-82.857048000055471,30.421646000189764],[-82.857448000088539,30.422042000232217],[-82.857506999639781,30.422100000181775],[-82.857684999915008,30.422276999974883],[-82.857745000189453,30.422335999834552],[-82.858331999820294,30.422912999772191],[-82.860094000334342,30.424645000052376],[-82.860425999697028,30.424971000293045],[-82.86068199979006,30.425222000277817],[-82.862036999700024,30.426551000329294],[-82.863979000139111,30.428456999773413],[-82.866105999627806,30.430537000326186],[-82.867375000222339,30.431778000299872],[-82.867464999735702,30.431865000049005],[-82.868314000205686,30.432690999632818],[-82.868541999811313,30.432913000046174],[-82.86892400030105,30.433285000003664],[-82.870854999971172,30.435176999905387],[-82.871701999893006,30.436006999734907],[-82.871819999893788,30.436123000033067],[-82.872060999918205,30.43635999974591],[-82.873141000366843,30.43742099964755],[-82.873411999630193,30.437687000062063],[-82.873502000041867,30.43777499985308],[-82.874372000428252,30.438629000318706],[-82.876982999615606,30.441193999778584],[-82.877790000252773,30.441985999855468],[-82.877853999826883,30.442049000350991],[-82.878791000160405,30.442967000297944],[-82.881603000087537,30.445722999781673],[-82.882419000047236,30.446521999626135],[-82.882541000245965,30.446641999782454],[-82.883270000167016,30.447357999993958],[-82.884204999952402,30.448269000248604],[-82.884569999825388,30.448625000122131],[-82.889183999551207,30.453166000155377],[-82.890255999603951,30.454221000023065],[-82.890665999682753,30.454623999794666],[-82.890843999957994,30.454798999977744],[-82.8916969997276,30.455636000299364],[-82.893471999762127,30.457378000165697],[-82.894255999934757,30.458147999623467],[-82.895010999795076,30.458889000102666],[-82.895110000427593,30.458984999827646],[-82.895404999980386,30.459272999983703],[-82.896292999910088,30.46013699998969],[-82.896461000139581,30.460299999766182],[-82.896589000186097,30.460426000271156],[-82.897975000058196,30.461787000070551],[-82.90213299967445,30.465871999958079],[-82.903520000269751,30.467233999911535],[-82.904126999992059,30.467827999619516],[-82.905948000057336,30.469612999703557],[-82.906555999604564,30.47020799994571],[-82.907222999601345,30.470862000340787],[-82.908445000340194,30.472059000385048],[-82.909225000314891,30.472825000254559],[-82.909725999732004,30.473317000233109],[-82.909892000311672,30.473479999632133],[-82.910097000351072,30.473682999822636],[-82.910362999591527,30.473944999961617],[-82.910713000294209,30.474295000276605],[-82.910919999983463,30.474497000027363],[-82.911246000396687,30.474815000058388],[-82.912089999945479,30.47563899976663],[-82.912224999664687,30.475772999668781],[-82.91255000025302,30.476094000221252],[-82.912654999834999,30.476194999831282],[-82.912970000377584,30.476498000355388],[-82.913074999959576,30.476599000320537],[-82.913165000371251,30.476688000080337],[-82.913434999809681,30.476954999645784],[-82.913525000221355,30.47704500011719],[-82.91360300003916,30.477122999684259],[-82.91383999986563,30.477357000333036],[-82.913919000406665,30.477434999650136],[-82.914345000379001,30.477857000350724],[-82.914555000441283,30.478056999948425],[-82.915240999806315,30.478711000270287],[-82.91617300011697,30.479502000201279],[-82.916573999974972,30.479801000333502],[-82.917287999827423,30.480334000008074],[-82.917579999905456,30.480516999946676],[-82.918456000139599,30.481067999689728],[-82.918749000042553,30.481252000016411],[-82.921222000035996,30.482793000323387],[-82.92864100001627,30.487419000091013],[-82.929086000255182,30.487696999778773],[-82.929554000060321,30.488095999780583],[-82.929771999620229,30.488377999668213],[-82.930014000367876,30.488757000222989],[-82.930231999927756,30.489307999765042],[-82.930390000111515,30.489650000287206],[-82.930455000408841,30.489902000269588],[-82.930486000370976,30.490056000152531],[-82.93060500019665,30.490640999627825],[-82.930748000311794,30.491281999806205],[-82.930838999650078,30.491691000165929],[-82.930938000282595,30.492112000103269],[-82.931199000398493,30.493210000258969],[-82.931257999949736,30.493371000216527],[-82.931390000194213,30.493729999624112],[-82.931415000308562,30.493774999855336],[-82.9314939999513,30.493919999770686],[-82.931617999799855,30.494144000192051],[-82.931734000150797,30.494354999768259],[-82.931813999618427,30.494500000367346],[-82.931848999778524,30.494563000186623],[-82.93207499973434,30.494907000200261],[-82.93218500023751,30.495074000137336],[-82.932544000262709,30.495555999947186],[-82.932935999899868,30.495963000006643],[-82.932998999649058,30.496026999720353],[-82.933339000305992,30.496373000104189],[-82.933515999858002,30.496552999884376],[-82.93404700031067,30.497093000322717],[-82.934224999687572,30.497274000373711],[-82.934408999810586,30.497450999875507],[-82.934837000331086,30.49786199994292],[-82.936357999922379,30.499322000006362],[-82.936675000114775,30.499628999864033],[-82.936982000261452,30.499926000024551],[-82.937285000210153,30.500222000027527],[-82.938122999911144,30.500897000383635],[-82.938215999797578,30.500968000066266],[-82.938296000163518,30.50103000032453],[-82.938969999832977,30.501546999653304],[-82.941108999915556,30.503075999832738],[-82.941606000033019,30.503430999836255],[-82.942078999861039,30.503772000258952],[-82.94215900022698,30.503828000352566],[-82.942379000335009,30.503984999821029],[-82.942454999604664,30.504038999821216],[-82.942842999942201,30.504315000041803],[-82.943129999997367,30.504520000119303],[-82.94351699961166,30.504808000253327],[-82.944005000406605,30.505151999639605],[-82.944169000438137,30.505267999644364],[-82.944383999624975,30.505443000136871],[-82.944529000288242,30.505560999733941],[-82.944641000441237,30.505670000244663],[-82.944957999735323,30.505977000188498],[-82.945317999585455,30.506445999887845],[-82.945527999647723,30.506719000369415],[-82.945657000417455,30.506960999925781],[-82.945821000449001,30.507266999711579],[-82.945993999803051,30.507713999762188],[-82.946048000229723,30.507854000065379],[-82.946081999666603,30.507974999667496],[-82.946085999864565,30.507989999614047],[-82.946097999560124,30.508035000213873],[-82.94610299958299,30.508050000151226],[-82.946126999872433,30.508135999953595],[-82.946141999941048,30.508188000085145],[-82.946197000192626,30.50839399967829],[-82.946220999583758,30.508480999890139],[-82.946249000071177,30.508816999950589],[-82.946260999766736,30.508960000017996],[-82.946281999683123,30.509830999686248],[-82.946290999903965,30.510169000343936],[-82.946297999576672,30.510535999791614],[-82.946302999599524,30.510734999638323],[-82.946285000056179,30.511640000379636],[-82.946278000383487,30.51200800036958],[-82.946268000337739,30.512212999707295],[-82.946239999850334,30.512830000334333],[-82.946232000352722,30.513036000153409],[-82.946203000040427,30.513351999838942],[-82.946116000001794,30.514302000231581],[-82.946088000412686,30.514619000322043],[-82.946059000100391,30.514875999995486],[-82.945973999711569,30.515648000222487],[-82.945951999970262,30.515906999997767],[-82.945931000053861,30.516142999963016],[-82.945869000129562,30.516852999997706],[-82.945849000038095,30.517089999839044],[-82.945830999596424,30.517271999667784],[-82.945778999717888,30.517820999735932],[-82.945761999999462,30.518004000359344],[-82.945945000297556,30.5180250001297],[-82.946494000293555,30.518088000187571],[-82.946676999693338,30.518108999939837],[-82.946824999831364,30.51812300003013],[-82.947271999720101,30.518166000128911],[-82.947420999683004,30.518181000050919],[-82.947436999576539,30.518182999730811],[-82.94748699980525,30.518190000157823],[-82.947504000422001,30.518192999677378],[-82.947527999813147,30.518196999810431],[-82.947599999783151,30.518209000208735],[-82.947624999897513,30.518214000180777],[-82.948470999994427,30.518310000213358],[-82.948967000286984,30.518354999905824],[-82.949138999816128,30.518372000248537],[-82.949657999674884,30.518425000159869],[-82.949830999927258,30.518443000327583],[-82.950015000050271,30.51846099971808],[-82.950568000244232,30.518516999864278],[-82.950753000192151,30.518535999851274],[-82.950933999942109,30.518555999670635],[-82.951477000090321,30.518618000322764],[-82.951657999840293,30.51863899996048],[-82.951686000327697,30.51864300007524],[-82.951770999818194,30.518654999644614],[-82.951800000130518,30.518660000367586],[-82.952477999997939,30.518829000198668],[-82.953187999652428,30.519175999768756],[-82.953252999949768,30.519207999731378],[-82.95336500010275,30.519265999878598],[-82.953806000143715,30.519658000073157],[-82.953854999649209,30.519683000332002],[-82.953915999748574,30.519712999705462],[-82.954011000183129,30.519784000352669],[-82.954223999720142,30.519944999655237],[-82.954285999644412,30.51998600007915],[-82.954420000437054,30.52007299997755],[-82.954464999744559,30.520103000004514],[-82.954494000056883,30.520121999681482],[-82.954559000354209,30.52016499966977],[-82.954729000233513,30.520312000116022],[-82.954786000134931,30.520362000290834],[-82.954899000112832,30.520459000339905],[-82.955238000046549,30.520750999719795],[-82.95535100002445,30.520848999966979],[-82.955393999682158,30.520880000340487],[-82.955525999926621,30.520975000250168],[-82.955570000307574,30.521006999620493],[-82.95601600037142,30.521366999742522],[-82.957353999664605,30.522450000007915],[-82.957799999728437,30.522810999993823],[-82.958234000096709,30.523117000190062],[-82.958383999884532,30.523205000169266],[-82.958564999634504,30.523311000108759],[-82.958957999994894,30.523500999725517],[-82.959841999726635,30.523898000315999],[-82.959983000191954,30.523960999662197],[-82.960214999995543,30.524054999875908],[-82.960942000266769,30.524267999883733],[-82.960972000404013,30.524274000095151],[-82.961526000422879,30.524392999827143],[-82.962226999856526,30.524492000045861],[-82.962278999735048,30.524499999793356],[-82.962626000064688,30.524512000187183],[-82.962800000141968,30.524519000158332],[-82.963319000000737,30.524519000158332],[-82.963760999866594,30.524519999933087],[-82.963934999943888,30.524522000256329],[-82.964109000021168,30.524525000354302],[-82.964205000280629,30.524526000128958],[-82.964493999985621,30.524529000226753],[-82.964591000070001,30.524530999776026],[-82.964612999811308,30.52453000000142],[-82.964683000131501,30.524529000226753],[-82.964705999697728,30.524529000226753],[-82.964962999615679,30.524523000031074],[-82.965551999794641,30.524512000187183],[-82.96573400026783,30.524512000187183],[-82.965992000010701,30.524513999736797],[-82.966044999714157,30.524513999736797],[-82.966205000446038,30.524513999736797],[-82.9662589999744,30.524515000285461],[-82.966433999876571,30.524515000285461],[-82.966506999671523,30.524516000060217],[-82.966880999765323,30.52450599999046],[-82.966961000131263,30.524502999891954],[-82.967136999858354,30.524496999694684],[-82.967161999972717,30.5244950001447],[-82.967238000140696,30.524492999820861],[-82.967264000079965,30.524492999820861],[-82.967419999715574,30.524488999946936],[-82.967823999946617,30.524479999649518],[-82.96797399973444,30.524477000324051],[-82.96977399988333,30.524450999975347],[-82.970743999828784,30.524436000247199],[-82.973585999893174,30.524395000153046],[-82.973642999794563,30.524395000153046],[-82.975006999925341,30.524457000175477],[-82.975063999826745,30.524457999950819],[-82.978568999689955,30.524391000275035],[-82.979913999554157,30.52433799974801],[-82.980121000141693,30.524327999659995],[-82.980445999831701,30.524323999779227],[-82.980889000420802,30.524311000359106],[-82.981405999731436,30.524302000045211],[-82.989974999582245,30.524198999747053],[-82.993538999894994,30.524159000105165],[-82.995235000286769,30.524138000112512],[-82.997505999715528,30.52411099989413],[-82.997670999571966,30.52411099989413],[-82.997781999900042,30.524111999673099],[-83.000322999665528,30.524078000218939],[-83.002019000057331,30.524055999655449],[-83.002985999629757,30.524050999983956],[-83.004218000414369,30.524044999758708],[-83.005629000400802,30.524009999727362],[-83.005888999793498,30.524005000053489],[-83.006168000351053,30.524001000159412],[-83.006335999682236,30.523998000045321],[-83.006503999911729,30.523994999931141],[-83.006679999638834,30.523991999816868],[-83.006857000089141,30.523987999922255],[-83.007071000349399,30.524001999939525],[-83.00893400024745,30.523966000112175],[-83.009603999718962,30.52395999988174],[-83.009827000200033,30.523958000320711],[-83.010108000407428,30.523955999985819],[-83.010951000131314,30.523949999754759],[-83.011232000338708,30.523948000193528],[-83.011372000080783,30.52394400029717],[-83.011794999680077,30.523934999949272],[-83.011936000145383,30.523931999833145],[-83.020686999571083,30.523845000293981],[-83.020757999716182,30.523843999738435],[-83.022422000320944,30.52382800013476],[-83.022778999798007,30.523817999994204],[-83.02305599980744,30.523835999936935],[-83.023128999602363,30.523846000075647],[-83.023326000144181,30.523860000113359],[-83.023743999720608,30.523900999659404],[-83.024214999898803,30.523983000247263],[-83.024688999551742,30.524086000000516],[-83.025005999744138,30.524190000196608],[-83.026148999941981,30.524605999867884],[-83.026923000068876,30.524890999998689],[-83.030299999885528,30.526177000228216],[-83.035057999551412,30.527945999640881],[-83.036702999889584,30.52845900005698],[-83.037832999668623,30.528717000007326],[-83.038157000432051,30.528786999761746],[-83.038227999678838,30.528802000365783],[-83.038299999648842,30.528817000193747],[-83.038390999885465,30.528837000218648],[-83.038445000312123,30.528848000346727],[-83.038479999573923,30.528855000005443],[-83.039022999722135,30.528966000164463],[-83.039204000370432,30.529003000189292],[-83.039350999785185,30.529032999780863],[-83.03979199982615,30.529123000047431],[-83.039939000139242,30.529154000102714]]},"properties":{"BASENAME":"41","NAME":"US Hwy 41","MTFCC":"S1200","RTTYP":"U","OID":"1104259870633"}},{"type":"Feature","geometry":{"type":"LineString","coordinates":[[-83.367439999651566,30.53192999974808],[-83.367439999651566,30.532440000165504],[-83.367448999872408,30.533153000125182],[-83.367449999697314,30.53322999989561],[-83.367439999651566,30.533789999907007],[-83.367439999651566,30.534399999700014],[-83.367449999697314,30.535520000026327],[-83.367449999697314,30.536789999817842],[-83.367449999697314,30.536824999887713],[-83.367459999743062,30.538049999801999],[-83.367459999743062,30.538429999818845],[-83.367462000291198,30.538655000227468],[-83.367469999788796,30.539339999964461],[-83.367469999788796,30.540473000159686],[-83.367469999788796,30.541080000173281],[-83.367478000184718,30.541209000107926],[-83.367479999834529,30.541240000174614],[-83.367479999834529,30.541599000001749],[-83.367479999834529,30.541729999989585],[-83.367489999880291,30.542429999746648],[-83.367496999552984,30.543211000121492],[-83.367509999971773,30.544570000225615],[-83.367509999971773,30.545499999773149],[-83.367514999994626,30.545784999723082],[-83.367520000017507,30.54607000038369],[-83.367520000017507,30.547029999711189],[-83.367525999865293,30.547656999756324],[-83.367530000063255,30.547990000377084],[-83.367520000017507,30.549139999814731],[-83.367514000169734,30.549365999682156],[-83.367509999971773,30.549530000345047],[-83.367489000055372,30.550043999995577],[-83.367479999834529,30.550270000079252],[-83.367456000443411,30.550526999832808],[-83.367439999651566,30.550700000271114],[-83.367439999651566,30.550750000277773],[-83.367429999605832,30.550979999821891],[-83.367429999605832,30.551089999949369],[-83.367411000237567,30.551301999970043],[-83.367410000412661,30.551325000050259],[-83.36739000032118,30.55156000035586],[-83.367377999727296,30.551683000226426],[-83.367360000183936,30.55187000002039],[-83.367347999590066,30.552054999697837],[-83.367340000092454,30.55217899997842],[-83.367331999696546,30.552303000100611],[-83.367320000000973,30.552499999756897],[-83.367314000153186,30.552675000290307],[-83.367309000130319,30.552812000028009],[-83.367231000312515,30.554006000312288],[-83.367202999825111,30.554244000269286],[-83.36714099990084,30.555464999975662],[-83.367070999580619,30.555960000289353],[-83.366919999967891,30.556472999708514],[-83.366818999685549,30.556812000003557],[-83.366719999951343,30.557080000252064],[-83.366600000300764,30.557350000181266],[-83.365939999976675,30.558579999721474],[-83.365879999702216,30.558689999744772],[-83.365820000326067,30.558799999643391],[-83.365640000401015,30.559130000138115],[-83.365529999897859,30.559320000078014],[-83.365011999863981,30.560311000032176],[-83.364939999893963,30.560450000177262],[-83.364460000393265,30.561340000171533],[-83.364180000010762,30.561880000326017],[-83.363769999931932,30.562630000281988],[-83.363349999807397,30.563430000290953],[-83.363200000019546,30.56368999966644],[-83.362860000260923,30.564339999697967],[-83.362660000244389,30.564709999889132],[-83.362569999832687,30.564874000149693],[-83.362420000044878,30.56515000005664],[-83.362230000074078,30.565508999637935],[-83.361690000298921,30.566530000189434],[-83.361300000311573,30.567240000092372]]},"properties":{"BASENAME":"Colin Kelly","NAME":"NE Colin Kelly Hwy","MTFCC":"S1200","RTTYP":"M","OID":"1104468668016"}},{"type":"Feature","geometry":{"type":"LineString","coordinates":[[-83.272223999969313,30.754163000190189],[-83.271611000399233,30.755321000145255],[-83.269928000426219,30.758747999789556],[-83.268895999658156,30.760854999702747],[-83.26873300034984,30.76119999969816],[-83.268576999815934,30.761553999878203],[-83.268540000005999,30.761648999903414],[-83.268446000294674,30.761878000301902],[-83.268421000180311,30.761938000289263],[-83.268355999882985,30.76209699992058],[-83.268252000125912,30.762368999768377],[-83.268038999690575,30.763003999645282],[-83.267991000009999,30.76317099993101],[-83.267877000207179,30.763585000314311],[-83.267734000092062,30.764175999812224],[-83.267719000023448,30.764249000313388],[-83.267683999863337,30.764423999978238],[-83.26761600009128,30.764783000244396],[-83.267575999908303,30.765033999983437],[-83.267525999679606,30.765419000008698],[-83.267482000196978,30.765823000137594],[-83.267441000189095,30.766381999691728],[-83.267431000143347,30.766676999616791],[-83.26742600012048,30.767203999791402],[-83.267431999968252,30.767494000061138],[-83.267432999793172,30.767519999984081],[-83.267433999618078,30.767538000164148],[-83.267457999907535,30.767963999840294],[-83.267486000394939,30.768268000340615],[-83.267560999839702,30.768956000079999],[-83.267647999878335,30.769444999822387],[-83.267687000236393,30.769663999976363],[-83.267746999612527,30.770002999623021],[-83.267843999696908,30.770552000240361],[-83.268010000276576,30.77141699978689],[-83.268033999667722,30.771554000069877],[-83.268062999980017,30.77171600018092],[-83.268215000315976,30.772569000321401],[-83.26887200026701,30.776043000342415],[-83.269079999781169,30.777198999753608],[-83.269128000360055,30.777466999911645],[-83.269234999591859,30.778028999702045],[-83.269458000072945,30.779260000328264],[-83.269658999914384,30.780379000047077],[-83.269878000197508,30.781433999666159],[-83.270068000168294,30.782477000006047],[-83.270250999568105,30.783440999713687],[-83.270571000133543,30.785132000363454],[-83.270767999777036,30.786188999871392],[-83.27079999956409,30.786362000219889],[-83.271023000045176,30.787590000261613],[-83.271131000000196,30.78818299998861],[-83.271177999855865,30.788383999796331],[-83.271245999627936,30.788784000202327],[-83.27147499995678,30.790033000369995],[-83.271588999759601,30.790667999795605],[-83.271701999737502,30.791249000099839],[-83.271931000066374,30.792481999933614],[-83.272155000372351,30.793692999923909],[-83.272245999710634,30.794186000005705],[-83.272389999650684,30.794867999939321],[-83.272398999871513,30.794915000073317],[-83.27246900019172,30.795301000189905],[-83.272545000359699,30.795791999623773],[-83.272550000382566,30.795822999909383],[-83.272613000131756,30.79614299968414],[-83.272921000103324,30.797860000172644],[-83.273058000370682,30.798567000265169],[-83.273116999921911,30.798871999759317],[-83.273399999779116,30.800349999919572],[-83.273530000373796,30.801068000263022],[-83.273558999787781,30.801235000058703],[-83.273609999841412,30.801521000356225],[-83.273640999803547,30.80170900008817],[-83.273696999880045,30.802041000259834],[-83.273768000025157,30.80242800029994],[-83.27383800034535,30.802841999945429],[-83.273865000109538,30.802999999887863],[-83.273978000087439,30.803532999999472],[-83.274130000423412,30.804250999710881],[-83.274190999624452,30.804570000007526],[-83.274203000218336,30.804641000011753],[-83.274293999556619,30.805175000242329],[-83.27440900008267,30.805759999876056],[-83.274657999604685,30.807115000161073],[-83.274736000320814,30.807536999942482],[-83.274923999743478,30.808524999695926],[-83.275213000346795,30.810092999995423],[-83.275421999685847,30.811163999854077],[-83.275502000051787,30.811604999910998],[-83.275593000288382,30.812104000034136],[-83.275676999953973,30.812535999898166],[-83.275706000266297,30.81274000012311],[-83.275733000030471,30.812850000284012],[-83.275818000419292,30.813300999858111],[-83.275904999559614,30.81383499979291],[-83.275947000290714,30.814251000172952],[-83.275955999613231,30.814429000263729],[-83.275964000009154,30.81483500023344],[-83.275958999986273,30.81500000030082],[-83.275932000222099,30.815368000271704],[-83.275893999688947,30.815727000167822],[-83.275863999551731,30.81591800019967],[-83.275824000267079,30.816112000166381],[-83.27571600031203,30.816533999774741],[-83.275705000441377,30.816573999670666],[-83.275692999847507,30.816617999691246],[-83.275548000082537,30.817126999919321],[-83.27552700016615,30.817202999855322],[-83.275510000447696,30.817263000046545],[-83.275362000309713,30.817782999619443],[-83.275271000073104,30.818074999771344],[-83.275256000004475,30.818180999918578],[-83.275220000019488,30.818255999966695],[-83.274999000086538,30.818983999694254],[-83.274984999842857,30.819075999860491],[-83.274936000337348,30.819248999649375],[-83.274844000275849,30.819532000121598],[-83.274778999978523,30.819773000051583],[-83.274739999620451,30.819919999721606],[-83.27459900005347,30.820379000013997],[-83.274377000295601,30.821146000359843],[-83.27431000034845,30.82139199983213],[-83.27428100003614,30.821740000361348],[-83.274298999579486,30.822135000336196]]},"properties":{"BASENAME":"Madison","NAME":"Madison Hwy","MTFCC":"S1200","RTTYP":"M","OID":"1105048336097"}},{"type":"Feature","geometry":{"type":"LineString","coordinates":[[-83.275533000013922,30.747321000139053],[-83.275450999998156,30.747564999790907],[-83.275297000012372,30.747935000336501],[-83.275184000034471,30.748222999643808],[-83.275062999660634,30.748509000076719],[-83.274414000105537,30.749842999773502],[-83.274136000271184,30.750409999866012],[-83.273928999683648,30.750835999683641],[-83.27380999985796,30.751076999666441],[-83.273691999857178,30.751313000298445],[-83.273585999551969,30.751528000256272],[-83.273419999870612,30.751865000211701],[-83.273225999701864,30.752254999879234],[-83.272868000399882,30.752982999921919],[-83.272732999782349,30.753252000083855],[-83.272409999742166,30.753869000236826],[-83.272223999969313,30.754163000190189]]},"properties":{"BASENAME":"Madison","NAME":"Madison Hwy","MTFCC":"S1200","RTTYP":"M","OID":"1105048336102"}},{"type":"Feature","geometry":{"type":"LineString","coordinates":[[-83.311358000394193,30.635575000380648],[-83.311281000401308,30.636031000011624],[-83.311242999868142,30.636255000277092],[-83.311194000362661,30.636564000250974],[-83.310318000128518,30.641725000017587],[-83.310302000234998,30.641854999876845],[-83.310258999678965,30.642306000287149],[-83.310253999656098,30.642426999964016],[-83.310252999831192,30.642673000047566],[-83.310260000402209,30.642910000148973],[-83.310282999968436,30.643193999619641],[-83.310323000151399,30.64349000016157],[-83.310379000227883,30.643768999790801],[-83.310452000022821,30.644055000007434],[-83.310530999665531,30.644314000157603],[-83.31063699997074,30.644612999838323],[-83.310707000290947,30.644780000364019],[-83.310766999667081,30.644909999981184],[-83.310956999637881,30.645290000119363],[-83.311117000369762,30.645564999674512],[-83.311293999921787,30.645832000205893],[-83.311515999679628,30.646127999629424],[-83.311728000290046,30.646384000217491],[-83.311827999849157,30.646495000343332],[-83.31205899982784,30.646731000291975],[-83.312318000293928,30.646975000131025],[-83.312451000363311,30.647088999749744],[-83.312566999815957,30.647181000320334],[-83.312961000001252,30.647466999720503],[-83.313350000163695,30.647733000359867],[-83.31470500007363,30.648598999958189],[-83.315172999878769,30.648904999796567],[-83.315637000384285,30.649217999685163],[-83.315943999632623,30.649461000171566],[-83.316223000190206,30.649729000022084],[-83.316337999817918,30.649854999827792],[-83.316433000252474,30.649958999641797],[-83.316622000398354,30.650202999836434],[-83.316817000392021,30.650503999899783],[-83.316988000096259,30.650816000003278],[-83.317156000325753,30.651179999882],[-83.317287999671919,30.651555000056401],[-83.317372000235821,30.651909000172367],[-83.317414000068609,30.652266999779165],[-83.317428000312304,30.652604000380133],[-83.317429000137224,30.652940999806397],[-83.317199999808366,30.660208999836289],[-83.317111999944828,30.662910999972073],[-83.317044999997677,30.665453999913403],[-83.316983999898298,30.667389000004754],[-83.316942000065509,30.668709000073278],[-83.316848000354184,30.67135899979958],[-83.316786000429886,30.673618000262998],[-83.316706000063945,30.676131999741738],[-83.316680000124691,30.676896999796298],[-83.316675000101824,30.677065999667899],[-83.316650999812353,30.677863000192357],[-83.316604999781603,30.679473999963658],[-83.316449000146008,30.68435900019518],[-83.316420999658604,30.684817999708844],[-83.316391000419685,30.685142000096779],[-83.316352999886547,30.685466000170056],[-83.316275000068742,30.686018000165596],[-83.316210999596308,30.686349999913812],[-83.316097999618407,30.686880000343084],[-83.31601200030299,30.687212999859124],[-83.315752999836903,30.688159000214824],[-83.315450999713107,30.689255999811593],[-83.315136999893753,30.690378000348694],[-83.315090000038111,30.690538999852976],[-83.314835999594891,30.691477999787811],[-83.314320000109177,30.6933190002114],[-83.314192999887553,30.693789999905473],[-83.314038999901754,30.694367000211358],[-83.313951999863136,30.694657000349153],[-83.313838000060315,30.695004000112149],[-83.313708000363974,30.695360000052808],[-83.313556000028015,30.695695000323141],[-83.31338100012583,30.696044999640211],[-83.313386999973602,30.696124999945962],[-83.313304000132945,30.696193000192292],[-83.313270999622645,30.696256999880571],[-83.313140000101399,30.696480999613971],[-83.313024999575362,30.696655000006746],[-83.312903000274943,30.696825999913941],[-83.312740999893222,30.697024999781398],[-83.312329999989501,30.697525999889862],[-83.311748000381527,30.698219999938484],[-83.311436000211998,30.698586000251346],[-83.304594999641722,30.706606999970248],[-83.303643999962816,30.70772299994022],[-83.300823999639761,30.711015000285794],[-83.300339999941087,30.711552000015853],[-83.300176999734461,30.711770000354605],[-83.297512999945326,30.714887000286907],[-83.296148999814562,30.716480999631056],[-83.295323999634022,30.717452999904918],[-83.294506000024512,30.718412000011391],[-83.291932999573675,30.721430000272374],[-83.289532000448574,30.724251999925208],[-83.288174000165583,30.72584599967049],[-83.284898999557853,30.729672999897687],[-83.284194999751165,30.730535999983516],[-83.283522999731517,30.731435999982011],[-83.283167000079359,30.731978999967403],[-83.283080000040727,30.732112000205529],[-83.282690999878298,30.732810999751933],[-83.282273000301871,30.733631000106705],[-83.281862000398135,30.734455000131629],[-83.279273000053763,30.739727000114726],[-83.278654999562463,30.740986000181699],[-83.278415000261276,30.741473000226652],[-83.27749700019433,30.743341999876829],[-83.277352000429374,30.743634999710803],[-83.276514999654964,30.745336999830432],[-83.275984999925541,30.746427999654458],[-83.275847999658197,30.746716000379795],[-83.275604999983955,30.747195000140096],[-83.275533000013922,30.747321000139053]]},"properties":{"BASENAME":"Madison","NAME":"Madison Hwy","MTFCC":"S1200","RTTYP":"M","OID":"1105048336105"}},{"type":"Feature","geometry":{"type":"LineString","coordinates":[[-83.272223999969313,30.754163000190189],[-83.272208999900727,30.754017000047238],[-83.272304000335268,30.753732999980965],[-83.272521999895147,30.753223999935557],[-83.272694000322616,30.752882999627118],[-83.272892999615934,30.752488999693639],[-83.273141000211353,30.751950000016546],[-83.27327500010567,30.75169399985937],[-83.27349199984063,30.751280999814814],[-83.273576000404532,30.751119999801773],[-83.273706000100887,30.750871000349623],[-83.273789999766464,30.750711000178931],[-83.273918999637914,30.750464999716449],[-83.273997000354015,30.750277999942444],[-83.274050000057457,30.750151999951896],[-83.274162000210467,30.749920999927078],[-83.274393000189136,30.749445999675654],[-83.274756000412296,30.748710999935447],[-83.275533000013922,30.747321000139053]]},"properties":{"BASENAME":"31","NAME":"State Rte 31","MTFCC":"S1200","RTTYP":"S","OID":"1105048336145"}},{"type":"Feature","geometry":{"type":"LineString","coordinates":[[-83.275533000013922,30.747321000139053],[-83.275450999998156,30.747564999790907],[-83.275297000012372,30.747935000336501],[-83.275184000034471,30.748222999643808],[-83.275062999660634,30.748509000076719],[-83.274414000105537,30.749842999773502],[-83.274136000271184,30.750409999866012],[-83.273928999683648,30.750835999683641],[-83.27380999985796,30.751076999666441],[-83.273691999857178,30.751313000298445],[-83.273585999551969,30.751528000256272],[-83.273419999870612,30.751865000211701],[-83.273225999701864,30.752254999879234],[-83.272868000399882,30.752982999921919],[-83.272732999782349,30.753252000083855],[-83.272409999742166,30.753869000236826],[-83.272223999969313,30.754163000190189]]},"properties":{"BASENAME":"31","NAME":"State Rte 31","MTFCC":"S1200","RTTYP":"S","OID":"1105048336149"}},{"type":"Feature","geometry":{"type":"LineString","coordinates":[[-83.311358000394193,30.635575000380648],[-83.311281000401308,30.636031000011624],[-83.311242999868142,30.636255000277092],[-83.311194000362661,30.636564000250974],[-83.310318000128518,30.641725000017587],[-83.310302000234998,30.641854999876845],[-83.310258999678965,30.642306000287149],[-83.310253999656098,30.642426999964016],[-83.310252999831192,30.642673000047566],[-83.310260000402209,30.642910000148973],[-83.310282999968436,30.643193999619641],[-83.310323000151399,30.64349000016157],[-83.310379000227883,30.643768999790801],[-83.310452000022821,30.644055000007434],[-83.310530999665531,30.644314000157603],[-83.31063699997074,30.644612999838323],[-83.310707000290947,30.644780000364019],[-83.310766999667081,30.644909999981184],[-83.310956999637881,30.645290000119363],[-83.311117000369762,30.645564999674512],[-83.311293999921787,30.645832000205893],[-83.311515999679628,30.646127999629424],[-83.311728000290046,30.646384000217491],[-83.311827999849157,30.646495000343332],[-83.31205899982784,30.646731000291975],[-83.312318000293928,30.646975000131025],[-83.312451000363311,30.647088999749744],[-83.312566999815957,30.647181000320334],[-83.312961000001252,30.647466999720503],[-83.313350000163695,30.647733000359867],[-83.31470500007363,30.648598999958189],[-83.315172999878769,30.648904999796567],[-83.315637000384285,30.649217999685163],[-83.315943999632623,30.649461000171566],[-83.316223000190206,30.649729000022084],[-83.316337999817918,30.649854999827792],[-83.316433000252474,30.649958999641797],[-83.316622000398354,30.650202999836434],[-83.316817000392021,30.650503999899783],[-83.316988000096259,30.650816000003278],[-83.317156000325753,30.651179999882],[-83.317287999671919,30.651555000056401],[-83.317372000235821,30.651909000172367],[-83.317414000068609,30.652266999779165],[-83.317428000312304,30.652604000380133],[-83.317429000137224,30.652940999806397],[-83.317199999808366,30.660208999836289],[-83.317111999944828,30.662910999972073],[-83.317044999997677,30.665453999913403],[-83.316983999898298,30.667389000004754],[-83.316942000065509,30.668709000073278],[-83.316848000354184,30.67135899979958],[-83.316786000429886,30.673618000262998],[-83.316706000063945,30.676131999741738],[-83.316680000124691,30.676896999796298],[-83.316675000101824,30.677065999667899],[-83.316650999812353,30.677863000192357],[-83.316604999781603,30.679473999963658],[-83.316449000146008,30.68435900019518],[-83.316420999658604,30.684817999708844],[-83.316391000419685,30.685142000096779],[-83.316352999886547,30.685466000170056],[-83.316275000068742,30.686018000165596],[-83.316210999596308,30.686349999913812],[-83.316097999618407,30.686880000343084],[-83.31601200030299,30.687212999859124],[-83.315752999836903,30.688159000214824],[-83.315450999713107,30.689255999811593],[-83.315136999893753,30.690378000348694],[-83.315090000038111,30.690538999852976],[-83.314835999594891,30.691477999787811],[-83.314320000109177,30.6933190002114],[-83.314192999887553,30.693789999905473],[-83.314038999901754,30.694367000211358],[-83.313951999863136,30.694657000349153],[-83.313838000060315,30.695004000112149],[-83.313708000363974,30.695360000052808],[-83.313556000028015,30.695695000323141],[-83.31338100012583,30.696044999640211],[-83.313386999973602,30.696124999945962],[-83.313304000132945,30.696193000192292],[-83.313270999622645,30.696256999880571],[-83.313140000101399,30.696480999613971],[-83.313024999575362,30.696655000006746],[-83.312903000274943,30.696825999913941],[-83.312740999893222,30.697024999781398],[-83.312329999989501,30.697525999889862],[-83.311748000381527,30.698219999938484],[-83.311436000211998,30.698586000251346],[-83.304594999641722,30.706606999970248],[-83.303643999962816,30.70772299994022],[-83.300823999639761,30.711015000285794],[-83.300339999941087,30.711552000015853],[-83.300176999734461,30.711770000354605],[-83.297512999945326,30.714887000286907],[-83.296148999814562,30.716480999631056],[-83.295323999634022,30.717452999904918],[-83.294506000024512,30.718412000011391],[-83.291932999573675,30.721430000272374],[-83.289532000448574,30.724251999925208],[-83.288174000165583,30.72584599967049],[-83.284898999557853,30.729672999897687],[-83.284194999751165,30.730535999983516],[-83.283522999731517,30.731435999982011],[-83.283167000079359,30.731978999967403],[-83.283080000040727,30.732112000205529],[-83.282690999878298,30.732810999751933],[-83.282273000301871,30.733631000106705],[-83.281862000398135,30.734455000131629],[-83.279273000053763,30.739727000114726],[-83.278654999562463,30.740986000181699],[-83.278415000261276,30.741473000226652],[-83.27749700019433,30.743341999876829],[-83.277352000429374,30.743634999710803],[-83.276514999654964,30.745336999830432],[-83.275984999925541,30.746427999654458],[-83.275847999658197,30.746716000379795],[-83.275604999983955,30.747195000140096],[-83.275533000013922,30.747321000139053]]},"properties":{"BASENAME":"31","NAME":"State Rte 31","MTFCC":"S1200","RTTYP":"S","OID":"1105048336151"}},{"type":"Feature","geometry":{"type":"LineString","coordinates":[[-83.024847999560393,31.044138000026006],[-83.025266999860037,31.044748999985131],[-83.025682999786653,31.045459000146646],[-83.025794000114729,31.045715000258635],[-83.025978000237743,31.04626600032865],[-83.026073999598907,31.046929000362454],[-83.026145999568925,31.047543999834534],[-83.026137000246408,31.047941000205125]]},"properties":{"BASENAME":"129","NAME":"US Hwy 129","MTFCC":"S1200","RTTYP":"U","OID":"1106039384586"}},{"type":"Feature","geometry":{"type":"LineString","coordinates":[[-83.025794000114729,31.045715000258635],[-83.026001999628889,31.045619000297325],[-83.02631700017146,31.045636000057044]]},"properties":{"BASENAME":"11","NAME":"State Rte 11","MTFCC":"S1200","RTTYP":"S","OID":"1106039384612"}},{"type":"Feature","geometry":{"type":"LineString","coordinates":[[-83.025794000114729,31.045715000258635],[-83.025978000237743,31.04626600032865],[-83.026073999598907,31.046929000362454],[-83.026145999568925,31.047543999834534],[-83.026137000246408,31.047941000205125]]},"properties":{"BASENAME":"11","NAME":"State Rte 11","MTFCC":"S1200","RTTYP":"S","OID":"1106039417861"}},{"type":"Feature","geometry":{"type":"LineString","coordinates":[[-83.078574999723429,30.908916999842287],[-83.0771920002244,30.909372999969595],[-83.072903000188575,30.911073999852928],[-83.071337000391424,30.911721000124228],[-83.071123000131195,30.911806000310005],[-83.07020900026221,30.912170000360639],[-83.068989000071468,30.91265600032764],[-83.06718399989974,30.913429999803288],[-83.066034000029205,30.913949999764494],[-83.064324000292018,30.91468399975232],[-83.063992999855913,30.914837999816321],[-83.063860999611421,30.914899999762067],[-83.063297000445132,30.915078999939446],[-83.062304000035112,30.915394999839847],[-83.061129999875149,30.915682999659452],[-83.059548000184478,30.916109999883755],[-83.058358000130966,30.916444999817639],[-83.058046999786342,30.916525000260943],[-83.057609999943352,30.916633000175342],[-83.056552999959237,30.916892999897371],[-83.055434999875743,30.917260000095659],[-83.051026000189324,30.918976999705098],[-83.047719999619474,30.920241000113492],[-83.047599999968867,30.920287000188925],[-83.043694000247669,30.921805000287634],[-83.041904999969461,30.922484000148465],[-83.039268999769433,30.923522000005118],[-83.037416999742021,30.924244999966731],[-83.037276999999932,30.924299000205028]]},"properties":{"BASENAME":"38","NAME":"State Rte 38","MTFCC":"S1200","RTTYP":"S","OID":"1106039417930"}},{"type":"Feature","geometry":{"type":"LineString","coordinates":[[-83.078574999723429,30.908916999842287],[-83.076155000331767,30.909891000344722],[-83.072972999610457,30.911170999998472],[-83.072868000028464,30.911214999785724],[-83.07142299970684,30.91180499991837],[-83.070757000433289,30.912076999700169],[-83.068142999974555,30.91317700024824],[-83.066870999905291,30.913741000210191],[-83.065607000231935,30.914320000016954],[-83.064700000035643,30.914756999913607],[-83.064351000056192,30.914918000062013],[-83.064069000023878,30.915015999751571],[-83.063997000053874,30.915041000222544],[-83.063629999632738,30.915132000371145],[-83.063319000186453,30.915238000375822],[-83.063089000032662,30.915316999932145],[-83.062540000036662,30.915485000069292],[-83.057609000118433,30.916803999790485],[-83.05715800003172,30.916926000270976],[-83.056480999989219,30.917116999921248],[-83.055809999794477,30.917322000013261],[-83.055398999890755,30.91746100009269],[-83.054500000090371,30.91779599991991],[-83.053028000004559,30.918364000148575],[-83.049511000445804,30.919740000137615],[-83.048627999640672,30.920089000108909],[-83.047846000016165,30.920387000377215],[-83.047734999688075,30.920425999813467],[-83.047111000247313,30.920641999960171],[-83.04650600017483,30.920868000276638],[-83.046250999906704,30.920964000215328],[-83.045412000380807,30.921294000185007],[-83.044577000154533,30.921636000171205],[-83.042675999723329,30.922443999729619],[-83.041733000440331,30.922831999849993],[-83.040781999863114,30.923204999705352],[-83.038369000144158,30.924097999934347],[-83.037583000321689,30.924393000033259],[-83.037482000039347,30.924432999637016]]},"properties":{"BASENAME":"38","NAME":"State Rte 38","MTFCC":"S1200","RTTYP":"S","OID":"1106039417931"}},{"type":"Feature","geometry":{"type":"LineString","coordinates":[[-83.037482000039347,30.924432999637016],[-83.037252999710489,30.924543999875475],[-83.037133999884801,30.924590000193383],[-83.033233000186485,30.92611300025407],[-83.033023000124231,30.926192000076732],[-83.029108000182219,30.927716999735228],[-83.027914999755652,30.928134999736294],[-83.025919999613123,30.928913999871622],[-83.024168999868053,30.929602999864194],[-83.022642000428959,30.93019699989242],[-83.021994999625363,30.930448000274126],[-83.020585000362146,30.931005999747711],[-83.019417000049941,30.931475000262321],[-83.019215000383582,30.931566000187672],[-83.019082000314199,30.931609999841115],[-83.018664999664367,30.931747999778658],[-83.018100999599753,30.931972999869444],[-83.017708999962593,30.932104999748162],[-83.015940999600772,30.932774999673487],[-83.015391999604788,30.93300999981744],[-83.015147000280706,30.933114999875446],[-83.014559999751555,30.933384000209617],[-83.014390999697156,30.933450999748334],[-83.014153999870686,30.93354499982701],[-83.013845999899118,30.933678000009998],[-83.013818000310025,30.933713000311297],[-83.013764999708258,30.933733999869474],[-83.012841999618445,30.934224999709564],[-83.01227699972894,30.934539000003721],[-83.011567999899356,30.934886000378274],[-83.010915999971189,30.935255999780978],[-83.010417000203915,30.935502000032439],[-83.01027699956353,30.935569999770998],[-83.009438999862525,30.935921000043319],[-83.009054999722963,30.936082000011488],[-83.008633999773494,30.936225000339714],[-83.008466000442297,30.936319000002513],[-83.007995000264131,30.936478999937282],[-83.007405000260235,30.93672600025474],[-83.00551200022494,30.937461999843425],[-83.005487999935497,30.937471000182292],[-83.003784999871016,30.93816299972919],[-83.001836999584128,30.938880000063708],[-83.000812000285393,30.93927900013545],[-82.999742999707408,30.939707999999822],[-82.998176000085337,30.940331000054421],[-82.997612999845643,30.940531000012363],[-82.997507000438745,30.94056199975266],[-82.996934000153288,30.940726999965761],[-82.995898999910509,30.940994000281563],[-82.995261000226051,30.941131999771464],[-82.993934999730101,30.941417999743791],[-82.99322400025072,30.941633000164398],[-82.992125000433816,30.942006999951357],[-82.992002000410153,30.942049000042054],[-82.990363999744687,30.942672000247157],[-82.989948999642991,30.942814999962362],[-82.989439999829955,30.943018000311259],[-82.986227000044821,30.944300999817493],[-82.982040999941162,30.945908000131585],[-82.981753999885981,30.946018000059055],[-82.979542000008465,30.946872999695515],[-82.977680999760224,30.947575999931864],[-82.977223000000834,30.947756999842621],[-82.975396999912675,30.948477999885064],[-82.974176999721962,30.948958000227393],[-82.973712000289865,30.94914099983378],[-82.971922000186737,30.949836000382732],[-82.970482999712885,30.950383000062946]]},"properties":{"BASENAME":"38","NAME":"State Rte 38","MTFCC":"S1200","RTTYP":"S","OID":"1106039417936"}},{"type":"Feature","geometry":{"type":"LineString","coordinates":[[-83.024847999560393,31.044138000026006],[-83.025733999840284,31.045083999653489],[-83.02631700017146,31.045636000057044],[-83.026814000288937,31.046032000164789],[-83.027657999837714,31.046561999810471],[-83.028440000360519,31.046936000122283],[-83.029077000220056,31.047195000108729],[-83.029518000261021,31.047353000167391],[-83.031578999627499,31.047822999824007],[-83.031857000360148,31.047816000129401],[-83.032814999711761,31.047792000293107],[-83.033425999632016,31.047746999814141],[-83.034142999857522,31.04764300014784],[-83.034767000196581,31.047569000242138],[-83.03492299983219,31.047551000318769],[-83.035487999721724,31.047449999659435],[-83.036000999732707,31.047368999876205],[-83.036794999951098,31.04724999981309],[-83.03985499957534,31.04676000006809],[-83.04105600039783,31.046567999847607],[-83.041360999996328,31.046518999789487],[-83.0425689995932,31.046326000100358],[-83.043577000071807,31.046164999844944],[-83.044225999626931,31.046060999989376],[-83.04663199967321,31.045678999707278],[-83.047265000233111,31.045574000330227],[-83.04762400025831,31.045514999845121],[-83.049099999643772,31.045271000203115],[-83.051129000121492,31.044945999629675],[-83.054312999594302,31.044437999825892],[-83.0550790002236,31.044315000083831],[-83.055794999725862,31.044199000143955],[-83.056730000409544,31.044048000209489],[-83.057715000423642,31.043889000274469],[-83.05802599986994,31.043838000050254],[-83.058138000022936,31.043820000191005],[-83.058220999863636,31.043806999991162],[-83.058767000384876,31.043719000190542],[-83.05916099967186,31.043653999874479],[-83.060155999731705,31.043491999935593],[-83.06280399962732,31.043059000247013],[-83.063777999770764,31.042900000199349],[-83.06434699985823,31.042806999845052],[-83.064750000264368,31.042741999675933],[-83.065540000284784,31.042612999765328],[-83.066224000000005,31.042500999999458],[-83.067708999606282,31.042293999659403],[-83.068207000446975,31.04220200004788],[-83.068996999569066,31.042055999779233],[-83.070349999829205,31.041849000010799],[-83.07107799992535,31.041741000086834],[-83.071719999807769,31.041625999890545],[-83.073194000441703,31.041392999669391],[-83.073571000010247,31.041328999878761],[-83.074326999695487,31.041209000155401],[-83.074757999690718,31.041138999862056],[-83.075052000316916,31.04110100027502],[-83.075296999640969,31.041058999903619],[-83.075922999629853,31.040974000066537],[-83.076327999685802,31.040901000173051],[-83.076901999796178,31.040914000000054],[-83.077595999557118,31.040938000031165],[-83.078676999830691,31.040959999669575],[-83.079403000276997,31.041061000288259],[-83.079743000035634,31.041089000280738],[-83.081142000326494,31.041188000380629],[-83.081800999927367,31.041229999925491],[-83.083883999933448,31.041395000046954],[-83.085411000270838,31.041500999988138],[-83.085818999801518,31.041529999653811],[-83.087146000122374,31.041626999692081],[-83.087584999615203,31.041674000357489],[-83.087967000104939,31.041711999715815],[-83.08908900038638,31.041806999969399],[-83.089462999581883,31.041838999709409],[-83.089804000063722,31.041868000041802],[-83.08992399971433,31.041875000173746],[-83.090440000098354,31.041902999926869],[-83.090682999772596,31.041917000185148],[-83.09132600037826,31.041972999658437],[-83.091559999831659,31.041993000232011],[-83.092883999779474,31.042108999781366],[-83.093291000383559,31.04216999966026],[-83.093350999759721,31.042179000131146],[-83.094107000343243,31.042243999915012],[-83.094513000224111,31.042281999815494],[-83.095376999864385,31.042378000063589],[-83.095432999940883,31.042389999895384],[-83.096380000320138,31.042586999803941],[-83.097367999808952,31.042839000018606],[-83.099393000088739,31.043368999740839],[-83.101475000269915,31.0438970000355],[-83.102303999750063,31.04410700006461],[-83.104386999756173,31.044638000193359],[-83.110305000236622,31.046145999902016],[-83.111723999720695,31.046499000166879],[-83.112370999625966,31.046659999857258],[-83.114037999705445,31.047075000083765],[-83.114939000053937,31.047299000264516],[-83.115011999848889,31.04731700023558],[-83.115698000112246,31.047478999821617],[-83.118945000232557,31.048245999762361],[-83.122231999637521,31.049100999972453],[-83.122382000323682,31.049139999936539],[-83.122808000296018,31.049250999865418],[-83.123919999633401,31.049541000219453],[-83.124795999867544,31.049768999617257],[-83.128264999745724,31.050671000068633],[-83.133045000051226,31.051852000158235],[-83.133959999745116,31.052078000022938],[-83.134553999946959,31.052252000097937],[-83.134916000345214,31.052344999689158],[-83.139790000362041,31.053603000239637],[-83.140481999574845,31.053788000094876],[-83.140925999988852,31.053915000136726],[-83.141422000281423,31.054097000373797],[-83.143122999797768,31.054786999870014],[-83.143730000418401,31.055062999652691],[-83.143769999703068,31.055082000124074],[-83.146160999680717,31.056166000363188],[-83.148134999906858,31.05705799996117],[-83.149921999636945,31.057901999707365],[-83.151028999849771,31.058389000151553],[-83.151489000157312,31.05859099968967],[-83.153937999861284,31.059659000016147],[-83.154857999578056,31.060059999833335],[-83.159254999568901,31.06197800023784],[-83.159818999633515,31.062231000248307],[-83.159837000075186,31.062244999824749],[-83.160734000225716,31.062606000117796],[-83.161265999604979,31.062835999685934],[-83.163647000435205,31.063864999993847],[-83.165181000445301,31.064534999759889],[-83.166296000155725,31.065017000017015],[-83.167015999855948,31.065410999622884],[-83.167128000008944,31.065454000340385]]},"properties":{"BASENAME":"129","NAME":"US Hwy 129","MTFCC":"S1200","RTTYP":"U","OID":"1106039417989"}},{"type":"Feature","geometry":{"type":"LineString","coordinates":[[-83.001245999755341,30.860235999711097],[-83.001240999732488,30.860274999744366],[-83.001045999738821,30.863219000336294],[-83.001064000180477,30.864267000104579],[-83.001095999967532,30.866167000364946],[-83.001107999663077,30.867571000329406],[-83.001160000439924,30.869527000294941],[-83.001269000219878,30.870926000154075],[-83.001453000342892,30.872400999813649],[-83.001725000329458,30.874030000074395],[-83.002008000186677,30.875605999704607],[-83.002291999868817,30.877230000316466],[-83.002843000412938,30.880504000107663],[-83.00312100024729,30.88212399970211],[-83.003409999952297,30.883757999993154],[-83.003603000296138,30.884897999790812],[-83.003973000191976,30.887040999956938],[-83.004246000003462,30.888685999661661],[-83.004408000385169,30.889629999984123],[-83.005675000431566,30.896993000014152],[-83.006242999795845,30.900291000275338],[-83.006693999882543,30.902857999842031],[-83.006713000149105,30.902967999963046],[-83.006948000325764,30.904298999809804],[-83.007047999884861,30.904869999849272],[-83.007109999809146,30.905219000106165],[-83.007145999794147,30.905424999941083],[-83.007242999878528,30.906027000344825],[-83.007355000031524,30.90674799983357],[-83.007555999872977,30.907868000158025],[-83.007594000406129,30.908077000207768],[-83.0077059996608,30.908759999768932],[-83.007862000194734,30.909706000312401],[-83.008371000007742,30.912593999698483],[-83.008710999766379,30.914573999995248],[-83.008781000086572,30.915034999616868],[-83.008838999812895,30.915606000338528],[-83.008841000361031,30.916256999861144],[-83.008857000254565,30.91662499975773],[-83.008858000079471,30.917196000238061],[-83.008848999858628,30.917330000372633],[-83.008813999698546,30.917867999690522],[-83.008741999728514,30.919255999790305],[-83.008706999568417,30.920122000150705],[-83.008592999765597,30.922909000290485],[-83.008539000237249,30.924293999670486],[-83.008483999985643,30.925479000367311],[-83.008420000411562,30.926340000212718],[-83.008314000106338,30.928285999834969],[-83.008277000296417,30.929880000141921],[-83.008271000448644,30.930159000016644],[-83.008262000227802,30.930514000133094],[-83.00825899985476,30.930800000279753],[-83.00824399978616,30.931980000363769],[-83.008267000250683,30.932193000079799],[-83.008232999915492,30.932355000338433],[-83.008212999824011,30.932388000000724],[-83.008216000197052,30.932416000312351],[-83.008087000325631,30.934927999745266],[-83.008067000234135,30.935066000287399],[-83.00805200016552,30.935291999650591],[-83.008039999571636,30.93546899990389],[-83.00802299985321,30.935943000026242],[-83.007995000264131,30.936478999937282],[-83.00797400034773,30.937040000039524],[-83.007887000309097,30.938784999727758],[-83.007877000263335,30.939230999739966],[-83.007820000361946,30.939851999625034],[-83.007775999981007,30.940962999910894],[-83.007759000262567,30.941385000116625],[-83.007671000399029,30.943688000027084],[-83.007625000368265,30.94536599969074],[-83.007577999614284,30.946240000367457],[-83.007589000383248,30.946373999866719],[-83.007549000200271,30.94643100002223],[-83.007565000093805,30.946515000148832],[-83.007534999956576,30.946557999827409],[-83.007517000413216,30.947248999819784],[-83.007515999690014,30.947967999816548],[-83.007504999819346,30.948250000091178],[-83.007507000367482,30.948325000073268],[-83.007468000009425,30.94841300011079],[-83.007505999644266,30.948418000154231],[-83.007519000063056,30.948539000356039],[-83.007420000328864,30.949258999890862],[-83.007339999962923,30.950895000303536],[-83.007338000313084,30.952388999820453],[-83.007216999939246,30.953592999623389],[-83.007175999931377,30.953999000319104],[-83.007176999756282,30.954830000047846],[-83.007164000235818,30.954986000047597],[-83.007186999802045,30.955093999661131],[-83.007161999687668,30.95517699993739],[-83.007129000075707,30.956014999707936],[-83.007068999801248,30.957512999695552],[-83.007076000372265,30.957717000313934],[-83.007079999671916,30.957826999741489],[-83.007042999861994,30.958208000197189],[-83.00702699996846,30.958516000081413],[-83.00696400021927,30.959735000358489],[-83.006857999914061,30.96222500033835],[-83.006755999806813,30.964378000157058],[-83.006737000438548,30.96478799980639],[-83.006676000339183,30.966064999955684],[-83.006647999851765,30.966555000237115],[-83.006591999775267,30.967545999622452],[-83.006505999561554,30.970134000233365],[-83.006487000193289,30.970732999849119],[-83.006455000406248,30.971536999691605],[-83.006515999607288,30.972063000268054],[-83.006522000353399,30.972173999875871],[-83.006820000279234,30.974495999634119],[-83.00713800029655,30.976281000145054],[-83.00724600025157,30.976884000081601],[-83.007300999604851,30.977175999859469],[-83.0081280003335,30.981975000030587],[-83.008254999656813,30.982693999678645],[-83.009985000383779,30.992508000101523],[-83.010512999565066,30.995574000222128],[-83.011186000307944,30.999478999987222],[-83.013506999965401,31.012680000244881],[-83.013547999973298,31.012919999830842],[-83.014211999597009,31.01673799970732],[-83.014660000208991,31.019270999652374],[-83.014813000369855,31.020157999942768],[-83.015360999642638,31.023331000183422],[-83.016184999998245,31.028096999866403],[-83.016224000356303,31.028316000345637],[-83.016978000391717,31.03253999967502],[-83.017358000333303,31.033972999772004],[-83.017678000000444,31.034821999627074],[-83.018149000178639,31.035891000238227],[-83.01881600017542,31.037079000235583],[-83.019149000261351,31.037582999908274],[-83.019387999737631,31.037936000368902],[-83.019591000127235,31.038237000307969],[-83.020238999857426,31.039016000314462],[-83.020334000291967,31.039121999825685],[-83.020637000240683,31.03945700005373],[-83.021001000288763,31.039858000336757],[-83.021731999859625,31.040695000013617],[-83.022977999989621,31.04209200016145],[-83.02308500011975,31.042212000311132],[-83.024847999560393,31.044138000026006]]},"properties":{"BASENAME":"129","NAME":"US Hwy 129","MTFCC":"S1200","RTTYP":"U","OID":"1106039417991"}},{"type":"Feature","geometry":{"type":"LineString","coordinates":[[-83.031857000360148,31.047816000129401],[-83.031889000147203,31.048742999949678],[-83.031905000040723,31.050508000050865],[-83.03184899996424,31.051273999737848],[-83.031696999628267,31.051985000170859],[-83.031614999612515,31.052447999916378],[-83.031551999863311,31.052641999959533],[-83.031200000409115,31.053760999664185],[-83.031014999562899,31.054314000201508],[-83.030443000000659,31.056107000288172],[-83.028770999898313,31.06135300038137],[-83.028594000346317,31.061928000061872],[-83.026241000003481,31.069529999663917],[-83.025547000242526,31.071772999996949],[-83.025327999959401,31.072478999877365],[-83.024593000190578,31.07484800023224],[-83.024323999678757,31.075713999913219],[-83.024054000240312,31.076633000175661],[-83.0239830000952,31.076858999639413],[-83.023860999896471,31.077247999977413],[-83.023593000107866,31.07810499995939],[-83.023143999670978,31.07959299970592],[-83.022757999881605,31.080813000063952],[-83.022454000107999,31.081799999637042],[-83.022114000349362,31.082913000152061],[-83.021755000324163,31.084029999674545],[-83.021463000246101,31.084707999855123],[-83.021105000045836,31.085327000172686],[-83.020869000044272,31.085669000027121],[-83.020699999989887,31.085908000150877],[-83.02058000033928,31.086056000260886],[-83.020318000398461,31.086343999751964],[-83.019750000135886,31.086983999855573],[-83.017816000092722,31.089093999705167],[-83.012207000307043,31.095218999895984],[-83.009222999952456,31.098496000202974],[-83.007351999658468,31.10051199973071],[-83.005858999656269,31.102121000020293],[-83.005246999911066,31.102792999993753],[-83.004399999989246,31.103723999695333],[-83.001763999789191,31.106608999884813],[-83.000504000313811,31.107979999667389],[-82.999060999642012,31.109584000281881],[-82.9976809996177,31.111087999809929],[-82.995781999734632,31.113174000060511],[-82.994065000324753,31.11503899996902],[-82.992486000108826,31.116768999877291],[-82.992434000230276,31.116827000206399],[-82.988731000000385,31.120885000290727],[-82.988354000431841,31.12128300022168],[-82.987244999670864,31.122491999647142],[-82.985989000393445,31.123849000253085],[-82.98491999981546,31.124993999670494],[-82.983846999937811,31.126174999956884],[-82.982747000296001,31.127372000240069],[-82.98163800043335,31.128569000032201],[-82.980936000276472,31.129349999795526],[-82.980838000367172,31.129458999815434],[-82.980511000129027,31.129777999669017],[-82.979326999923316,31.13108600035082],[-82.979124000432037,31.131304000120849],[-82.978007000173477,31.13250700027854],[-82.975897000403194,31.134817000344949],[-82.973826999917591,31.137106000167378],[-82.97221500008969,31.138905999751838],[-82.971495000389467,31.139624999860313],[-82.970700000346184,31.140514999707513]]},"properties":{"BASENAME":"31","NAME":"State Rte 31","MTFCC":"S1200","RTTYP":"S","OID":"1106039419636"}},{"type":"Feature","geometry":{"type":"LineString","coordinates":[[-83.031857000360148,31.047816000129401],[-83.031889000147203,31.048742999949678],[-83.031905000040723,31.050508000050865],[-83.03184899996424,31.051273999737848],[-83.031696999628267,31.051985000170859],[-83.031614999612515,31.052447999916378],[-83.031551999863311,31.052641999959533],[-83.031200000409115,31.053760999664185],[-83.031014999562899,31.054314000201508],[-83.030443000000659,31.056107000288172],[-83.028770999898313,31.06135300038137],[-83.028594000346317,31.061928000061872],[-83.026241000003481,31.069529999663917],[-83.025547000242526,31.071772999996949],[-83.025327999959401,31.072478999877365],[-83.024593000190578,31.07484800023224],[-83.024323999678757,31.075713999913219],[-83.024054000240312,31.076633000175661],[-83.0239830000952,31.076858999639413],[-83.023860999896471,31.077247999977413],[-83.023593000107866,31.07810499995939],[-83.023143999670978,31.07959299970592],[-83.022757999881605,31.080813000063952],[-83.022454000107999,31.081799999637042],[-83.022114000349362,31.082913000152061],[-83.021755000324163,31.084029999674545],[-83.021463000246101,31.084707999855123],[-83.021105000045836,31.085327000172686],[-83.020869000044272,31.085669000027121],[-83.020699999989887,31.085908000150877],[-83.02058000033928,31.086056000260886],[-83.020318000398461,31.086343999751964],[-83.019750000135886,31.086983999855573],[-83.017816000092722,31.089093999705167],[-83.012207000307043,31.095218999895984],[-83.009222999952456,31.098496000202974],[-83.007351999658468,31.10051199973071],[-83.005858999656269,31.102121000020293],[-83.005246999911066,31.102792999993753],[-83.004399999989246,31.103723999695333],[-83.001763999789191,31.106608999884813],[-83.000504000313811,31.107979999667389],[-82.999060999642012,31.109584000281881],[-82.9976809996177,31.111087999809929],[-82.995781999734632,31.113174000060511],[-82.994065000324753,31.11503899996902],[-82.992486000108826,31.116768999877291],[-82.992434000230276,31.116827000206399],[-82.988731000000385,31.120885000290727],[-82.988354000431841,31.12128300022168],[-82.987244999670864,31.122491999647142],[-82.985989000393445,31.123849000253085],[-82.98491999981546,31.124993999670494],[-82.983846999937811,31.126174999956884],[-82.982747000296001,31.127372000240069],[-82.98163800043335,31.128569000032201],[-82.980936000276472,31.129349999795526],[-82.980838000367172,31.129458999815434],[-82.980511000129027,31.129777999669017],[-82.979326999923316,31.13108600035082],[-82.979124000432037,31.131304000120849],[-82.978007000173477,31.13250700027854],[-82.975897000403194,31.134817000344949],[-82.973826999917591,31.137106000167378],[-82.97221500008969,31.138905999751838],[-82.971495000389467,31.139624999860313],[-82.970700000346184,31.140514999707513]]},"properties":{"BASENAME":"221","NAME":"US Hwy 221","MTFCC":"S1200","RTTYP":"U","OID":"1106039419654"}},{"type":"Feature","geometry":{"type":"LineString","coordinates":[[-82.970490000283888,30.95015000023978],[-82.969269000268255,30.950607000216891],[-82.963120999634015,30.952997000227729],[-82.958056999646374,30.954949999892474],[-82.955654999798071,30.955922000088702],[-82.955582999828039,30.955932000159809],[-82.954252000207546,30.956431000143446],[-82.951419000364012,30.957539999666476],[-82.950244000379129,30.958000000223734],[-82.946997000258804,30.959219000153404],[-82.946646999556108,30.959374000024198],[-82.946619999791935,30.959383999733905],[-82.943452000212645,30.960580000137639],[-82.943341999709475,30.960622999648475],[-82.940210000115187,30.961852000215835],[-82.939273999606598,30.962202000379147],[-82.93870700006724,30.962415999618123],[-82.935531000092041,30.96366199996735],[-82.934037000264922,30.964227999920674],[-82.932742999556012,30.964748000143548],[-82.930778000449038,30.965548000230552],[-82.929528999945973,30.966017999746203],[-82.92777200035313,30.966722999688713],[-82.925183000008758,30.967692999847607],[-82.92105800000445,30.969241000314284],[-82.920726999568345,30.969355000261022],[-82.918231999833623,30.970299000210687],[-82.915992000366998,30.97117800038118],[-82.9156390001896,30.971334999634266],[-82.914270000035941,30.971911000255698],[-82.913475999817564,30.972224000184394],[-82.91227900009136,30.97270900012359],[-82.911532999553557,30.972971000104206],[-82.911374000443217,30.97303500036066],[-82.910128000313208,30.973623999730975],[-82.907251999913655,30.974807999826709],[-82.904776000445494,30.975894000305402],[-82.902228000109005,30.976992000346218],[-82.893491000028703,30.980682000017818],[-82.891096999677984,30.98177499981778],[-82.890585000390217,30.98200299967267],[-82.888170999948031,30.982990000290268],[-82.886574000188759,30.983685000177928],[-82.884225999868804,30.984724000289631],[-82.883327000068419,30.985048000283623],[-82.882603999995155,30.985308000262755],[-82.880616000423615,30.985903000140734],[-82.880024999696516,30.986075999807639],[-82.87860299983943,30.986490999808669],[-82.877093000118791,30.986926000126598],[-82.876539000099925,30.987086000010226],[-82.874148000122247,30.987781999692913],[-82.872890000296678,30.98812599964393],[-82.871833000312577,30.98844500014884],[-82.871696000045219,30.988490999737749],[-82.871035999721144,30.988714000242979],[-82.870434999846609,30.988954000090306],[-82.869909000315147,30.989232999952904],[-82.869403999801762,30.989553000184582],[-82.868916999730033,30.990019000262617],[-82.868788999683517,30.990142000030794],[-82.868109999991191,30.99098900008801],[-82.867611000223903,30.991729999799968],[-82.867242999977861,30.992293000238977],[-82.866874999731849,30.992929000180297],[-82.866562999562305,30.993434999916047],[-82.866365000093907,30.993754999912539],[-82.865907000334502,30.994495999698238],[-82.865560000004862,30.995075000004196],[-82.865277999972562,30.995536999686031],[-82.864918999947363,30.996126000313645],[-82.864282000087812,30.997188999957032],[-82.863614000266125,30.998271999815202],[-82.863246000020084,30.99886099972154],[-82.86298300025436,30.999270999851568],[-82.862714999567444,30.999670999650561],[-82.862505000403488,30.999949000266589],[-82.862225999845919,31.000274999840233],[-82.861836999683476,31.000663999812229],[-82.861054000234049,31.001247999987385],[-82.859955000417159,31.00206800028764],[-82.858639999791876,31.003068000030481],[-82.857808999763563,31.003703999723339],[-82.856878000176152,31.004398000184423],[-82.855705999666,31.005281000344706],[-82.853969999989545,31.006569999643908],[-82.852835000187625,31.007400999828384],[-82.852004000159326,31.008046999874271],[-82.851943999884853,31.00808500032938],[-82.85160400012623,31.00830000000547],[-82.850957000220944,31.008652000276179],[-82.850058000420589,31.00904099994704],[-82.849342999844907,31.009272999867896],[-82.84842300012815,31.00957800008285],[-82.847755000306464,31.009777000378612],[-82.846844999737129,31.010071999963536],[-82.845545999903692,31.010470999745312],[-82.844935999808314,31.010656000254436],[-82.843195999933911,31.011208000034856],[-82.841933999910367,31.011601999867171],[-82.840934999652575,31.011912000126365],[-82.840071999837235,31.012175000345401],[-82.838983999890971,31.012521999629442],[-82.838058000326427,31.012806000353123],[-82.8370430001751,31.01312200038053],[-82.836290999789526,31.013343000064584],[-82.835807999915772,31.013469000066173],[-82.835449999715479,31.013527000291983],[-82.834976999887459,31.013527000291983],[-82.83397199978188,31.013542000198658],[-82.832688999841977,31.013600000380052],[-82.831647999751368,31.013641999772517],[-82.830385999727838,31.013695000189394],[-82.829102999787921,31.013742000011415],[-82.826967999903289,31.013811000330598],[-82.825180000348325,31.013888999894878],[-82.823308000229417,31.013946999865095],[-82.822545999798095,31.013978999727389],[-82.821746999556836,31.014004999800019],[-82.821354999919677,31.014042000098453],[-82.821130999613686,31.014062999699643],[-82.820348000164287,31.014278999838279],[-82.818912000063463,31.014831000192547],[-82.817561000351489,31.015335999876516],[-82.816346000183628,31.015808999956995],[-82.815614999714427,31.016097999702026],[-82.814105999818707,31.016665999776993],[-82.81283899977231,31.01715999987346],[-82.812059999622548,31.017449000140473],[-82.811103000095855,31.017817999833429],[-82.810036000066006,31.018217000290743],[-82.808852999685186,31.018675000062306],[-82.807506999996065,31.019194999948184],[-82.803549000396359,31.020713000178365],[-82.802858999935054,31.020976999992175],[-82.799133000138937,31.022401000043935],[-82.795132999808118,31.023918000014884],[-82.794465999811351,31.024171000353341],[-82.792014999559228,31.025099000199855],[-82.789180000065855,31.026201000207774],[-82.78623400024442,31.027327000166427],[-82.783102999576727,31.02856500002569],[-82.782146000050048,31.028942000021303],[-82.780552999590427,31.02956800020133],[-82.780032999906737,31.029752999813688],[-82.779303999985672,31.030007999896984],[-82.779201000053504,31.030044000216023],[-82.778591999783075,31.030167999842213],[-82.777484999570234,31.030345999619335],[-82.777014000290364,31.030421999665002],[-82.77416200018024,31.030816000104512],[-82.773119000439834,31.030917999851106],[-82.772763999714272,31.030945999747303],[-82.772681999698506,31.030951999998909],[-82.771866999563741,31.031034999720198],[-82.770818999800454,31.031125000291503],[-82.769584000439423,31.031293999860036],[-82.76837799959408,31.031490999634485],[-82.768052999904071,31.031562999907496],[-82.767236000119468,31.031747000357942],[-82.766969000155768,31.031807000043127],[-82.766255000303346,31.031983999933221],[-82.765762000383845,31.032106000309593],[-82.765057999678817,31.032269000278369],[-82.764387000382399,31.03242699970793],[-82.763773000089074,31.032612999820913],[-82.76313000038175,31.032832999816709],[-82.762499000369985,31.033091999685254],[-82.762122999728035,31.033266999717739],[-82.761843000243871,31.033396999863566],[-82.76072199978735,31.034012999657637],[-82.759761999887601,31.03452800034086]]},"properties":{"BASENAME":"84","NAME":"US Hwy 84","MTFCC":"S1200","RTTYP":"U","OID":"1106039420037"}},{"type":"Feature","geometry":{"type":"LineString","coordinates":[[-83.013845999899118,30.933678000009998],[-83.013818000310025,30.933713000311297],[-83.013764999708258,30.933733999869474],[-83.012841999618445,30.934224999709564],[-83.01227699972894,30.934539000003721],[-83.011567999899356,30.934886000378274],[-83.010915999971189,30.935255999780978],[-83.010417000203915,30.935502000032439],[-83.01027699956353,30.935569999770998],[-83.009438999862525,30.935921000043319],[-83.009054999722963,30.936082000011488],[-83.008633999773494,30.936225000339714],[-83.008466000442297,30.936319000002513],[-83.007995000264131,30.936478999937282],[-83.007405000260235,30.93672600025474],[-83.00551200022494,30.937461999843425],[-83.005487999935497,30.937471000182292],[-83.003784999871016,30.93816299972919],[-83.001836999584128,30.938880000063708],[-83.000812000285393,30.93927900013545],[-82.999742999707408,30.939707999999822],[-82.998176000085337,30.940331000054421],[-82.997612999845643,30.940531000012363],[-82.997507000438745,30.94056199975266],[-82.996934000153288,30.940726999965761],[-82.995898999910509,30.940994000281563],[-82.995261000226051,30.941131999771464],[-82.993934999730101,30.941417999743791],[-82.99322400025072,30.941633000164398],[-82.992125000433816,30.942006999951357],[-82.992002000410153,30.942049000042054],[-82.990363999744687,30.942672000247157],[-82.989948999642991,30.942814999962362],[-82.989439999829955,30.943018000311259],[-82.986227000044821,30.944300999817493],[-82.982040999941162,30.945908000131585],[-82.981753999885981,30.946018000059055],[-82.979542000008465,30.946872999695515],[-82.977680999760224,30.947575999931864],[-82.977223000000834,30.947756999842621],[-82.975396999912675,30.948477999885064],[-82.974176999721962,30.948958000227393],[-82.973712000289865,30.94914099983378],[-82.971922000186737,30.949836000382732],[-82.970482999712885,30.950383000062946]]},"properties":{"BASENAME":"84","NAME":"US Hwy 84","MTFCC":"S1200","RTTYP":"U","OID":"1106039420038"}},{"type":"Feature","geometry":{"type":"LineString","coordinates":[[-83.078574999723429,30.908916999842287],[-83.0771920002244,30.909372999969595],[-83.072903000188575,30.911073999852928],[-83.071337000391424,30.911721000124228],[-83.071123000131195,30.911806000310005],[-83.07020900026221,30.912170000360639],[-83.068989000071468,30.91265600032764],[-83.06718399989974,30.913429999803288],[-83.066034000029205,30.913949999764494],[-83.064324000292018,30.91468399975232],[-83.063992999855913,30.914837999816321],[-83.063860999611421,30.914899999762067],[-83.063297000445132,30.915078999939446],[-83.062304000035112,30.915394999839847],[-83.061129999875149,30.915682999659452],[-83.059548000184478,30.916109999883755],[-83.058358000130966,30.916444999817639],[-83.058046999786342,30.916525000260943],[-83.057609999943352,30.916633000175342],[-83.056552999959237,30.916892999897371],[-83.055434999875743,30.917260000095659],[-83.051026000189324,30.918976999705098],[-83.047719999619474,30.920241000113492],[-83.047599999968867,30.920287000188925],[-83.043694000247669,30.921805000287634],[-83.041904999969461,30.922484000148465],[-83.039268999769433,30.923522000005118],[-83.037416999742021,30.924244999966731],[-83.037276999999932,30.924299000205028]]},"properties":{"BASENAME":"84","NAME":"US Hwy 84","MTFCC":"S1200","RTTYP":"U","OID":"1106039420282"}},{"type":"Feature","geometry":{"type":"LineString","coordinates":[[-83.078574999723429,30.908916999842287],[-83.076155000331767,30.909891000344722],[-83.072972999610457,30.911170999998472],[-83.072868000028464,30.911214999785724],[-83.07142299970684,30.91180499991837],[-83.070757000433289,30.912076999700169],[-83.068142999974555,30.91317700024824],[-83.066870999905291,30.913741000210191],[-83.065607000231935,30.914320000016954],[-83.064700000035643,30.914756999913607],[-83.064351000056192,30.914918000062013],[-83.064069000023878,30.915015999751571],[-83.063997000053874,30.915041000222544],[-83.063629999632738,30.915132000371145],[-83.063319000186453,30.915238000375822],[-83.063089000032662,30.915316999932145],[-83.062540000036662,30.915485000069292],[-83.057609000118433,30.916803999790485],[-83.05715800003172,30.916926000270976],[-83.056480999989219,30.917116999921248],[-83.055809999794477,30.917322000013261],[-83.055398999890755,30.91746100009269],[-83.054500000090371,30.91779599991991],[-83.053028000004559,30.918364000148575],[-83.049511000445804,30.919740000137615],[-83.048627999640672,30.920089000108909],[-83.047846000016165,30.920387000377215],[-83.047734999688075,30.920425999813467],[-83.047111000247313,30.920641999960171],[-83.04650600017483,30.920868000276638],[-83.046250999906704,30.920964000215328],[-83.045412000380807,30.921294000185007],[-83.044577000154533,30.921636000171205],[-83.042675999723329,30.922443999729619],[-83.041733000440331,30.922831999849993],[-83.040781999863114,30.923204999705352],[-83.038369000144158,30.924097999934347],[-83.037583000321689,30.924393000033259],[-83.037482000039347,30.924432999637016]]},"properties":{"BASENAME":"84","NAME":"US Hwy 84","MTFCC":"S1200","RTTYP":"U","OID":"1106039420283"}},{"type":"Feature","geometry":{"type":"LineString","coordinates":[[-82.778705999585881,30.964730999819562],[-82.778671000324096,30.964871999968178],[-82.778544000102485,30.965238000250864],[-82.778433999599315,30.965486000007029],[-82.778370000025205,30.965603999900924],[-82.778160999787843,30.965986999792072],[-82.777749999884108,30.966616999766547],[-82.777097999955942,30.967629999668816],[-82.776948999993039,30.967848999634619],[-82.776847999710697,30.96800499993698],[-82.776148000101941,30.969076999841363],[-82.775339999639854,30.9703049996583],[-82.774538999748785,30.971539999761688],[-82.774199999815082,30.972045999706097],[-82.773707999720486,30.972778000094145],[-82.772433000176491,30.97472199969771],[-82.772140000273538,30.975169000346909],[-82.771368999621359,30.976363000005154],[-82.770601000240561,30.977528999954348],[-82.770342999599393,30.97797500008145],[-82.770169000420424,30.978204000240137],[-82.770134000260327,30.978258999722151],[-82.768534999952919,30.980675999682116],[-82.768503999990784,30.980721000265518],[-82.76847499967846,30.980791000275197],[-82.76781299970456,30.981851999745224],[-82.767231000096601,30.982719999810804],[-82.766604000282783,30.983683000129005],[-82.766456000144785,30.983921999903025],[-82.765706000307333,30.985005000221776],[-82.765106000257717,30.986003000209017],[-82.764984999883893,30.986224999986021],[-82.764567000307451,30.987126000324253],[-82.76440900012372,30.987447000292445],[-82.763850999906879,30.988638999637399],[-82.763294000413282,30.989851000229205],[-82.763009000007926,30.990566000013072],[-82.762930000365202,30.990846999680326],[-82.762865999892796,30.991073000294747],[-82.762578999837629,30.992024000226298],[-82.762504000392866,30.992307999636193],[-82.761880999878699,30.994736999922811],[-82.761522999678419,30.995983000342658],[-82.761187000117744,30.997224000087169],[-82.760869999925347,30.998475000087865],[-82.760587999893048,30.999544999891022],[-82.760213999799234,31.000944999758875],[-82.759903000352921,31.002081000024379],[-82.759306999602941,31.004532999869102],[-82.759010000400338,31.005770000045288],[-82.758863999912137,31.006348999654968],[-82.758766000002865,31.006633000292481],[-82.758708000276542,31.006780999757996],[-82.758637999956335,31.006896999844329],[-82.758575000207145,31.006993999735162],[-82.757987999677994,31.007876999719265],[-82.757745999828671,31.008211999734712],[-82.756892000234146,31.009463999687604],[-82.756646000186862,31.009961999924933],[-82.75630800007805,31.010686000199097],[-82.756067999878525,31.011173999769731],[-82.755742000363597,31.011834999828231],[-82.755436999866774,31.012517999971031],[-82.755389000186199,31.012620000061531],[-82.755252999743746,31.012834000183457],[-82.755128000070272,31.013121000279753],[-82.755005000046637,31.013455000245351],[-82.754897000091603,31.013795000372617],[-82.754805999855023,31.014205000180976],[-82.754542000264351,31.015456999941506],[-82.754483999639731,31.015761000311386],[-82.754312000110602,31.016666999840556],[-82.754004999963939,31.018202000350097],[-82.75399099972023,31.018267000332504],[-82.753977000374846,31.018336999731034],[-82.753613000326766,31.020084000231652],[-82.753549999679265,31.020425999851209]]},"properties":{"BASENAME":"Thelma","NAME":"Thelma Hwy","MTFCC":"S1200","RTTYP":"M","OID":"1105646221700"}},{"type":"Feature","geometry":{"type":"LineString","coordinates":[[-83.27762299969271,30.830085000120601],[-83.277441999942738,30.830186999776817]]},"properties":{"BASENAME":"Savannah","NAME":"E Savannah Ave","MTFCC":"S1200","RTTYP":"M","OID":"1105646234795"}},{"type":"Feature","geometry":{"type":"LineString","coordinates":[[-82.747268999873953,31.036667999718961],[-82.746979000344041,31.036735999745247],[-82.746056000254228,31.037109000327426],[-82.744979000178631,31.037532000154336],[-82.74396700040036,31.037924999816092],[-82.74283300042336,31.038333000016756],[-82.741732999883212,31.038755999793779],[-82.741695000248384,31.038771000346379],[-82.741019000030789,31.039044999967373],[-82.740945000410932,31.039075000209429],[-82.740449000118375,31.039264999727131],[-82.740363999729567,31.039297000321575],[-82.740324000444915,31.03931200001929],[-82.740083000420498,31.039404000114526],[-82.739476999624785,31.039635999993372],[-82.739146999911895,31.039761999856548],[-82.739075999766783,31.039788999640656],[-82.73900100032202,31.039812000134788],[-82.737688000244859,31.04010500022148],[-82.737617000099746,31.040121000378814],[-82.737048999837185,31.040274000016378],[-82.736678999941333,31.040374000008782],[-82.736644999606142,31.040382999879828],[-82.735423999590495,31.040681000345252],[-82.734041999916371,31.041146000047661],[-82.731117000011324,31.042254000173845],[-82.7269469998012,31.04390600034316],[-82.72547700026351,31.04444899962613],[-82.721379999848324,31.045962000339458],[-82.721203000296327,31.046029999884599]]},"properties":{"BASENAME":"Dame","NAME":"E Dame Ave","MTFCC":"S1200","RTTYP":"M","OID":"1105646215785"}},{"type":"Feature","geometry":{"type":"LineString","coordinates":[[-82.548046999827406,31.084686999680425],[-82.54961900037064,31.084750000190581],[-82.550014000380841,31.084759999828101],[-82.551151999657492,31.084868000154561],[-82.551712000422455,31.084973000012347],[-82.552033999739436,31.085032999988883],[-82.552571999864767,31.085246000330606],[-82.55300399968489,31.085453000302749],[-82.553401000243255,31.085694999754296],[-82.553742999651703,31.085993999951732],[-82.554132999639037,31.086286000036814],[-82.554572999855083,31.086577999994038],[-82.556830999763363,31.08761600033429],[-82.558584000056584,31.088399000236969],[-82.558943999906688,31.08857199994555],[-82.55937200042716,31.088766000155648],[-82.559670000352995,31.088862999727535],[-82.560047999746459,31.088945999710866],[-82.561925999713139,31.089236999886147],[-82.565627000293205,31.089922000286094],[-82.565845999678004,31.089994000196281],[-82.56607199963382,31.090089999991665],[-82.566270000000529,31.090198999705912],[-82.566449000100675,31.090330999884085],[-82.566696999797799,31.090533000034789],[-82.566876999722851,31.090715000198927],[-82.567063000394,31.091060000047751],[-82.567249999991745,31.091425999641796],[-82.567845000018522,31.092579999648393],[-82.568482999702965,31.093832000160933],[-82.568780999628814,31.094425999882809],[-82.569991999598699,31.096837999753738],[-82.570036999804543,31.096925999640948],[-82.570764000075769,31.098327999977499],[-82.57177800040219,31.100283999686628],[-82.57239299962211,31.101465999686976],[-82.572606999882353,31.10184799973052],[-82.572657999935984,31.102034000266709],[-82.572667999981718,31.102170999824988],[-82.572689999723011,31.102284000024905],[-82.572693999920986,31.102303000290316],[-82.572705999616559,31.102467999844901],[-82.572936999595242,31.102989000244072],[-82.573171999771873,31.103485999697305],[-82.573359000267942,31.103906999886011],[-82.573761999775755,31.104689000216343],[-82.574020000416937,31.105246000289867],[-82.574301999550926,31.105760999914462],[-82.574446000389287,31.106115000302299],[-82.574497000442889,31.106239999891471],[-82.574610000420805,31.106507999649814],[-82.574696999561141,31.106716000100381],[-82.574778999576907,31.106910000176541],[-82.574920000042212,31.10768899999179],[-82.574998999684922,31.108096000262144],[-82.575080999700688,31.108648000248753],[-82.575093000294572,31.10890400023446],[-82.575137999602106,31.109206999893519],[-82.575279999892317,31.10999399967622],[-82.575427000205408,31.111111999821997],[-82.575452000319771,31.111297000063928],[-82.57548199955869,31.111511999642694],[-82.575575000343406,31.111787000272258],[-82.575732999628841,31.112130999896394],[-82.576445999656372,31.112992999681346],[-82.577568999762732,31.114253000284453],[-82.579525000445528,31.116447000004715],[-82.580040000106322,31.11702800036981],[-82.580572000383896,31.117609000254721],[-82.581169999885375,31.118299999958989],[-82.581324999696079,31.118523999993194],[-82.581681000246533,31.119082000175954],[-82.581873999692078,31.119542999714167],[-82.58195800025598,31.119858999824],[-82.582114999716495,31.120528000383715],[-82.582313000083218,31.121070999677855],[-82.582417999665211,31.121401000174092],[-82.582625000252747,31.122194999975104],[-82.582733000207782,31.122550000323898],[-82.582804000352894,31.122780000165971],[-82.582939999897022,31.123241999909386],[-82.583577999581479,31.125391000365095],[-82.583883999903222,31.126376000315467],[-82.583985000185564,31.126672000297923],[-82.583984000360658,31.127066000338271],[-82.583871000382757,31.127530000079478],[-82.583679999688727,31.128148000019262],[-82.583411000075216,31.128869999897045],[-82.583226000127297,31.129356999638318],[-82.583050000400192,31.129897999876228],[-82.582498999856043,31.131536000292293],[-82.582308000060337,31.132118999786424],[-82.582313000083218,31.132429999922596],[-82.582348000243314,31.132623000117501],[-82.582599000313493,31.133236000371227],[-82.583175000073666,31.134527999862421],[-82.583451000258194,31.135133000335678],[-82.583985000185564,31.136309000327248],[-82.584560000120845,31.137580000237087],[-82.584910999750122,31.138363999821191],[-82.585011000207544,31.138564000176117],[-82.585202999828155,31.138990000133465],[-82.585361000011915,31.139361000288059],[-82.587027000266474,31.141905000252432],[-82.588304000358619,31.143783999660201],[-82.589036999579307,31.14483900015555],[-82.589500000259903,31.14560799985696],[-82.590035999837113,31.146410000380303],[-82.590341000333964,31.146868999666353],[-82.590619999993223,31.147225999624816],[-82.590869000413548,31.147657999682806],[-82.591100000392231,31.148035000301402],[-82.591241999784145,31.148338000327662],[-82.591369000005756,31.148722999943459],[-82.591471000113003,31.149046999860239],[-82.591531000387448,31.149308999728202],[-82.591558999976542,31.149488000380732],[-82.5915559996035,31.150008000002558],[-82.591606999657117,31.150698000315927],[-82.591671999954457,31.151037000150733],[-82.591760999642915,31.151372999756731],[-82.59212100039133,31.152335999730465],[-82.592379999959107,31.152976000092064],[-82.592656999968554,31.153671000359065],[-82.593446999988956,31.15570099985263],[-82.593549999921123,31.156120999647367],[-82.593585999906139,31.15632800037152],[-82.593519999783894,31.157179000050188],[-82.593421999874607,31.157581000376243],[-82.593287999980305,31.158225999705625],[-82.593202999591483,31.158551000302552],[-82.593113999903025,31.1588919999339],[-82.592959999917241,31.159729999933027],[-82.592934999802878,31.160185999783778],[-82.592963000290297,31.160413999654939],[-82.593031000062354,31.160613999616203],[-82.59314800023823,31.160874999711009],[-82.593801999816193,31.162598999616709],[-82.594269999621346,31.163830000086929],[-82.59454800035401,31.164562000078565],[-82.594668999829523,31.164830999632049],[-82.595083000106285,31.165884000246905],[-82.595411000169349,31.166819999764424],[-82.595529999995051,31.167220999908501],[-82.595587999721374,31.167541000327638],[-82.59562000040674,31.16794399974513],[-82.595597999767122,31.168918999649588],[-82.595598999592013,31.169458000144655],[-82.595561999782106,31.170240999736286],[-82.595545000063652,31.170586000264375],[-82.595432000085765,31.17102999963614],[-82.5951810000156,31.171742999910666],[-82.594974000326346,31.172333000162801],[-82.594961999732476,31.172375000155284],[-82.594858999800309,31.172736999903847],[-82.594838999708841,31.173088000296381],[-82.594995000242747,31.174699000171749],[-82.595089999778992,31.175211000328694],[-82.59528999979554,31.176055999939095],[-82.595979000431925,31.178212000124471],[-82.596012000043899,31.178614000353637],[-82.5960270001125,31.178923000338955],[-82.596010000394088,31.17944800003146],[-82.596006000196127,31.1818790001198],[-82.595946999746573,31.184436000160787],[-82.595910999761557,31.184650000096099],[-82.595631000277379,31.185073999968417],[-82.595494000010049,31.185277000367794],[-82.595274999726925,31.185625000149471],[-82.594226999963638,31.187237000168718],[-82.593688999838292,31.188032999976887],[-82.593605000172715,31.188229999868216],[-82.593537000400644,31.188379000028647],[-82.59349100036988,31.188509000054374],[-82.593391999737364,31.18884399991839],[-82.593323999965321,31.18915599968425],[-82.59328899980521,31.189535999743942],[-82.593195999918805,31.192995999822049],[-82.593165999781576,31.193676000097209],[-82.593180999850176,31.194049000006945],[-82.593236000101768,31.194321000289371],[-82.593314999744479,31.194509000287507],[-82.593765999831191,31.19525900017619],[-82.594135999727058,31.195710000199956],[-82.594462000140268,31.19598599994135],[-82.594974000326346,31.196338999623404],[-82.596070999595113,31.19675300002363],[-82.596431000343557,31.196797000119282],[-82.597202000097397,31.196844000076659],[-82.59944900013501,31.196872000252679],[-82.600525000385716,31.196890000306592],[-82.601368000109574,31.196904999708554],[-82.603270000365697,31.196880999895857],[-82.605107000324494,31.196914999820802],[-82.605237999845727,31.196919000172752],[-82.606205000316479,31.196952000380652],[-82.607556000028467,31.197249999897075],[-82.6084029999503,31.19749400021524],[-82.609162000008581,31.197750999781881],[-82.610341000191426,31.198088000123025]]},"properties":{"BASENAME":"472","NAME":"Co Rd 472","MTFCC":"S1200","RTTYP":"C","OID":"1105646772367"}},{"type":"Feature","geometry":{"type":"LineString","coordinates":[[-83.272223999969313,30.754163000190189],[-83.272208999900727,30.754017000047238],[-83.272304000335268,30.753732999980965],[-83.272521999895147,30.753223999935557],[-83.272694000322616,30.752882999627118],[-83.272892999615934,30.752488999693639],[-83.273141000211353,30.751950000016546],[-83.27327500010567,30.75169399985937],[-83.27349199984063,30.751280999814814],[-83.273576000404532,30.751119999801773],[-83.273706000100887,30.750871000349623],[-83.273789999766464,30.750711000178931],[-83.273918999637914,30.750464999716449],[-83.273997000354015,30.750277999942444],[-83.274050000057457,30.750151999951896],[-83.274162000210467,30.749920999927078],[-83.274393000189136,30.749445999675654],[-83.274756000412296,30.748710999935447],[-83.275533000013922,30.747321000139053]]},"properties":{"BASENAME":"Madison","NAME":"Madison Hwy","MTFCC":"S1200","RTTYP":"M","OID":"1105646774812"}},{"type":"Feature","geometry":{"type":"LineString","coordinates":[[-83.315726000072729,30.62964200010768],[-83.315045999657158,30.630213999749685],[-83.313699999968051,30.63135000027243],[-83.313012000054883,30.631938999636525],[-83.312865999566696,30.632063999990493],[-83.312490999647977,30.632629000101463],[-83.31240600015748,30.632804999972432],[-83.312274999737909,30.633073999802164],[-83.312030000413841,30.633889999638246],[-83.311917000435926,30.6343229997733],[-83.311873999879921,30.63459399961986]]},"properties":{"BASENAME":"Colin Kelly","NAME":"NE Colin Kelly Hwy","MTFCC":"S1200","RTTYP":"M","OID":"1105646220454"}},{"type":"Feature","geometry":{"type":"LineString","coordinates":[[-83.167128000008944,31.065454000340385],[-83.170627999849259,31.066937000340474],[-83.171309999914655,31.06727499974669],[-83.177604999963648,31.070044000255827],[-83.178030000111107,31.070246999935421],[-83.179870000442946,31.071076000306508],[-83.1816620001959,31.071893999901818],[-83.182735999898441,31.072354999972671],[-83.183037000197317,31.072484000341682],[-83.185977000170965,31.073795000069151],[-83.187718999695221,31.074535000291206],[-83.188518999761371,31.074875000063333],[-83.188666999899382,31.074938000152333],[-83.189237999636703,31.07514699992889],[-83.189912000204473,31.075343000277353],[-83.190005000090878,31.075364999655335],[-83.190483999766698,31.075475999761636],[-83.191057999877046,31.075551999933012],[-83.191483999849382,31.075615999787189],[-83.192246000280718,31.075644000383043],[-83.192617000001476,31.075647999698106],[-83.193459999725349,31.075603000084737],[-83.19400100022375,31.075543000310688],[-83.196084000229845,31.075222000145263],[-83.196371000285012,31.07518199988332],[-83.196992000251043,31.075092999644109],[-83.197629999935486,31.075009999873213],[-83.198323999696456,31.07491300001211],[-83.198570999568659,31.074876999737029],[-83.199112000067032,31.074796999675442],[-83.199626999727855,31.074710000291809],[-83.199693999674992,31.07485400002437],[-83.199921000354038,31.074935000258957],[-83.200134999715971,31.075082000308992],[-83.200299999572408,31.07522500002958],[-83.200581999604722,31.075546999629989],[-83.201144000019511,31.076154000176135],[-83.201650000357802,31.076724000146928],[-83.203100999628887,31.078379000185606],[-83.203705999701398,31.079069999899595],[-83.204545999950525,31.080028999810668],[-83.204617999920544,31.080110999649317],[-83.204900999777763,31.080469000105236],[-83.205207999924426,31.080979000171233],[-83.205257000328231,31.081058000259493],[-83.205339000343997,31.081190000056001],[-83.205412000138935,31.081307999823792],[-83.205612000155469,31.081918000186267],[-83.205653999988257,31.082048000034941],[-83.205751999897558,31.082325000095882],[-83.20580600032423,31.082604999770332],[-83.20583999976111,31.082782999947788],[-83.205844999783977,31.082835000204664],[-83.205864000050539,31.08302600017916],[-83.205884999966941,31.08325099969705],[-83.205886999616766,31.083267000292093],[-83.205912999556048,31.083816999684874],[-83.205803999776094,31.085175000013301],[-83.205767999791092,31.085557000174347],[-83.205726999783195,31.085995000056336],[-83.205631000422031,31.087014999692265],[-83.20556799977453,31.087767000350013],[-83.205504000200435,31.088871000322307],[-83.205546000033237,31.089615999674368],[-83.205602999934655,31.09020900030859],[-83.206321999809958,31.093482000248798],[-83.206741999934522,31.095414999622033],[-83.20722499980829,31.097516000083356],[-83.207497999619733,31.098770000098046],[-83.208346000264797,31.102275999790546],[-83.208506999923301,31.102917000183449],[-83.208604999832588,31.103385999907985],[-83.208795999628293,31.104411999974214],[-83.209881000099813,31.109283000006627],[-83.210779999900168,31.113310999697362],[-83.212111000419,31.118870000098795],[-83.212472999918916,31.120600999903129],[-83.21315199961127,31.123852999845912],[-83.213821999981079,31.126874000046783],[-83.214326999596153,31.129150999654946],[-83.214997999790896,31.132148999881043],[-83.215580000297152,31.134748999722653],[-83.216599999573035,31.139174999851051],[-83.217182999904225,31.141701999932771],[-83.21735799980641,31.142457999926258],[-83.217506999769327,31.143067000107973],[-83.217815999565815,31.143955000184153],[-83.218097999598115,31.14455600023107],[-83.218219999796844,31.144857000105901],[-83.21904499997737,31.146510999665182],[-83.219532000049085,31.147469999693055],[-83.21960900004197,31.147622000073515],[-83.220851999798938,31.150071000222827],[-83.220893999631741,31.150156000136345],[-83.224411000088793,31.15718100029698],[-83.226320000017594,31.160958999844773],[-83.229100999982606,31.16647100002287],[-83.230272999594433,31.168792999630604],[-83.233083999696689,31.174382999876311],[-83.233537000331538,31.175261999975053],[-83.233862000021546,31.175778999797892],[-83.234253999658705,31.176381000087297],[-83.234662999912615,31.176962999797812],[-83.235077000189392,31.177502999768819],[-83.2353869998108,31.177872999906725],[-83.235540999796569,31.178040999928257],[-83.2358589998139,31.178388000278051],[-83.236068999876181,31.178595999898086],[-83.236499000046493,31.179026000109957],[-83.238667000441396,31.181097999656537],[-83.240160000443595,31.18252499986777],[-83.24517199965436,31.187249000146007],[-83.245445000364157,31.187505999870872],[-83.245707000304989,31.187753999924627],[-83.246001000032862,31.188031000381585],[-83.246770999961782,31.188807000030643],[-83.248173999552307,31.190220000156316],[-83.248643999905596,31.190692999916411],[-83.24879799989138,31.190864000313653],[-83.249799999623903,31.191978000133613],[-83.249926999845513,31.1921190002003],[-83.250237000365217,31.192532999852506],[-83.250271999627017,31.192579999622435],[-83.25071900041408,31.193243000348083],[-83.250884000270517,31.193584000332244],[-83.251027000385662,31.194013000351713],[-83.251172000150589,31.194482999639703],[-83.251249999968408,31.194805000361423],[-83.251331999984174,31.195295999846728],[-83.251373999816963,31.195734000309614],[-83.251374999641882,31.195865999651559],[-83.251378999839844,31.196279999816117],[-83.251333999633999,31.197010000066133],[-83.251331999984174,31.197036000019569],[-83.251304000395095,31.197400999853244],[-83.251176000348579,31.198484999726073],[-83.251136000165602,31.198828999848573],[-83.251130000317801,31.198879000150885],[-83.251117999723931,31.198980000358365],[-83.251076999716062,31.199377999738179],[-83.25100399992111,31.200075999700594],[-83.250956000240535,31.200551000239834],[-83.250899000339146,31.201113999969269],[-83.250620999606468,31.203548000316875],[-83.25035899966565,31.205693000173465],[-83.2502630003045,31.206384000109825],[-83.250220999573386,31.206770999635634],[-83.250153999626249,31.207191999956077],[-83.250085999854178,31.207871000031993],[-83.25000800003636,31.208534999982557],[-83.249927999670419,31.209209000230455],[-83.249844999829762,31.209906000305537],[-83.249768999661768,31.21048200010528],[-83.24971299958527,31.211117000048404],[-83.249566999995395,31.21233099980849],[-83.249525000162606,31.212678999970308],[-83.249515000116872,31.212794999995751],[-83.24947300028407,31.213139000320663],[-83.249083000296736,31.216082999815221],[-83.248991000235236,31.217073000215624],[-83.248340999956895,31.221239000266255],[-83.248203999689551,31.222116000322647],[-83.248080999665902,31.222901000249976],[-83.247904999938797,31.224025999705425],[-83.247699000074491,31.225347000376033],[-83.247612999860749,31.225861000305752],[-83.247090999628924,31.228617999929298],[-83.246878000091911,31.229872999720389],[-83.246791999878198,31.230375999850693],[-83.246704999839551,31.231113999734276],[-83.2466379998924,31.231677000313876],[-83.246494999777283,31.232833000326107],[-83.246430000378254,31.233598000193524],[-83.246356999685005,31.234237999641508],[-83.246261000323855,31.234911000150255],[-83.246158000391688,31.235533000313257],[-83.246109999812802,31.23581800035857],[-83.246076000375922,31.235923999813725],[-83.246016999926383,31.236144000361396],[-83.245872000161427,31.236612999902391],[-83.245816999909849,31.236791999863314],[-83.245650000403572,31.237303999664277],[-83.245542000448552,31.237636000164301],[-83.245390000112579,31.238103999942535],[-83.245380999891751,31.238130000118254],[-83.244985999881536,31.239285000261074],[-83.244524999749089,31.240728999975584],[-83.243242999634077,31.24451899971848],[-83.242512999888106,31.246681999787221],[-83.242282999734343,31.247371999678222],[-83.242093999588448,31.24793999979423],[-83.241737999936305,31.249005999939815],[-83.240754999572033,31.251927999616825],[-83.240456999646199,31.25282899993941],[-83.240233000238533,31.253817000365071],[-83.240089000298482,31.25463100013069],[-83.239977999970407,31.256289999880092],[-83.239915000221217,31.258288000055941],[-83.239885999908907,31.259811000333748],[-83.239842000426293,31.261545999712627],[-83.239801000418396,31.263689999628713],[-83.239767999908111,31.264772999731925],[-83.239716000029588,31.266511999740594],[-83.239699000311148,31.267076999916156],[-83.239581000310366,31.271997999801762],[-83.239568999716496,31.272686000343676],[-83.239548999625001,31.273789000157624],[-83.239377999920791,31.280600000168768],[-83.239284000209466,31.284071999981688],[-83.239213999889245,31.284724000323568],[-83.239177000079337,31.284990999875998],[-83.238899000244984,31.286355000171447],[-83.238695999855395,31.287059000354606],[-83.238013999789999,31.288936999630085],[-83.237007000034609,31.291653000113492],[-83.236945000110325,31.291827999930373],[-83.2361120004322,31.294086999922449],[-83.235618999614374,31.295403999843941],[-83.235246000243791,31.296408000332249],[-83.234274999575092,31.299027999892228],[-83.233937000364605,31.299943000002052],[-83.233563000270777,31.300951999647733],[-83.233303999804718,31.301752000016975],[-83.233091000267677,31.302569000256625],[-83.232918000015331,31.303543000157017],[-83.232506000286676,31.307330999754861],[-83.232445000187312,31.307894000077304],[-83.232116000299342,31.310917000377543],[-83.231614999983918,31.315220000357396],[-83.231230999844357,31.318710000219468],[-83.231178000140915,31.318898999703045],[-83.231092999752107,31.319902000066847],[-83.229413000152135,31.335867000020436],[-83.229259000166365,31.336708999821887],[-83.229106000005487,31.338460000074807],[-83.228931000103302,31.340511000233231],[-83.228758999675847,31.342532000084358],[-83.228085999831293,31.350423000084604],[-83.226935999960759,31.363905999966065],[-83.226468000155606,31.369203999806206],[-83.226068999947429,31.373711000266937],[-83.225979000434066,31.374485000307629],[-83.225960999992409,31.37464299978803],[-83.225713000295286,31.375674999693285],[-83.225668000089442,31.375862000341062],[-83.225410000346585,31.376774000315343],[-83.224392999647122,31.380284999917194],[-83.224176999737054,31.380959000187964],[-83.224076000353037,31.381323000273294],[-83.224036000170059,31.381534000054163],[-83.224009000405886,31.381677000010519],[-83.223795000145657,31.382348000143104],[-83.223626999916149,31.38298499972538],[-83.223426999899615,31.383607999984044],[-83.223251000172525,31.384204000167657],[-83.223007999599957,31.385040000377735],[-83.222933000155209,31.385304999956048],[-83.222903999842885,31.385409000023238],[-83.223461000234792,31.385652999994306],[-83.223934000062812,31.385876000048356],[-83.22436900025599,31.386127000338867],[-83.22501500033637,31.386592999866373],[-83.225540000042926,31.386959000339154],[-83.226740000142172,31.387843999673755],[-83.228090000029255,31.388799000193025],[-83.22946099983271,31.389759000008276],[-83.230515000342095,31.39046499983063],[-83.230771000435126,31.390655999981455],[-83.231235999867224,31.390943000220382],[-83.232127999994901,31.391574000135257],[-83.233863999671357,31.392797999926376],[-83.235036000181509,31.393602999724592],[-83.235489999742953,31.393916000300226],[-83.236421000228688,31.394541999854702],[-83.236870999592171,31.394829999624676],[-83.237493000281418,31.395501000097415],[-83.237586000167838,31.395618999724729],[-83.237946999842848,31.396076999771346],[-83.238806000358565,31.398216999749884],[-83.238874999955527,31.398390000288412],[-83.24052500031658,31.402714999836434],[-83.240577000195117,31.402826000076153],[-83.240664000233764,31.403036000025367],[-83.240736000203768,31.403302999819051],[-83.24082499989224,31.403568999805856],[-83.240899000410394,31.4039340002325],[-83.240972000205318,31.404330000129718],[-83.24150299975966,31.407214000352283],[-83.242028000364527,31.409887000116413],[-83.24233600033611,31.411455000083034],[-83.243225000090732,31.41606299992641],[-83.243608000405388,31.41832499992038],[-83.243841999858788,31.4191659996198],[-83.244068999639509,31.419739999653569],[-83.24425799978539,31.420117000288688],[-83.244292999945486,31.420187000201132],[-83.244754000077947,31.420925999627265],[-83.246282000240257,31.423126999942117],[-83.246407999738622,31.423056000317843],[-83.247140000032729,31.423031000189031],[-83.247252000185725,31.423097999875338],[-83.247338000399452,31.423376999907941],[-83.2468279998632,31.423640999743149],[-83.246688000121125,31.423711999691118],[-83.247357999592623,31.424678000227566],[-83.247637000150192,31.425097000371991],[-83.247812000052392,31.425360999964447],[-83.247981000106776,31.425682000096476],[-83.248128000419868,31.42604499966696],[-83.248211000260568,31.426506000166398],[-83.248229999628819,31.426818999848855],[-83.248205000412767,31.427088000075816],[-83.248114000176173,31.427427000171733],[-83.247908000311838,31.427906999981779],[-83.247868999953781,31.427996999720516],[-83.247528000370252,31.428491000257019],[-83.247524999997211,31.428510000107735],[-83.246770999961782,31.429185999674225],[-83.245830000328638,31.430032000050435],[-83.242865000240613,31.432699999774542],[-83.242661999851009,31.432956000348984],[-83.242455000161783,31.433200000114091],[-83.242245999924421,31.433492000317528],[-83.24213299994652,31.433698999826774],[-83.242023000341646,31.433911999655599],[-83.241891999922089,31.434289000033768],[-83.241871999830593,31.434394999978871],[-83.241649000247833,31.435461999886797],[-83.241585999600332,31.435749000287601],[-83.24150000028493,31.436140999845183],[-83.241342000101199,31.43707399985653],[-83.241190999590131,31.43762599968742],[-83.24060499978421,31.440651999724995],[-83.240090999948308,31.443225000294944],[-83.239757000037457,31.444875000064187],[-83.239281999661301,31.447221999950902],[-83.239048000207887,31.448417000359189],[-83.238919000336466,31.449222000353174],[-83.238802999985523,31.449872000027472],[-83.238801000335698,31.4499010002415],[-83.238640999603817,31.452293999652444],[-83.238621000410646,31.452598000064242],[-83.238602999968961,31.452935999802509],[-83.238571000181906,31.453564000254126],[-83.238370000340467,31.457560000192206],[-83.238093000331034,31.463052999948207],[-83.238024999660666,31.464405000034443],[-83.237918000428863,31.466510000269501],[-83.237843999910694,31.467984000340071],[-83.237746999826314,31.470141999827106],[-83.237596000213571,31.473384999796345],[-83.237547999634685,31.474603000172447]]},"properties":{"BASENAME":"129","NAME":"US Hwy 129","MTFCC":"S1200","RTTYP":"U","OID":"1106087286192"}},{"type":"Feature","geometry":{"type":"LineString","coordinates":[[-82.937701999961675,30.398257999993675],[-82.937618000296084,30.398329999622611],[-82.937536000280318,30.39840300026831],[-82.937296000080792,30.398613000017203],[-82.937156000338717,30.398738999649776],[-82.935782999987111,30.39999199980512],[-82.935557000031309,30.40022299961964],[-82.935357999839667,30.400425999733439],[-82.935054999890966,30.40074900025451],[-82.934859999897299,30.40105000001348],[-82.934578999689904,30.401488000167713],[-82.93432799961974,30.401981999671836],[-82.934291999634723,30.402056000169679],[-82.934195000448653,30.402314999920943],[-82.934057000356404,30.402681999833987],[-82.933883000279124,30.403409000014246],[-82.933818999806718,30.404394999862845],[-82.933899999997564,30.406856000025307],[-82.933908000393487,30.407082999822165],[-82.933881999555894,30.408004000163416],[-82.933824999654504,30.408839999878563],[-82.933771000126129,30.409659999631788],[-82.933678000239723,30.41135200010336],[-82.933675999691587,30.411405000174192],[-82.933644999729424,30.412191000272969],[-82.933629999660837,30.412563000224342],[-82.933629999660837,30.412672000243475],[-82.933629999660837,30.413997999613599],[-82.933629999660837,30.414117000146138],[-82.933632000208959,30.414298000228772],[-82.933638999881651,30.415267999703019],[-82.933643000079613,30.415673999695759],[-82.933645999554344,30.415998000241334],[-82.933650999577225,30.41665399974519],[-82.933655999600091,30.417182000375348],[-82.933667000369056,30.418621999687591],[-82.933672000391937,30.419107000057359],[-82.933674000041762,30.419278000144853],[-82.933679999889549,30.419928999693067],[-82.93370099980595,30.421884000274989],[-82.933708000376953,30.422536000301381],[-82.933735999966032,30.424498999995375],[-82.933725000095379,30.425664999724589],[-82.933701999630841,30.428423000206305],[-82.933690999760202,30.430392999726909],[-82.933699999981016,30.430846000103852],[-82.933727999570124,30.434061000386542],[-82.933745000186875,30.435051999981582],[-82.933768999577993,30.436370000355115],[-82.933790000392705,30.43717000007306],[-82.933818999806718,30.438262999928568],[-82.933818999806718,30.43831199977901],[-82.933841000446336,30.439751000228817],[-82.933847000294108,30.440084000173609],[-82.933828000027532,30.440803999975866],[-82.933811000309092,30.441466999719083],[-82.933519000231058,30.444200999752599],[-82.93341799994873,30.445137999950255],[-82.933397000032329,30.445333000284133],[-82.933381000138795,30.445487000180787],[-82.933361000047313,30.445681999816522],[-82.933340999955817,30.445864999810897],[-82.933282000404603,30.446414999859073],[-82.933263000138027,30.446598999827309],[-82.933216000282357,30.446998000177299],[-82.933077000365174,30.448194000161621],[-82.933031000334424,30.448593999958604],[-82.933003999671939,30.448839999885838],[-82.933001000197194,30.448866000307785],[-82.932981999930618,30.449040000212825],[-82.932833999792621,30.450379000108775],[-82.93283100031789,30.450406999644244],[-82.932786000112046,30.450825999696676],[-82.932776000066312,30.450919000351192],[-82.932709999944052,30.451529000295796],[-82.932692000400706,30.451706000113472],[-82.932597999791071,30.452518000197088],[-82.932498000231945,30.453377000268269],[-82.93246600044489,30.453659999772075],[-82.932429999561592,30.453970000337595],[-82.932386000078964,30.454343999932142],[-82.932316999583676,30.45495499983619],[-82.932277000299024,30.455305999959712],[-82.932258999857353,30.455479999982447],[-82.93223200009318,30.455769000139053],[-82.932226000245393,30.455816000295165],[-82.932210000351859,30.45595699985309],[-82.932205000328992,30.456004999623122],[-82.932078000107381,30.457114000211877],[-82.931698000165795,30.460444000329964],[-82.931600000256495,30.46131299981656],[-82.931572999593996,30.461554000371109],[-82.931440000422924,30.462751000215516],[-82.931043999689493,30.466341999765682],[-82.931031999993934,30.466451000075836],[-82.930940999757325,30.467282000319688],[-82.93091099962011,30.467539999978925],[-82.930884999680828,30.467754000234049],[-82.930815000258946,30.468349000219877],[-82.930809000411173,30.468399000007562],[-82.930786999771541,30.468614999848423],[-82.930738000266061,30.469076000351155],[-82.930684999664294,30.469569999819768],[-82.930631000135932,30.470084000374683],[-82.930366999646978,30.472435000063225],[-82.930313999943522,30.472906999778424],[-82.93026100024008,30.473391000036866],[-82.930221999882022,30.473721000276601],[-82.930216000034235,30.473768000287752],[-82.93010499970616,30.474711999991634],[-82.930067000071318,30.475042999908773],[-82.930052000002703,30.475677000231371],[-82.930045000330011,30.476038999921922],[-82.930022999690394,30.477401999619179],[-82.930021000040568,30.477579999911832],[-82.930016000017687,30.477952999961154],[-82.930016000017687,30.478215000222704],[-82.930016000017687,30.478343999977231],[-82.930016000017687,30.478730999763449],[-82.930016000017687,30.478860999852586],[-82.930017999667513,30.479291000161197],[-82.93002500023853,30.480385000063631],[-82.93002500023853,30.480581999981677],[-82.93002500023853,30.481012999877979],[-82.930026000063435,30.482743000185444],[-82.930026999888341,30.483223000294451],[-82.930051000177812,30.486207999972613],[-82.930052000002703,30.486227000079339],[-82.930134000018469,30.487356999673644],[-82.930196999767659,30.487929000252436],[-82.930390000111515,30.489650000287206],[-82.930455000408841,30.489902000269588],[-82.930486000370976,30.490056000152531],[-82.93060500019665,30.490640999627825],[-82.930748000311794,30.491281999806205],[-82.930838999650078,30.491691000165929],[-82.930938000282595,30.492112000103269],[-82.931199000398493,30.493210000258969],[-82.931257999949736,30.493371000216527],[-82.931390000194213,30.493729999624112],[-82.931415000308562,30.493774999855336],[-82.9314939999513,30.493919999770686],[-82.931617999799855,30.494144000192051],[-82.931734000150797,30.494354999768259],[-82.931813999618427,30.494500000367346],[-82.931848999778524,30.494563000186623],[-82.93207499973434,30.494907000200261],[-82.93218500023751,30.495074000137336],[-82.932544000262709,30.495555999947186],[-82.932935999899868,30.495963000006643],[-82.932998999649058,30.496026999720353],[-82.933339000305992,30.496373000104189],[-82.933515999858002,30.496552999884376],[-82.93404700031067,30.497093000322717],[-82.934224999687572,30.497274000373711],[-82.934408999810586,30.497450999875507],[-82.934837000331086,30.49786199994292],[-82.936357999922379,30.499322000006362],[-82.936675000114775,30.499628999864033],[-82.936982000261452,30.499926000024551],[-82.937285000210153,30.500222000027527],[-82.938122999911144,30.500897000383635],[-82.938215999797578,30.500968000066266],[-82.938296000163518,30.50103000032453],[-82.938969999832977,30.501546999653304],[-82.941108999915556,30.503075999832738],[-82.941606000033019,30.503430999836255],[-82.942078999861039,30.503772000258952],[-82.94215900022698,30.503828000352566],[-82.942379000335009,30.503984999821029],[-82.942454999604664,30.504038999821216],[-82.942842999942201,30.504315000041803],[-82.943129999997367,30.504520000119303],[-82.94351699961166,30.504808000253327],[-82.944005000406605,30.505151999639605],[-82.944169000438137,30.505267999644364],[-82.944383999624975,30.505443000136871],[-82.944529000288242,30.505560999733941],[-82.944641000441237,30.505670000244663],[-82.944957999735323,30.505977000188498],[-82.945317999585455,30.506445999887845],[-82.945527999647723,30.506719000369415],[-82.945657000417455,30.506960999925781],[-82.945821000449001,30.507266999711579],[-82.945993999803051,30.507713999762188],[-82.946048000229723,30.507854000065379],[-82.946081999666603,30.507974999667496],[-82.946085999864565,30.507989999614047],[-82.946097999560124,30.508035000213873],[-82.94610299958299,30.508050000151226],[-82.946126999872433,30.508135999953595],[-82.946141999941048,30.508188000085145],[-82.946197000192626,30.50839399967829],[-82.946220999583758,30.508480999890139],[-82.946249000071177,30.508816999950589],[-82.946260999766736,30.508960000017996],[-82.946281999683123,30.509830999686248],[-82.946290999903965,30.510169000343936],[-82.946297999576672,30.510535999791614],[-82.946302999599524,30.510734999638323],[-82.946285000056179,30.511640000379636],[-82.946278000383487,30.51200800036958],[-82.946268000337739,30.512212999707295],[-82.946239999850334,30.512830000334333],[-82.946232000352722,30.513036000153409],[-82.946203000040427,30.513351999838942],[-82.946116000001794,30.514302000231581],[-82.946088000412686,30.514619000322043],[-82.946059000100391,30.514875999995486],[-82.945973999711569,30.515648000222487],[-82.945951999970262,30.515906999997767],[-82.945931000053861,30.516142999963016],[-82.945869000129562,30.516852999997706],[-82.945849000038095,30.517089999839044],[-82.945830999596424,30.517271999667784],[-82.945778999717888,30.517820999735932],[-82.945761999999462,30.518004000359344],[-82.945945000297556,30.5180250001297],[-82.946494000293555,30.518088000187571],[-82.946676999693338,30.518108999939837],[-82.946824999831364,30.51812300003013],[-82.947271999720101,30.518166000128911],[-82.947420999683004,30.518181000050919],[-82.947436999576539,30.518182999730811],[-82.94748699980525,30.518190000157823],[-82.947504000422001,30.518192999677378],[-82.947527999813147,30.518196999810431],[-82.947599999783151,30.518209000208735],[-82.947624999897513,30.518214000180777],[-82.948470999994427,30.518310000213358],[-82.948967000286984,30.518354999905824],[-82.949138999816128,30.518372000248537],[-82.949657999674884,30.518425000159869],[-82.949830999927258,30.518443000327583],[-82.950015000050271,30.51846099971808],[-82.950568000244232,30.518516999864278],[-82.950753000192151,30.518535999851274],[-82.950933999942109,30.518555999670635],[-82.951477000090321,30.518618000322764],[-82.951657999840293,30.51863899996048],[-82.951686000327697,30.51864300007524],[-82.951770999818194,30.518654999644614],[-82.951800000130518,30.518660000367586],[-82.952477999997939,30.518829000198668],[-82.953187999652428,30.519175999768756],[-82.953252999949768,30.519207999731378],[-82.95336500010275,30.519265999878598],[-82.953806000143715,30.519658000073157],[-82.953854999649209,30.519683000332002],[-82.953915999748574,30.519712999705462],[-82.954011000183129,30.519784000352669],[-82.954223999720142,30.519944999655237],[-82.954285999644412,30.51998600007915],[-82.954420000437054,30.52007299997755],[-82.954464999744559,30.520103000004514],[-82.954494000056883,30.520121999681482],[-82.954559000354209,30.52016499966977],[-82.954729000233513,30.520312000116022],[-82.954786000134931,30.520362000290834],[-82.954899000112832,30.520459000339905],[-82.955238000046549,30.520750999719795],[-82.95535100002445,30.520848999966979],[-82.955393999682158,30.520880000340487],[-82.955525999926621,30.520975000250168],[-82.955570000307574,30.521006999620493],[-82.95601600037142,30.521366999742522],[-82.957353999664605,30.522450000007915],[-82.957799999728437,30.522810999993823],[-82.958234000096709,30.523117000190062],[-82.958383999884532,30.523205000169266],[-82.958564999634504,30.523311000108759],[-82.958957999994894,30.523500999725517],[-82.959841999726635,30.523898000315999],[-82.959983000191954,30.523960999662197],[-82.960214999995543,30.524054999875908],[-82.961927000280866,30.524822000304372],[-82.962205000115205,30.524944000224028],[-82.962304999674316,30.524988000170147],[-82.962388000413313,30.525029999783619],[-82.963335999719177,30.525517999820231],[-82.963436000176586,30.525579000136073],[-82.963536999560617,30.525639999639868],[-82.963724000056686,30.525752000138691],[-82.963847999905241,30.525826000300643],[-82.964159000249879,30.52601199983155],[-82.964364000289279,30.52614999980263],[-82.96497900040751,30.526564999841128],[-82.965184000446925,30.526704000326646],[-82.965222999906672,30.526732000350307],[-82.965340999907454,30.526818999626119],[-82.965381000090417,30.526848999891968],[-82.965670999620329,30.527062999714271],[-82.966850999628093,30.528059000315096],[-82.967577999899319,30.528802000365783],[-82.967746999953732,30.528975000046362],[-82.968398999881899,30.529728000363171],[-82.969194999750087,30.53080300029465],[-82.969696000065511,30.531593000183236],[-82.969987000318653,30.532098999714208],[-82.972112000157537,30.536333999656581],[-82.97299900026232,30.538102999812107],[-82.973112000240235,30.538330000243562],[-82.973436000105337,30.53896500009137],[-82.973467999892392,30.539027999725601],[-82.973863999727499,30.539826999683036],[-82.975149000215566,30.542414999699758],[-82.975295999630362,30.542709999938651],[-82.975581000035703,30.543276000033],[-82.975699000036499,30.543508999774808],[-82.975724999975739,30.543561999900355],[-82.976151999773009,30.544423000120723],[-82.976181000085333,30.5444800003457],[-82.976294000063234,30.54471100038548],[-82.976574000445723,30.545281999773447],[-82.976940000143614,30.54602700025616],[-82.977449999781541,30.546978000248647],[-82.977751000080431,30.547539000210154],[-82.97781100035489,30.547664000380514],[-82.978204999641875,30.548478999866607],[-82.978423000100079,30.548927999714213],[-82.978608999872918,30.549312000110845],[-82.979973000003667,30.552049999920253],[-82.980487999664504,30.553072000003567],[-82.981183999973581,30.554450999936108],[-82.982086000146992,30.556252999926301],[-82.984491000368365,30.561056999824384],[-82.984785999921144,30.561664000315407],[-82.985026999945575,30.562157999789463],[-82.985637999865844,30.563218999839343],[-82.985776999783013,30.563418000064907],[-82.985791000026722,30.563435999629839],[-82.986047999944688,30.563832000042662],[-82.986210000326395,30.564080999884773],[-82.986926999653562,30.565033000250843],[-82.987226000302627,30.565429999686792],[-82.987350999976087,30.565595999754521],[-82.987566000061221,30.565877999889359],[-82.98849400017393,30.567092000177432],[-82.988592999908136,30.567221999686208],[-82.988934000389975,30.567671000225523],[-82.988961999979068,30.567708000197971],[-82.989045999644645,30.567819000030592],[-82.989074000132064,30.567855999946595],[-82.989552999807856,30.568484000130852],[-82.990989999733557,30.570368000266619],[-82.991469000307688,30.570996999726553],[-82.99171299980685,30.571317999905375],[-82.992446999750769,30.572282000311642],[-82.992691999973147,30.572604000158019],[-82.993434000313002,30.573556999681831],[-82.993591999598422,30.573786000041832],[-82.994230000181204,30.574631000001105],[-82.994374000121255,30.57481999971672],[-82.996770000121785,30.577949999826448],[-82.998057000259649,30.579646000130563],[-82.998706999639666,30.58047399977508],[-82.99884999975481,30.580686999753482],[-82.999298000366792,30.581241999939078],[-82.999828000096215,30.581943999987388],[-83.000424999772775,30.582773000062609],[-83.001685999971386,30.584416000085518],[-83.002332999876685,30.585263999979436],[-83.002979999781985,30.586112000188479],[-83.004733999900097,30.588409999894296],[-83.005015999932397,30.588783999826042],[-83.005046999894546,30.58882499979282],[-83.005142000329087,30.588951000015985],[-83.005174000116142,30.588992999796183],[-83.006052000000125,30.590144000277398],[-83.00649200021617,30.590721999697578],[-83.007811000141103,30.592450999685497],[-83.008685999652016,30.593599999636186],[-83.009565000259215,30.594752000129606],[-83.00977100012355,30.595054999883523],[-83.009797999887724,30.595088000174659],[-83.010566000166833,30.596047000258348],[-83.010823000084798,30.596366999659583],[-83.011090000048469,30.596755000164421],[-83.011162999843421,30.596850999858269],[-83.012244000116965,30.598259999693248],[-83.012604999791989,30.598729999652196],[-83.012808000181593,30.598988999708066],[-83.012916999961533,30.599131000200135],[-83.013845000074213,30.600344000380932],[-83.014154999695606,30.60074900025867],[-83.014281000092296,30.600918999989286],[-83.014661000033882,30.601428999710727],[-83.014788000255521,30.601598999794465],[-83.015005999815401,30.601883999629425],[-83.015311000312238,30.602283999747023],[-83.015661000116609,30.602743000031193],[-83.015767000421803,30.602881999664604],[-83.015877999851583,30.603029999844967],[-83.016027999639405,30.603227999816262],[-83.016451000137025,30.60378800025406],[-83.016476000251373,30.603825000360843],[-83.016555999719017,30.603941999748869],[-83.016622999666168,30.604026999942583],[-83.016698999834148,30.604123999890604],[-83.016929999812831,30.604414999924934],[-83.017006999805716,30.604512999981527],[-83.018565999930161,30.606560000091729],[-83.020704000187834,30.609366999646344],[-83.021153999551316,30.610004000078629],[-83.021467000444062,30.610525000048096],[-83.021777999890375,30.611056999620658],[-83.022201000388009,30.611875000376692],[-83.022449000085118,30.612457999797364],[-83.022634000033051,30.612937999910848],[-83.022675000040934,30.613050999797725],[-83.022827000376893,30.613461999998286],[-83.022994999708061,30.614026000069408],[-83.023116000081885,30.614477000310671],[-83.023345000410743,30.615533999904613],[-83.023398999939118,30.615928999734944],[-83.023463000411525,30.616384999942465],[-83.0235110000921,30.617120000262513],[-83.023537999856288,30.617518999711908],[-83.023537999856288,30.617529999836197],[-83.023541000229343,30.617565000153043],[-83.023542000054235,30.617576999861164]]},"properties":{"BASENAME":"129","NAME":"US Hwy 129","MTFCC":"S1200","RTTYP":"U","OID":"1106087286193"}},{"type":"Feature","geometry":{"type":"LineString","coordinates":[[-82.738443000105192,30.325782999973679],[-82.738521999747903,30.325825000139755],[-82.738602000113843,30.325867000287765],[-82.738660999665086,30.325897000382501],[-82.739069000094077,30.326111999758485],[-82.7393169997912,30.326240999777927],[-82.739536999899215,30.326355999910426],[-82.739685000037241,30.326433000267549],[-82.73978799996938,30.326485999863955],[-82.740128999552937,30.326670999649387],[-82.740276999690934,30.326750999741801],[-82.740685000119939,30.326972000297161],[-82.741633000324114,30.327488000252394],[-82.741906000135572,30.327641999901605],[-82.742164999703363,30.327788999940086],[-82.742238000396597,30.327829999779578],[-82.74231200001644,30.32787000013597],[-82.742585999652832,30.328019999776284],[-82.743410999833358,30.328470999880086],[-82.743687000017871,30.328622000384303],[-82.744097000096716,30.328835000294031],[-82.745328999982988,30.329476000019806],[-82.745739999886737,30.329689999845659],[-82.745763000351275,30.32969900029914],[-82.745833999598077,30.329726000103758],[-82.745857999887505,30.329734999778548],[-82.745910999590961,30.329764000017217],[-82.746069999599612,30.329852000127499],[-82.746124000026299,30.329881999777005],[-82.746201000019198,30.32989199965813],[-82.746395000187931,30.329917999964508],[-82.746435000370909,30.329923000291057],[-82.746513000188713,30.329933999612866],[-82.746636000212362,30.329933000167919],[-82.74700799975804,30.329930999727456],[-82.747131999606609,30.329930999727456],[-82.747416000187044,30.329924999956368],[-82.74826999978157,30.329905999644993],[-82.748555000186926,30.32990100009296],[-82.749712999555072,30.329882999997778],[-82.750613999903564,30.329874000336599],[-82.750711999812864,30.329873000115725],[-82.751008000088873,30.329869000007545],[-82.751899000391617,30.329860000345079],[-82.752197000317466,30.329856999682036],[-82.752235999777199,30.329855000015325],[-82.752352999953075,30.329852000127499],[-82.752393000136038,30.329852000127499],[-82.752628000312683,30.329849000239594],[-82.753337000142253,30.329839999799969],[-82.753573000143803,30.329838000132913],[-82.753614000151686,30.32983699991167],[-82.753737000175335,30.32983699991167],[-82.753779000008123,30.32983699991167],[-82.754081000131919,30.329834000023308],[-82.754989999978037,30.329825999803603],[-82.755293999751643,30.329824000136256],[-82.75559900024848,30.329820000026078],[-82.756517000315412,30.329808999916089],[-82.756822999738844,30.329806000026849],[-82.757259999581862,30.329804000359108],[-82.758263999862521,30.329800000248166],[-82.758571000009184,30.32979000035764],[-82.759007999852187,30.329776000354137],[-82.759180000279656,30.329776999800607],[-82.759540999954666,30.329779999690725],[-82.759682000419986,30.329783999802544],[-82.759699000138397,30.329786999692445],[-82.759869999842635,30.329817000137179],[-82.760159000445952,30.329919999629922],[-82.760217999997181,30.329941000378884],[-82.760568999626457,30.330173000009282],[-82.760818999871717,30.330388000078397],[-82.760901999712402,30.330458999853342],[-82.760977000055462,30.330523999842367],[-82.761135000239221,30.330660000192854],[-82.761172999874049,30.330737999704287],[-82.761182000094891,30.330755000205837],[-82.761207000209239,30.330800999860738],[-82.761213999881917,30.330929999906996],[-82.76120600038432,30.330992999939941],[-82.761197000163477,30.331080999721227],[-82.761178999721821,30.331240000182767],[-82.761173999698954,30.33125900023531],[-82.76104800020056,30.33178499977663],[-82.761007000192691,30.331961000162718],[-82.761008000017611,30.332236000374944],[-82.761012000215572,30.333061000254737],[-82.761013999865398,30.333336999889326],[-82.761006000367772,30.333699999867722],[-82.760999999621674,30.33399299996665],[-82.760983999728168,30.334791999993666],[-82.760977999880382,30.335156000172173],[-82.760967999834634,30.335406999875453],[-82.760967999834634,30.335418000131938],[-82.760980000428518,30.336162000089779],[-82.76098499955306,30.336413999694148],[-82.760986000276304,30.336811999723263],[-82.760986000276304,30.336977000297306],[-82.760986000276304,30.337209000314484],[-82.760986000276304,30.337505999788132],[-82.760987000101224,30.337801999771489],[-82.760987000101224,30.337974999782212],[-82.760987999926115,30.338154999666056],[-82.760993999773902,30.338665999738126],[-82.760998999796769,30.338976999684029],[-82.761001000344919,30.339228999795566],[-82.76100200016981,30.339389999678001],[-82.761007000192691,30.339868000244007],[-82.76103599960669,30.340033999660967],[-82.761058000246322,30.340166000294829],[-82.761089000208457,30.340342999684836],[-82.76117700007201,30.34054899967575],[-82.76122399992768,30.340655999951586],[-82.761230999600372,30.340673000281704],[-82.761263000285723,30.340710999823244],[-82.761358999646873,30.340827000127817],[-82.761392000157159,30.340865999718147],[-82.761485999868498,30.340978000184759],[-82.761583999777784,30.341094000172941],[-82.761793999840066,30.34129099997164],[-82.761900999970194,30.341392000367982],[-82.764835000096056,30.34366199975241],[-82.764999999952508,30.34379400014549],[-82.7656689995991,30.344266999768987],[-82.765954999829376,30.344510999646445],[-82.767046000148667,30.345355999677736],[-82.76737099983869,30.345607000362421],[-82.767734000061836,30.345884999628225],[-82.768053999728977,30.346130000178171],[-82.768893000153199,30.346777000150261],[-82.768984000389807,30.346846999621228],[-82.770135999910167,30.347729000293945],[-82.772377999924885,30.349446000077368],[-82.773540000389303,30.350335999901517],[-82.774169999677852,30.350823999793821],[-82.776061000063322,30.352290000355769],[-82.776692000075073,30.352778999791958],[-82.776860000304566,30.352906000363408],[-82.777364000094735,30.353287000313298],[-82.777532000324214,30.35341500020564],[-82.778841000203414,30.354439000292523],[-82.779446000275911,30.354897000149453],[-82.77999199989884,30.35530899966815],[-82.780354000297109,30.355583000220001],[-82.780420000419326,30.355632999666426],[-82.780900999744958,30.35600400031085],[-82.782960000359921,30.357595000030507],[-82.783620999610605,30.358101999642145],[-82.784530000355019,30.358800000371968],[-82.7883309995959,30.361717000182338],[-82.788887999987807,30.362141999792502],[-82.793360000321741,30.365579000051365],[-82.794055999732507,30.366100000368313],[-82.795839999987862,30.367490999771722],[-82.799697000203537,30.370449999628285],[-82.799948000273716,30.370643000008808],[-82.809650000276619,30.378089999856897],[-82.810985999919993,30.379118999800244],[-82.81499600029656,30.38220599972637],[-82.816332999764839,30.383234999731904],[-82.817963999859302,30.384482000075103],[-82.82005299971317,30.386079000058825],[-82.821698999876261,30.387342999723451],[-82.822235000351782,30.387777000061263],[-82.822300999575702,30.387831999786084],[-82.822825000355664,30.388264000253717],[-82.822871000386414,30.388301999905647],[-82.823668000079522,30.388991000045262],[-82.824473000168567,30.389751999728066],[-82.824684000055754,30.389958999884044],[-82.825042000256047,30.390311999868302],[-82.825674999917652,30.390937000046559],[-82.826006000353743,30.391262999733126],[-82.827690999976568,30.392908999868027],[-82.832748000291517,30.397846999675203],[-82.834433999739247,30.399492999662325],[-82.834581000052339,30.399640000217772],[-82.835022000093318,30.400083999840355],[-82.835170000231301,30.400231999782495],[-82.835709000181566,30.400758999864944],[-82.836442000300579,30.401474000352373],[-82.83732699985724,30.402343000083235],[-82.837865999807491,30.402872000118979],[-82.837924000432125,30.402929000364832],[-82.840788000237794,30.40572599964776],[-82.841784000122558,30.406702999775728],[-82.848892999583114,30.413671999898408],[-82.852959999861099,30.417652000238014],[-82.853529999773485,30.41820899969419],[-82.853662000017962,30.418337999874225],[-82.857048000055471,30.421646000189764],[-82.857448000088539,30.422042000232217],[-82.857506999639781,30.422100000181775],[-82.857684999915008,30.422276999974883],[-82.857745000189453,30.422335999834552],[-82.858331999820294,30.422912999772191],[-82.860094000334342,30.424645000052376],[-82.860425999697028,30.424971000293045],[-82.86068199979006,30.425222000277817],[-82.862036999700024,30.426551000329294],[-82.863979000139111,30.428456999773413],[-82.866105999627806,30.430537000326186],[-82.867375000222339,30.431778000299872],[-82.867464999735702,30.431865000049005],[-82.868314000205686,30.432690999632818],[-82.868541999811313,30.432913000046174],[-82.86892400030105,30.433285000003664],[-82.870854999971172,30.435176999905387],[-82.871701999893006,30.436006999734907],[-82.871819999893788,30.436123000033067],[-82.872060999918205,30.43635999974591],[-82.873141000366843,30.43742099964755],[-82.873411999630193,30.437687000062063],[-82.873502000041867,30.43777499985308],[-82.874372000428252,30.438629000318706],[-82.876982999615606,30.441193999778584],[-82.877790000252773,30.441985999855468],[-82.877853999826883,30.442049000350991],[-82.878791000160405,30.442967000297944],[-82.881603000087537,30.445722999781673],[-82.882419000047236,30.446521999626135],[-82.882541000245965,30.446641999782454],[-82.883270000167016,30.447357999993958],[-82.884204999952402,30.448269000248604],[-82.884569999825388,30.448625000122131],[-82.889183999551207,30.453166000155377],[-82.890255999603951,30.454221000023065],[-82.890665999682753,30.454623999794666],[-82.890843999957994,30.454798999977744],[-82.8916969997276,30.455636000299364],[-82.893471999762127,30.457378000165697],[-82.894255999934757,30.458147999623467],[-82.895010999795076,30.458889000102666],[-82.895110000427593,30.458984999827646],[-82.895404999980386,30.459272999983703],[-82.896292999910088,30.46013699998969],[-82.896461000139581,30.460299999766182],[-82.896589000186097,30.460426000271156],[-82.897975000058196,30.461787000070551],[-82.90213299967445,30.465871999958079],[-82.903520000269751,30.467233999911535],[-82.904126999992059,30.467827999619516],[-82.905948000057336,30.469612999703557],[-82.906555999604564,30.47020799994571],[-82.907222999601345,30.470862000340787],[-82.908445000340194,30.472059000385048],[-82.909225000314891,30.472825000254559],[-82.909725999732004,30.473317000233109],[-82.909892000311672,30.473479999632133],[-82.910097000351072,30.473682999822636],[-82.910362999591527,30.473944999961617],[-82.910713000294209,30.474295000276605],[-82.910919999983463,30.474497000027363],[-82.911246000396687,30.474815000058388],[-82.912089999945479,30.47563899976663],[-82.912224999664687,30.475772999668781],[-82.91255000025302,30.476094000221252],[-82.912654999834999,30.476194999831282],[-82.912970000377584,30.476498000355388],[-82.913074999959576,30.476599000320537],[-82.913165000371251,30.476688000080337],[-82.913434999809681,30.476954999645784],[-82.913525000221355,30.47704500011719],[-82.91360300003916,30.477122999684259],[-82.91383999986563,30.477357000333036],[-82.913919000406665,30.477434999650136],[-82.914345000379001,30.477857000350724],[-82.914555000441283,30.478056999948425],[-82.915240999806315,30.478711000270287],[-82.91617300011697,30.479502000201279],[-82.916573999974972,30.479801000333502],[-82.917287999827423,30.480334000008074],[-82.917579999905456,30.480516999946676],[-82.918456000139599,30.481067999689728],[-82.918749000042553,30.481252000016411],[-82.921222000035996,30.482793000323387],[-82.92864100001627,30.487419000091013],[-82.929086000255182,30.487696999778773],[-82.929554000060321,30.488095999780583],[-82.929771999620229,30.488377999668213],[-82.930014000367876,30.488757000222989],[-82.930231999927756,30.489307999765042],[-82.930390000111515,30.489650000287206],[-82.930455000408841,30.489902000269588],[-82.930486000370976,30.490056000152531],[-82.93060500019665,30.490640999627825],[-82.930748000311794,30.491281999806205],[-82.930838999650078,30.491691000165929],[-82.930938000282595,30.492112000103269],[-82.931199000398493,30.493210000258969],[-82.931257999949736,30.493371000216527],[-82.931390000194213,30.493729999624112],[-82.931415000308562,30.493774999855336],[-82.9314939999513,30.493919999770686],[-82.931617999799855,30.494144000192051],[-82.931734000150797,30.494354999768259],[-82.931813999618427,30.494500000367346],[-82.931848999778524,30.494563000186623],[-82.93207499973434,30.494907000200261],[-82.93218500023751,30.495074000137336],[-82.932544000262709,30.495555999947186],[-82.932935999899868,30.495963000006643],[-82.932998999649058,30.496026999720353],[-82.933339000305992,30.496373000104189],[-82.933515999858002,30.496552999884376],[-82.93404700031067,30.497093000322717],[-82.934224999687572,30.497274000373711],[-82.934408999810586,30.497450999875507],[-82.934837000331086,30.49786199994292],[-82.936357999922379,30.499322000006362],[-82.936675000114775,30.499628999864033],[-82.936982000261452,30.499926000024551],[-82.937285000210153,30.500222000027527],[-82.938122999911144,30.500897000383635],[-82.938215999797578,30.500968000066266],[-82.938296000163518,30.50103000032453],[-82.938969999832977,30.501546999653304],[-82.941108999915556,30.503075999832738],[-82.941606000033019,30.503430999836255],[-82.942078999861039,30.503772000258952],[-82.94215900022698,30.503828000352566],[-82.942379000335009,30.503984999821029],[-82.942454999604664,30.504038999821216],[-82.942842999942201,30.504315000041803],[-82.943129999997367,30.504520000119303],[-82.94351699961166,30.504808000253327],[-82.944005000406605,30.505151999639605],[-82.944169000438137,30.505267999644364],[-82.944383999624975,30.505443000136871],[-82.944529000288242,30.505560999733941],[-82.944641000441237,30.505670000244663],[-82.944957999735323,30.505977000188498],[-82.945317999585455,30.506445999887845],[-82.945527999647723,30.506719000369415],[-82.945657000417455,30.506960999925781],[-82.945821000449001,30.507266999711579],[-82.945993999803051,30.507713999762188],[-82.946048000229723,30.507854000065379],[-82.946081999666603,30.507974999667496],[-82.946085999864565,30.507989999614047],[-82.946097999560124,30.508035000213873],[-82.94610299958299,30.508050000151226],[-82.946126999872433,30.508135999953595],[-82.946141999941048,30.508188000085145],[-82.946197000192626,30.50839399967829],[-82.946220999583758,30.508480999890139],[-82.946249000071177,30.508816999950589],[-82.946260999766736,30.508960000017996],[-82.946281999683123,30.509830999686248],[-82.946290999903965,30.510169000343936],[-82.946297999576672,30.510535999791614],[-82.946302999599524,30.510734999638323],[-82.946285000056179,30.511640000379636],[-82.946278000383487,30.51200800036958],[-82.946268000337739,30.512212999707295],[-82.946239999850334,30.512830000334333],[-82.946232000352722,30.513036000153409],[-82.946203000040427,30.513351999838942],[-82.946116000001794,30.514302000231581],[-82.946088000412686,30.514619000322043],[-82.946059000100391,30.514875999995486],[-82.945973999711569,30.515648000222487],[-82.945951999970262,30.515906999997767],[-82.945931000053861,30.516142999963016],[-82.945869000129562,30.516852999997706],[-82.945849000038095,30.517089999839044],[-82.945830999596424,30.517271999667784],[-82.945778999717888,30.517820999735932],[-82.945761999999462,30.518004000359344],[-82.945945000297556,30.5180250001297],[-82.946494000293555,30.518088000187571],[-82.946676999693338,30.518108999939837],[-82.946824999831364,30.51812300003013],[-82.947271999720101,30.518166000128911],[-82.947420999683004,30.518181000050919],[-82.947436999576539,30.518182999730811],[-82.94748699980525,30.518190000157823],[-82.947504000422001,30.518192999677378],[-82.947527999813147,30.518196999810431],[-82.947599999783151,30.518209000208735],[-82.947624999897513,30.518214000180777],[-82.948470999994427,30.518310000213358],[-82.948967000286984,30.518354999905824],[-82.949138999816128,30.518372000248537],[-82.949657999674884,30.518425000159869],[-82.949830999927258,30.518443000327583],[-82.950015000050271,30.51846099971808],[-82.950568000244232,30.518516999864278],[-82.950753000192151,30.518535999851274],[-82.950933999942109,30.518555999670635],[-82.951477000090321,30.518618000322764],[-82.951657999840293,30.51863899996048],[-82.951686000327697,30.51864300007524],[-82.951770999818194,30.518654999644614],[-82.951800000130518,30.518660000367586],[-82.952477999997939,30.518829000198668],[-82.953187999652428,30.519175999768756],[-82.953252999949768,30.519207999731378],[-82.95336500010275,30.519265999878598],[-82.953806000143715,30.519658000073157],[-82.953854999649209,30.519683000332002],[-82.953915999748574,30.519712999705462],[-82.954011000183129,30.519784000352669],[-82.954223999720142,30.519944999655237],[-82.954285999644412,30.51998600007915],[-82.954420000437054,30.52007299997755],[-82.954464999744559,30.520103000004514],[-82.954494000056883,30.520121999681482],[-82.954559000354209,30.52016499966977],[-82.954729000233513,30.520312000116022],[-82.954786000134931,30.520362000290834],[-82.954899000112832,30.520459000339905],[-82.955238000046549,30.520750999719795],[-82.95535100002445,30.520848999966979],[-82.955393999682158,30.520880000340487],[-82.955525999926621,30.520975000250168],[-82.955570000307574,30.521006999620493],[-82.95601600037142,30.521366999742522],[-82.957353999664605,30.522450000007915],[-82.957799999728437,30.522810999993823],[-82.958234000096709,30.523117000190062],[-82.958383999884532,30.523205000169266],[-82.958564999634504,30.523311000108759],[-82.958957999994894,30.523500999725517],[-82.959841999726635,30.523898000315999],[-82.959983000191954,30.523960999662197],[-82.960214999995543,30.524054999875908],[-82.961927000280866,30.524822000304372],[-82.962205000115205,30.524944000224028],[-82.962304999674316,30.524988000170147],[-82.962388000413313,30.525029999783619],[-82.963335999719177,30.525517999820231],[-82.963436000176586,30.525579000136073],[-82.963536999560617,30.525639999639868],[-82.963724000056686,30.525752000138691],[-82.963847999905241,30.525826000300643],[-82.964159000249879,30.52601199983155],[-82.964364000289279,30.52614999980263],[-82.96497900040751,30.526564999841128],[-82.965184000446925,30.526704000326646],[-82.965222999906672,30.526732000350307],[-82.965340999907454,30.526818999626119],[-82.965381000090417,30.526848999891968],[-82.965670999620329,30.527062999714271],[-82.966850999628093,30.528059000315096],[-82.967577999899319,30.528802000365783],[-82.967746999953732,30.528975000046362],[-82.968398999881899,30.529728000363171],[-82.969194999750087,30.53080300029465],[-82.969696000065511,30.531593000183236],[-82.969987000318653,30.532098999714208],[-82.972112000157537,30.536333999656581],[-82.97299900026232,30.538102999812107],[-82.973112000240235,30.538330000243562],[-82.973436000105337,30.53896500009137],[-82.973467999892392,30.539027999725601],[-82.973863999727499,30.539826999683036],[-82.975149000215566,30.542414999699758],[-82.975295999630362,30.542709999938651],[-82.975581000035703,30.543276000033],[-82.975699000036499,30.543508999774808],[-82.975724999975739,30.543561999900355],[-82.976151999773009,30.544423000120723],[-82.976181000085333,30.5444800003457],[-82.976294000063234,30.54471100038548],[-82.976574000445723,30.545281999773447],[-82.976940000143614,30.54602700025616],[-82.977449999781541,30.546978000248647],[-82.977751000080431,30.547539000210154],[-82.97781100035489,30.547664000380514],[-82.978204999641875,30.548478999866607],[-82.978423000100079,30.548927999714213],[-82.978608999872918,30.549312000110845],[-82.979973000003667,30.552049999920253],[-82.980487999664504,30.553072000003567],[-82.981183999973581,30.554450999936108],[-82.982086000146992,30.556252999926301],[-82.984491000368365,30.561056999824384],[-82.984785999921144,30.561664000315407],[-82.985026999945575,30.562157999789463],[-82.985637999865844,30.563218999839343],[-82.985776999783013,30.563418000064907],[-82.985791000026722,30.563435999629839],[-82.986047999944688,30.563832000042662],[-82.986210000326395,30.564080999884773],[-82.986926999653562,30.565033000250843],[-82.987226000302627,30.565429999686792],[-82.987350999976087,30.565595999754521],[-82.987566000061221,30.565877999889359],[-82.98849400017393,30.567092000177432],[-82.988592999908136,30.567221999686208],[-82.988934000389975,30.567671000225523],[-82.988961999979068,30.567708000197971],[-82.989045999644645,30.567819000030592],[-82.989074000132064,30.567855999946595],[-82.989552999807856,30.568484000130852],[-82.990989999733557,30.570368000266619],[-82.991469000307688,30.570996999726553],[-82.99171299980685,30.571317999905375],[-82.992446999750769,30.572282000311642],[-82.992691999973147,30.572604000158019],[-82.993434000313002,30.573556999681831],[-82.993591999598422,30.573786000041832],[-82.994230000181204,30.574631000001105],[-82.994374000121255,30.57481999971672],[-82.996770000121785,30.577949999826448],[-82.998057000259649,30.579646000130563],[-82.998706999639666,30.58047399977508],[-82.99884999975481,30.580686999753482],[-82.999298000366792,30.581241999939078],[-82.999828000096215,30.581943999987388],[-83.000424999772775,30.582773000062609],[-83.001685999971386,30.584416000085518],[-83.002332999876685,30.585263999979436],[-83.002979999781985,30.586112000188479],[-83.004733999900097,30.588409999894296],[-83.005015999932397,30.588783999826042],[-83.005046999894546,30.58882499979282],[-83.005142000329087,30.588951000015985],[-83.005174000116142,30.588992999796183],[-83.006052000000125,30.590144000277398],[-83.00649200021617,30.590721999697578],[-83.007811000141103,30.592450999685497],[-83.008685999652016,30.593599999636186],[-83.009565000259215,30.594752000129606],[-83.00977100012355,30.595054999883523],[-83.009797999887724,30.595088000174659],[-83.010566000166833,30.596047000258348],[-83.010823000084798,30.596366999659583],[-83.011090000048469,30.596755000164421],[-83.011162999843421,30.596850999858269],[-83.012244000116965,30.598259999693248],[-83.012604999791989,30.598729999652196],[-83.012808000181593,30.598988999708066],[-83.012916999961533,30.599131000200135],[-83.013845000074213,30.600344000380932],[-83.014154999695606,30.60074900025867],[-83.014281000092296,30.600918999989286],[-83.014661000033882,30.601428999710727],[-83.014788000255521,30.601598999794465],[-83.015005999815401,30.601883999629425],[-83.015311000312238,30.602283999747023],[-83.015661000116609,30.602743000031193],[-83.015767000421803,30.602881999664604],[-83.015877999851583,30.603029999844967],[-83.016027999639405,30.603227999816262],[-83.016451000137025,30.60378800025406],[-83.016476000251373,30.603825000360843],[-83.016555999719017,30.603941999748869],[-83.016622999666168,30.604026999942583],[-83.016698999834148,30.604123999890604],[-83.016929999812831,30.604414999924934],[-83.017006999805716,30.604512999981527],[-83.018565999930161,30.606560000091729],[-83.020704000187834,30.609366999646344],[-83.021153999551316,30.610004000078629],[-83.021467000444062,30.610525000048096],[-83.021777999890375,30.611056999620658],[-83.022201000388009,30.611875000376692],[-83.022449000085118,30.612457999797364],[-83.022634000033051,30.612937999910848],[-83.022675000040934,30.613050999797725],[-83.022827000376893,30.613461999998286],[-83.022994999708061,30.614026000069408],[-83.023116000081885,30.614477000310671],[-83.023345000410743,30.615533999904613],[-83.023398999939118,30.615928999734944],[-83.023463000411525,30.616384999942465],[-83.0235110000921,30.617120000262513],[-83.023537999856288,30.617518999711908],[-83.023537999856288,30.617529999836197],[-83.023541000229343,30.617565000153043],[-83.023542000054235,30.617576999861164]]},"properties":{"BASENAME":"100","NAME":"State Hwy 100","MTFCC":"S1200","RTTYP":"S","OID":"1106087202290"}},{"type":"Feature","geometry":{"type":"LineString","coordinates":[[-83.453302000383772,30.793362999638429],[-83.453150000047813,30.793374999879116],[-83.443528000410851,30.794110999688293],[-83.441300999566394,30.794276999921284],[-83.439565999714844,30.794412999982175],[-83.436793999970675,30.794608000227495],[-83.435593999871443,30.794697999673097],[-83.43092099969607,30.795070999795279],[-83.428318999831205,30.795270999800575],[-83.424119000382163,30.79558500027353],[-83.422711999695352,30.795688999648672],[-83.418076000228226,30.796034999802092],[-83.416317999912152,30.796170999690929],[-83.412977000080488,30.796429999752792],[-83.409355999866349,30.796698999614588],[-83.402020999551652,30.797253000099392],[-83.399675999604753,30.797430000000517],[-83.397498000062427,30.797594999863335],[-83.396221999795202,30.797701000229051],[-83.395784999952198,30.797751999904769],[-83.39534999975902,30.7978160000496],[-83.394926000334806,30.797883000264044],[-83.394502999837172,30.797961000063328],[-83.393732000083332,30.798123999716502],[-83.392963999804223,30.79829800022949],[-83.387678000058727,30.799528999895131],[-83.38619299955414,30.799865999965114],[-83.385711000403617,30.799956999905081],[-83.385221999783752,30.800025000185478],[-83.384728000039331,30.800073000127565],[-83.384262999708923,30.800091999631832],[-83.383646999765773,30.800087000331214],[-83.383611999605677,30.800085000302253],[-83.383030999822637,30.80004999978857],[-83.382434999970968,30.799990999665503],[-83.376173000432232,30.799336999668018],[-83.372502999814287,30.79894500016762],[-83.372092999735457,30.798902999823216],[-83.371798000182679,30.798882000029909],[-83.371576000424838,30.798877999921793],[-83.371352999943753,30.798887000164846],[-83.371128999637776,30.798905999903493],[-83.370906999879935,30.798932999850663],[-83.370661999657543,30.798970000051618],[-83.370420999633112,30.799018999774468],[-83.370188999829523,30.799080999797471],[-83.369700999932888,30.799241999819724],[-83.36945200041086,30.799348999934608],[-83.369099000233462,30.79953800007722],[-83.367756999843976,30.800287999943549],[-83.365508000156538,30.801532000350669],[-83.36417300033807,30.802268000205189],[-83.363492999922514,30.802650000163847],[-83.362830000123694,30.803005999792649],[-83.360793999973282,30.804130000039756],[-83.35996700014293,30.804600999776742],[-83.359741000187128,30.804719999693919],[-83.359509000383525,30.80483199970832],[-83.35922399997817,30.804954000002532],[-83.358929000425405,30.805059000005301],[-83.358673000332359,30.805131000381731],[-83.358117999590263,30.805257000139171],[-83.357821000387659,30.805303999822652],[-83.357462000362446,30.805336000086559],[-83.356642000204815,30.805399999810689],[-83.355107000369799,30.805523000113315],[-83.354355999809115,30.805584999798391],[-83.352817999601072,30.805704000040205],[-83.349126999965065,30.806012999843698],[-83.348880000092848,30.806038000203884],[-83.348076999653628,30.806099000376346],[-83.34393699958072,30.80644699998733],[-83.342908000084037,30.806521999937946],[-83.342802999603734,30.806522999885484],[-83.34269399982378,30.806533000131534],[-83.342580999845893,30.80655599969052],[-83.342530999617153,30.806561000197775],[-83.342039000420897,30.806614999641134],[-83.341071999950145,30.806856000344609],[-83.340686000160773,30.806999999893819],[-83.339419999939281,30.80756599965277],[-83.338922999821818,30.807764999956408],[-83.338245999779318,30.808073000144873],[-83.336684000180114,30.808757000148734],[-83.336213999826839,30.808969000059285],[-83.335313000376644,30.809374999957992],[-83.33516299969051,30.809430999969042],[-83.334904999947653,30.809552999824934],[-83.334360999974521,30.809793000189664],[-83.333832999894923,30.810032999954931],[-83.333523000273516,30.810171999824508],[-83.332867000147402,30.810468000364182],[-83.33263899964345,30.810587999864445],[-83.332267999922692,30.810737000282614],[-83.331607999598617,30.811040999828819],[-83.329574999821247,30.811992999899989],[-83.328346000307988,30.8125629998734],[-83.325023999844603,30.814114999638615],[-83.323736999706711,30.814720999810916],[-83.322489999751795,30.815302999616303],[-83.322245000427728,30.815402999834937],[-83.322006000053122,30.81551100032452],[-83.321666000294499,30.815675000149959],[-83.321343000254316,30.815836999994218],[-83.321323000162835,30.815847000042321],[-83.320687000128203,30.816132000204281],[-83.320621999830863,30.816160999634683],[-83.320149999827763,30.816369000027908],[-83.319998000390115,30.816438000110814],[-83.3195110003184,30.816625999973354],[-83.319225000088139,30.816756000221176],[-83.319045000163072,30.816848000207163],[-83.318796999567653,30.816984999796574],[-83.318601999573985,30.817074999887883],[-83.318446999763268,30.817155999820827],[-83.318307000021193,30.817220000157644],[-83.318101999981778,30.817314999976233],[-83.318011999570103,30.817350000372997],[-83.317721000215272,30.817465999656982],[-83.317563000031527,30.817556999901708],[-83.317295000242922,30.817729000281407],[-83.317192000310769,30.817781999789091],[-83.317024000081275,30.817839999959226],[-83.316866999722436,30.817911000186331],[-83.316781000407033,30.817947000194501],[-83.316696999843117,30.817987000273458],[-83.316393000069496,30.818122000127623],[-83.316169999588439,30.818251000068148],[-83.315307999597991,30.818678000184285],[-83.315206000389054,30.818744999739298],[-83.314537999669056,30.819096999869352],[-83.313463000141596,30.819671999943303],[-83.312971000047,30.819943999740847],[-83.312673999946085,30.82010699990553],[-83.311949000222995,30.82047799977428],[-83.310559999977855,30.821144999793113],[-83.310248999633231,30.821279999836968],[-83.309602999552851,30.821601000259101],[-83.309278999687749,30.821775999705661],[-83.309061999952775,30.821880000050058],[-83.308909999616802,30.821945000111633],[-83.308804000209932,30.822003999868379],[-83.308785999768261,30.82201499983211],[-83.30847899962157,30.822185000373388],[-83.308363000168953,30.822243999982682],[-83.308040999953676,30.822401999646878],[-83.307804999952126,30.822506000084768],[-83.307476000064156,30.822635000308175],[-83.307178999963227,30.822740000272407],[-83.306994000015294,30.822797999762589],[-83.306602000378135,30.822900000217505],[-83.306243000352936,30.82298899961836],[-83.305956000297755,30.823046999729591],[-83.305810999634488,30.823075000382609],[-83.305245999744955,30.823147000371112],[-83.305101999804918,30.823159999752608],[-83.305023999987114,30.823165000166977],[-83.304809999726871,30.823172999903736],[-83.30463399999978,30.823186999827165],[-83.30446099974742,30.823195000333541],[-83.304290999868115,30.823190999694717],[-83.304062000437568,30.823203000067728],[-83.303929000368171,30.823210999801319],[-83.30383099956056,30.823216000213083],[-83.303519000289356,30.823216999986794],[-83.30265099955281,30.823237000088053],[-83.302511999635627,30.82323799986154],[-83.302195000341555,30.823231999677439],[-83.301895999692476,30.823234999769532],[-83.301215000350325,30.823224999719216],[-83.30099400041739,30.823226000264341],[-83.300879999716244,30.823221999626814],[-83.298806999755911,30.82325000022875],[-83.298489999563486,30.823260000276449],[-83.298376999585585,30.823274000187219],[-83.298232999645549,30.823295000049495],[-83.29809399972838,30.823323999631352],[-83.297975999727598,30.823353999748186],[-83.297737000251317,30.82343199969959],[-83.29760599983176,30.823483000375276],[-83.295946000323283,30.824101000329872],[-83.295650999872194,30.824214999647332],[-83.294805999600172,30.82452700013225],[-83.293803999867649,30.824894999856131],[-83.292879000128011,30.825237999727072],[-83.291797000029561,30.825672000184944],[-83.290913000297792,30.826018000371025],[-83.290406999959501,30.826205000251285],[-83.29002799984282,30.826363000340688],[-83.288899999713578,30.826819999677554],[-83.288794000306694,30.826856000202973],[-83.288470000441592,30.826990000197483],[-83.288356999565366,30.827036000313601],[-83.288079999555947,30.827138000123643],[-83.287964000103287,30.827181999932627],[-83.287634000390426,30.827317999705592],[-83.286830999951192,30.82761000017814],[-83.286513999758796,30.827724999684605],[-83.286069000418195,30.827895000144856],[-83.285491000109872,30.828116000061801],[-83.285291000093338,30.828199000153958],[-83.284814999892262,30.828415000001776],[-83.28461900007369,30.828503999690586],[-83.284356000307952,30.828585999729498],[-83.28425500002561,30.828628000211467],[-83.284015999651018,30.828715000269874],[-83.282558999633835,30.82931500030778],[-83.281935000193059,30.829554999890142],[-83.281667000404468,30.829662000185493],[-83.280798999667908,30.82999299970249],[-83.280263999915618,30.830204999795694],[-83.279950000096278,30.830323999621015],[-83.279431000237494,30.830527999859893],[-83.278825000340078,30.830764999638486],[-83.278546999607428,30.830872999821999],[-83.278296000435574,30.830970999869049],[-83.277989000288912,30.831085000285924],[-83.278478999835372,30.83202700001079],[-83.278627999798275,30.832314000107431],[-83.278992999671274,30.833029999787222],[-83.279097000326672,30.833235999785224],[-83.279139999984352,30.8333379999501],[-83.279172999596327,30.833463000064825],[-83.279205000281692,30.833641999692695],[-83.279273999878654,30.834200999880625],[-83.279325999757191,30.834531999944858],[-83.279340999825806,30.834672000264664],[-83.279386000031664,30.835074000125189],[-83.279463000024549,30.83569400034682],[-83.279586000048198,30.83665500033441],[-83.279610000337641,30.836882000241264],[-83.279687000330526,30.83749499989294],[-83.279750000079716,30.838037000309686],[-83.279821000224842,30.838578999979347],[-83.279889999821819,30.839135999964132],[-83.279916999585993,30.839386000354573],[-83.27993900022561,30.839539000013101],[-83.280059999701137,30.840505999940135],[-83.280077000317888,30.840727000131562],[-83.280115999777621,30.841501999639057],[-83.280135999869103,30.841733999868566],[-83.280155999960584,30.842043000214179],[-83.280157999610424,30.842282000018631],[-83.280212999862002,30.843178000069372],[-83.280228999755522,30.843567999638537],[-83.280258000067832,30.844008000176263],[-83.28028599965694,30.844634000142062],[-83.280314000144344,30.845069000374334],[-83.280376000068614,30.846074999739425],[-83.280388999589107,30.846438000175617],[-83.280443000015765,30.847493000283997],[-83.280490999696354,30.84838600018103],[-83.280509000138025,30.848719999972143],[-83.28053900027524,30.849466000312244],[-83.280592999803602,30.850688999950361],[-83.280658000100928,30.851613000189847],[-83.280689999887969,30.852206000358166],[-83.28071099980437,30.852687000349484],[-83.280793999645056,30.854369999721211],[-83.280838999850886,30.855281999756926],[-83.280851000444784,30.855728000244323],[-83.280867000338304,30.856417000298713],[-83.280863999965248,30.856782999970907],[-83.280518000358839,30.856824000255909],[-83.280203999641174,30.856840999710673],[-83.279731999638074,30.856860000322474],[-83.278570999896871,30.856919000209491],[-83.277717000302346,30.856955999662659],[-83.277492000171463,30.856946000041116],[-83.277267000040567,30.856958000049548],[-83.277166999583116,30.856974000058429],[-83.277057999803176,30.856972999865175],[-83.276486000240965,30.856998000066753],[-83.274461999786126,30.857079999664279],[-83.272588000017393,30.857161999962866],[-83.272310000183055,30.857171000141875],[-83.271214999665773,30.857220999664126],[-83.270709000225821,30.857244000191322],[-83.270514000232154,30.857253000362576],[-83.270018999764488,30.857274999920882],[-83.268926999620291,30.857319999983108],[-83.266699999674145,30.857411999650466],[-83.266212999602431,30.857459000024786],[-83.265979000149031,30.857472000157085],[-83.265593000359644,30.857477000326146],[-83.265023000447258,30.857502999812944],[-83.264153000060887,30.8575260002725],[-83.263501999957654,30.857556999910891],[-83.263378000109086,30.857559999701227],[-83.262920000349681,30.857588999726101],[-83.262466999714832,30.85763999998796],[-83.262213999994827,30.857675999748135],[-83.261905000198368,30.857725999778268],[-83.261597000226786,30.857786000088421],[-83.261269000163722,30.857865000002601],[-83.260982000108555,30.857943999851724],[-83.2606199997103,30.85804800033474],[-83.260536000044709,30.858077999622605],[-83.260248999989528,30.858180999779634],[-83.260151999905162,30.858228999957287],[-83.260024999683552,30.858278000290536],[-83.25968699957474,30.858433000251352],[-83.259263000150526,30.858633000178877],[-83.259075999654456,30.858729000057608],[-83.258936999737287,30.85879200026314],[-83.258812999888733,30.858863999676245],[-83.258628999765719,30.858961999668807],[-83.258540999902166,30.859003999965402],[-83.258462000259456,30.859042000328099],[-83.258418999703437,30.859063000075619],[-83.258099000036296,30.859249000172383],[-83.257781000018966,30.859455000173615],[-83.257042999877086,30.859885000239931],[-83.256688000049849,30.860090000256303],[-83.256462999918966,30.860221999794092],[-83.256154999947384,30.860405000254865],[-83.25603000027391,30.860478000155791],[-83.255877000113045,30.860561000017867],[-83.254590999800072,30.861313000139372],[-83.25451999965496,30.861355000177326],[-83.254488999692811,30.861372999747335],[-83.250040999648334,30.86397199977948],[-83.24849900014064,30.864869000134313],[-83.247150999903397,30.865660999882085],[-83.246888000137645,30.865831000217263],[-83.246479999708654,30.866114999914245],[-83.24611900003363,30.866409999813637],[-83.245763000381473,30.866736000102474],[-83.245319999792386,30.867157999974719],[-83.244552000411588,30.867902000150604],[-83.243780999759423,30.868664999763979],[-83.243290000388058,30.869125999913763],[-83.242731000346325,30.869677000271718],[-83.242567000314779,30.869844000247252],[-83.242395999712244,30.870016000218072],[-83.241542999942638,30.870834000346392],[-83.241315000337011,30.871054000007806],[-83.23913699989636,30.873151000304713],[-83.238991000306484,30.873279000270973],[-83.238385000409082,30.873859999631165],[-83.236913000323284,30.875294000316917],[-83.236790000299621,30.875411999725355],[-83.235741999638037,30.87641799998141],[-83.235416999948029,30.876709999819351],[-83.235180000121559,30.876906000225457],[-83.234922000378702,30.877099000280733],[-83.234636000148427,30.877293999909849],[-83.234221000046745,30.877561999911062],[-83.234119999764403,30.877620000186639],[-83.234078999756505,30.877643999652364],[-83.233512000217175,30.877941000252907],[-83.233360999706122,30.878012999932793],[-83.232851999893086,30.878228000218215],[-83.232254000391592,30.878441000082688],[-83.231126000262378,30.878826999788817],[-83.230956000383074,30.878885000069594],[-83.228372000061555,30.879767000306344],[-83.228069000112853,30.879872000197526],[-83.226540000125638,30.880401000035846],[-83.224924999924681,30.880949999672431],[-83.224056000261569,30.881247999987682],[-83.223075000445419,30.881584000054122],[-83.22241699977117,30.881810000083046],[-83.222334999755404,30.881838999710371],[-83.220461999811604,30.882480999794055],[-83.21969199988267,30.882739999844311],[-83.219133999665829,30.882935000327993],[-83.217690000067435,30.88343199978555],[-83.217321999821394,30.883573000342551],[-83.217096999690497,30.88366700008465],[-83.216879000130604,30.883770999642632],[-83.216582999854595,30.88392999966036],[-83.216291999601452,30.884101999789713],[-83.216072000391748,30.884245999857711],[-83.215808999727699,30.884437999868585],[-83.214560000122972,30.885420000355339],[-83.212655000392132,30.886906999816794],[-83.211143000123329,30.88809900002617],[-83.207090000089067,30.891266999708645],[-83.204333000413513,30.89343300030556],[-83.200645000252223,30.896313999642292],[-83.198510000367591,30.897983999929217],[-83.196926000128784,30.899229999982541],[-83.195763999664379,30.900137999669116],[-83.189013000404103,30.905419000273909],[-83.188070000222794,30.906143000299966],[-83.187797000411322,30.906362000124272],[-83.187528999724407,30.906584999690946],[-83.187082999660575,30.906933000188651],[-83.184885000026753,30.908648999713826],[-83.181884999778646,30.911002000364672],[-83.17663500001818,30.915106000337531],[-83.171924000207966,30.918792000285464],[-83.169166999634101,30.920949999925245],[-83.167194000131175,30.922493999865207],[-83.165660000121093,30.923690000374918],[-83.163948999660676,30.925033000162717],[-83.162361000122232,30.926269000123991],[-83.160554000300664,30.927688000133827],[-83.158852999886008,30.929014999728121],[-83.155569999780681,30.931582000064022],[-83.151628999899387,30.934666000200298],[-83.151026000375026,30.935135999860893],[-83.150726999725975,30.935369000075347],[-83.148561999704128,30.93705800002536],[-83.147905999578001,30.937579000330132],[-83.143614000067444,30.940926999865525],[-83.140993999760923,30.942969000186793],[-83.137964000273911,30.945342000254076],[-83.135575999770964,30.947211999809653],[-83.135412999564352,30.947340000137693],[-83.133270000182122,30.949011000372572]]},"properties":{"BASENAME":"221","NAME":"US Hwy 221","MTFCC":"S1200","RTTYP":"U","OID":"1106087245129"}},{"type":"Feature","geometry":{"type":"LineString","coordinates":[[-82.738443000105192,30.325782999973679],[-82.738521999747903,30.325825000139755],[-82.738602000113843,30.325867000287765],[-82.738660999665086,30.325897000382501],[-82.739069000094077,30.326111999758485],[-82.7393169997912,30.326240999777927],[-82.739536999899215,30.326355999910426],[-82.739685000037241,30.326433000267549],[-82.73978799996938,30.326485999863955],[-82.740128999552937,30.326670999649387],[-82.740276999690934,30.326750999741801],[-82.740685000119939,30.326972000297161],[-82.741633000324114,30.327488000252394],[-82.741906000135572,30.327641999901605],[-82.742164999703363,30.327788999940086],[-82.742238000396597,30.327829999779578],[-82.74231200001644,30.32787000013597],[-82.742585999652832,30.328019999776284],[-82.743410999833358,30.328470999880086],[-82.743687000017871,30.328622000384303],[-82.744097000096716,30.328835000294031],[-82.745328999982988,30.329476000019806],[-82.745739999886737,30.329689999845659],[-82.745763000351275,30.32969900029914],[-82.745833999598077,30.329726000103758],[-82.745857999887505,30.329734999778548],[-82.745910999590961,30.329764000017217],[-82.746069999599612,30.329852000127499],[-82.746124000026299,30.329881999777005],[-82.746201000019198,30.32989199965813],[-82.746395000187931,30.329917999964508],[-82.746435000370909,30.329923000291057],[-82.746513000188713,30.329933999612866],[-82.746636000212362,30.329933000167919],[-82.74700799975804,30.329930999727456],[-82.747131999606609,30.329930999727456],[-82.747416000187044,30.329924999956368],[-82.74826999978157,30.329905999644993],[-82.748555000186926,30.32990100009296],[-82.749712999555072,30.329882999997778],[-82.750613999903564,30.329874000336599],[-82.750711999812864,30.329873000115725],[-82.751008000088873,30.329869000007545],[-82.751899000391617,30.329860000345079],[-82.752197000317466,30.329856999682036],[-82.752235999777199,30.329855000015325],[-82.752352999953075,30.329852000127499],[-82.752393000136038,30.329852000127499],[-82.752628000312683,30.329849000239594],[-82.753337000142253,30.329839999799969],[-82.753573000143803,30.329838000132913],[-82.753614000151686,30.32983699991167],[-82.753737000175335,30.32983699991167],[-82.753779000008123,30.32983699991167],[-82.754081000131919,30.329834000023308],[-82.754989999978037,30.329825999803603],[-82.755293999751643,30.329824000136256],[-82.75559900024848,30.329820000026078],[-82.756517000315412,30.329808999916089],[-82.756822999738844,30.329806000026849],[-82.757259999581862,30.329804000359108],[-82.758263999862521,30.329800000248166],[-82.758571000009184,30.32979000035764],[-82.759007999852187,30.329776000354137],[-82.759180000279656,30.329776999800607],[-82.759540999954666,30.329779999690725],[-82.759682000419986,30.329783999802544],[-82.759699000138397,30.329786999692445],[-82.759869999842635,30.329817000137179],[-82.760159000445952,30.329919999629922],[-82.760217999997181,30.329941000378884],[-82.760568999626457,30.330173000009282],[-82.760818999871717,30.330388000078397],[-82.760901999712402,30.330458999853342],[-82.760977000055462,30.330523999842367],[-82.761135000239221,30.330660000192854],[-82.761172999874049,30.330737999704287],[-82.761182000094891,30.330755000205837],[-82.761207000209239,30.330800999860738],[-82.761213999881917,30.330929999906996],[-82.76120600038432,30.330992999939941],[-82.761197000163477,30.331080999721227],[-82.761178999721821,30.331240000182767],[-82.761173999698954,30.33125900023531],[-82.76104800020056,30.33178499977663],[-82.761007000192691,30.331961000162718],[-82.761008000017611,30.332236000374944],[-82.761012000215572,30.333061000254737],[-82.761013999865398,30.333336999889326],[-82.761006000367772,30.333699999867722],[-82.760999999621674,30.33399299996665],[-82.760983999728168,30.334791999993666],[-82.760977999880382,30.335156000172173],[-82.760967999834634,30.335406999875453],[-82.760967999834634,30.335418000131938],[-82.760980000428518,30.336162000089779],[-82.76098499955306,30.336413999694148],[-82.760986000276304,30.336811999723263],[-82.760986000276304,30.336977000297306],[-82.760986000276304,30.337209000314484],[-82.760986000276304,30.337505999788132],[-82.760987000101224,30.337801999771489],[-82.760987000101224,30.337974999782212],[-82.760987999926115,30.338154999666056],[-82.760993999773902,30.338665999738126],[-82.760998999796769,30.338976999684029],[-82.761001000344919,30.339228999795566],[-82.76100200016981,30.339389999678001],[-82.761007000192691,30.339868000244007],[-82.76103599960669,30.340033999660967],[-82.761058000246322,30.340166000294829],[-82.761089000208457,30.340342999684836],[-82.76117700007201,30.34054899967575],[-82.76122399992768,30.340655999951586],[-82.761230999600372,30.340673000281704],[-82.761263000285723,30.340710999823244],[-82.761358999646873,30.340827000127817],[-82.761392000157159,30.340865999718147],[-82.761485999868498,30.340978000184759],[-82.761583999777784,30.341094000172941],[-82.761793999840066,30.34129099997164],[-82.761900999970194,30.341392000367982],[-82.764835000096056,30.34366199975241],[-82.764999999952508,30.34379400014549],[-82.7656689995991,30.344266999768987],[-82.765954999829376,30.344510999646445],[-82.767046000148667,30.345355999677736],[-82.76737099983869,30.345607000362421],[-82.767734000061836,30.345884999628225],[-82.768053999728977,30.346130000178171],[-82.768893000153199,30.346777000150261],[-82.768984000389807,30.346846999621228],[-82.770135999910167,30.347729000293945],[-82.772377999924885,30.349446000077368],[-82.773540000389303,30.350335999901517],[-82.774169999677852,30.350823999793821],[-82.776061000063322,30.352290000355769],[-82.776692000075073,30.352778999791958],[-82.776860000304566,30.352906000363408],[-82.777364000094735,30.353287000313298],[-82.777532000324214,30.35341500020564],[-82.778841000203414,30.354439000292523],[-82.779446000275911,30.354897000149453],[-82.77999199989884,30.35530899966815],[-82.780354000297109,30.355583000220001],[-82.780420000419326,30.355632999666426],[-82.780900999744958,30.35600400031085],[-82.782960000359921,30.357595000030507],[-82.783620999610605,30.358101999642145],[-82.784530000355019,30.358800000371968],[-82.7883309995959,30.361717000182338],[-82.788887999987807,30.362141999792502],[-82.793360000321741,30.365579000051365],[-82.794055999732507,30.366100000368313],[-82.795839999987862,30.367490999771722],[-82.799697000203537,30.370449999628285],[-82.799948000273716,30.370643000008808],[-82.809650000276619,30.378089999856897],[-82.810985999919993,30.379118999800244],[-82.81499600029656,30.38220599972637],[-82.816332999764839,30.383234999731904],[-82.817963999859302,30.384482000075103],[-82.82005299971317,30.386079000058825],[-82.821698999876261,30.387342999723451],[-82.822235000351782,30.387777000061263],[-82.822300999575702,30.387831999786084],[-82.822825000355664,30.388264000253717],[-82.822871000386414,30.388301999905647],[-82.823668000079522,30.388991000045262],[-82.824473000168567,30.389751999728066],[-82.824684000055754,30.389958999884044],[-82.825042000256047,30.390311999868302],[-82.825674999917652,30.390937000046559],[-82.826006000353743,30.391262999733126],[-82.827690999976568,30.392908999868027],[-82.832748000291517,30.397846999675203],[-82.834433999739247,30.399492999662325],[-82.834581000052339,30.399640000217772],[-82.835022000093318,30.400083999840355],[-82.835170000231301,30.400231999782495],[-82.835709000181566,30.400758999864944],[-82.836442000300579,30.401474000352373],[-82.83732699985724,30.402343000083235],[-82.837865999807491,30.402872000118979],[-82.837924000432125,30.402929000364832],[-82.840788000237794,30.40572599964776],[-82.841784000122558,30.406702999775728],[-82.848892999583114,30.413671999898408],[-82.852959999861099,30.417652000238014],[-82.853529999773485,30.41820899969419],[-82.853662000017962,30.418337999874225],[-82.857048000055471,30.421646000189764],[-82.857448000088539,30.422042000232217],[-82.857506999639781,30.422100000181775],[-82.857684999915008,30.422276999974883],[-82.857745000189453,30.422335999834552],[-82.858331999820294,30.422912999772191],[-82.860094000334342,30.424645000052376],[-82.860425999697028,30.424971000293045],[-82.86068199979006,30.425222000277817],[-82.862036999700024,30.426551000329294],[-82.863979000139111,30.428456999773413],[-82.866105999627806,30.430537000326186],[-82.867375000222339,30.431778000299872],[-82.867464999735702,30.431865000049005],[-82.868314000205686,30.432690999632818],[-82.868541999811313,30.432913000046174],[-82.86892400030105,30.433285000003664],[-82.870854999971172,30.435176999905387],[-82.871701999893006,30.436006999734907],[-82.871819999893788,30.436123000033067],[-82.872060999918205,30.43635999974591],[-82.873141000366843,30.43742099964755],[-82.873411999630193,30.437687000062063],[-82.873502000041867,30.43777499985308],[-82.874372000428252,30.438629000318706],[-82.876982999615606,30.441193999778584],[-82.877790000252773,30.441985999855468],[-82.877853999826883,30.442049000350991],[-82.878791000160405,30.442967000297944],[-82.881603000087537,30.445722999781673],[-82.882419000047236,30.446521999626135],[-82.882541000245965,30.446641999782454],[-82.883270000167016,30.447357999993958],[-82.884204999952402,30.448269000248604],[-82.884569999825388,30.448625000122131],[-82.889183999551207,30.453166000155377],[-82.890255999603951,30.454221000023065],[-82.890665999682753,30.454623999794666],[-82.890843999957994,30.454798999977744],[-82.8916969997276,30.455636000299364],[-82.893471999762127,30.457378000165697],[-82.894255999934757,30.458147999623467],[-82.895010999795076,30.458889000102666],[-82.895110000427593,30.458984999827646],[-82.895404999980386,30.459272999983703],[-82.896292999910088,30.46013699998969],[-82.896461000139581,30.460299999766182],[-82.896589000186097,30.460426000271156],[-82.897975000058196,30.461787000070551],[-82.90213299967445,30.465871999958079],[-82.903520000269751,30.467233999911535],[-82.904126999992059,30.467827999619516],[-82.905948000057336,30.469612999703557],[-82.906555999604564,30.47020799994571],[-82.907222999601345,30.470862000340787],[-82.908445000340194,30.472059000385048],[-82.909225000314891,30.472825000254559],[-82.909725999732004,30.473317000233109],[-82.909892000311672,30.473479999632133],[-82.910097000351072,30.473682999822636],[-82.910362999591527,30.473944999961617],[-82.910713000294209,30.474295000276605],[-82.910919999983463,30.474497000027363],[-82.911246000396687,30.474815000058388],[-82.912089999945479,30.47563899976663],[-82.912224999664687,30.475772999668781],[-82.91255000025302,30.476094000221252],[-82.912654999834999,30.476194999831282],[-82.912970000377584,30.476498000355388],[-82.913074999959576,30.476599000320537],[-82.913165000371251,30.476688000080337],[-82.913434999809681,30.476954999645784],[-82.913525000221355,30.47704500011719],[-82.91360300003916,30.477122999684259],[-82.91383999986563,30.477357000333036],[-82.913919000406665,30.477434999650136],[-82.914345000379001,30.477857000350724],[-82.914555000441283,30.478056999948425],[-82.915240999806315,30.478711000270287],[-82.91617300011697,30.479502000201279],[-82.916573999974972,30.479801000333502],[-82.917287999827423,30.480334000008074],[-82.917579999905456,30.480516999946676],[-82.918456000139599,30.481067999689728],[-82.918749000042553,30.481252000016411],[-82.921222000035996,30.482793000323387],[-82.92864100001627,30.487419000091013],[-82.929086000255182,30.487696999778773],[-82.929554000060321,30.488095999780583],[-82.929771999620229,30.488377999668213],[-82.930014000367876,30.488757000222989],[-82.930231999927756,30.489307999765042],[-82.930390000111515,30.489650000287206],[-82.930455000408841,30.489902000269588],[-82.930486000370976,30.490056000152531],[-82.93060500019665,30.490640999627825],[-82.930748000311794,30.491281999806205],[-82.930838999650078,30.491691000165929],[-82.930938000282595,30.492112000103269],[-82.931199000398493,30.493210000258969],[-82.931257999949736,30.493371000216527],[-82.931390000194213,30.493729999624112],[-82.931415000308562,30.493774999855336],[-82.9314939999513,30.493919999770686],[-82.931617999799855,30.494144000192051],[-82.931734000150797,30.494354999768259],[-82.931813999618427,30.494500000367346],[-82.931848999778524,30.494563000186623],[-82.93207499973434,30.494907000200261],[-82.93218500023751,30.495074000137336],[-82.932544000262709,30.495555999947186],[-82.932935999899868,30.495963000006643],[-82.932998999649058,30.496026999720353],[-82.933339000305992,30.496373000104189],[-82.933515999858002,30.496552999884376],[-82.93404700031067,30.497093000322717],[-82.934224999687572,30.497274000373711],[-82.934408999810586,30.497450999875507],[-82.934837000331086,30.49786199994292],[-82.936357999922379,30.499322000006362],[-82.936675000114775,30.499628999864033],[-82.936982000261452,30.499926000024551],[-82.937285000210153,30.500222000027527],[-82.938122999911144,30.500897000383635],[-82.938215999797578,30.500968000066266],[-82.938296000163518,30.50103000032453],[-82.938969999832977,30.501546999653304],[-82.941108999915556,30.503075999832738],[-82.941606000033019,30.503430999836255],[-82.942078999861039,30.503772000258952],[-82.94215900022698,30.503828000352566],[-82.942379000335009,30.503984999821029],[-82.942454999604664,30.504038999821216],[-82.942842999942201,30.504315000041803],[-82.943129999997367,30.504520000119303],[-82.94351699961166,30.504808000253327],[-82.944005000406605,30.505151999639605],[-82.944169000438137,30.505267999644364],[-82.944383999624975,30.505443000136871],[-82.944529000288242,30.505560999733941],[-82.944641000441237,30.505670000244663],[-82.944957999735323,30.505977000188498],[-82.945317999585455,30.506445999887845],[-82.945527999647723,30.506719000369415],[-82.945657000417455,30.506960999925781],[-82.945821000449001,30.507266999711579],[-82.945993999803051,30.507713999762188],[-82.946048000229723,30.507854000065379],[-82.946081999666603,30.507974999667496],[-82.946085999864565,30.507989999614047],[-82.946097999560124,30.508035000213873],[-82.94610299958299,30.508050000151226],[-82.946126999872433,30.508135999953595],[-82.946141999941048,30.508188000085145],[-82.946197000192626,30.50839399967829],[-82.946220999583758,30.508480999890139],[-82.946249000071177,30.508816999950589],[-82.946260999766736,30.508960000017996],[-82.946281999683123,30.509830999686248],[-82.946290999903965,30.510169000343936],[-82.946297999576672,30.510535999791614],[-82.946302999599524,30.510734999638323],[-82.946285000056179,30.511640000379636],[-82.946278000383487,30.51200800036958],[-82.946268000337739,30.512212999707295],[-82.946239999850334,30.512830000334333],[-82.946232000352722,30.513036000153409],[-82.946203000040427,30.513351999838942],[-82.946116000001794,30.514302000231581],[-82.946088000412686,30.514619000322043],[-82.946059000100391,30.514875999995486],[-82.945973999711569,30.515648000222487],[-82.945951999970262,30.515906999997767],[-82.945931000053861,30.516142999963016],[-82.945869000129562,30.516852999997706],[-82.945849000038095,30.517089999839044],[-82.945830999596424,30.517271999667784],[-82.945778999717888,30.517820999735932],[-82.945761999999462,30.518004000359344],[-82.945945000297556,30.5180250001297],[-82.946494000293555,30.518088000187571],[-82.946676999693338,30.518108999939837],[-82.946824999831364,30.51812300003013],[-82.947271999720101,30.518166000128911],[-82.947420999683004,30.518181000050919],[-82.947436999576539,30.518182999730811],[-82.94748699980525,30.518190000157823],[-82.947504000422001,30.518192999677378],[-82.947527999813147,30.518196999810431],[-82.947599999783151,30.518209000208735],[-82.947624999897513,30.518214000180777],[-82.948470999994427,30.518310000213358],[-82.948967000286984,30.518354999905824],[-82.949138999816128,30.518372000248537],[-82.949657999674884,30.518425000159869],[-82.949830999927258,30.518443000327583],[-82.950015000050271,30.51846099971808],[-82.950568000244232,30.518516999864278],[-82.950753000192151,30.518535999851274],[-82.950933999942109,30.518555999670635],[-82.951477000090321,30.518618000322764],[-82.951657999840293,30.51863899996048],[-82.951686000327697,30.51864300007524],[-82.951770999818194,30.518654999644614],[-82.951800000130518,30.518660000367586],[-82.952477999997939,30.518829000198668],[-82.953187999652428,30.519175999768756],[-82.953252999949768,30.519207999731378],[-82.95336500010275,30.519265999878598],[-82.953806000143715,30.519658000073157],[-82.953854999649209,30.519683000332002],[-82.953915999748574,30.519712999705462],[-82.954011000183129,30.519784000352669],[-82.954223999720142,30.519944999655237],[-82.954285999644412,30.51998600007915],[-82.954420000437054,30.52007299997755],[-82.954464999744559,30.520103000004514],[-82.954494000056883,30.520121999681482],[-82.954559000354209,30.52016499966977],[-82.954729000233513,30.520312000116022],[-82.954786000134931,30.520362000290834],[-82.954899000112832,30.520459000339905],[-82.955238000046549,30.520750999719795],[-82.95535100002445,30.520848999966979],[-82.955393999682158,30.520880000340487],[-82.955525999926621,30.520975000250168],[-82.955570000307574,30.521006999620493],[-82.95601600037142,30.521366999742522],[-82.957353999664605,30.522450000007915],[-82.957799999728437,30.522810999993823],[-82.958234000096709,30.523117000190062],[-82.958383999884532,30.523205000169266],[-82.958564999634504,30.523311000108759],[-82.958957999994894,30.523500999725517],[-82.959841999726635,30.523898000315999],[-82.959983000191954,30.523960999662197],[-82.960214999995543,30.524054999875908],[-82.960942000266769,30.524267999883733],[-82.960972000404013,30.524274000095151],[-82.961526000422879,30.524392999827143],[-82.962226999856526,30.524492000045861],[-82.962278999735048,30.524499999793356],[-82.962626000064688,30.524512000187183],[-82.962800000141968,30.524519000158332],[-82.963319000000737,30.524519000158332],[-82.963760999866594,30.524519999933087],[-82.963934999943888,30.524522000256329],[-82.964109000021168,30.524525000354302],[-82.964205000280629,30.524526000128958],[-82.964493999985621,30.524529000226753],[-82.964591000070001,30.524530999776026],[-82.964612999811308,30.52453000000142],[-82.964683000131501,30.524529000226753],[-82.964705999697728,30.524529000226753],[-82.964962999615679,30.524523000031074],[-82.965551999794641,30.524512000187183],[-82.96573400026783,30.524512000187183],[-82.965992000010701,30.524513999736797],[-82.966044999714157,30.524513999736797],[-82.966205000446038,30.524513999736797],[-82.9662589999744,30.524515000285461],[-82.966433999876571,30.524515000285461],[-82.966506999671523,30.524516000060217],[-82.966880999765323,30.52450599999046],[-82.966961000131263,30.524502999891954],[-82.967136999858354,30.524496999694684],[-82.967161999972717,30.5244950001447],[-82.967238000140696,30.524492999820861],[-82.967264000079965,30.524492999820861],[-82.967419999715574,30.524488999946936],[-82.967823999946617,30.524479999649518],[-82.96797399973444,30.524477000324051],[-82.96977399988333,30.524450999975347],[-82.970743999828784,30.524436000247199],[-82.973585999893174,30.524395000153046],[-82.973642999794563,30.524395000153046],[-82.975006999925341,30.524457000175477],[-82.975063999826745,30.524457999950819],[-82.978568999689955,30.524391000275035],[-82.979913999554157,30.52433799974801],[-82.980121000141693,30.524327999659995],[-82.980445999831701,30.524323999779227],[-82.980889000420802,30.524311000359106],[-82.981405999731436,30.524302000045211],[-82.989974999582245,30.524198999747053],[-82.993538999894994,30.524159000105165],[-82.995235000286769,30.524138000112512],[-82.997505999715528,30.52411099989413],[-82.997670999571966,30.52411099989413],[-82.997781999900042,30.524111999673099],[-83.000322999665528,30.524078000218939],[-83.002019000057331,30.524055999655449],[-83.002985999629757,30.524050999983956],[-83.004218000414369,30.524044999758708],[-83.005629000400802,30.524009999727362],[-83.005888999793498,30.524005000053489],[-83.006168000351053,30.524001000159412],[-83.006335999682236,30.523998000045321],[-83.006503999911729,30.523994999931141],[-83.006679999638834,30.523991999816868],[-83.006857000089141,30.523987999922255],[-83.007071000349399,30.524001999939525],[-83.00893400024745,30.523966000112175],[-83.009603999718962,30.52395999988174],[-83.009827000200033,30.523958000320711],[-83.010108000407428,30.523955999985819],[-83.010951000131314,30.523949999754759],[-83.011232000338708,30.523948000193528],[-83.011372000080783,30.52394400029717],[-83.011794999680077,30.523934999949272],[-83.011936000145383,30.523931999833145],[-83.020686999571083,30.523845000293981],[-83.020757999716182,30.523843999738435],[-83.022422000320944,30.52382800013476],[-83.022778999798007,30.523817999994204],[-83.02305599980744,30.523835999936935],[-83.023128999602363,30.523846000075647],[-83.023326000144181,30.523860000113359],[-83.023743999720608,30.523900999659404],[-83.024214999898803,30.523983000247263],[-83.024688999551742,30.524086000000516],[-83.025005999744138,30.524190000196608],[-83.026148999941981,30.524605999867884],[-83.026923000068876,30.524890999998689],[-83.030299999885528,30.526177000228216],[-83.035057999551412,30.527945999640881],[-83.036702999889584,30.52845900005698],[-83.037832999668623,30.528717000007326],[-83.038157000432051,30.528786999761746],[-83.038227999678838,30.528802000365783],[-83.038299999648842,30.528817000193747],[-83.038390999885465,30.528837000218648],[-83.038445000312123,30.528848000346727],[-83.038479999573923,30.528855000005443],[-83.039022999722135,30.528966000164463],[-83.039204000370432,30.529003000189292],[-83.039350999785185,30.529032999780863],[-83.03979199982615,30.529123000047431],[-83.039939000139242,30.529154000102714]]},"properties":{"BASENAME":"25","NAME":"State Hwy 25","MTFCC":"S1200","RTTYP":"S","OID":"1106087202430"}},{"type":"Feature","geometry":{"type":"LineString","coordinates":[[-83.04378200011125,30.53135699982187],[-83.043735000255566,30.531240000292396],[-83.043643000194066,30.531125000035601],[-83.043509000299764,30.530976999989242],[-83.043336999872324,30.530787000289372],[-83.043161000145233,30.53061199976862],[-83.042777999830562,30.530278000194716],[-83.042455999615285,30.530029000304975],[-83.04240899975963,30.529992999615541],[-83.042259999796713,30.529900000223041],[-83.042058000130339,30.529776000120759],[-83.041833999824362,30.529646999702884],[-83.041660999571988,30.529575000348913],[-83.041597999822798,30.529548999816782],[-83.041237999972694,30.52939900024186],[-83.040715999740883,30.52926799987161],[-83.040380000180207,30.529211000003912],[-83.040150999851349,30.529173000331397],[-83.039939000139242,30.529154000102714]]},"properties":{"BASENAME":"25","NAME":"State Hwy 25","MTFCC":"S1200","RTTYP":"S","OID":"1106087202431"}},{"type":"Feature","geometry":{"type":"LineString","coordinates":[[-83.039939000139242,30.529154000102714],[-83.040237000065076,30.529225000042377],[-83.040362999563456,30.529259000016914],[-83.040830000442014,30.529388000176169],[-83.041237999972694,30.529520999831188],[-83.04142799994348,30.529592999998986],[-83.041603999670599,30.529674999652222],[-83.04200000040403,30.529861000326484],[-83.042223999811696,30.530021999957043],[-83.042381000170522,30.530129999631743],[-83.042721999754079,30.530363999675835],[-83.043245999635715,30.530804999714817],[-83.043454999873077,30.531022999714153],[-83.043638999996105,30.531215999617565],[-83.04378200011125,30.53135699982187]]},"properties":{"BASENAME":"25","NAME":"State Hwy 25","MTFCC":"S1200","RTTYP":"S","OID":"1106087202432"}},{"type":"Feature","geometry":{"type":"LineString","coordinates":[[-83.037482000039347,30.924432999637016],[-83.037252999710489,30.924543999875475],[-83.037133999884801,30.924590000193383],[-83.033233000186485,30.92611300025407],[-83.033023000124231,30.926192000076732],[-83.029108000182219,30.927716999735228],[-83.027914999755652,30.928134999736294],[-83.025919999613123,30.928913999871622],[-83.024168999868053,30.929602999864194],[-83.022642000428959,30.93019699989242],[-83.021994999625363,30.930448000274126],[-83.020585000362146,30.931005999747711],[-83.019417000049941,30.931475000262321],[-83.019215000383582,30.931566000187672],[-83.019082000314199,30.931609999841115],[-83.018664999664367,30.931747999778658],[-83.018100999599753,30.931972999869444],[-83.017708999962593,30.932104999748162],[-83.015940999600772,30.932774999673487],[-83.015391999604788,30.93300999981744],[-83.015147000280706,30.933114999875446],[-83.014559999751555,30.933384000209617],[-83.014390999697156,30.933450999748334],[-83.014153999870686,30.93354499982701]]},"properties":{"BASENAME":"84","NAME":"US Hwy 84","MTFCC":"S1200","RTTYP":"U","OID":"1106087245148"}},{"type":"Feature","geometry":{"type":"LineString","coordinates":[[-83.272223999969313,30.754163000190189],[-83.271611000399233,30.755321000145255],[-83.269928000426219,30.758747999789556],[-83.268895999658156,30.760854999702747],[-83.26873300034984,30.76119999969816],[-83.268576999815934,30.761553999878203],[-83.268540000005999,30.761648999903414],[-83.268446000294674,30.761878000301902],[-83.268421000180311,30.761938000289263],[-83.268355999882985,30.76209699992058],[-83.268252000125912,30.762368999768377],[-83.268038999690575,30.763003999645282],[-83.267991000009999,30.76317099993101],[-83.267877000207179,30.763585000314311],[-83.267734000092062,30.764175999812224],[-83.267719000023448,30.764249000313388],[-83.267683999863337,30.764423999978238],[-83.26761600009128,30.764783000244396],[-83.267575999908303,30.765033999983437],[-83.267525999679606,30.765419000008698],[-83.267482000196978,30.765823000137594],[-83.267441000189095,30.766381999691728],[-83.267431000143347,30.766676999616791],[-83.26742600012048,30.767203999791402],[-83.267431999968252,30.767494000061138],[-83.267432999793172,30.767519999984081],[-83.267433999618078,30.767538000164148],[-83.267457999907535,30.767963999840294],[-83.267486000394939,30.768268000340615],[-83.267560999839702,30.768956000079999],[-83.267647999878335,30.769444999822387],[-83.267687000236393,30.769663999976363],[-83.267746999612527,30.770002999623021],[-83.267843999696908,30.770552000240361],[-83.268010000276576,30.77141699978689],[-83.268033999667722,30.771554000069877],[-83.268062999980017,30.77171600018092],[-83.268215000315976,30.772569000321401],[-83.26887200026701,30.776043000342415],[-83.269079999781169,30.777198999753608],[-83.269128000360055,30.777466999911645],[-83.269234999591859,30.778028999702045],[-83.269458000072945,30.779260000328264],[-83.269658999914384,30.780379000047077],[-83.269878000197508,30.781433999666159],[-83.270068000168294,30.782477000006047],[-83.270250999568105,30.783440999713687],[-83.270571000133543,30.785132000363454],[-83.270767999777036,30.786188999871392],[-83.27079999956409,30.786362000219889],[-83.271023000045176,30.787590000261613],[-83.271131000000196,30.78818299998861],[-83.271177999855865,30.788383999796331],[-83.271245999627936,30.788784000202327],[-83.27147499995678,30.790033000369995],[-83.271588999759601,30.790667999795605],[-83.271701999737502,30.791249000099839],[-83.271931000066374,30.792481999933614],[-83.272155000372351,30.793692999923909],[-83.272245999710634,30.794186000005705],[-83.272389999650684,30.794867999939321],[-83.272398999871513,30.794915000073317],[-83.27246900019172,30.795301000189905],[-83.272545000359699,30.795791999623773],[-83.272550000382566,30.795822999909383],[-83.272613000131756,30.79614299968414],[-83.272921000103324,30.797860000172644],[-83.273058000370682,30.798567000265169],[-83.273116999921911,30.798871999759317],[-83.273399999779116,30.800349999919572],[-83.273530000373796,30.801068000263022],[-83.273558999787781,30.801235000058703],[-83.273609999841412,30.801521000356225],[-83.273640999803547,30.80170900008817],[-83.273696999880045,30.802041000259834],[-83.273768000025157,30.80242800029994],[-83.27383800034535,30.802841999945429],[-83.273865000109538,30.802999999887863],[-83.273978000087439,30.803532999999472],[-83.274130000423412,30.804250999710881],[-83.274190999624452,30.804570000007526],[-83.274203000218336,30.804641000011753],[-83.274293999556619,30.805175000242329],[-83.27440900008267,30.805759999876056],[-83.274657999604685,30.807115000161073],[-83.274736000320814,30.807536999942482],[-83.274923999743478,30.808524999695926],[-83.275213000346795,30.810092999995423],[-83.275421999685847,30.811163999854077],[-83.275502000051787,30.811604999910998],[-83.275593000288382,30.812104000034136],[-83.275676999953973,30.812535999898166],[-83.275706000266297,30.81274000012311],[-83.275733000030471,30.812850000284012],[-83.275818000419292,30.813300999858111],[-83.275904999559614,30.81383499979291],[-83.275947000290714,30.814251000172952],[-83.275955999613231,30.814429000263729],[-83.275964000009154,30.81483500023344],[-83.275958999986273,30.81500000030082],[-83.275932000222099,30.815368000271704],[-83.275893999688947,30.815727000167822],[-83.275863999551731,30.81591800019967],[-83.275824000267079,30.816112000166381],[-83.27571600031203,30.816533999774741],[-83.275705000441377,30.816573999670666],[-83.275692999847507,30.816617999691246],[-83.275548000082537,30.817126999919321],[-83.27552700016615,30.817202999855322],[-83.275510000447696,30.817263000046545],[-83.275362000309713,30.817782999619443],[-83.275271000073104,30.818074999771344],[-83.275256000004475,30.818180999918578],[-83.275220000019488,30.818255999966695],[-83.274999000086538,30.818983999694254],[-83.274984999842857,30.819075999860491],[-83.274936000337348,30.819248999649375],[-83.274844000275849,30.819532000121598],[-83.274778999978523,30.819773000051583],[-83.274739999620451,30.819919999721606],[-83.27459900005347,30.820379000013997],[-83.274377000295601,30.821146000359843],[-83.27431000034845,30.82139199983213],[-83.27428100003614,30.821740000361348],[-83.274298999579486,30.822135000336196],[-83.274696999962757,30.822890000132304],[-83.274794000047152,30.823073000060713],[-83.275127000133068,30.823703999647549],[-83.275311000256082,30.824053000048966],[-83.275355999563601,30.824141999924056],[-83.275411999640099,30.824255000201312],[-83.275482999785211,30.824407000303093],[-83.27550799989956,30.824466000089974],[-83.275532000189017,30.824544999669435],[-83.275558000128285,30.824691999748946],[-83.275567000349113,30.824841999645358],[-83.275585999717379,30.824973000098584],[-83.275620000052569,30.825151000375055],[-83.275552000280499,30.825376000213328],[-83.275558000128285,30.825699000324537],[-83.27557099964875,30.825859999713884],[-83.275568000174033,30.826256999967658],[-83.2755730001969,30.826480999788679],[-83.275604999983955,30.826601000111445],[-83.275660000235533,30.826710000088276],[-83.27582599991689,30.827011999752674],[-83.276429000339547,30.828146999946608],[-83.276450000255949,30.828185999911906],[-83.276456999928655,30.828199999875842],[-83.276738999960969,30.828729999872962],[-83.276836999870255,30.828916000156411],[-83.276853999588695,30.828948000268404],[-83.276904999642298,30.829045000253355],[-83.276984000183347,30.829196000003122],[-83.277138999994037,30.829475000096039],[-83.277236000078432,30.829649000141551],[-83.277441999942738,30.830186999776817],[-83.27762299969271,30.830085000120601],[-83.277879999610661,30.830788000337726],[-83.277989000288912,30.831085000285924],[-83.278478999835372,30.83202700001079],[-83.278627999798275,30.832314000107431],[-83.278992999671274,30.833029999787222],[-83.279097000326672,30.833235999785224],[-83.279139999984352,30.8333379999501],[-83.279172999596327,30.833463000064825],[-83.279205000281692,30.833641999692695],[-83.279273999878654,30.834200999880625],[-83.279325999757191,30.834531999944858],[-83.279340999825806,30.834672000264664],[-83.279386000031664,30.835074000125189],[-83.279463000024549,30.83569400034682],[-83.279586000048198,30.83665500033441],[-83.279610000337641,30.836882000241264],[-83.279687000330526,30.83749499989294],[-83.279750000079716,30.838037000309686],[-83.279821000224842,30.838578999979347],[-83.279889999821819,30.839135999964132],[-83.279916999585993,30.839386000354573],[-83.27993900022561,30.839539000013101],[-83.280059999701137,30.840505999940135],[-83.280077000317888,30.840727000131562],[-83.280115999777621,30.841501999639057],[-83.280135999869103,30.841733999868566],[-83.280155999960584,30.842043000214179],[-83.280157999610424,30.842282000018631],[-83.280212999862002,30.843178000069372],[-83.280228999755522,30.843567999638537],[-83.280258000067832,30.844008000176263],[-83.28028599965694,30.844634000142062],[-83.280314000144344,30.845069000374334],[-83.280376000068614,30.846074999739425],[-83.280388999589107,30.846438000175617],[-83.280443000015765,30.847493000283997],[-83.280490999696354,30.84838600018103],[-83.280509000138025,30.848719999972143],[-83.28053900027524,30.849466000312244],[-83.280592999803602,30.850688999950361],[-83.280658000100928,30.851613000189847],[-83.280689999887969,30.852206000358166],[-83.28071099980437,30.852687000349484],[-83.280793999645056,30.854369999721211],[-83.280838999850886,30.855281999756926],[-83.280851000444784,30.855728000244323],[-83.280867000338304,30.856417000298713],[-83.280863999965248,30.856782999970907],[-83.280518000358839,30.856824000255909],[-83.280203999641174,30.856840999710673],[-83.279731999638074,30.856860000322474],[-83.278570999896871,30.856919000209491],[-83.277717000302346,30.856955999662659],[-83.277492000171463,30.856946000041116],[-83.277267000040567,30.856958000049548],[-83.277166999583116,30.856974000058429],[-83.277057999803176,30.856972999865175],[-83.276486000240965,30.856998000066753],[-83.274461999786126,30.857079999664279],[-83.272588000017393,30.857161999962866],[-83.272310000183055,30.857171000141875],[-83.271214999665773,30.857220999664126],[-83.270709000225821,30.857244000191322],[-83.270514000232154,30.857253000362576],[-83.270018999764488,30.857274999920882],[-83.268926999620291,30.857319999983108],[-83.266699999674145,30.857411999650466],[-83.266212999602431,30.857459000024786],[-83.265979000149031,30.857472000157085],[-83.265593000359644,30.857477000326146],[-83.265023000447258,30.857502999812944],[-83.264153000060887,30.8575260002725],[-83.263501999957654,30.857556999910891],[-83.263378000109086,30.857559999701227],[-83.262920000349681,30.857588999726101],[-83.262466999714832,30.85763999998796],[-83.262213999994827,30.857675999748135],[-83.261905000198368,30.857725999778268],[-83.261597000226786,30.857786000088421],[-83.261269000163722,30.857865000002601],[-83.260982000108555,30.857943999851724],[-83.2606199997103,30.85804800033474],[-83.260536000044709,30.858077999622605],[-83.260248999989528,30.858180999779634],[-83.260151999905162,30.858228999957287],[-83.260024999683552,30.858278000290536],[-83.25968699957474,30.858433000251352],[-83.259263000150526,30.858633000178877],[-83.259075999654456,30.858729000057608],[-83.258936999737287,30.85879200026314],[-83.258812999888733,30.858863999676245],[-83.258628999765719,30.858961999668807],[-83.258540999902166,30.859003999965402],[-83.258462000259456,30.859042000328099],[-83.258418999703437,30.859063000075619],[-83.258099000036296,30.859249000172383],[-83.257781000018966,30.859455000173615],[-83.257042999877086,30.859885000239931],[-83.256688000049849,30.860090000256303],[-83.256462999918966,30.860221999794092],[-83.256154999947384,30.860405000254865],[-83.25603000027391,30.860478000155791],[-83.255877000113045,30.860561000017867],[-83.254590999800072,30.861313000139372],[-83.25451999965496,30.861355000177326],[-83.254488999692811,30.861372999747335],[-83.250040999648334,30.86397199977948],[-83.24849900014064,30.864869000134313],[-83.247150999903397,30.865660999882085],[-83.246888000137645,30.865831000217263],[-83.246479999708654,30.866114999914245],[-83.24611900003363,30.866409999813637],[-83.245763000381473,30.866736000102474],[-83.245319999792386,30.867157999974719],[-83.244552000411588,30.867902000150604],[-83.243780999759423,30.868664999763979],[-83.243290000388058,30.869125999913763],[-83.242731000346325,30.869677000271718],[-83.242567000314779,30.869844000247252],[-83.242395999712244,30.870016000218072],[-83.241542999942638,30.870834000346392],[-83.241315000337011,30.871054000007806],[-83.23913699989636,30.873151000304713],[-83.238991000306484,30.873279000270973],[-83.238385000409082,30.873859999631165],[-83.236913000323284,30.875294000316917],[-83.236790000299621,30.875411999725355],[-83.235741999638037,30.87641799998141],[-83.235416999948029,30.876709999819351],[-83.235180000121559,30.876906000225457],[-83.234922000378702,30.877099000280733],[-83.234636000148427,30.877293999909849],[-83.234221000046745,30.877561999911062],[-83.234119999764403,30.877620000186639],[-83.234078999756505,30.877643999652364],[-83.233512000217175,30.877941000252907],[-83.233360999706122,30.878012999932793],[-83.232851999893086,30.878228000218215],[-83.232254000391592,30.878441000082688],[-83.231126000262378,30.878826999788817],[-83.230956000383074,30.878885000069594],[-83.228372000061555,30.879767000306344],[-83.228069000112853,30.879872000197526],[-83.226540000125638,30.880401000035846],[-83.224924999924681,30.880949999672431],[-83.224056000261569,30.881247999987682],[-83.223075000445419,30.881584000054122],[-83.22241699977117,30.881810000083046],[-83.222334999755404,30.881838999710371],[-83.220461999811604,30.882480999794055],[-83.21969199988267,30.882739999844311],[-83.219133999665829,30.882935000327993],[-83.217690000067435,30.88343199978555],[-83.217321999821394,30.883573000342551],[-83.217096999690497,30.88366700008465],[-83.216879000130604,30.883770999642632],[-83.216582999854595,30.88392999966036],[-83.216291999601452,30.884101999789713],[-83.216072000391748,30.884245999857711],[-83.215808999727699,30.884437999868585],[-83.214560000122972,30.885420000355339],[-83.212655000392132,30.886906999816794],[-83.211143000123329,30.88809900002617],[-83.207090000089067,30.891266999708645],[-83.204333000413513,30.89343300030556],[-83.200645000252223,30.896313999642292],[-83.198510000367591,30.897983999929217],[-83.196926000128784,30.899229999982541],[-83.195763999664379,30.900137999669116],[-83.189013000404103,30.905419000273909],[-83.188070000222794,30.906143000299966],[-83.187797000411322,30.906362000124272],[-83.187528999724407,30.906584999690946],[-83.187082999660575,30.906933000188651],[-83.184885000026753,30.908648999713826],[-83.181884999778646,30.911002000364672],[-83.17663500001818,30.915106000337531],[-83.171924000207966,30.918792000285464],[-83.169166999634101,30.920949999925245],[-83.167194000131175,30.922493999865207],[-83.165660000121093,30.923690000374918],[-83.163948999660676,30.925033000162717],[-83.162361000122232,30.926269000123991],[-83.160554000300664,30.927688000133827],[-83.158852999886008,30.929014999728121],[-83.155569999780681,30.931582000064022],[-83.151628999899387,30.934666000200298],[-83.151026000375026,30.935135999860893],[-83.150726999725975,30.935369000075347],[-83.148561999704128,30.93705800002536],[-83.147905999578001,30.937579000330132],[-83.143614000067444,30.940926999865525],[-83.140993999760923,30.942969000186793],[-83.137964000273911,30.945342000254076],[-83.135575999770964,30.947211999809653],[-83.135412999564352,30.947340000137693],[-83.133270000182122,30.949011000372572]]},"properties":{"BASENAME":"31","NAME":"State Rte 31","MTFCC":"S1200","RTTYP":"S","OID":"1106087286514"}},{"type":"Feature","geometry":{"type":"LineString","coordinates":[[-83.135273999647183,30.702796999973348],[-83.135598000410596,30.702764000118965],[-83.135728999931843,30.70275099991575],[-83.138239999560099,30.702479000134439],[-83.138642999966237,30.702440999660958],[-83.139623999782373,30.702333999954675],[-83.144255999949863,30.701848000170912],[-83.145384999903996,30.701708000363901],[-83.145578000247838,30.701670999851345],[-83.145856999907096,30.701626000294343],[-83.1463919996594,30.7015279997619],[-83.146902000195652,30.701419000053711],[-83.147551999575668,30.701258000160248],[-83.148194000356398,30.701075999722125],[-83.148621999978573,30.700945999971463],[-83.148800000253814,30.70088599984922],[-83.148857999980137,30.700867000073028],[-83.149370000166215,30.700682999892727],[-83.149757999605413,30.700533999770844],[-83.150306999601412,30.700313000239447],[-83.151961999985318,30.699577000139236],[-83.153378999819552,30.698927000351038],[-83.156236999777448,30.697631999986438],[-83.157585999839611,30.69701299989033],[-83.157805000122707,30.696915000080111],[-83.158279999600552,30.696736000122534],[-83.158457999875793,30.69661900019091],[-83.163222000287774,30.694456000327673],[-83.163871999667791,30.694134000212561],[-83.164511000075478,30.693786999639197],[-83.165885000251976,30.693021999754144],[-83.166399000087893,30.692747999645455],[-83.166732999998729,30.692581999714378],[-83.167291000215556,30.692328999768197],[-83.167733999906346,30.692140999622993],[-83.168364999918111,30.691890999618735],[-83.168754999905445,30.691743999789804],[-83.171977999736313,30.690562999698546],[-83.172556000044651,30.690351999693437],[-83.174360000391474,30.689680000294373],[-83.174720000241578,30.689549999870579],[-83.174824999823571,30.689507999696282],[-83.175029999862986,30.689414999631488],[-83.175256999643693,30.689300000108602],[-83.175443000314857,30.689196000146712],[-83.175742999890517,30.689008999703201],[-83.17596999967121,30.688856000054034],[-83.176070000128661,30.688779000325681],[-83.176342999940132,30.688556999741834],[-83.176556000375456,30.688366000313323],[-83.176831999661673,30.688092999754222],[-83.17698200034782,30.687904999856922],[-83.177127000112776,30.687737000049943],[-83.177351000418753,30.687431999979591],[-83.177496000183709,30.687195000123459],[-83.177654000367454,30.686902000262993],[-83.177806999630022,30.686563999886392],[-83.177856000033827,30.686438000046561],[-83.178297999899698,30.685054000327835],[-83.178622999589706,30.684031000025659],[-83.178728000070009,30.683704999643492],[-83.179088999745034,30.683933999844491],[-83.179345999662971,30.684076999735048],[-83.179499999648769,30.684154000123254],[-83.179662999855381,30.684230000004714],[-83.179898000032026,30.684331000120544],[-83.180206999828513,30.684441999927145],[-83.180568000401848,30.684561000051353],[-83.180802999680168,30.684624000057735],[-83.181076000389965,30.684691000240157],[-83.181478000072872,30.684780999674018],[-83.182321999621649,30.684974999782234],[-83.183165000243832,30.685167999837553],[-83.183653999965387,30.685281000323339],[-83.184273000281564,30.68542000034984],[-83.184613999865121,30.685496999667038],[-83.185244999876872,30.685643000079843],[-83.186208000149662,30.685864999639044],[-83.186860000077814,30.686016000084521],[-83.187681999885285,30.686207000299493],[-83.187819999977535,30.686236000254599],[-83.188081000093447,30.686292999714791],[-83.188346000407321,30.686354999712783],[-83.188519999586291,30.68640000020979],[-83.188945999558641,30.686512000377096],[-83.189285000390655,30.686592999734259],[-83.1901399998101,30.686791000194404],[-83.19031300006246,30.686826999813043],[-83.190514999728833,30.686863000190783],[-83.190556999561622,30.686870000026666],[-83.190954999944879,30.68693000036459],[-83.191185999923562,30.686952999917672],[-83.191305999574169,30.686954999979335],[-83.191422999750031,30.686946999732502],[-83.191564000215337,30.686931999654188],[-83.192463999840612,30.686935000133523],[-83.192714000085871,30.686913000221079],[-83.192960999958075,30.686880000343084],[-83.193595000342881,30.686778000157126],[-83.193736999734782,30.686754000143125],[-83.194172999752865,30.686679999998145],[-83.194482000447678,30.686633000335899],[-83.19474299966528,30.686600000362205],[-83.194932999636066,30.686583999809056],[-83.195124000330097,30.686576000303955],[-83.195505000096617,30.686570000095351],[-83.195885999863108,30.686583000160642],[-83.196312999660364,30.686625000062389],[-83.196387000178532,30.686636999699903],[-83.196736999982903,30.686690999981547],[-83.197090000160316,30.686761999633468],[-83.199302000037832,30.687270999928828],[-83.199369999809889,30.68716500004151],[-83.199405999794905,30.687119999901057],[-83.199436999757054,30.687093000270277],[-83.199496000206594,30.687039999857156],[-83.199666000085898,30.686911999803559],[-83.199789999934467,30.686817999909632],[-83.199847999660804,30.686774000026428],[-83.200107000126877,30.686585999878286],[-83.20040099985475,30.686385000046414],[-83.20070200015364,30.686192000106161],[-83.200947000376004,30.686047000177467],[-83.201200000096009,30.685910000364373],[-83.201458999663785,30.685780999928511],[-83.201749999916913,30.685645000168652],[-83.202047000017842,30.685518000242638],[-83.202459999571403,30.685354999995525],[-83.202883000069008,30.6852110000175],[-83.2032350004215,30.68511200014947],[-83.203591999898578,30.68502799978382],[-83.203935999855162,30.684955999964075],[-83.204018999695833,30.684939000245553],[-83.204448000041239,30.684863000149591],[-83.205541999835276,30.684691000240157],[-83.207778000002236,30.68434700027456],[-83.209876000076932,30.684016999941853],[-83.209983000207046,30.684000999733144],[-83.210283999607626,30.683952999863816],[-83.211211999720305,30.683806000308511],[-83.212324999780918,30.683629999800338],[-83.212822999723286,30.683552000087069],[-83.213201000015061,30.683492999648045],[-83.213349000153073,30.683470000043272],[-83.213976999791782,30.683370000253582],[-83.214357999558288,30.683302999927097],[-83.214828999736483,30.683215000027264],[-83.214909000102423,30.683195999862807],[-83.215160000172602,30.683139999803529],[-83.21548499986261,30.683051999755079],[-83.215842000237984,30.682942000354405],[-83.216192000042355,30.682819000258085],[-83.216563999588018,30.682668999909716],[-83.217428999951508,30.682333000323474],[-83.219865999959936,30.681363999949276],[-83.220348999833689,30.681176000083514],[-83.220756000437774,30.681018000307766],[-83.222040000202611,30.680501000261589],[-83.222301000318524,30.680396000380256],[-83.222403000425771,30.680356000285062],[-83.22281299960629,30.680192000107954],[-83.223077000095245,30.680086999890676],[-83.223507000265556,30.6799149999724],[-83.223587999558092,30.679882999738236],[-83.223899999727635,30.679761000100058],[-83.224416999936565,30.679559999967498],[-83.224628999648672,30.67948299977898],[-83.224846000281971,30.679415999845979],[-83.22506200019204,30.679359000189201],[-83.22545899985208,30.679244000277802],[-83.226138000442731,30.679174999956167],[-83.226387999789665,30.679157000267292],[-83.226468999980511,30.679151000370204],[-83.226800000416631,30.679138999802404],[-83.227098000342465,30.679141999751362],[-83.22739500044338,30.679160999940869],[-83.227667000429932,30.679188999969426],[-83.227935000218551,30.679230999997035],[-83.228838000216868,30.679407000024359],[-83.229935000383946,30.679623000146314],[-83.232152000284358,30.680061000326933],[-83.234251000183946,30.680478999655787],[-83.234811000050613,30.680589000316925],[-83.235200000213041,30.680672000199152],[-83.235586999827333,30.680767000376989],[-83.235934999981879,30.680868999959657],[-83.236480999604822,30.681045999797909],[-83.236731999675001,30.681134000129212],[-83.236992999790886,30.681236000096881],[-83.237551000007713,30.681475999777561],[-83.237849999758481,30.681614000173678],[-83.238351999898811,30.681865000220622],[-83.239119000353,30.682271999753521],[-83.23957799993731,30.682514999793831],[-83.239722999702266,30.68259300034477],[-83.240223000192785,30.682861999938979],[-83.241936000303028,30.683766000080752],[-83.24229000030536,30.683943000016722],[-83.242651999805275,30.68410900012455],[-83.243159999793392,30.684312999847581],[-83.243683999675028,30.684486999770652],[-83.244220999975468,30.684638999722118],[-83.244769999971467,30.684758000376039],[-83.245209000362621,30.684828999904365],[-83.245651000228492,30.684875999672165],[-83.246225000338839,30.684916999878315],[-83.246800000274106,30.68494299967972],[-83.248602999897727,30.684983000192457],[-83.25443900036241,30.685107999949739],[-83.255111000382058,30.685117000012536],[-83.256144000076731,30.685132000372899],[-83.257369000290339,30.685137000234935],[-83.258617000070146,30.68512600007449],[-83.260970000412982,30.685084000293184],[-83.262043000290618,30.68507100002612],[-83.26263599976923,30.685055999656289],[-83.262829000113072,30.685050999790054],[-83.266158000249177,30.684992999931779],[-83.267556999641741,30.684972000014479],[-83.268559000272575,30.6849510000926],[-83.26934799956976,30.684946000220872],[-83.270368999568873,30.684958000067056],[-83.271252000374034,30.684983000192457],[-83.271649000034074,30.685001000340527],[-83.272291999741384,30.685041000056675],[-83.273705000275967,30.685140999660899],[-83.274846999750565,30.685226000363247],[-83.27582500009197,30.68529799998165],[-83.276290000422392,30.68532000026207],[-83.276564999883689,30.685327999871173],[-83.276968000289799,30.685332999723119],[-83.277553000270828,30.685334000156949],[-83.279094999778522,30.685309000122491],[-83.280377999718453,30.685297000319927],[-83.281284999914732,30.685297000319927],[-83.282191000286105,30.685309000122491],[-83.284089000344252,30.685354000334403],[-83.284526000187256,30.685364000035293],[-83.285886999944992,30.685396999658959],[-83.287436999848623,30.685429000383554],[-83.28770600036043,30.685439999736914],[-83.287974999973954,30.685457000139728],[-83.288200999929757,30.685475999859342],[-83.288655000389525,30.685530999677034],[-83.288882999995153,30.685568000196998],[-83.289130999692276,30.685615000377609],[-83.289377999564465,30.685667000370017],[-83.289686000434372,30.685742999833145],[-83.289873999857022,30.68579899992779],[-83.290195000247394,30.68590800028106],[-83.29048300012748,30.686016999738786],[-83.290634999565128,30.686083999727082],[-83.291246000383723,30.686378000175431],[-83.292227000199858,30.686861999772802],[-83.292870999732088,30.687173000270263],[-83.293187999924513,30.687316999639631],[-83.293577000086927,30.687481999715231],[-83.293926999891298,30.687617999977554],[-83.294398999894398,30.687794000168982],[-83.294896999836766,30.687965000324155],[-83.295614000062258,30.688184999915674],[-83.296154999662335,30.688335999822726],[-83.2966590003508,30.688464000305952],[-83.296897999827081,30.688518000338174],[-83.297517000143287,30.688643999780943],[-83.299354000102099,30.689006000060775],[-83.300539999957621,30.689261999853244],[-83.300748000370092,30.689314999819],[-83.301144000205227,30.689430999715455],[-83.301330999802943,30.689493999634077],[-83.301519000123932,30.689563000307064],[-83.301703000246945,30.689638000176565],[-83.301888000194879,30.68972199962133],[-83.302068000119931,30.689811000158013],[-83.30225399989277,30.68991100022917],[-83.302436000365972,30.690015999806164],[-83.302811000284692,30.690248000092414],[-83.303704000237261,30.690832999867062],[-83.30415899962361,30.691147000280569],[-83.304782999962697,30.691596999736998],[-83.304967999910616,30.691741999827364],[-83.305742000037526,30.692384999905006],[-83.30635100030797,30.692923999753884],[-83.307178000138322,30.693642999878659],[-83.307373000131989,30.693816999980665],[-83.3076130003315,30.694030999622694],[-83.307727000134321,30.694130999956908],[-83.308267999734383,30.694602999888762],[-83.308415999872381,30.694723000184229],[-83.308702000102656,30.694935000238576],[-83.308839000370014,30.695027000059021],[-83.308989999982757,30.695120999684178],[-83.309143999968541,30.695211000209234],[-83.309436999871494,30.695367000044985],[-83.309897000179049,30.695598999829549],[-83.31111599964656,30.69619399974118],[-83.312336999662193,30.696805000253363],[-83.312740999893222,30.697024999781398]]},"properties":{"BASENAME":"376","NAME":"State Rte 376","MTFCC":"S1200","RTTYP":"S","OID":"1106087286756"}},{"type":"Feature","geometry":{"type":"LineString","coordinates":[[-82.46951399956211,30.584876999795316],[-82.469756000309758,30.585094999775286],[-82.470521000215825,30.585837000304235],[-82.470948000013081,30.586199000383129],[-82.471845999988545,30.586910000033843],[-82.472263999564973,30.587217999845116],[-82.472473999627255,30.587355000295286],[-82.472912000193489,30.587640000267101],[-82.472954000026277,30.587659999772377],[-82.473419000356685,30.587966999625785],[-82.475064999621466,30.588796999892811],[-82.47723399984126,30.589887000301751],[-82.479398000038216,30.590967999732225],[-82.481554999664141,30.592049000251265],[-82.483688999723839,30.593120000350535],[-82.485857999943676,30.594200000232764],[-82.488212999936309,30.595366000329964],[-82.488351000028572,30.595444000046694],[-82.491508999562114,30.596992999617644],[-82.494949999851201,30.598670000245043],[-82.49564299978725,30.599075999941672],[-82.496007999660236,30.599258999724846],[-82.499335999971422,30.600948000013574],[-82.502617000426923,30.602622000221256],[-82.504082999766624,30.603339999698896],[-82.504550999571777,30.603569000063771],[-82.505384999973131,30.604020000293307],[-82.506159999924932,30.604555999698896],[-82.506303999864983,30.604700999702064],[-82.506560999782934,30.604932000154552],[-82.506934000051828,30.60530100036711],[-82.507308999970562,30.605766000085143],[-82.507580999957128,30.60618399977038],[-82.508085999572188,30.607055000164383],[-82.508457000191257,30.607790000173956],[-82.509388999603601,30.609634000330264],[-82.51073900038898,30.612251999895157],[-82.511624999770561,30.613914000174113],[-82.511825999612014,30.614289999862123],[-82.512105999994489,30.614814000364102],[-82.512561000279163,30.615713999919535],[-82.513193000115834,30.61696200014806],[-82.513426999569262,30.617423999992134],[-82.514739999646409,30.619995000381344],[-82.516015999913634,30.622605000254442],[-82.516707000199844,30.623917999751281],[-82.517364999975797,30.62516799991548],[-82.51871400003796,30.627737999984365],[-82.520034999612719,30.630300000300771],[-82.521339000367348,30.632855000149657],[-82.522650999721264,30.635440999873708],[-82.523234999877374,30.636580999978264],[-82.523983000064987,30.638043000130644],[-82.525323999731228,30.64067700004993],[-82.526627999587561,30.643263000129821],[-82.527959999931298,30.64584899985007],[-82.528211999826368,30.646348000211965],[-82.529283000054178,30.648459000234524],[-82.529909999867968,30.649688000338223],[-82.530025000394019,30.649910999860417],[-82.530191999900282,30.650239999976932],[-82.530539000229922,30.650919000311816],[-82.531915999881178,30.653489000229211],[-82.53207700043798,30.65376499963822],[-82.532510000083008,30.654450999812887],[-82.532921999811663,30.654921999732245],[-82.53337100024855,30.655409999956699],[-82.533953999681415,30.65600300026934],[-82.535026999559065,30.657008999889094],[-82.536711000255281,30.658588000111031],[-82.539484999649289,30.661163999617695],[-82.542186000146643,30.663701999742067],[-82.543519000315285,30.664951999645471],[-82.544868000377448,30.666216999813216],[-82.546551000350462,30.66774999975868],[-82.549251000124613,30.670232000164539],[-82.551482000268706,30.672373999985773],[-82.55256400036717,30.673394000021815],[-82.553935999995545,30.674591999955855],[-82.554237000294435,30.674847000334754],[-82.554353999571987,30.674992000083286],[-82.55452199980148,30.675238999734578],[-82.554633000129556,30.675346000116289],[-82.55477100022182,30.675509000260529],[-82.555260999768265,30.675984000112333],[-82.556379999676651,30.677152000270802],[-82.556814000044923,30.677655999982715],[-82.558490000345245,30.679340000038572],[-82.559014000226881,30.679934999727081],[-82.559456000092766,30.680431000353359],[-82.560020999982285,30.680998000004784],[-82.560232999694392,30.681215999839061],[-82.560528999970401,30.681521999931505],[-82.5608879999956,30.681949000247634],[-82.561112000301577,30.682276000070726],[-82.561120999624094,30.682286000090386],[-82.561436999991585,30.68283499989008],[-82.561677000191125,30.683356000073889],[-82.561794000366973,30.684047999904049],[-82.56181500028336,30.685018999712732],[-82.562370999952066,30.685013999844525],[-82.563407000019765,30.685004999772111],[-82.563932999551227,30.685006999874126],[-82.564470999676587,30.685006000209405],[-82.565527999660688,30.685017000383514],[-82.565695000065261,30.685022000251514],[-82.566064000136222,30.685034000088248],[-82.570035999979623,30.685075000227311],[-82.571301000376209,30.685050000125777],[-82.572479999660743,30.685100999986176],[-82.572918000226977,30.685119999775786],[-82.573066000364975,30.685126999737992],[-82.573883999974484,30.685062999623124],[-82.574780000300109,30.68499500003405],[-82.575593999711671,30.684900999818812],[-82.5761879999135,30.684787999660852],[-82.577081999691003,30.68462199994778],[-82.580861999913793,30.68373799983415],[-82.582861000254312,30.68332799970846]]},"properties":{"BASENAME":"94","NAME":"State Rte 94","MTFCC":"S1200","RTTYP":"S","OID":"1106087244893"}},{"type":"Feature","geometry":{"type":"LineString","coordinates":[[-82.864368000301539,31.034144000204666],[-82.864323999920614,31.035270000166026],[-82.864308999851986,31.038109000289069],[-82.864287999935598,31.040470999685564],[-82.864231999859086,31.040817999814973],[-82.863953000199828,31.041933000038014],[-82.86380300041202,31.042593000091689],[-82.863760999680906,31.043265999693258],[-82.863837999673791,31.044209999971816],[-82.863861999963248,31.044595000072864],[-82.863856000115476,31.045659999667343],[-82.863876000206943,31.04633699968241],[-82.863981999613841,31.04725200006758],[-82.864139999797587,31.048296999933601],[-82.86427500041512,31.049459999906979],[-82.864411999784153,31.050666999703271],[-82.864708000060162,31.05174100018473],[-82.864949999909499,31.052558000148039],[-82.865312000307753,31.053771999926116],[-82.865580000096344,31.054642000101126],[-82.865796000006412,31.055447999715867],[-82.866062999970111,31.056274999727354],[-82.866303999994528,31.057081000130108],[-82.866559000262654,31.058577000345036],[-82.866710999700302,31.059298000082158],[-82.866868999884062,31.060331999750815],[-82.866965000143523,31.060772999992867],[-82.867100999687636,31.061310000118382],[-82.867234999581939,31.061729000224513],[-82.867531999682868,31.062177999909519],[-82.867966999876046,31.062668000290326],[-82.868088000249884,31.062869999976375],[-82.868397000046357,31.063030000093736],[-82.868686999576269,31.063231000205963],[-82.869064000043124,31.06347300005325],[-82.869315999938209,31.063616000303117],[-82.869750000306482,31.063866000331181],[-82.871516000120167,31.064794000321378],[-82.872918999710677,31.065550000297357],[-82.873978000242928,31.066101999708657],[-82.874594000186093,31.066409000152667],[-82.874990000021199,31.066610000049433],[-82.875539000017199,31.066831999797799],[-82.876202999640938,31.067084999977876],[-82.876404000380703,31.067154000120091],[-82.878222999897829,31.067779000331779],[-82.879520000081456,31.068205000144857],[-82.879837000273852,31.068282000263274],[-82.880192000101104,31.068343000292877],[-82.880377000049023,31.068396000274159],[-82.880910000151488,31.068455999941531],[-82.885743000160446,31.068894999651686],[-82.888526999600188,31.069142000346915],[-82.888715999746069,31.069133000117915],[-82.890031000371351,31.069253000023675],[-82.891084999982425,31.06934599992341],[-82.891535000244218,31.069394000258054],[-82.891907999614801,31.069485000232792],[-82.892304000348247,31.069629999691372],[-82.892834999902576,31.069869999636001],[-82.893367000180135,31.070175999956536],[-82.893701000090985,31.070388000234797],[-82.893894000434827,31.070549000282824],[-82.894167000246313,31.070900999772821],[-82.894470000195,31.071312999671679],[-82.89478800021233,31.07179200020839],[-82.895194999918104,31.072474000182169],[-82.896170999711359,31.074055000262806],[-82.896940999640293,31.075255999854566],[-82.897455000374507,31.076076000068223],[-82.897744999904418,31.076584999648468],[-82.897949999943833,31.076736000263434],[-82.898156999633059,31.076948999963982],[-82.898495999566777,31.077190000097193],[-82.898810000284456,31.077380999874205],[-82.89917099995948,31.077540000004102],[-82.89943600027334,31.077637999685543],[-82.899832000108475,31.077765999619778],[-82.900202999829233,31.077831999903225],[-82.900740000129659,31.077854999664826],[-82.902301999728834,31.077801000148821],[-82.903244000085223,31.077777000183151],[-82.904092999656896,31.077846999681512],[-82.904799999836627,31.077934000041306],[-82.90583599990434,31.078209000177544],[-82.906897000086417,31.078554000034789],[-82.908277999935635,31.078994000232555],[-82.910039999551344,31.079547999651837],[-82.911265999589872,31.079949999636558],[-82.912428000054277,31.080320000362995],[-82.913091999678002,31.080576999922208],[-82.913685999879846,31.080842000057245],[-82.915967000252635,31.082075000129141],[-82.917103999704381,31.082731999801332],[-82.917731000416509,31.083056999768292],[-82.919292000190794,31.083993999774783],[-82.920698999979265,31.084954000127269],[-82.921430000448453,31.085449999971882],[-82.922301999586324,31.086057999699385],[-82.92290099981102,31.086474999800661],[-82.923527999624824,31.086859999638435],[-82.924068000298305,31.087124999949296],[-82.924443000217039,31.0872659998338],[-82.924786000348718,31.087355000215158],[-82.92520599957497,31.087442000334516],[-82.925711000088342,31.08748799981721],[-82.926603000216019,31.087508000053656],[-82.928114999586484,31.087504999787672],[-82.929944000047669,31.087518000170256],[-82.931185000154798,31.087519000258805],[-82.931697000340876,31.087557999856937],[-82.932206999978817,31.087680999845745],[-82.932585000270606,31.087772000010158],[-82.933093000258722,31.087970999964714],[-82.933462000329655,31.08816499986327],[-82.933735999966032,31.088321000176421],[-82.934175000357172,31.088581999950168],[-82.934843000178873,31.088998999745705],[-82.937082999645483,31.090360000050186],[-82.937338999738515,31.090515999836818],[-82.937512999815795,31.090618000209776],[-82.937923999719516,31.090860999638988],[-82.940108999832859,31.092271999827322],[-82.940621000018936,31.092644000345061],[-82.941108000090637,31.093048999643443],[-82.941296000411626,31.093196000141244],[-82.942438999711143,31.094451000275289],[-82.943120999776539,31.095252000137187],[-82.944099999942836,31.096351000084027],[-82.944946000039764,31.09730000036749],[-82.945704000273139,31.098219000359077],[-82.945948999597206,31.098421999865533],[-82.946258000292005,31.098654999620685],[-82.948469000344616,31.100117000271954],[-82.949752000284533,31.100963999927288],[-82.950314999625917,31.101344999739396],[-82.951364000112434,31.102052999813008],[-82.952179000247213,31.102589999829966],[-82.952770000075986,31.103025999794632],[-82.953108000184812,31.103298999774921],[-82.953543000377977,31.103785000054454],[-82.954104000069535,31.104454000060141],[-82.954530000041899,31.10492499969634],[-82.954839999663292,31.105256000077674],[-82.956440999620526,31.107098999675244],[-82.957617000328653,31.108470000074149],[-82.957993000072292,31.108973999876074],[-82.958219000028095,31.10935300013788],[-82.958424999892415,31.109855000160604],[-82.958538999695236,31.110376999872702],[-82.95859700031987,31.11074500009607],[-82.958684000358502,31.111286000304883],[-82.958754999605304,31.111686999995651],[-82.959220999760618,31.114089000251781],[-82.95976499973375,31.115990999754153],[-82.960038000443532,31.117016999736734],[-82.960091999971894,31.11721200007355],[-82.960122000109124,31.117417999828547],[-82.960146000398581,31.118588999886992],[-82.96014399985043,31.119120999888331],[-82.960189000056275,31.119445999943981],[-82.960285000315736,31.119846000022786],[-82.960510000446632,31.120363999657467],[-82.960757000318836,31.120685000344576],[-82.961430999988323,31.121541999931353],[-82.963163000365128,31.123589999918739],[-82.963447000047239,31.123873000114646],[-82.96367200017815,31.124223999992044],[-82.963982999624463,31.124824999724989],[-82.96445999965043,31.125913999682119],[-82.964779000390976,31.126744999704808],[-82.96604999973701,31.129430000055159],[-82.966691999619428,31.13069600016151],[-82.969480000155443,31.136199000144568],[-82.969830999784719,31.136703000326019],[-82.969927000044208,31.136884999647918],[-82.970682999729419,31.137708999685376]]},"properties":{"BASENAME":"168","NAME":"State Rte 168","MTFCC":"S1200","RTTYP":"S","OID":"1106087285984"}},{"type":"Feature","geometry":{"type":"LineString","coordinates":[[-83.201144000019511,31.076154000176135],[-83.201650000357802,31.076724000146928],[-83.203100999628887,31.078379000185606],[-83.203705999701398,31.079069999899595],[-83.204545999950525,31.080028999810668],[-83.204617999920544,31.080110999649317],[-83.204900999777763,31.080469000105236],[-83.205207999924426,31.080979000171233],[-83.205257000328231,31.081058000259493],[-83.205339000343997,31.081190000056001],[-83.205412000138935,31.081307999823792],[-83.205612000155469,31.081918000186267],[-83.205653999988257,31.082048000034941],[-83.205751999897558,31.082325000095882],[-83.20580600032423,31.082604999770332],[-83.20583999976111,31.082782999947788],[-83.205844999783977,31.082835000204664],[-83.205864000050539,31.08302600017916],[-83.205884999966941,31.08325099969705],[-83.205886999616766,31.083267000292093],[-83.205912999556048,31.083816999684874],[-83.205803999776094,31.085175000013301],[-83.205767999791092,31.085557000174347],[-83.205726999783195,31.085995000056336],[-83.205631000422031,31.087014999692265],[-83.20556799977453,31.087767000350013],[-83.205504000200435,31.088871000322307],[-83.205546000033237,31.089615999674368],[-83.205602999934655,31.09020900030859],[-83.206321999809958,31.093482000248798],[-83.206741999934522,31.095414999622033],[-83.20722499980829,31.097516000083356],[-83.207497999619733,31.098770000098046],[-83.208346000264797,31.102275999790546],[-83.208506999923301,31.102917000183449],[-83.208604999832588,31.103385999907985],[-83.208795999628293,31.104411999974214],[-83.209881000099813,31.109283000006627],[-83.210779999900168,31.113310999697362],[-83.212111000419,31.118870000098795],[-83.212472999918916,31.120600999903129],[-83.21315199961127,31.123852999845912],[-83.213821999981079,31.126874000046783],[-83.214326999596153,31.129150999654946],[-83.214997999790896,31.132148999881043],[-83.215580000297152,31.134748999722653],[-83.216599999573035,31.139174999851051],[-83.217182999904225,31.141701999932771],[-83.21735799980641,31.142457999926258],[-83.217506999769327,31.143067000107973],[-83.217815999565815,31.143955000184153],[-83.218097999598115,31.14455600023107],[-83.218219999796844,31.144857000105901],[-83.21904499997737,31.146510999665182],[-83.219532000049085,31.147469999693055],[-83.21960900004197,31.147622000073515],[-83.220851999798938,31.150071000222827],[-83.220893999631741,31.150156000136345],[-83.224411000088793,31.15718100029698],[-83.226320000017594,31.160958999844773],[-83.229100999982606,31.16647100002287],[-83.230272999594433,31.168792999630604],[-83.233083999696689,31.174382999876311],[-83.233537000331538,31.175261999975053],[-83.233862000021546,31.175778999797892],[-83.234253999658705,31.176381000087297],[-83.234662999912615,31.176962999797812],[-83.235077000189392,31.177502999768819],[-83.2353869998108,31.177872999906725],[-83.235540999796569,31.178040999928257],[-83.2358589998139,31.178388000278051],[-83.236068999876181,31.178595999898086],[-83.236499000046493,31.179026000109957],[-83.238667000441396,31.181097999656537],[-83.240160000443595,31.18252499986777]]},"properties":{"BASENAME":"Ray City","NAME":"Ray City Hwy","MTFCC":"S1200","RTTYP":"M","OID":"1106087285990"}},{"type":"Feature","geometry":{"type":"LineString","coordinates":[[-83.341768000259236,30.806805000098894],[-83.342684999602952,30.806731000314535],[-83.343977999588617,30.806636000059424],[-83.348897999636208,30.806188999864496],[-83.349828000297023,30.806104000135814],[-83.352460000299118,30.805928999913043],[-83.35515800042343,30.805701000172057],[-83.355565000129204,30.805667000116962],[-83.356822999954787,30.80557700013998],[-83.357484999928673,30.805529999818429],[-83.358532999691946,30.805368000339755],[-83.359305999993936,30.805094000237862],[-83.360153999740689,30.804707000131589],[-83.364667999907397,30.802212999869955],[-83.365523000225153,30.80173800001409],[-83.367947999639682,30.800391999631682],[-83.369481999649778,30.799544000198132],[-83.370341999990401,30.799258000190626],[-83.371127999812856,30.799082999847325],[-83.372062999598242,30.799082999847325],[-83.376739000146657,30.799582000183626],[-83.382051999656326,30.800154999748017],[-83.382948999806857,30.800229999979567],[-83.384108999723125,30.800293000005361],[-83.384733000062212,30.800239000095999],[-83.385555999694603,30.800167999926142],[-83.386714999785951,30.799968000078525],[-83.391068000294197,30.798932999850663],[-83.394671999891585,30.798135000099727],[-83.396391999674506,30.797886000376227],[-83.398262999968495,30.797736000054815],[-83.402130000229917,30.797441999733536],[-83.409099999773304,30.796912999985317],[-83.416233000421627,30.796373999881943],[-83.41633800000362,30.796371999775729],[-83.422280999700135,30.795915999934405],[-83.422708000395701,30.795883999620639],[-83.424132999727547,30.795777000278591],[-83.428261000104882,30.795461000307554],[-83.429949999925654,30.795341999729381],[-83.434202000151572,30.795018000106115],[-83.44152200039764,30.794481000326339],[-83.446012000274919,30.794131999752192],[-83.453051000313607,30.793609000028855],[-83.453323000300159,30.793588999932762]]},"properties":{"BASENAME":"221","NAME":"US Hwy 221","MTFCC":"S1200","RTTYP":"U","OID":"1106073055916"}},{"type":"Feature","geometry":{"type":"LineString","coordinates":[[-83.259233000013296,30.809706999877132],[-83.259505999824782,30.809894999796693],[-83.259843000108674,30.810179999871927],[-83.260165000323951,30.810400999664999],[-83.260187999890164,30.810420000213501],[-83.260838000168491,30.810950000354882],[-83.261904000373448,30.811783000275494],[-83.262716000135171,30.812419000175048],[-83.262851999679299,30.81252000019504],[-83.263558000034138,30.813076000275391],[-83.264409999978838,30.81373799987367],[-83.264707000079753,30.813968000342093],[-83.265229000311578,30.814377000314629],[-83.265413000434592,30.814521000163957],[-83.265604000230297,30.814665999660196],[-83.265891000285478,30.814882999721217],[-83.266190000036218,30.815113999620735],[-83.266590999894206,30.815426000356574],[-83.267174000225396,30.81587700018045],[-83.267645000403604,30.816239000027817],[-83.267991000009999,30.816511000289914],[-83.268273000042313,30.81673399985927],[-83.268413999609294,30.816845999755568],[-83.268759000289108,30.817108999763263],[-83.268948000435003,30.817258999932108],[-83.26956900040102,30.817741999624829],[-83.270125999894617,30.818184000168529],[-83.270290999751069,30.818313999850531],[-83.270559000437984,30.818523000032787],[-83.270782000020745,30.818688999757512],[-83.271279999963113,30.819074000226767],[-83.271791000324285,30.819474000201783],[-83.2723279997264,30.819917000297362],[-83.272445999727182,30.820018999955106],[-83.272796000429864,30.820319000226448],[-83.273131999990525,30.820616999959061],[-83.273350000448744,30.820821999792294],[-83.273487999642683,30.820951999760823],[-83.273552999940009,30.821020999637032],[-83.273737999887942,30.821215999891226],[-83.273891000048806,30.821391000039409],[-83.273999999828746,30.821535000173419],[-83.274051999707282,30.821649000222777],[-83.274077999646551,30.821705999811016],[-83.274298999579486,30.822135000336196],[-83.274696999962757,30.822890000132304],[-83.274794000047152,30.823073000060713],[-83.275127000133068,30.823703999647549],[-83.275311000256082,30.824053000048966],[-83.275355999563601,30.824141999924056],[-83.275411999640099,30.824255000201312],[-83.275482999785211,30.824407000303093]]},"properties":{"BASENAME":"Patterson","NAME":"S Patterson St","MTFCC":"S1200","RTTYP":"M","OID":"1106073056005"}},{"type":"Feature","geometry":{"type":"LineString","coordinates":[[-83.241813000279379,30.795446000139066],[-83.241889000447358,30.795522000248575],[-83.243978000301226,30.797644000287143],[-83.244163000249145,30.79779500001883],[-83.247350999919931,30.800421999966026],[-83.248386999987659,30.801280000161892],[-83.24914500022102,30.801853999630211],[-83.251280000105638,30.803471999741287],[-83.251318999565385,30.803502999864712],[-83.251969999668646,30.804019999925877],[-83.252325000394194,30.804301999768981],[-83.252347999960421,30.804320999980373],[-83.253642999595911,30.805350000295068],[-83.253846999810392,30.805522000155371],[-83.254394999981471,30.80594000017453],[-83.256041999969469,30.807226999698681],[-83.256397999621626,30.807499000016172],[-83.257287000274573,30.808189999759815],[-83.258375000220823,30.809035000292642],[-83.259233000013296,30.809706999877132]]},"properties":{"BASENAME":"Patterson","NAME":"S Patterson St","MTFCC":"S1200","RTTYP":"M","OID":"1106073056006"}},{"type":"Feature","geometry":{"type":"LineString","coordinates":[[-83.259233000013296,30.809706999877132],[-83.259505999824782,30.809894999796693],[-83.259843000108674,30.810179999871927],[-83.260165000323951,30.810400999664999],[-83.260187999890164,30.810420000213501],[-83.260838000168491,30.810950000354882],[-83.261904000373448,30.811783000275494],[-83.262716000135171,30.812419000175048],[-83.262851999679299,30.81252000019504],[-83.263558000034138,30.813076000275391],[-83.264409999978838,30.81373799987367],[-83.264707000079753,30.813968000342093],[-83.265229000311578,30.814377000314629],[-83.265413000434592,30.814521000163957],[-83.265604000230297,30.814665999660196],[-83.265891000285478,30.814882999721217],[-83.266190000036218,30.815113999620735],[-83.266590999894206,30.815426000356574],[-83.267174000225396,30.81587700018045],[-83.267645000403604,30.816239000027817],[-83.267991000009999,30.816511000289914],[-83.268273000042313,30.81673399985927],[-83.268413999609294,30.816845999755568],[-83.268759000289108,30.817108999763263],[-83.268948000435003,30.817258999932108],[-83.26956900040102,30.817741999624829],[-83.270125999894617,30.818184000168529],[-83.270290999751069,30.818313999850531],[-83.270559000437984,30.818523000032787],[-83.270782000020745,30.818688999757512],[-83.271279999963113,30.819074000226767],[-83.271791000324285,30.819474000201783],[-83.2723279997264,30.819917000297362],[-83.272445999727182,30.820018999955106],[-83.272796000429864,30.820319000226448],[-83.273131999990525,30.820616999959061],[-83.273350000448744,30.820821999792294],[-83.273487999642683,30.820951999760823],[-83.273552999940009,30.821020999637032],[-83.273737999887942,30.821215999891226],[-83.273891000048806,30.821391000039409],[-83.273999999828746,30.821535000173419],[-83.274051999707282,30.821649000222777],[-83.274077999646551,30.821705999811016],[-83.274298999579486,30.822135000336196],[-83.274696999962757,30.822890000132304],[-83.274794000047152,30.823073000060713],[-83.275127000133068,30.823703999647549],[-83.275311000256082,30.824053000048966],[-83.275355999563601,30.824141999924056],[-83.275411999640099,30.824255000201312],[-83.275482999785211,30.824407000303093],[-83.27550799989956,30.824466000089974],[-83.275532000189017,30.824544999669435],[-83.275558000128285,30.824691999748946],[-83.275567000349113,30.824841999645358],[-83.275585999717379,30.824973000098584],[-83.275620000052569,30.825151000375055],[-83.275552000280499,30.825376000213328],[-83.275558000128285,30.825699000324537],[-83.27557099964875,30.825859999713884],[-83.275568000174033,30.826256999967658],[-83.2755730001969,30.826480999788679],[-83.275604999983955,30.826601000111445],[-83.275660000235533,30.826710000088276],[-83.27582599991689,30.827011999752674],[-83.276429000339547,30.828146999946608],[-83.276450000255949,30.828185999911906],[-83.276456999928655,30.828199999875842],[-83.276738999960969,30.828729999872962],[-83.276836999870255,30.828916000156411],[-83.276853999588695,30.828948000268404],[-83.276904999642298,30.829045000253355],[-83.276984000183347,30.829196000003122],[-83.277138999994037,30.829475000096039],[-83.277236000078432,30.829649000141551],[-83.277441999942738,30.830186999776817],[-83.27762299969271,30.830085000120601],[-83.277879999610661,30.830788000337726],[-83.277989000288912,30.831085000285924],[-83.278478999835372,30.83202700001079],[-83.278627999798275,30.832314000107431],[-83.278992999671274,30.833029999787222],[-83.279097000326672,30.833235999785224],[-83.279139999984352,30.8333379999501],[-83.279172999596327,30.833463000064825],[-83.279205000281692,30.833641999692695],[-83.279273999878654,30.834200999880625],[-83.279325999757191,30.834531999944858],[-83.279340999825806,30.834672000264664],[-83.279386000031664,30.835074000125189],[-83.279463000024549,30.83569400034682],[-83.279586000048198,30.83665500033441],[-83.279610000337641,30.836882000241264],[-83.279687000330526,30.83749499989294],[-83.279750000079716,30.838037000309686],[-83.279821000224842,30.838578999979347],[-83.279889999821819,30.839135999964132],[-83.279916999585993,30.839386000354573],[-83.27993900022561,30.839539000013101],[-83.280059999701137,30.840505999940135],[-83.280077000317888,30.840727000131562],[-83.280115999777621,30.841501999639057],[-83.280135999869103,30.841733999868566],[-83.280155999960584,30.842043000214179],[-83.280157999610424,30.842282000018631],[-83.280212999862002,30.843178000069372],[-83.280228999755522,30.843567999638537],[-83.280258000067832,30.844008000176263],[-83.28028599965694,30.844634000142062],[-83.280314000144344,30.845069000374334],[-83.280376000068614,30.846074999739425],[-83.280388999589107,30.846438000175617],[-83.280443000015765,30.847493000283997],[-83.280490999696354,30.84838600018103],[-83.280509000138025,30.848719999972143],[-83.28053900027524,30.849466000312244],[-83.280592999803602,30.850688999950361],[-83.280658000100928,30.851613000189847],[-83.280689999887969,30.852206000358166],[-83.28071099980437,30.852687000349484],[-83.280793999645056,30.854369999721211],[-83.280838999850886,30.855281999756926],[-83.280851000444784,30.855728000244323],[-83.280867000338304,30.856417000298713],[-83.280863999965248,30.856782999970907],[-83.280874999835902,30.857088999850976],[-83.280877000384038,30.857314999805855],[-83.281027999996766,30.857618999928807],[-83.281072000377705,30.857682000092421],[-83.281105999814585,30.857738999874371],[-83.281315999876867,30.85809999976275],[-83.28148400010636,30.858424000190848],[-83.282134000384687,30.859632000333953],[-83.282288000370485,30.859910999844985],[-83.282370000386251,30.860062999767624],[-83.282531999869633,30.860361999642819],[-83.282623999931147,30.860534999817975],[-83.283147999812797,30.861492000246731],[-83.28367400024257,30.862445999968454],[-83.284018000199154,30.863077999902938],[-83.284059000207051,30.863158000212543],[-83.284147999895481,30.863327000232626],[-83.284458000415214,30.863893000270231],[-83.285098999574402,30.865039000331798],[-83.285639000247883,30.865862000254953],[-83.286324999612916,30.866895999947449],[-83.286424000245432,30.867045000097828],[-83.28671499960025,30.867489999763453],[-83.28737800029738,30.868499000120487],[-83.287461000138052,30.868602999949314],[-83.287491000275281,30.868662000321034],[-83.28802299965453,30.869478000313322],[-83.288395999923438,30.870041000102933],[-83.288544999886341,30.870280000307968],[-83.288729999834274,30.870526000280492],[-83.288910999584246,30.870790999785807],[-83.289125999669395,30.871124000144682],[-83.289607999718257,30.871856999960944],[-83.289955999872788,30.872402999878297],[-83.290067000200878,30.872575999913483],[-83.290262000194531,30.872877000139553],[-83.290500999670826,30.873245000248371],[-83.290820000411372,30.87371900020036],[-83.29106499973544,30.874105999667023],[-83.291185000284358,30.874309000089287],[-83.291759000394705,30.87520900009763],[-83.291827999991696,30.875298000325355],[-83.291913000380504,30.875424999736232],[-83.292026000358391,30.875587999723059],[-83.292161000077613,30.875820999993781],[-83.292212000131244,30.875908999657423],[-83.292270999682472,30.876008999948127],[-83.292375000337856,30.876189000362576],[-83.292470999699006,30.876352999811946],[-83.29268999998213,30.876617000178804],[-83.292793999739189,30.876746000128566],[-83.293105999908747,30.877062000120453],[-83.293213999863767,30.877166999891969],[-83.293403000009661,30.877351000366943],[-83.293721999851883,30.877617000253],[-83.29376200003486,30.877641999697097],[-83.294356000236704,30.878023999643574],[-83.294528999590739,30.878119000176831],[-83.294820999668786,30.878281000236008],[-83.295024999883296,30.878375999743536],[-83.295566000381683,30.87858600014663],[-83.296111000179707,30.878735999822375],[-83.296496999969094,30.878816000170211],[-83.296861999842079,30.878870999792362],[-83.297298999685083,30.878925000189685],[-83.297544999732381,30.878964000329212],[-83.297589000113319,30.878971000075815],[-83.297958000184252,30.87901300008663],[-83.298665000364011,30.87914699970441],[-83.298722000265414,30.879156000132333],[-83.298845000289063,30.879166999711831],[-83.299010999970406,30.879181999907431],[-83.299199000291395,30.879199999984788],[-83.299465000430175,30.87924199989525],[-83.299980999915888,30.879312000219077],[-83.300355999834608,30.879361999758249],[-83.300407999713144,30.879369000246747],[-83.302545999970818,30.879671999865032],[-83.303254999800373,30.879774999949632],[-83.303448999969149,30.879800000372658],[-83.303694000191527,30.879840000110701],[-83.30521499978282,30.880064999675394],[-83.306260999896296,30.880203999889371],[-83.306790999625719,30.880280999932232],[-83.307230000016858,30.880373999871406],[-83.307644000293635,30.880487000223216],[-83.307897000013625,30.880579000015455],[-83.308123999794347,30.880661000258648],[-83.308615999888943,30.880872000223327],[-83.308749999783245,30.880947999786173],[-83.3089370002793,30.881053999867035],[-83.309044000409415,30.881114000224485],[-83.30942600000084,30.881369000360781],[-83.309667000025271,30.881556000286373],[-83.310205999975523,30.882032999783377],[-83.310416000037804,30.882252999947141],[-83.310723000184481,30.882631000310379],[-83.31111499982164,30.883125000041911],[-83.311379000310595,30.883440999810876],[-83.311966999766327,30.884181000373111],[-83.312966999849039,30.885415000102032],[-83.313710999838705,30.886327999938509],[-83.314245999591009,30.887003999781658],[-83.31465800021796,30.887523999913267],[-83.315706999806153,30.888823999840266],[-83.316692999645142,30.890046000164716],[-83.317075999959812,30.890487000026798],[-83.317682999682134,30.891242999801282],[-83.31812700009614,30.891808000103342],[-83.318753999909944,30.892587999818229],[-83.3188009997656,30.892647000067932],[-83.318900000398131,30.892768999737317],[-83.320205000079369,30.894381000070705],[-83.320229000368798,30.894409999746479],[-83.320364999912911,30.89455299993298],[-83.32048899976148,30.894700999674694],[-83.32067899973228,30.894944999791072],[-83.320847999786679,30.89514799999543],[-83.321016000016172,30.895337000357056],[-83.321147000435744,30.895505000108276],[-83.321354999949889,30.895707000107205],[-83.321584000278747,30.895914000156292],[-83.321797999640665,30.896091999829437],[-83.321951999626464,30.896209000044969],[-83.322427999827525,30.896533000370042],[-83.322669999676862,30.896670000253806],[-83.322975999998619,30.896823000235582],[-83.323242999962304,30.896951000178536],[-83.323478999963854,30.897051999862228],[-83.32370300026983,30.897136000197218],[-83.324115999823391,30.897280999712041],[-83.324243999869907,30.897320000086257],[-83.324844999744457,30.897456999614789],[-83.325383999694708,30.897546999755409],[-83.325912999599211,30.897590999639188],[-83.326337999746656,30.897599000106418],[-83.32690799965907,30.897568000315612],[-83.327364999593541,30.897536999743984],[-83.328756000386818,30.897415999753949],[-83.32951799991983,30.897381000046856],[-83.330097000053058,30.897313999911148],[-83.330363000191838,30.897283999800653],[-83.330707999973342,30.897258000314018],[-83.331638999560752,30.897201000139791],[-83.331992999563084,30.897140999838637],[-83.332376999702632,30.897075999855335],[-83.332636999993625,30.897045999670315],[-83.332941999592165,30.897010999827955],[-83.333293999944658,30.896962999803073],[-83.334914000168482,30.896802000282765],[-83.335065999606115,30.896786999763052],[-83.335382999798526,30.896758999814455],[-83.335552999677844,30.896743000280647],[-83.335879999915988,30.896702999892717],[-83.336457000399406,30.896650000046687],[-83.336828000120164,30.896615999839181],[-83.337367999895321,30.896545999827314],[-83.337789999669724,30.89652700014561],[-83.338000999556925,30.896505000347172],[-83.338091999793505,30.896502000234097],[-83.338315000274591,30.896492999894377],[-83.338799999798184,30.896425999908121],[-83.339706000169556,30.896336000255424],[-83.340560999588973,30.896262999918342],[-83.340656999848463,30.896254000326945],[-83.341101000262469,30.896204000354889],[-83.343041999978325,30.896022000205267],[-83.343457000080022,30.895983000073144],[-83.34622499962623,30.895718000098739],[-83.348030999622878,30.895535999796209],[-83.349655000044663,30.895372999832993],[-83.350163000032779,30.895327000114762],[-83.352306000313305,30.895122999723917],[-83.353273999710652,30.895023000114222],[-83.353632999735851,30.894986999735771],[-83.353708000078925,30.894973000270202],[-83.35386999956232,30.89495699966708],[-83.354231999960561,30.894890999945268],[-83.355025000354047,30.894791000093278],[-83.35558400039578,30.894722999887584],[-83.355802999780593,30.894695999905874]]},"properties":{"BASENAME":"7","NAME":"State Rte 7","MTFCC":"S1200","RTTYP":"S","OID":"1106073056013"}},{"type":"Feature","geometry":{"type":"LineString","coordinates":[[-83.17611100013653,30.681213999658524],[-83.176843000430637,30.682010999944797],[-83.177430000061477,30.682619999688804],[-83.177527000145844,30.682685000339141],[-83.177760999599272,30.682896000104311],[-83.178061000073242,30.683186999620897],[-83.178199000165492,30.683307999883858],[-83.178564999863397,30.683597000345344],[-83.178728000070009,30.683704999643492],[-83.179088999745034,30.683933999844491],[-83.179345999662971,30.684076999735048],[-83.179499999648769,30.684154000123254],[-83.179662999855381,30.684230000004714],[-83.179898000032026,30.684331000120544],[-83.180206999828513,30.684441999927145],[-83.180568000401848,30.684561000051353],[-83.180802999680168,30.684624000057735],[-83.181076000389965,30.684691000240157],[-83.181478000072872,30.684780999674018],[-83.182321999621649,30.684974999782234],[-83.183165000243832,30.685167999837553],[-83.183653999965387,30.685281000323339],[-83.184273000281564,30.68542000034984],[-83.184613999865121,30.685496999667038],[-83.185244999876872,30.685643000079843],[-83.186208000149662,30.685864999639044],[-83.186860000077814,30.686016000084521],[-83.187681999885285,30.686207000299493],[-83.187819999977535,30.686236000254599],[-83.188081000093447,30.686292999714791],[-83.188346000407321,30.686354999712783],[-83.188519999586291,30.68640000020979],[-83.188945999558641,30.686512000377096],[-83.189285000390655,30.686592999734259],[-83.1901399998101,30.686791000194404],[-83.19031300006246,30.686826999813043],[-83.190514999728833,30.686863000190783],[-83.190556999561622,30.686870000026666],[-83.190954999944879,30.68693000036459],[-83.191185999923562,30.686952999917672],[-83.191305999574169,30.686954999979335],[-83.191422999750031,30.686946999732502],[-83.191564000215337,30.686931999654188],[-83.192463999840612,30.686935000133523],[-83.192714000085871,30.686913000221079],[-83.192960999958075,30.686880000343084],[-83.193595000342881,30.686778000157126],[-83.193736999734782,30.686754000143125],[-83.194172999752865,30.686679999998145],[-83.194482000447678,30.686633000335899],[-83.19474299966528,30.686600000362205],[-83.194932999636066,30.686583999809056],[-83.195124000330097,30.686576000303955],[-83.195505000096617,30.686570000095351],[-83.195885999863108,30.686583000160642],[-83.196312999660364,30.686625000062389],[-83.196387000178532,30.686636999699903],[-83.196736999982903,30.686690999981547],[-83.197090000160316,30.686761999633468],[-83.199302000037832,30.687270999928828],[-83.19975200029964,30.687373000366417],[-83.200980999812899,30.687652999650552],[-83.201651000182707,30.687805999661183],[-83.202261000278085,30.687948000362965],[-83.202750999824531,30.688062000318215],[-83.203323000285053,30.688201999835147],[-83.203674999739263,30.688293000262082],[-83.204012000023141,30.688398999683464],[-83.204061000426947,30.688414999935819],[-83.204437999995491,30.688556999741834],[-83.204670999624,30.688651999887153],[-83.204993999664183,30.688796000140552],[-83.205387000024587,30.688995000341155],[-83.205767999791092,30.689210999873335],[-83.206196000311564,30.689484000360935],[-83.206613000063086,30.689781999731792],[-83.206729000414043,30.689869999826286],[-83.206762000026004,30.689897000225461],[-83.206840999668728,30.689961999839344],[-83.206994999654498,30.690097999698018],[-83.207240999701796,30.690317999836196],[-83.207438000243599,30.690518000369529],[-83.207661999651279,30.690744000272602],[-83.207701999834256,30.690785999909217],[-83.207726000123699,30.690811999675066],[-83.207748999689926,30.690836000225204],[-83.20794700005662,30.69107000006213],[-83.208213000195428,30.69141799995899],[-83.208300000234047,30.691540999915471],[-83.208459000242698,30.691787999725296],[-83.208533999687475,30.691914999900604],[-83.208777000260028,30.692347999680273],[-83.208841999659043,30.692472999944055],[-83.209018000284459,30.692867999929778],[-83.209118999668476,30.693115000206291],[-83.209166000422471,30.693246000043278],[-83.209280000225277,30.693611999907503],[-83.209292999745756,30.693653000265961],[-83.209525000447655,30.694424000277941],[-83.209831999696007,30.69544599981117],[-83.210070000245707,30.696241000155588],[-83.210346000430221,30.697160999730357],[-83.210403000331638,30.697347999830026],[-83.210509999563428,30.697714000360246],[-83.210624000264573,30.698151000046934],[-83.210644000356041,30.698254000102047],[-83.210698999709322,30.698604999704198],[-83.210717999975898,30.698811000280198],[-83.210726000371821,30.699252000020042],[-83.210707000105231,30.699756000234203],[-83.210681000165977,30.700305999833656],[-83.210672999770054,30.700623000379331],[-83.210675000318176,30.700865000299693],[-83.210697999884403,30.701195999693059],[-83.210728000021632,30.701412999995281],[-83.210749999762939,30.701530999787508],[-83.210846000022414,30.701952999892878],[-83.210888999680122,30.70210500014857],[-83.210926000388355,30.702233000137539],[-83.211050000236924,30.702646000289828],[-83.211293999736071,30.703455000378124],[-83.211450000270005,30.703968000116141],[-83.212734999859734,30.708201000222061],[-83.213382999589953,30.710335999892347],[-83.213867000186923,30.711935999715308],[-83.214417000007842,30.713752000237371],[-83.21489800023177,30.715327999911743],[-83.214974000399749,30.715591000225405],[-83.215100999723049,30.716024000339175],[-83.215251000409182,30.716643999822764],[-83.215324000204106,30.717052000307781],[-83.215540000114174,30.718107999679777],[-83.215586999969858,30.71835300003216],[-83.215765000245085,30.71927000010637],[-83.215945000170137,30.720164999900387],[-83.215998999698499,30.720431000360353],[-83.216259999814397,30.72165799970595],[-83.216378999640114,30.722081999901526],[-83.216534000349114,30.72249700011217],[-83.216703000403513,30.722884000381171],[-83.216895000024138,30.723262000275607],[-83.217289000209433,30.723970000208755],[-83.217382000095867,30.7241380002542],[-83.218432000407276,30.72602999972796],[-83.218675999906438,30.726480000193398],[-83.218759999572015,30.726641999692237],[-83.218911000083068,30.726934000112855],[-83.219036999581462,30.727203999656471],[-83.219112999749427,30.727368000251325],[-83.2192650000854,30.727736000382304],[-83.219296000047535,30.727807999941383],[-83.219446999660263,30.728198999696943],[-83.219617000437893,30.728677999629323],[-83.219742000111381,30.729082000233394],[-83.219854000264363,30.729486999892412],[-83.219966000417358,30.729937999633911],[-83.220054000280911,30.730349000132122],[-83.220137000121582,30.730810000097254],[-83.220203000243828,30.731272000131423],[-83.220250999924403,30.731711999759611],[-83.220281999886538,30.73215299964393],[-83.220302999802939,30.732711000135328],[-83.220313999673593,30.733309000266381],[-83.220325000442571,30.733900000263475],[-83.220380999620744,30.735715000278883],[-83.22038300016888,30.735752000084418],[-83.220547000200412,30.737999000314886],[-83.220569999766624,30.738478000182319],[-83.220577000337641,30.738956000106882],[-83.220567000291908,30.739445000121513],[-83.220533999781608,30.739933999970511],[-83.220486999925967,30.740386999960727],[-83.220481000078152,30.740441000267456],[-83.22041300030611,30.740947000355408],[-83.220358000054517,30.741290000167151],[-83.220293999582111,30.741630999829656],[-83.220219000137348,30.741970000136227],[-83.220132999923621,30.742305999720713],[-83.219994000006466,30.742783999954938],[-83.219778000096397,30.743473000210503],[-83.218367999934856,30.747724999783944],[-83.217849000076086,30.749314999745209],[-83.217782000128935,30.749545999679494],[-83.217722999679395,30.749779000134815],[-83.217680000021673,30.749999000017457],[-83.217618000097403,30.750383000194645],[-83.217604999678613,30.750546999940443],[-83.217604999678613,30.7507240000918],[-83.217606000401844,30.751062000296933],[-83.217613999899456,30.75120200024007],[-83.217628000143151,30.751341999979626],[-83.217673000348995,30.751677000322431],[-83.217787000151816,30.752275000076953],[-83.217955000381295,30.753126999855279],[-83.218333999599679,30.755047999972525],[-83.218393000049218,30.755334000207696],[-83.218555000430911,30.756119000012575],[-83.218605999586231,30.75631699978554],[-83.218723999586999,30.756741000331498],[-83.218865999877224,30.757221999782594],[-83.218952000090951,30.757475000081445],[-83.219496000064069,30.758930000201406],[-83.220015999747758,30.760304999692838],[-83.220291000107366,30.761036999990875],[-83.220471999857338,30.761475999884905],[-83.220551000398359,30.761644000148156],[-83.220675000246928,30.761902000146939],[-83.220803000293444,30.762135000036299],[-83.220941000385707,30.762362999643816],[-83.22106299968614,30.762547000206215],[-83.22118999990775,30.762727000349024],[-83.221332000197961,30.762911999844786],[-83.221480000335958,30.763092000076913],[-83.221619000253142,30.763247999697047],[-83.221762000368258,30.763401999816328],[-83.221933999897402,30.763573000216393],[-83.222111000347738,30.7637389998944],[-83.222266000158427,30.763876000301124],[-83.222426999816904,30.764008999726325],[-83.222647999749853,30.764177999816088],[-83.223020000193827,30.764445000348921],[-83.22317099980657,30.764539000224321],[-83.223266000241125,30.764591000115932],[-83.224772999588737,30.76522000005361],[-83.225972999687983,30.76580200006763],[-83.226816000310166,30.766407999915092],[-83.227546999881042,30.767101000073527],[-83.228208000030023,30.767978999664088],[-83.228763999698728,30.768970999749115],[-83.228917999684498,30.769342999749732],[-83.23009199984449,30.772166999792105],[-83.2304090000369,30.772857000036645],[-83.230486999854691,30.773042000127923],[-83.230526000212762,30.77313600009645],[-83.23072000038151,30.773675000014983],[-83.230867999621211,30.774123999908657],[-83.230922999872789,30.774315000030871],[-83.23103599985069,30.774740999806433],[-83.231554999709459,30.7767320003178],[-83.23163599990032,30.777043999848477],[-83.232229000277243,30.779326000122541],[-83.232396999608426,30.779969999714311],[-83.232547000294559,30.780553999705411],[-83.232722000196731,30.781231999785444],[-83.233072000001101,30.782561000364854],[-83.233444000445104,30.78397700000189],[-83.234455000398455,30.787866000382561],[-83.234540999713872,30.7881450001275],[-83.234684999653908,30.78852699987598],[-83.234753000324289,30.788691000223576],[-83.23486799995203,30.788931000209281],[-83.234970000059278,30.789118999869746],[-83.235077000189392,30.789304999681072],[-83.235176999748504,30.789466999995316],[-83.235375999940146,30.789765999848921],[-83.235476000397568,30.789903000237793],[-83.235611999941696,30.790067999900685],[-83.235915999715317,30.790403999840095],[-83.23608099957174,30.790576000209068],[-83.23620299977047,30.790699000190052],[-83.236485999627689,30.790961999997869],[-83.23664800000941,30.791100000334001],[-83.236929000216804,30.791326999880003],[-83.237207000051143,30.791548999917175],[-83.237269999800333,30.791598999667116],[-83.237884000093658,30.792088000064226],[-83.238690999832528,30.792774999900207],[-83.239099000261533,30.793096999963435],[-83.239306999775678,30.793260000147509],[-83.240451999623332,30.794177000094177],[-83.240595999563382,30.794292000272172],[-83.240925000349648,30.794555000283072],[-83.24167699983694,30.795309999996206],[-83.241813000279379,30.795446000139066],[-83.241889000447358,30.795522000248575],[-83.243978000301226,30.797644000287143],[-83.244163000249145,30.79779500001883],[-83.247350999919931,30.800421999966026],[-83.248386999987659,30.801280000161892],[-83.24914500022102,30.801853999630211],[-83.251280000105638,30.803471999741287],[-83.251318999565385,30.803502999864712],[-83.251969999668646,30.804019999925877],[-83.252325000394194,30.804301999768981],[-83.252347999960421,30.804320999980373],[-83.253642999595911,30.805350000295068],[-83.253846999810392,30.805522000155371],[-83.254394999981471,30.80594000017453],[-83.256041999969469,30.807226999698681],[-83.256397999621626,30.807499000016172],[-83.257287000274573,30.808189999759815],[-83.258375000220823,30.809035000292642],[-83.259233000013296,30.809706999877132]]},"properties":{"BASENAME":"7","NAME":"State Rte 7","MTFCC":"S1200","RTTYP":"S","OID":"1106073056015"}},{"type":"Feature","geometry":{"type":"LineString","coordinates":[[-83.135745999650283,30.641114999771478],[-83.136565999807928,30.641926000017463],[-83.136891000396275,30.642250999821872],[-83.13754800034728,30.64290699984803],[-83.14021100031151,30.645549000053482],[-83.141382999923351,30.64670600031484],[-83.142321999906699,30.647646999849723],[-83.142774999643223,30.648100999666116],[-83.143095000208689,30.648413999838723],[-83.145370999660301,30.650682999765202],[-83.146896000347866,30.652191000254078],[-83.147370000000805,30.652671000359611],[-83.149309999891742,30.654588000195069],[-83.151621000401789,30.656897000286499],[-83.152937999778572,30.658196000382905],[-83.156449000387866,30.661687999726645],[-83.164469000242676,30.669652999696908],[-83.167355999614571,30.672524999892328],[-83.167696000271505,30.672862999958575],[-83.168158000228885,30.673317000326019],[-83.169384000267399,30.674530999904828],[-83.17192099983491,30.677045000344577],[-83.17329400018653,30.678396000048934],[-83.173562999800041,30.678673999636015],[-83.173688000371826,30.678804000024304],[-83.17370300044044,30.678815000132332],[-83.173748999572879,30.678847999676332],[-83.175551000269877,30.680625999640313],[-83.175800999616825,30.680882999727341],[-83.17611100013653,30.681213999658524]]},"properties":{"BASENAME":"7","NAME":"State Rte 7","MTFCC":"S1200","RTTYP":"S","OID":"1106073056016"}},{"type":"Feature","geometry":{"type":"LineString","coordinates":[[-83.259233000013296,30.809706999877132],[-83.259505999824782,30.809894999796693],[-83.259843000108674,30.810179999871927],[-83.260165000323951,30.810400999664999],[-83.260187999890164,30.810420000213501],[-83.260838000168491,30.810950000354882],[-83.261904000373448,30.811783000275494],[-83.262716000135171,30.812419000175048],[-83.262851999679299,30.81252000019504],[-83.263558000034138,30.813076000275391],[-83.264409999978838,30.81373799987367],[-83.264707000079753,30.813968000342093],[-83.265229000311578,30.814377000314629],[-83.265413000434592,30.814521000163957],[-83.265604000230297,30.814665999660196],[-83.265891000285478,30.814882999721217],[-83.266190000036218,30.815113999620735],[-83.266590999894206,30.815426000356574],[-83.267174000225396,30.81587700018045],[-83.267645000403604,30.816239000027817],[-83.267991000009999,30.816511000289914],[-83.268273000042313,30.81673399985927],[-83.268413999609294,30.816845999755568],[-83.268759000289108,30.817108999763263],[-83.268948000435003,30.817258999932108],[-83.26956900040102,30.817741999624829],[-83.270125999894617,30.818184000168529],[-83.270290999751069,30.818313999850531],[-83.270559000437984,30.818523000032787],[-83.270782000020745,30.818688999757512],[-83.271279999963113,30.819074000226767],[-83.271791000324285,30.819474000201783],[-83.2723279997264,30.819917000297362],[-83.272445999727182,30.820018999955106],[-83.272796000429864,30.820319000226448],[-83.273131999990525,30.820616999959061],[-83.273350000448744,30.820821999792294],[-83.273487999642683,30.820951999760823],[-83.273552999940009,30.821020999637032],[-83.273737999887942,30.821215999891226],[-83.273891000048806,30.821391000039409],[-83.273999999828746,30.821535000173419],[-83.274051999707282,30.821649000222777],[-83.274077999646551,30.821705999811016],[-83.274298999579486,30.822135000336196],[-83.274696999962757,30.822890000132304],[-83.274794000047152,30.823073000060713],[-83.275127000133068,30.823703999647549],[-83.275311000256082,30.824053000048966],[-83.275355999563601,30.824141999924056],[-83.275411999640099,30.824255000201312],[-83.275482999785211,30.824407000303093],[-83.27550799989956,30.824466000089974],[-83.275532000189017,30.824544999669435],[-83.275558000128285,30.824691999748946],[-83.275567000349113,30.824841999645358],[-83.275585999717379,30.824973000098584],[-83.275620000052569,30.825151000375055],[-83.275552000280499,30.825376000213328],[-83.275558000128285,30.825699000324537],[-83.27557099964875,30.825859999713884],[-83.275568000174033,30.826256999967658],[-83.2755730001969,30.826480999788679],[-83.275604999983955,30.826601000111445],[-83.275660000235533,30.826710000088276],[-83.27582599991689,30.827011999752674],[-83.276429000339547,30.828146999946608],[-83.276450000255949,30.828185999911906],[-83.276456999928655,30.828199999875842],[-83.276738999960969,30.828729999872962],[-83.276836999870255,30.828916000156411],[-83.276853999588695,30.828948000268404],[-83.276904999642298,30.829045000253355],[-83.276984000183347,30.829196000003122],[-83.277138999994037,30.829475000096039],[-83.277236000078432,30.829649000141551],[-83.277441999942738,30.830186999776817],[-83.27762299969271,30.830085000120601],[-83.277879999610661,30.830788000337726],[-83.277989000288912,30.831085000285924],[-83.278478999835372,30.83202700001079],[-83.278627999798275,30.832314000107431],[-83.278992999671274,30.833029999787222],[-83.279097000326672,30.833235999785224],[-83.279139999984352,30.8333379999501],[-83.279172999596327,30.833463000064825],[-83.279205000281692,30.833641999692695],[-83.279273999878654,30.834200999880625],[-83.279325999757191,30.834531999944858],[-83.279340999825806,30.834672000264664],[-83.279386000031664,30.835074000125189],[-83.279463000024549,30.83569400034682],[-83.279586000048198,30.83665500033441],[-83.279610000337641,30.836882000241264],[-83.279687000330526,30.83749499989294],[-83.279750000079716,30.838037000309686],[-83.279821000224842,30.838578999979347],[-83.279889999821819,30.839135999964132],[-83.279916999585993,30.839386000354573],[-83.27993900022561,30.839539000013101],[-83.280059999701137,30.840505999940135],[-83.280077000317888,30.840727000131562],[-83.280115999777621,30.841501999639057],[-83.280135999869103,30.841733999868566],[-83.280155999960584,30.842043000214179],[-83.280157999610424,30.842282000018631],[-83.280212999862002,30.843178000069372],[-83.280228999755522,30.843567999638537],[-83.280258000067832,30.844008000176263],[-83.28028599965694,30.844634000142062],[-83.280314000144344,30.845069000374334],[-83.280376000068614,30.846074999739425],[-83.280388999589107,30.846438000175617],[-83.280443000015765,30.847493000283997],[-83.280490999696354,30.84838600018103],[-83.280509000138025,30.848719999972143],[-83.28053900027524,30.849466000312244],[-83.280592999803602,30.850688999950361],[-83.280658000100928,30.851613000189847],[-83.280689999887969,30.852206000358166],[-83.28071099980437,30.852687000349484],[-83.280793999645056,30.854369999721211],[-83.280838999850886,30.855281999756926],[-83.280851000444784,30.855728000244323],[-83.280867000338304,30.856417000298713],[-83.280863999965248,30.856782999970907],[-83.280874999835902,30.857088999850976],[-83.280877000384038,30.857314999805855],[-83.281027999996766,30.857618999928807],[-83.281072000377705,30.857682000092421],[-83.281105999814585,30.857738999874371],[-83.281315999876867,30.85809999976275],[-83.28148400010636,30.858424000190848],[-83.282134000384687,30.859632000333953],[-83.282288000370485,30.859910999844985],[-83.282370000386251,30.860062999767624],[-83.282531999869633,30.860361999642819],[-83.282623999931147,30.860534999817975],[-83.283147999812797,30.861492000246731],[-83.28367400024257,30.862445999968454],[-83.284018000199154,30.863077999902938],[-83.284059000207051,30.863158000212543],[-83.284147999895481,30.863327000232626],[-83.284458000415214,30.863893000270231],[-83.285098999574402,30.865039000331798],[-83.285639000247883,30.865862000254953],[-83.286324999612916,30.866895999947449],[-83.286424000245432,30.867045000097828],[-83.28671499960025,30.867489999763453],[-83.28737800029738,30.868499000120487],[-83.287461000138052,30.868602999949314],[-83.287491000275281,30.868662000321034],[-83.28802299965453,30.869478000313322],[-83.288395999923438,30.870041000102933],[-83.288544999886341,30.870280000307968],[-83.288729999834274,30.870526000280492],[-83.288910999584246,30.870790999785807],[-83.289125999669395,30.871124000144682],[-83.289607999718257,30.871856999960944],[-83.289955999872788,30.872402999878297],[-83.290067000200878,30.872575999913483],[-83.290262000194531,30.872877000139553],[-83.290500999670826,30.873245000248371],[-83.290820000411372,30.87371900020036],[-83.29106499973544,30.874105999667023],[-83.291185000284358,30.874309000089287],[-83.291759000394705,30.87520900009763],[-83.291827999991696,30.875298000325355],[-83.291913000380504,30.875424999736232],[-83.292026000358391,30.875587999723059],[-83.292161000077613,30.875820999993781],[-83.292212000131244,30.875908999657423],[-83.292270999682472,30.876008999948127],[-83.292375000337856,30.876189000362576],[-83.292470999699006,30.876352999811946],[-83.29268999998213,30.876617000178804],[-83.292793999739189,30.876746000128566],[-83.293105999908747,30.877062000120453],[-83.293213999863767,30.877166999891969],[-83.293403000009661,30.877351000366943],[-83.293721999851883,30.877617000253],[-83.29376200003486,30.877641999697097],[-83.294356000236704,30.878023999643574],[-83.294528999590739,30.878119000176831],[-83.294820999668786,30.878281000236008],[-83.295024999883296,30.878375999743536],[-83.295566000381683,30.87858600014663],[-83.296111000179707,30.878735999822375],[-83.296496999969094,30.878816000170211],[-83.296861999842079,30.878870999792362],[-83.297298999685083,30.878925000189685],[-83.297544999732381,30.878964000329212],[-83.297589000113319,30.878971000075815],[-83.297958000184252,30.87901300008663],[-83.298665000364011,30.87914699970441],[-83.298722000265414,30.879156000132333],[-83.298845000289063,30.879166999711831],[-83.299010999970406,30.879181999907431],[-83.299199000291395,30.879199999984788],[-83.299465000430175,30.87924199989525],[-83.299980999915888,30.879312000219077],[-83.300355999834608,30.879361999758249],[-83.300407999713144,30.879369000246747],[-83.302545999970818,30.879671999865032],[-83.303254999800373,30.879774999949632],[-83.303448999969149,30.879800000372658],[-83.303694000191527,30.879840000110701],[-83.30521499978282,30.880064999675394],[-83.306260999896296,30.880203999889371],[-83.306790999625719,30.880280999932232],[-83.307230000016858,30.880373999871406],[-83.307644000293635,30.880487000223216],[-83.307897000013625,30.880579000015455],[-83.308123999794347,30.880661000258648],[-83.308615999888943,30.880872000223327],[-83.308749999783245,30.880947999786173],[-83.3089370002793,30.881053999867035],[-83.309044000409415,30.881114000224485],[-83.30942600000084,30.881369000360781],[-83.309667000025271,30.881556000286373],[-83.310205999975523,30.882032999783377],[-83.310416000037804,30.882252999947141],[-83.310723000184481,30.882631000310379],[-83.31111499982164,30.883125000041911],[-83.311379000310595,30.883440999810876],[-83.311966999766327,30.884181000373111],[-83.312966999849039,30.885415000102032],[-83.313710999838705,30.886327999938509],[-83.314245999591009,30.887003999781658],[-83.31465800021796,30.887523999913267],[-83.315706999806153,30.888823999840266],[-83.316692999645142,30.890046000164716],[-83.317075999959812,30.890487000026798],[-83.317682999682134,30.891242999801282],[-83.31812700009614,30.891808000103342],[-83.318753999909944,30.892587999818229],[-83.3188009997656,30.892647000067932],[-83.318900000398131,30.892768999737317],[-83.320205000079369,30.894381000070705],[-83.320229000368798,30.894409999746479],[-83.320364999912911,30.89455299993298],[-83.32048899976148,30.894700999674694],[-83.32067899973228,30.894944999791072],[-83.320847999786679,30.89514799999543],[-83.321016000016172,30.895337000357056],[-83.321147000435744,30.895505000108276],[-83.321354999949889,30.895707000107205],[-83.321584000278747,30.895914000156292],[-83.321797999640665,30.896091999829437],[-83.321951999626464,30.896209000044969],[-83.322427999827525,30.896533000370042],[-83.322669999676862,30.896670000253806],[-83.322975999998619,30.896823000235582],[-83.323242999962304,30.896951000178536],[-83.323478999963854,30.897051999862228],[-83.32370300026983,30.897136000197218],[-83.324115999823391,30.897280999712041],[-83.324243999869907,30.897320000086257],[-83.324844999744457,30.897456999614789],[-83.325383999694708,30.897546999755409],[-83.325912999599211,30.897590999639188],[-83.326337999746656,30.897599000106418],[-83.32690799965907,30.897568000315612],[-83.327364999593541,30.897536999743984],[-83.328756000386818,30.897415999753949],[-83.32951799991983,30.897381000046856],[-83.330097000053058,30.897313999911148],[-83.330363000191838,30.897283999800653],[-83.330707999973342,30.897258000314018],[-83.331638999560752,30.897201000139791],[-83.331992999563084,30.897140999838637],[-83.332376999702632,30.897075999855335],[-83.332636999993625,30.897045999670315],[-83.332941999592165,30.897010999827955],[-83.333293999944658,30.896962999803073],[-83.334914000168482,30.896802000282765],[-83.335065999606115,30.896786999763052],[-83.335382999798526,30.896758999814455],[-83.335552999677844,30.896743000280647],[-83.335879999915988,30.896702999892717],[-83.336457000399406,30.896650000046687],[-83.336828000120164,30.896615999839181],[-83.337367999895321,30.896545999827314],[-83.337789999669724,30.89652700014561],[-83.338000999556925,30.896505000347172],[-83.338091999793505,30.896502000234097],[-83.338315000274591,30.896492999894377],[-83.338799999798184,30.896425999908121],[-83.339706000169556,30.896336000255424],[-83.340560999588973,30.896262999918342],[-83.340656999848463,30.896254000326945],[-83.341101000262469,30.896204000354889],[-83.343041999978325,30.896022000205267],[-83.343457000080022,30.895983000073144],[-83.34622499962623,30.895718000098739],[-83.348030999622878,30.895535999796209],[-83.349655000044663,30.895372999832993],[-83.350163000032779,30.895327000114762],[-83.352306000313305,30.895122999723917],[-83.353273999710652,30.895023000114222],[-83.353632999735851,30.894986999735771],[-83.353708000078925,30.894973000270202],[-83.35386999956232,30.89495699966708],[-83.354231999960561,30.894890999945268],[-83.355025000354047,30.894791000093278],[-83.35558400039578,30.894722999887584],[-83.355802999780593,30.894695999905874]]},"properties":{"BASENAME":"41","NAME":"US Hwy 41 S","MTFCC":"S1200","RTTYP":"U","OID":"1106073056580"}},{"type":"Feature","geometry":{"type":"LineString","coordinates":[[-83.17611100013653,30.681213999658524],[-83.176843000430637,30.682010999944797],[-83.177430000061477,30.682619999688804],[-83.177527000145844,30.682685000339141],[-83.177760999599272,30.682896000104311],[-83.178061000073242,30.683186999620897],[-83.178199000165492,30.683307999883858],[-83.178564999863397,30.683597000345344],[-83.178728000070009,30.683704999643492],[-83.179088999745034,30.683933999844491],[-83.179345999662971,30.684076999735048],[-83.179499999648769,30.684154000123254],[-83.179662999855381,30.684230000004714],[-83.179898000032026,30.684331000120544],[-83.180206999828513,30.684441999927145],[-83.180568000401848,30.684561000051353],[-83.180802999680168,30.684624000057735],[-83.181076000389965,30.684691000240157],[-83.181478000072872,30.684780999674018],[-83.182321999621649,30.684974999782234],[-83.183165000243832,30.685167999837553],[-83.183653999965387,30.685281000323339],[-83.184273000281564,30.68542000034984],[-83.184613999865121,30.685496999667038],[-83.185244999876872,30.685643000079843],[-83.186208000149662,30.685864999639044],[-83.186860000077814,30.686016000084521],[-83.187681999885285,30.686207000299493],[-83.187819999977535,30.686236000254599],[-83.188081000093447,30.686292999714791],[-83.188346000407321,30.686354999712783],[-83.188519999586291,30.68640000020979],[-83.188945999558641,30.686512000377096],[-83.189285000390655,30.686592999734259],[-83.1901399998101,30.686791000194404],[-83.19031300006246,30.686826999813043],[-83.190514999728833,30.686863000190783],[-83.190556999561622,30.686870000026666],[-83.190954999944879,30.68693000036459],[-83.191185999923562,30.686952999917672],[-83.191305999574169,30.686954999979335],[-83.191422999750031,30.686946999732502],[-83.191564000215337,30.686931999654188],[-83.192463999840612,30.686935000133523],[-83.192714000085871,30.686913000221079],[-83.192960999958075,30.686880000343084],[-83.193595000342881,30.686778000157126],[-83.193736999734782,30.686754000143125],[-83.194172999752865,30.686679999998145],[-83.194482000447678,30.686633000335899],[-83.19474299966528,30.686600000362205],[-83.194932999636066,30.686583999809056],[-83.195124000330097,30.686576000303955],[-83.195505000096617,30.686570000095351],[-83.195885999863108,30.686583000160642],[-83.196312999660364,30.686625000062389],[-83.196387000178532,30.686636999699903],[-83.196736999982903,30.686690999981547],[-83.197090000160316,30.686761999633468],[-83.199302000037832,30.687270999928828],[-83.19975200029964,30.687373000366417],[-83.200980999812899,30.687652999650552],[-83.201651000182707,30.687805999661183],[-83.202261000278085,30.687948000362965],[-83.202750999824531,30.688062000318215],[-83.203323000285053,30.688201999835147],[-83.203674999739263,30.688293000262082],[-83.204012000023141,30.688398999683464],[-83.204061000426947,30.688414999935819],[-83.204437999995491,30.688556999741834],[-83.204670999624,30.688651999887153],[-83.204993999664183,30.688796000140552],[-83.205387000024587,30.688995000341155],[-83.205767999791092,30.689210999873335],[-83.206196000311564,30.689484000360935],[-83.206613000063086,30.689781999731792],[-83.206729000414043,30.689869999826286],[-83.206762000026004,30.689897000225461],[-83.206840999668728,30.689961999839344],[-83.206994999654498,30.690097999698018],[-83.207240999701796,30.690317999836196],[-83.207438000243599,30.690518000369529],[-83.207661999651279,30.690744000272602],[-83.207701999834256,30.690785999909217],[-83.207726000123699,30.690811999675066],[-83.207748999689926,30.690836000225204],[-83.20794700005662,30.69107000006213],[-83.208213000195428,30.69141799995899],[-83.208300000234047,30.691540999915471],[-83.208459000242698,30.691787999725296],[-83.208533999687475,30.691914999900604],[-83.208777000260028,30.692347999680273],[-83.208841999659043,30.692472999944055],[-83.209018000284459,30.692867999929778],[-83.209118999668476,30.693115000206291],[-83.209166000422471,30.693246000043278],[-83.209280000225277,30.693611999907503],[-83.209292999745756,30.693653000265961],[-83.209525000447655,30.694424000277941],[-83.209831999696007,30.69544599981117],[-83.210070000245707,30.696241000155588],[-83.210346000430221,30.697160999730357],[-83.210403000331638,30.697347999830026],[-83.210509999563428,30.697714000360246],[-83.210624000264573,30.698151000046934],[-83.210644000356041,30.698254000102047],[-83.210698999709322,30.698604999704198],[-83.210717999975898,30.698811000280198],[-83.210726000371821,30.699252000020042],[-83.210707000105231,30.699756000234203],[-83.210681000165977,30.700305999833656],[-83.210672999770054,30.700623000379331],[-83.210675000318176,30.700865000299693],[-83.210697999884403,30.701195999693059],[-83.210728000021632,30.701412999995281],[-83.210749999762939,30.701530999787508],[-83.210846000022414,30.701952999892878],[-83.210888999680122,30.70210500014857],[-83.210926000388355,30.702233000137539],[-83.211050000236924,30.702646000289828],[-83.211293999736071,30.703455000378124],[-83.211450000270005,30.703968000116141],[-83.212734999859734,30.708201000222061],[-83.213382999589953,30.710335999892347],[-83.213867000186923,30.711935999715308],[-83.214417000007842,30.713752000237371],[-83.21489800023177,30.715327999911743],[-83.214974000399749,30.715591000225405],[-83.215100999723049,30.716024000339175],[-83.215251000409182,30.716643999822764],[-83.215324000204106,30.717052000307781],[-83.215540000114174,30.718107999679777],[-83.215586999969858,30.71835300003216],[-83.215765000245085,30.71927000010637],[-83.215945000170137,30.720164999900387],[-83.215998999698499,30.720431000360353],[-83.216259999814397,30.72165799970595],[-83.216378999640114,30.722081999901526],[-83.216534000349114,30.72249700011217],[-83.216703000403513,30.722884000381171],[-83.216895000024138,30.723262000275607],[-83.217289000209433,30.723970000208755],[-83.217382000095867,30.7241380002542],[-83.218432000407276,30.72602999972796],[-83.218675999906438,30.726480000193398],[-83.218759999572015,30.726641999692237],[-83.218911000083068,30.726934000112855],[-83.219036999581462,30.727203999656471],[-83.219112999749427,30.727368000251325],[-83.2192650000854,30.727736000382304],[-83.219296000047535,30.727807999941383],[-83.219446999660263,30.728198999696943],[-83.219617000437893,30.728677999629323],[-83.219742000111381,30.729082000233394],[-83.219854000264363,30.729486999892412],[-83.219966000417358,30.729937999633911],[-83.220054000280911,30.730349000132122],[-83.220137000121582,30.730810000097254],[-83.220203000243828,30.731272000131423],[-83.220250999924403,30.731711999759611],[-83.220281999886538,30.73215299964393],[-83.220302999802939,30.732711000135328],[-83.220313999673593,30.733309000266381],[-83.220325000442571,30.733900000263475],[-83.220380999620744,30.735715000278883],[-83.22038300016888,30.735752000084418],[-83.220547000200412,30.737999000314886],[-83.220569999766624,30.738478000182319],[-83.220577000337641,30.738956000106882],[-83.220567000291908,30.739445000121513],[-83.220533999781608,30.739933999970511],[-83.220486999925967,30.740386999960727],[-83.220481000078152,30.740441000267456],[-83.22041300030611,30.740947000355408],[-83.220358000054517,30.741290000167151],[-83.220293999582111,30.741630999829656],[-83.220219000137348,30.741970000136227],[-83.220132999923621,30.742305999720713],[-83.219994000006466,30.742783999954938],[-83.219778000096397,30.743473000210503],[-83.218367999934856,30.747724999783944],[-83.217849000076086,30.749314999745209],[-83.217782000128935,30.749545999679494],[-83.217722999679395,30.749779000134815],[-83.217680000021673,30.749999000017457],[-83.217618000097403,30.750383000194645],[-83.217604999678613,30.750546999940443],[-83.217604999678613,30.7507240000918],[-83.217606000401844,30.751062000296933],[-83.217613999899456,30.75120200024007],[-83.217628000143151,30.751341999979626],[-83.217673000348995,30.751677000322431],[-83.217787000151816,30.752275000076953],[-83.217955000381295,30.753126999855279],[-83.218333999599679,30.755047999972525],[-83.218393000049218,30.755334000207696],[-83.218555000430911,30.756119000012575],[-83.218605999586231,30.75631699978554],[-83.218723999586999,30.756741000331498],[-83.218865999877224,30.757221999782594],[-83.218952000090951,30.757475000081445],[-83.219496000064069,30.758930000201406],[-83.220015999747758,30.760304999692838],[-83.220291000107366,30.761036999990875],[-83.220471999857338,30.761475999884905],[-83.220551000398359,30.761644000148156],[-83.220675000246928,30.761902000146939],[-83.220803000293444,30.762135000036299],[-83.220941000385707,30.762362999643816],[-83.22106299968614,30.762547000206215],[-83.22118999990775,30.762727000349024],[-83.221332000197961,30.762911999844786],[-83.221480000335958,30.763092000076913],[-83.221619000253142,30.763247999697047],[-83.221762000368258,30.763401999816328],[-83.221933999897402,30.763573000216393],[-83.222111000347738,30.7637389998944],[-83.222266000158427,30.763876000301124],[-83.222426999816904,30.764008999726325],[-83.222647999749853,30.764177999816088],[-83.223020000193827,30.764445000348921],[-83.22317099980657,30.764539000224321],[-83.223266000241125,30.764591000115932],[-83.224772999588737,30.76522000005361],[-83.225972999687983,30.76580200006763],[-83.226816000310166,30.766407999915092],[-83.227546999881042,30.767101000073527],[-83.228208000030023,30.767978999664088],[-83.228763999698728,30.768970999749115],[-83.228917999684498,30.769342999749732],[-83.23009199984449,30.772166999792105],[-83.2304090000369,30.772857000036645],[-83.230486999854691,30.773042000127923],[-83.230526000212762,30.77313600009645],[-83.23072000038151,30.773675000014983],[-83.230867999621211,30.774123999908657],[-83.230922999872789,30.774315000030871],[-83.23103599985069,30.774740999806433],[-83.231554999709459,30.7767320003178],[-83.23163599990032,30.777043999848477],[-83.232229000277243,30.779326000122541],[-83.232396999608426,30.779969999714311],[-83.232547000294559,30.780553999705411],[-83.232722000196731,30.781231999785444],[-83.233072000001101,30.782561000364854],[-83.233444000445104,30.78397700000189],[-83.234455000398455,30.787866000382561],[-83.234540999713872,30.7881450001275],[-83.234684999653908,30.78852699987598],[-83.234753000324289,30.788691000223576],[-83.23486799995203,30.788931000209281],[-83.234970000059278,30.789118999869746],[-83.235077000189392,30.789304999681072],[-83.235176999748504,30.789466999995316],[-83.235375999940146,30.789765999848921],[-83.235476000397568,30.789903000237793],[-83.235611999941696,30.790067999900685],[-83.235915999715317,30.790403999840095],[-83.23608099957174,30.790576000209068],[-83.23620299977047,30.790699000190052],[-83.236485999627689,30.790961999997869],[-83.23664800000941,30.791100000334001],[-83.236929000216804,30.791326999880003],[-83.237207000051143,30.791548999917175],[-83.237269999800333,30.791598999667116],[-83.237884000093658,30.792088000064226],[-83.238690999832528,30.792774999900207],[-83.239099000261533,30.793096999963435],[-83.239306999775678,30.793260000147509],[-83.240451999623332,30.794177000094177],[-83.240595999563382,30.794292000272172],[-83.240925000349648,30.794555000283072],[-83.24167699983694,30.795309999996206],[-83.241813000279379,30.795446000139066],[-83.241889000447358,30.795522000248575],[-83.243978000301226,30.797644000287143],[-83.244163000249145,30.79779500001883],[-83.247350999919931,30.800421999966026],[-83.248386999987659,30.801280000161892],[-83.24914500022102,30.801853999630211],[-83.251280000105638,30.803471999741287],[-83.251318999565385,30.803502999864712],[-83.251969999668646,30.804019999925877],[-83.252325000394194,30.804301999768981],[-83.252347999960421,30.804320999980373],[-83.253642999595911,30.805350000295068],[-83.253846999810392,30.805522000155371],[-83.254394999981471,30.80594000017453],[-83.256041999969469,30.807226999698681],[-83.256397999621626,30.807499000016172],[-83.257287000274573,30.808189999759815],[-83.258375000220823,30.809035000292642],[-83.259233000013296,30.809706999877132]]},"properties":{"BASENAME":"41","NAME":"US Hwy 41 S","MTFCC":"S1200","RTTYP":"U","OID":"1106073056582"}},{"type":"Feature","geometry":{"type":"LineString","coordinates":[[-83.135745999650283,30.641114999771478],[-83.136565999807928,30.641926000017463],[-83.136891000396275,30.642250999821872],[-83.13754800034728,30.64290699984803],[-83.14021100031151,30.645549000053482],[-83.141382999923351,30.64670600031484],[-83.142321999906699,30.647646999849723],[-83.142774999643223,30.648100999666116],[-83.143095000208689,30.648413999838723],[-83.145370999660301,30.650682999765202],[-83.146896000347866,30.652191000254078],[-83.147370000000805,30.652671000359611],[-83.149309999891742,30.654588000195069],[-83.151621000401789,30.656897000286499],[-83.152937999778572,30.658196000382905],[-83.156449000387866,30.661687999726645],[-83.164469000242676,30.669652999696908],[-83.167355999614571,30.672524999892328],[-83.167696000271505,30.672862999958575],[-83.168158000228885,30.673317000326019],[-83.169384000267399,30.674530999904828],[-83.17192099983491,30.677045000344577],[-83.17329400018653,30.678396000048934],[-83.173562999800041,30.678673999636015],[-83.173688000371826,30.678804000024304],[-83.17370300044044,30.678815000132332],[-83.173748999572879,30.678847999676332],[-83.175551000269877,30.680625999640313],[-83.175800999616825,30.680882999727341],[-83.17611100013653,30.681213999658524]]},"properties":{"BASENAME":"41","NAME":"US Hwy 41 S","MTFCC":"S1200","RTTYP":"U","OID":"1106073056584"}},{"type":"Feature","geometry":{"type":"LineString","coordinates":[[-83.259233000013296,30.809706999877132],[-83.257975000187741,30.808591000234273],[-83.255720999579111,30.806774000269122],[-83.253507000051769,30.80503800001388],[-83.253204999927974,30.804801000013633],[-83.252492999725376,30.804241999970152],[-83.252457999565252,30.804214999971343],[-83.252115000331898,30.803946000311566],[-83.251423000220782,30.803404000356533],[-83.250406000419645,30.802605999918761],[-83.247478000141541,30.800308000189105],[-83.246031999994997,30.799173999756988],[-83.244143000157678,30.797528000219753],[-83.244096000301994,30.797488000110871],[-83.242041999709912,30.795380999896185],[-83.24197499976276,30.795312000124518],[-83.241840999868472,30.795174999726481],[-83.241352000146932,30.794673000221415]]},"properties":{"BASENAME":"Patterson","NAME":"S Patterson St","MTFCC":"S1200","RTTYP":"M","OID":"1106072779931"}},{"type":"Feature","geometry":{"type":"LineString","coordinates":[[-83.209425999815153,30.693317000281656],[-83.209141000308094,30.692568999684418],[-83.208665999931952,30.691772999626654],[-83.208214999845254,30.691072000038485],[-83.207942000033768,30.690715999732227],[-83.206979999585883,30.689777999725568],[-83.20545999981951,30.688779999951347],[-83.20391599976368,30.688151000067762],[-83.202360000012277,30.68777100004365],[-83.199996999623721,30.687223999781803],[-83.199436999757054,30.687093000270277],[-83.197359999598746,30.686607000217084],[-83.197080999939487,30.686543000310721],[-83.196422000338643,30.686405000006165],[-83.195638000165985,30.686356999786824],[-83.194652000326997,30.686416999671007],[-83.193202999807411,30.686642000256612],[-83.192158000417166,30.686809000005397],[-83.191065000448049,30.686796999616735],[-83.190507000231221,30.686714000364091],[-83.188522000134427,30.686258000321299],[-83.186865000100696,30.685877000143552],[-83.185285000059849,30.685514000059804],[-83.183698000346311,30.685149000057379],[-83.18320500042681,30.685036000189665],[-83.182362999629518,30.684842000204011],[-83.181671000416713,30.684682999805723],[-83.181519000080755,30.684645000050718],[-83.180611999884462,30.684422000333353],[-83.1803680003853,30.684361999981981],[-83.179725999604571,30.684118999954393],[-83.179698000015492,30.684102999762644],[-83.179114999684288,30.683768000208428],[-83.178784999971427,30.683540999746057],[-83.178544999771901,30.683375999888479],[-83.177820000048811,30.682753000009917],[-83.177030000028381,30.682016999664118],[-83.17611100013653,30.681213999658524]]},"properties":{"BASENAME":"Marion","NAME":"E Marion Ave","MTFCC":"S1200","RTTYP":"M","OID":"1106072786579"}},{"type":"Feature","geometry":{"type":"LineString","coordinates":[[-83.17611100013653,30.681213999658524],[-83.176843000430637,30.682010999944797],[-83.177430000061477,30.682619999688804],[-83.177527000145844,30.682685000339141],[-83.177760999599272,30.682896000104311],[-83.178061000073242,30.683186999620897],[-83.178199000165492,30.683307999883858],[-83.178564999863397,30.683597000345344],[-83.178728000070009,30.683704999643492],[-83.179088999745034,30.683933999844491],[-83.179345999662971,30.684076999735048],[-83.179499999648769,30.684154000123254],[-83.179662999855381,30.684230000004714]]},"properties":{"BASENAME":"Marion","NAME":"E Marion Ave","MTFCC":"S1200","RTTYP":"M","OID":"1106073058227"}},{"type":"Feature","geometry":{"type":"LineString","coordinates":[[-83.173562999800041,30.678673999636015],[-83.173688000371826,30.678804000024304],[-83.17370300044044,30.678815000132332],[-83.173748999572879,30.678847999676332],[-83.175551000269877,30.680625999640313],[-83.175800999616825,30.680882999727341],[-83.17611100013653,30.681213999658524]]},"properties":{"BASENAME":"Marion","NAME":"E Marion Ave","MTFCC":"S1200","RTTYP":"M","OID":"1106073058228"}},{"type":"Feature","geometry":{"type":"LineString","coordinates":[[-83.341768000259236,30.806805000098894],[-83.342684999602952,30.806731000314535],[-83.343977999588617,30.806636000059424],[-83.348897999636208,30.806188999864496],[-83.349828000297023,30.806104000135814],[-83.352460000299118,30.805928999913043],[-83.35515800042343,30.805701000172057],[-83.355565000129204,30.805667000116962],[-83.356822999954787,30.80557700013998],[-83.357484999928673,30.805529999818429],[-83.358532999691946,30.805368000339755],[-83.359305999993936,30.805094000237862],[-83.360153999740689,30.804707000131589],[-83.364667999907397,30.802212999869955],[-83.365523000225153,30.80173800001409],[-83.367947999639682,30.800391999631682],[-83.369481999649778,30.799544000198132],[-83.370341999990401,30.799258000190626],[-83.371127999812856,30.799082999847325],[-83.372062999598242,30.799082999847325],[-83.376739000146657,30.799582000183626],[-83.382051999656326,30.800154999748017],[-83.382948999806857,30.800229999979567],[-83.384108999723125,30.800293000005361],[-83.384733000062212,30.800239000095999],[-83.385555999694603,30.800167999926142],[-83.386714999785951,30.799968000078525],[-83.391068000294197,30.798932999850663],[-83.394671999891585,30.798135000099727],[-83.396391999674506,30.797886000376227],[-83.398262999968495,30.797736000054815],[-83.402130000229917,30.797441999733536],[-83.409099999773304,30.796912999985317],[-83.416233000421627,30.796373999881943],[-83.41633800000362,30.796371999775729],[-83.422280999700135,30.795915999934405],[-83.422708000395701,30.795883999620639],[-83.424132999727547,30.795777000278591],[-83.428261000104882,30.795461000307554],[-83.429949999925654,30.795341999729381],[-83.434202000151572,30.795018000106115],[-83.44152200039764,30.794481000326339],[-83.446012000274919,30.794131999752192],[-83.453051000313607,30.793609000028855],[-83.453323000300159,30.793588999932762]]},"properties":{"BASENAME":"84","NAME":"US Hwy 84","MTFCC":"S1200","RTTYP":"U","OID":"1106073053258"}},{"type":"Feature","geometry":{"type":"LineString","coordinates":[[-83.088408999970824,30.905084000276975],[-83.087499000299786,30.905436000357536],[-83.087203999848697,30.905548999657842],[-83.085662000341017,30.906148000241703],[-83.080692000064701,30.908089999638932],[-83.080239000328163,30.908274000054419],[-83.079728999791925,30.908471000266257],[-83.078574999723429,30.908916999842287]]},"properties":{"BASENAME":"38","NAME":"State Rte 38","MTFCC":"S1200","RTTYP":"S","OID":"1106073896758"}},{"type":"Feature","geometry":{"type":"LineString","coordinates":[[-83.246151999645591,30.842871999772271],[-83.243303999733442,30.843928000088329],[-83.243119999610428,30.844003000076324],[-83.243056999861238,30.844027999802169],[-83.240434000079986,30.845012000004033],[-83.235185000144426,30.847055000126204],[-83.233832999709222,30.847585000122905],[-83.229341000182117,30.849347000314051],[-83.229156000234198,30.849418999876971],[-83.226739000317266,30.850364000120624],[-83.225466000423083,30.850861000352047],[-83.224293999912931,30.851318999747033],[-83.223790000122762,30.851514999628233],[-83.220351000381825,30.852850999905694],[-83.216772999825395,30.854230999829309],[-83.215207999853163,30.854833999849006],[-83.213346999604937,30.85558700036287],[-83.212785999913365,30.855819999896593],[-83.20979300023626,30.856983999677055],[-83.207074000195547,30.858035000280516],[-83.200779999971431,30.860466999973578],[-83.189627999624022,30.864837999775499],[-83.189400999843301,30.864927000380703],[-83.181160000055556,30.868151000287821],[-83.178713000001395,30.869100999790245],[-83.170435000403728,30.87229600021719],[-83.16391500022381,30.874848999874992],[-83.158499999708582,30.876974999958293],[-83.156322999991175,30.877820000176477],[-83.149010000316096,30.880656999703103],[-83.138108000213947,30.884885000294279],[-83.135447999724448,30.885931000044568],[-83.13427199991466,30.886393000279011],[-83.131055999756484,30.887645000068243],[-83.129524000294523,30.888240999747786],[-83.126551999635495,30.889398000002849],[-83.119055999662322,30.89231899963011],[-83.116190000206814,30.893435999743911],[-83.108481999623223,30.89644099971353],[-83.106237000133746,30.897296000154302],[-83.10273700029343,30.898647999792065],[-83.102364999849442,30.89879200034343],[-83.097710000115725,30.900597999721278],[-83.095761999828866,30.901381999977893],[-83.094242000062465,30.9021180002274],[-83.093842999854289,30.902334000081158],[-83.093510999593263,30.902514000357712],[-83.092532000325278,30.903043999720531],[-83.09101099983566,30.903840000289026],[-83.089811999561334,30.90438599981848],[-83.088408999970824,30.905084000276975]]},"properties":{"BASENAME":"38","NAME":"State Rte 38","MTFCC":"S1200","RTTYP":"S","OID":"1106073896760"}},{"type":"Feature","geometry":{"type":"LineString","coordinates":[[-83.246168000437422,30.842844999835265],[-83.246151999645591,30.842871999772271]]},"properties":{"BASENAME":"38","NAME":"State Rte 38","MTFCC":"S1200","RTTYP":"S","OID":"1106073896761"}},{"type":"Feature","geometry":{"type":"LineString","coordinates":[[-83.088408999970824,30.905084000276975],[-83.087499000299786,30.905436000357536],[-83.087203999848697,30.905548999657842],[-83.085662000341017,30.906148000241703],[-83.080692000064701,30.908089999638932],[-83.080239000328163,30.908274000054419],[-83.079728999791925,30.908471000266257],[-83.078574999723429,30.908916999842287]]},"properties":{"BASENAME":"84","NAME":"US Hwy 84","MTFCC":"S1200","RTTYP":"U","OID":"1106073896820"}},{"type":"Feature","geometry":{"type":"LineString","coordinates":[[-83.246151999645591,30.842871999772271],[-83.246543000356169,30.84273100027476],[-83.246914999901833,30.842584999624933],[-83.247386000080027,30.842412000236745],[-83.249485999804548,30.841608999728155],[-83.249650999660986,30.841534000182765],[-83.250736999957425,30.84110100006728],[-83.251846999644997,30.840655999807932],[-83.252062999555051,30.840572000095964],[-83.252205999670196,30.840515999732915],[-83.252866999819162,30.840273000230681],[-83.253449000325446,30.840074999781351],[-83.255441000094947,30.839431999929729],[-83.255667999875655,30.839365000155553],[-83.256785000134229,30.839003999945696],[-83.257867000232707,30.838646000302258],[-83.259300999785367,30.838183999784011],[-83.259822000192273,30.838019000216896],[-83.260187000065258,30.837897000270416],[-83.260878000351468,30.837677000126639],[-83.26154799982298,30.837447999763775],[-83.261956000251971,30.837296999882408],[-83.262516999943557,30.837068999785021],[-83.263256999735248,30.836744000096882],[-83.264632999561584,30.836138000064931],[-83.266026999829592,30.83554200037446],[-83.266913999934403,30.835157000372075],[-83.266975000033767,30.83512999980714],[-83.267161999631526,30.835049000380554],[-83.267350999777406,30.834974000336391],[-83.267633999634626,30.834853999680988],[-83.267830000351523,30.834766999786925],[-83.268148000368825,30.834634000275173],[-83.268410000309657,30.834534999683861],[-83.269542999563427,30.834168000317327],[-83.270509000209273,30.833863999926621],[-83.270722999571205,30.833810000375642],[-83.271874000164956,30.833446000324166],[-83.271971000249337,30.833447999658585],[-83.272093000448081,30.83336800002337],[-83.272654999964544,30.833163999648974],[-83.273480000145071,30.832850000116053],[-83.274728999749811,30.832359000308138],[-83.276364000042236,30.83171900026954],[-83.276564999883689,30.831651000053235],[-83.277229000405725,30.831386000384136],[-83.27744500031578,30.831295999820693],[-83.277989000288912,30.831085000285924],[-83.278296000435574,30.830970999869049],[-83.278546999607428,30.830872999821999],[-83.278825000340078,30.830764999638486],[-83.279431000237494,30.830527999859893],[-83.279950000096278,30.830323999621015],[-83.280263999915618,30.830204999795694],[-83.280798999667908,30.82999299970249],[-83.281667000404468,30.829662000185493],[-83.281935000193059,30.829554999890142],[-83.282558999633835,30.82931500030778],[-83.284015999651018,30.828715000269874],[-83.28425500002561,30.828628000211467],[-83.284356000307952,30.828585999729498],[-83.28461900007369,30.828503999690586],[-83.284814999892262,30.828415000001776],[-83.285291000093338,30.828199000153958],[-83.285491000109872,30.828116000061801],[-83.286069000418195,30.827895000144856],[-83.286513999758796,30.827724999684605],[-83.286830999951192,30.82761000017814],[-83.287634000390426,30.827317999705592],[-83.287964000103287,30.827181999932627],[-83.288079999555947,30.827138000123643],[-83.288356999565366,30.827036000313601],[-83.288470000441592,30.826990000197483],[-83.288794000306694,30.826856000202973],[-83.288899999713578,30.826819999677554],[-83.29002799984282,30.826363000340688],[-83.290406999959501,30.826205000251285],[-83.290913000297792,30.826018000371025],[-83.291797000029561,30.825672000184944],[-83.292879000128011,30.825237999727072],[-83.293803999867649,30.824894999856131],[-83.294805999600172,30.82452700013225],[-83.295650999872194,30.824214999647332],[-83.295946000323283,30.824101000329872],[-83.29760599983176,30.823483000375276],[-83.297737000251317,30.82343199969959],[-83.297975999727598,30.823353999748186],[-83.29809399972838,30.823323999631352],[-83.298232999645549,30.823295000049495],[-83.298376999585585,30.823274000187219],[-83.298489999563486,30.823260000276449],[-83.298806999755911,30.82325000022875],[-83.300879999716244,30.823221999626814],[-83.30099400041739,30.823226000264341],[-83.301215000350325,30.823224999719216],[-83.301895999692476,30.823234999769532],[-83.302195000341555,30.823231999677439],[-83.302511999635627,30.82323799986154],[-83.30265099955281,30.823237000088053],[-83.303519000289356,30.823216999986794],[-83.30383099956056,30.823216000213083],[-83.303929000368171,30.823210999801319],[-83.304062000437568,30.823203000067728],[-83.304290999868115,30.823190999694717],[-83.30446099974742,30.823195000333541],[-83.30463399999978,30.823186999827165],[-83.304809999726871,30.823172999903736],[-83.305023999987114,30.823165000166977],[-83.305101999804918,30.823159999752608],[-83.305245999744955,30.823147000371112],[-83.305810999634488,30.823075000382609],[-83.305956000297755,30.823046999729591],[-83.306243000352936,30.82298899961836],[-83.306602000378135,30.822900000217505],[-83.306994000015294,30.822797999762589],[-83.307178999963227,30.822740000272407],[-83.307476000064156,30.822635000308175],[-83.307804999952126,30.822506000084768],[-83.308040999953676,30.822401999646878],[-83.308363000168953,30.822243999982682],[-83.30847899962157,30.822185000373388],[-83.308785999768261,30.82201499983211],[-83.308804000209932,30.822003999868379],[-83.308909999616802,30.821945000111633],[-83.309061999952775,30.821880000050058],[-83.309278999687749,30.821775999705661],[-83.309602999552851,30.821601000259101],[-83.310248999633231,30.821279999836968],[-83.310559999977855,30.821144999793113],[-83.311949000222995,30.82047799977428],[-83.312673999946085,30.82010699990553],[-83.312971000047,30.819943999740847],[-83.313463000141596,30.819671999943303],[-83.314537999669056,30.819096999869352],[-83.315206000389054,30.818744999739298],[-83.315307999597991,30.818678000184285],[-83.316169999588439,30.818251000068148],[-83.316393000069496,30.818122000127623],[-83.316696999843117,30.817987000273458],[-83.316781000407033,30.817947000194501],[-83.316866999722436,30.817911000186331],[-83.317024000081275,30.817839999959226],[-83.317192000310769,30.817781999789091],[-83.317295000242922,30.817729000281407],[-83.317563000031527,30.817556999901708],[-83.317721000215272,30.817465999656982],[-83.318011999570103,30.817350000372997],[-83.318101999981778,30.817314999976233],[-83.318307000021193,30.817220000157644],[-83.318446999763268,30.817155999820827],[-83.318601999573985,30.817074999887883],[-83.318796999567653,30.816984999796574],[-83.319045000163072,30.816848000207163],[-83.319225000088139,30.816756000221176],[-83.3195110003184,30.816625999973354],[-83.319998000390115,30.816438000110814],[-83.320149999827763,30.816369000027908],[-83.320621999830863,30.816160999634683],[-83.320687000128203,30.816132000204281],[-83.321323000162835,30.815847000042321],[-83.321343000254316,30.815836999994218],[-83.321666000294499,30.815675000149959],[-83.322006000053122,30.81551100032452],[-83.322245000427728,30.815402999834937],[-83.322489999751795,30.815302999616303],[-83.323736999706711,30.814720999810916],[-83.325023999844603,30.814114999638615],[-83.328346000307988,30.8125629998734],[-83.329574999821247,30.811992999899989],[-83.331607999598617,30.811040999828819],[-83.332267999922692,30.810737000282614],[-83.33263899964345,30.810587999864445],[-83.332867000147402,30.810468000364182],[-83.333523000273516,30.810171999824508],[-83.333832999894923,30.810032999954931],[-83.334360999974521,30.809793000189664],[-83.334904999947653,30.809552999824934],[-83.33516299969051,30.809430999969042],[-83.335313000376644,30.809374999957992],[-83.336213999826839,30.808969000059285],[-83.336684000180114,30.808757000148734],[-83.338245999779318,30.808073000144873],[-83.338922999821818,30.807764999956408],[-83.339419999939281,30.80756599965277],[-83.340686000160773,30.806999999893819],[-83.341071999950145,30.806856000344609],[-83.342039000420897,30.806614999641134],[-83.342530999617153,30.806561000197775],[-83.342580999845893,30.80655599969052],[-83.34269399982378,30.806533000131534],[-83.342802999603734,30.806522999885484],[-83.342908000084037,30.806521999937946],[-83.34393699958072,30.80644699998733],[-83.348076999653628,30.806099000376346],[-83.348880000092848,30.806038000203884],[-83.349126999965065,30.806012999843698],[-83.352817999601072,30.805704000040205],[-83.354355999809115,30.805584999798391],[-83.355107000369799,30.805523000113315],[-83.356642000204815,30.805399999810689],[-83.357462000362446,30.805336000086559],[-83.357821000387659,30.805303999822652],[-83.358117999590263,30.805257000139171],[-83.358673000332359,30.805131000381731],[-83.358929000425405,30.805059000005301],[-83.35922399997817,30.804954000002532],[-83.359509000383525,30.80483199970832],[-83.359741000187128,30.804719999693919],[-83.35996700014293,30.804600999776742],[-83.360793999973282,30.804130000039756],[-83.362830000123694,30.803005999792649],[-83.363492999922514,30.802650000163847],[-83.36417300033807,30.802268000205189],[-83.365508000156538,30.801532000350669],[-83.367756999843976,30.800287999943549],[-83.369099000233462,30.79953800007722],[-83.36945200041086,30.799348999934608],[-83.369700999932888,30.799241999819724],[-83.370188999829523,30.799080999797471],[-83.370420999633112,30.799018999774468],[-83.370661999657543,30.798970000051618],[-83.370906999879935,30.798932999850663],[-83.371128999637776,30.798905999903493],[-83.371352999943753,30.798887000164846],[-83.371576000424838,30.798877999921793],[-83.371798000182679,30.798882000029909],[-83.372092999735457,30.798902999823216],[-83.372502999814287,30.79894500016762],[-83.376173000432232,30.799336999668018],[-83.382434999970968,30.799990999665503],[-83.383030999822637,30.80004999978857],[-83.383611999605677,30.800085000302253],[-83.383646999765773,30.800087000331214],[-83.384262999708923,30.800091999631832],[-83.384728000039331,30.800073000127565],[-83.385221999783752,30.800025000185478],[-83.385711000403617,30.799956999905081],[-83.38619299955414,30.799865999965114],[-83.387678000058727,30.799528999895131],[-83.392963999804223,30.79829800022949],[-83.393732000083332,30.798123999716502],[-83.394502999837172,30.797961000063328],[-83.394926000334806,30.797883000264044],[-83.39534999975902,30.7978160000496],[-83.395784999952198,30.797751999904769],[-83.396221999795202,30.797701000229051],[-83.397498000062427,30.797594999863335],[-83.399675999604753,30.797430000000517],[-83.402020999551652,30.797253000099392],[-83.409355999866349,30.796698999614588],[-83.412977000080488,30.796429999752792],[-83.416317999912152,30.796170999690929],[-83.418076000228226,30.796034999802092],[-83.422711999695352,30.795688999648672],[-83.424119000382163,30.79558500027353],[-83.428318999831205,30.795270999800575],[-83.43092099969607,30.795070999795279],[-83.435593999871443,30.794697999673097],[-83.436793999970675,30.794608000227495],[-83.439565999714844,30.794412999982175],[-83.441300999566394,30.794276999921284],[-83.443528000410851,30.794110999688293],[-83.453150000047813,30.793374999879116],[-83.453302000383772,30.793362999638429]]},"properties":{"BASENAME":"84","NAME":"US Hwy 84","MTFCC":"S1200","RTTYP":"U","OID":"1106073896821"}},{"type":"Feature","geometry":{"type":"LineString","coordinates":[[-83.246151999645591,30.842871999772271],[-83.243303999733442,30.843928000088329],[-83.243119999610428,30.844003000076324],[-83.243056999861238,30.844027999802169],[-83.240434000079986,30.845012000004033],[-83.235185000144426,30.847055000126204],[-83.233832999709222,30.847585000122905],[-83.229341000182117,30.849347000314051],[-83.229156000234198,30.849418999876971],[-83.226739000317266,30.850364000120624],[-83.225466000423083,30.850861000352047],[-83.224293999912931,30.851318999747033],[-83.223790000122762,30.851514999628233],[-83.220351000381825,30.852850999905694],[-83.216772999825395,30.854230999829309],[-83.215207999853163,30.854833999849006],[-83.213346999604937,30.85558700036287],[-83.212785999913365,30.855819999896593],[-83.20979300023626,30.856983999677055],[-83.207074000195547,30.858035000280516],[-83.200779999971431,30.860466999973578],[-83.189627999624022,30.864837999775499],[-83.189400999843301,30.864927000380703],[-83.181160000055556,30.868151000287821],[-83.178713000001395,30.869100999790245],[-83.170435000403728,30.87229600021719],[-83.16391500022381,30.874848999874992],[-83.158499999708582,30.876974999958293],[-83.156322999991175,30.877820000176477],[-83.149010000316096,30.880656999703103],[-83.138108000213947,30.884885000294279],[-83.135447999724448,30.885931000044568],[-83.13427199991466,30.886393000279011],[-83.131055999756484,30.887645000068243],[-83.129524000294523,30.888240999747786],[-83.126551999635495,30.889398000002849],[-83.119055999662322,30.89231899963011],[-83.116190000206814,30.893435999743911],[-83.108481999623223,30.89644099971353],[-83.106237000133746,30.897296000154302],[-83.10273700029343,30.898647999792065],[-83.102364999849442,30.89879200034343],[-83.097710000115725,30.900597999721278],[-83.095761999828866,30.901381999977893],[-83.094242000062465,30.9021180002274],[-83.093842999854289,30.902334000081158],[-83.093510999593263,30.902514000357712],[-83.092532000325278,30.903043999720531],[-83.09101099983566,30.903840000289026],[-83.089811999561334,30.90438599981848],[-83.088408999970824,30.905084000276975]]},"properties":{"BASENAME":"84","NAME":"US Hwy 84","MTFCC":"S1200","RTTYP":"U","OID":"1106073896822"}},{"type":"Feature","geometry":{"type":"LineString","coordinates":[[-83.246168000437422,30.842844999835265],[-83.246151999645591,30.842871999772271]]},"properties":{"BASENAME":"84","NAME":"US Hwy 84","MTFCC":"S1200","RTTYP":"U","OID":"1106073896823"}},{"type":"Feature","geometry":{"type":"LineString","coordinates":[[-83.271833000157073,30.833525000227965],[-83.270771000150091,30.833898000028277],[-83.269658000089493,30.834239999700518],[-83.268909999901851,30.834477000341828],[-83.268269999669258,30.834681000239673],[-83.267702000305007,30.834908999839293],[-83.267657999924069,30.834928000167118],[-83.267170999852354,30.835142000230569],[-83.267132000392607,30.835158999670909],[-83.266938000223846,30.835243999912649],[-83.266638999574781,30.835375999703331],[-83.266051999943954,30.835627999921535],[-83.265716000383293,30.835772999943075],[-83.264924999639632,30.836108999725617],[-83.264788000270613,30.836168000034327],[-83.264098999634214,30.836463000262547],[-83.263334999553066,30.836775999913275],[-83.263286000047586,30.836798000311124],[-83.262850999854393,30.836991999744782],[-83.262158999743264,30.837290000178442],[-83.261863000365565,30.837402999635025],[-83.261668000371898,30.837465999963662],[-83.261321999867178,30.837587999686772],[-83.260937999727616,30.837705000369262],[-83.260890999871947,30.83772200012692],[-83.260589999573057,30.837826999788504],[-83.260069999889382,30.837993999696774],[-83.259596000236456,30.838153999673466],[-83.259315000029062,30.838241999971142],[-83.259032000171857,30.83833000018819],[-83.258564000366704,30.838482999987679],[-83.258074999746853,30.838644999917904],[-83.257887000324189,30.838704999822649],[-83.257556999712989,30.83880999995138],[-83.256879999670488,30.839047000106003],[-83.256811999898417,30.83906699999466],[-83.256518999995464,30.839153999847401],[-83.25589200018166,30.839369999725868],[-83.255471000232177,30.839513000284963],[-83.254193000315126,30.839922000206073],[-83.252864000344445,30.840382999703866],[-83.252262999571599,30.840617999873899],[-83.251831999576382,30.840785999915099],[-83.250716000041038,30.841226000098153],[-83.249890000035592,30.841541000348503],[-83.249524000337715,30.841680999699356],[-83.248916999717068,30.841913999846444],[-83.247766999846533,30.84236700012185],[-83.246887000312753,30.842702999956035],[-83.246217999767836,30.842966000093394],[-83.245468999755303,30.843261000248919],[-83.244247999739656,30.843686000303308],[-83.243172000387275,30.844133999832348],[-83.243113999762656,30.844156000085924],[-83.24285799966961,30.844255000007475],[-83.24057200017225,30.845154999867617],[-83.239375000446046,30.845620000150948],[-83.238693000380664,30.845896999701434],[-83.238536999846744,30.845961000160401],[-83.237827000192254,30.846205999751408],[-83.236791999949446,30.846609000185644],[-83.233899999656373,30.847736000010883],[-83.230184999730895,30.84918600021755],[-83.229182999998372,30.849580999852765],[-83.228688000429045,30.849775999932056],[-83.226762999708399,30.850527000303398],[-83.225525999799217,30.851008999715425],[-83.225479999768467,30.851026000200847],[-83.224544000158176,30.851392999875184],[-83.223797999620373,30.85168599984268],[-83.220697999813154,30.852898999666337],[-83.219568999859007,30.853338999823247],[-83.216900999871925,30.854382000051984],[-83.216751000084088,30.854440999921103],[-83.213467000153855,30.855722999984071],[-83.207131999921856,30.858194999994581],[-83.195640999640744,30.862681000068271],[-83.189478999661105,30.865087000160621],[-83.188069000397903,30.865631999985272],[-83.187266999783589,30.865945000082654],[-83.156409000204889,30.877972000228805],[-83.146645000277715,30.881779999741475],[-83.14329900042317,30.883075000153731],[-83.139981999982652,30.884370000021171],[-83.135497999953159,30.886107999882082],[-83.132060999862048,30.887450999796773],[-83.131314000397651,30.887736999924577],[-83.13124599972727,30.88776299968357],[-83.130782999944998,30.887951999973161],[-83.12957699999798,30.888419999672401],[-83.128667000326942,30.888772999981775],[-83.12784100032151,30.889086999903938],[-83.12152100015814,30.891542000305463],[-83.119129000355557,30.89247599968844],[-83.102723000049735,30.898859000215619],[-83.101826999724096,30.899207000281866],[-83.09666999985005,30.901213999747657],[-83.096287000433719,30.901370000136392],[-83.095905999768902,30.901532999910238],[-83.094684999753255,30.902149000086457],[-83.094124999886603,30.902439999616988],[-83.093918000197363,30.902548999729895],[-83.093569000217911,30.902733999722308],[-83.093192999575962,30.902932999973277],[-83.091840000214162,30.903626999869523],[-83.091276999974454,30.903911999770003],[-83.090645000137769,30.904200000235363],[-83.089997000407578,30.904461000294013],[-83.088408999970824,30.905084000276975]]},"properties":{"BASENAME":"84","NAME":"US Hwy 84","MTFCC":"S1200","RTTYP":"U","OID":"1106073896824"}},{"type":"Feature","geometry":{"type":"LineString","coordinates":[[-82.741326000177423,31.038128000296712],[-82.740750000417265,31.038351000143834],[-82.740480999905429,31.038456999625694],[-82.739820999581354,31.038760999721678],[-82.739591000325902,31.038915999665321],[-82.739239999798315,31.0391560001231],[-82.738612999984511,31.039573000384063],[-82.738299000165142,31.039782000124976],[-82.738074000034246,31.039899999698676],[-82.737688000244859,31.04010500022148]]},"properties":{"BASENAME":"38","NAME":"State Rte 38","MTFCC":"S1200","RTTYP":"S","OID":"1106073899524"}},{"type":"Feature","geometry":{"type":"LineString","coordinates":[[-82.747268999873953,31.036667999718961],[-82.747590000264324,31.037293999915196],[-82.747801999976431,31.037742000369306],[-82.748386999957432,31.038998000313104],[-82.749202999917117,31.040808000174973],[-82.750162999816851,31.042626999919197],[-82.750424999757684,31.043136999723064],[-82.750591000337351,31.04346499966239],[-82.751018000134607,31.044311000220961]]},"properties":{"BASENAME":"Peach","NAME":"Peach St","MTFCC":"S1200","RTTYP":"M","OID":"1106087408630"}},{"type":"Feature","geometry":{"type":"LineString","coordinates":[[-82.794174999558194,31.079881999716502],[-82.795012000332591,31.080495999878657],[-82.795635999773367,31.080946999746704]]},"properties":{"BASENAME":"Leon Morris","NAME":"Leon Morris Rd","MTFCC":"S1200","RTTYP":"M","OID":"1106087410814"}},{"type":"Feature","geometry":{"type":"LineString","coordinates":[[-82.876909999820683,30.987060999901669],[-82.876820000307305,30.987087999987828],[-82.875929000004533,30.987347999798484],[-82.875209000304324,30.987547000282639],[-82.873594999928301,30.988036000049668],[-82.873030000038767,30.98819500001979],[-82.871757999969489,30.98861300034811],[-82.87114799987414,30.988781000251475],[-82.870838000252746,30.988896000317308],[-82.870279000210985,30.989142999862818],[-82.869899000269399,30.989361000174355],[-82.869535000221333,30.98955800038425],[-82.869402000151922,30.989659000048718],[-82.869074000088887,30.989972000296856],[-82.868965000308933,30.990129000206782]]},"properties":{"BASENAME":"Main","NAME":"Main St","MTFCC":"S1200","RTTYP":"M","OID":"1106087419474"}},{"type":"Feature","geometry":{"type":"LineString","coordinates":[[-82.747590000264324,31.037293999915196],[-82.747801999976431,31.037742000369306],[-82.748386999957432,31.038998000313104],[-82.749202999917117,31.040808000174973],[-82.750162999816851,31.042626999919197],[-82.750424999757684,31.043136999723064],[-82.750591000337351,31.04346499966239],[-82.751018000134607,31.044311000220961],[-82.751193999861698,31.044634000344065],[-82.751275999877464,31.044732000067057],[-82.751346000197671,31.044815000091177],[-82.751454999977611,31.044944000096319],[-82.751788999888447,31.045268999906934],[-82.751825999698383,31.045304999843758],[-82.752132999845045,31.045478999987786],[-82.752362999998809,31.045597000196377],[-82.752649000229084,31.045744000179859],[-82.752763999856796,31.045772000334214],[-82.753137000125719,31.045862999816919],[-82.75337399995216,31.045935999753496],[-82.754906000312431,31.046082999983089]]},"properties":{"BASENAME":"Church","NAME":"N Church St","MTFCC":"S1200","RTTYP":"M","OID":"1106087422475"}},{"type":"Feature","geometry":{"type":"LineString","coordinates":[[-83.037252999710489,30.924543999875475],[-83.037133999884801,30.924590000193383],[-83.033233000186485,30.92611300025407],[-83.033023000124231,30.926192000076732],[-83.029108000182219,30.927716999735228],[-83.027914999755652,30.928134999736294],[-83.025919999613123,30.928913999871622],[-83.024168999868053,30.929602999864194],[-83.022642000428959,30.93019699989242]]},"properties":{"BASENAME":"84","NAME":"E US Hwy 84","MTFCC":"S1200","RTTYP":"U","OID":"1106087626957"}},{"type":"Feature","geometry":{"type":"LineString","coordinates":[[-83.075052000316916,31.04110100027502],[-83.074757999690718,31.041138999862056],[-83.074326999695487,31.041209000155401],[-83.073571000010247,31.041328999878761],[-83.073194000441703,31.041392999669391],[-83.071719999807769,31.041625999890545],[-83.07107799992535,31.041741000086834],[-83.070349999829205,31.041849000010799],[-83.068996999569066,31.042055999779233],[-83.068207000446975,31.04220200004788],[-83.067708999606282,31.042293999659403],[-83.066224000000005,31.042500999999458],[-83.065540000284784,31.042612999765328],[-83.064750000264368,31.042741999675933],[-83.06434699985823,31.042806999845052],[-83.063777999770764,31.042900000199349],[-83.06280399962732,31.043059000247013],[-83.060155999731705,31.043491999935593],[-83.05916099967186,31.043653999874479],[-83.058767000384876,31.043719000190542],[-83.058220999863636,31.043806999991162],[-83.058138000022936,31.043820000191005],[-83.05802599986994,31.043838000050254],[-83.057715000423642,31.043889000274469],[-83.056730000409544,31.044048000209489],[-83.055794999725862,31.044199000143955],[-83.0550790002236,31.044315000083831],[-83.054312999594302,31.044437999825892],[-83.051129000121492,31.044945999629675],[-83.049099999643772,31.045271000203115],[-83.04762400025831,31.045514999845121],[-83.047265000233111,31.045574000330227],[-83.04663199967321,31.045678999707278],[-83.044225999626931,31.046060999989376],[-83.043577000071807,31.046164999844944],[-83.0425689995932,31.046326000100358],[-83.041360999996328,31.046518999789487],[-83.04105600039783,31.046567999847607],[-83.03985499957534,31.04676000006809],[-83.036794999951098,31.04724999981309],[-83.036000999732707,31.047368999876205]]},"properties":{"BASENAME":"31","NAME":"State Rte 31","MTFCC":"S1200","RTTYP":"S","OID":"1106087626966"}},{"type":"Feature","geometry":{"type":"LineString","coordinates":[[-83.014390999697156,30.933450999748334],[-83.014153999870686,30.93354499982701],[-83.013845999899118,30.933678000009998],[-83.013818000310025,30.933713000311297],[-83.013764999708258,30.933733999869474],[-83.012841999618445,30.934224999709564],[-83.01227699972894,30.934539000003721],[-83.011567999899356,30.934886000378274],[-83.010915999971189,30.935255999780978],[-83.010417000203915,30.935502000032439],[-83.01027699956353,30.935569999770998],[-83.009438999862525,30.935921000043319],[-83.009054999722963,30.936082000011488],[-83.008633999773494,30.936225000339714],[-83.008466000442297,30.936319000002513],[-83.007995000264131,30.936478999937282]]},"properties":{"BASENAME":"84W","NAME":"US Hwy 84W","MTFCC":"S1200","RTTYP":"U","OID":"1106087626967"}},{"type":"Feature","geometry":{"type":"LineString","coordinates":[[-83.075052000316916,31.04110100027502],[-83.074757999690718,31.041138999862056],[-83.074326999695487,31.041209000155401],[-83.073571000010247,31.041328999878761],[-83.073194000441703,31.041392999669391],[-83.071719999807769,31.041625999890545],[-83.07107799992535,31.041741000086834],[-83.070349999829205,31.041849000010799],[-83.068996999569066,31.042055999779233],[-83.068207000446975,31.04220200004788],[-83.067708999606282,31.042293999659403],[-83.066224000000005,31.042500999999458],[-83.065540000284784,31.042612999765328],[-83.064750000264368,31.042741999675933],[-83.06434699985823,31.042806999845052],[-83.063777999770764,31.042900000199349],[-83.06280399962732,31.043059000247013],[-83.060155999731705,31.043491999935593],[-83.05916099967186,31.043653999874479],[-83.058767000384876,31.043719000190542],[-83.058220999863636,31.043806999991162],[-83.058138000022936,31.043820000191005],[-83.05802599986994,31.043838000050254],[-83.057715000423642,31.043889000274469],[-83.056730000409544,31.044048000209489],[-83.055794999725862,31.044199000143955],[-83.0550790002236,31.044315000083831],[-83.054312999594302,31.044437999825892],[-83.051129000121492,31.044945999629675],[-83.049099999643772,31.045271000203115],[-83.04762400025831,31.045514999845121],[-83.047265000233111,31.045574000330227],[-83.04663199967321,31.045678999707278],[-83.044225999626931,31.046060999989376],[-83.043577000071807,31.046164999844944],[-83.0425689995932,31.046326000100358],[-83.041360999996328,31.046518999789487],[-83.04105600039783,31.046567999847607],[-83.03985499957534,31.04676000006809],[-83.036794999951098,31.04724999981309],[-83.036000999732707,31.047368999876205]]},"properties":{"BASENAME":"221","NAME":"US Hwy 221","MTFCC":"S1200","RTTYP":"U","OID":"1106087629085"}},{"type":"Feature","geometry":{"type":"LineString","coordinates":[[-83.165491999891614,31.109933000229269],[-83.165045999827754,31.110003999733127],[-83.164615999657457,31.110023999843776],[-83.163803000070814,31.110050999678823],[-83.162566000161647,31.110065999754784],[-83.161402999872308,31.110079999977401],[-83.159243999698248,31.110083000299465],[-83.15735700040905,31.110131000056558],[-83.154513999621471,31.110412999773612],[-83.154199999802117,31.110486999997001],[-83.152752999830653,31.11082700034444],[-83.151320999927819,31.111202999844682],[-83.149011000141016,31.111746000186972],[-83.146879999556035,31.112247999862316],[-83.144157000215657,31.112922999926532],[-83.144092999743251,31.11289699996054],[-83.143607000394766,31.113046000142482],[-83.142348999670872,31.113313000100412],[-83.13989900014198,31.11389900024416],[-83.139658999942469,31.1139579998298],[-83.139324000206713,31.114041000188617],[-83.13758299960908,31.114471000273827],[-83.137450000437994,31.11450399997814],[-83.136419000393161,31.114836999638207],[-83.135888999765413,31.11500999964716],[-83.1349659996756,31.115700999814557],[-83.134209999990361,31.117005000093354],[-83.13417999985316,31.117057999852669],[-83.134100000385516,31.11719500003645],[-83.134065000225405,31.117260000071322],[-83.132959999662404,31.119374000058361],[-83.132667999584356,31.11993199985794],[-83.130757999830635,31.123177999839477],[-83.130587000126411,31.123398000283576],[-83.130563999661874,31.123422000259193],[-83.130324000360687,31.123669999652115],[-83.13003499975737,31.123896000264683],[-83.129111999667543,31.124557000154361],[-83.128519000188945,31.124930000013219],[-83.124564999888861,31.127418000376199],[-83.124126000396046,31.127686999990203],[-83.123709999571133,31.127986999915016],[-83.123488999638184,31.128080999660423],[-83.122977000350417,31.128270999728514],[-83.1228779997179,31.128321000371233],[-83.122079000374967,31.128513000041405],[-83.120896999819081,31.128624000334238],[-83.11975600016936,31.128481000251476],[-83.118002000051249,31.12820699997474],[-83.116436000254126,31.128018000209494],[-83.11633499997177,31.128005999650178],[-83.116247999933137,31.127952999853321],[-83.116023999627146,31.127934000107498],[-83.113497999930274,31.127710999649977],[-83.113244000385379,31.127709999984656],[-83.106694999893151,31.126973000029285],[-83.106664999755921,31.126944999951494],[-83.105853999819089,31.126836999793756],[-83.105576999809657,31.126900999702688],[-83.104686000405209,31.126886999654239],[-83.103104999641147,31.127202000245592],[-83.102609000246915,31.127414000164652],[-83.101937000227267,31.127797000047124],[-83.101261999834577,31.128247000210372],[-83.10068699989931,31.128620000173555],[-83.099249000148703,31.130838000348998],[-83.098726999916863,31.131485000180632],[-83.098727999741783,31.131505000378429],[-83.097243999960412,31.13402899995766],[-83.096486999551942,31.135128000093374],[-83.096428000000714,31.135171000015482],[-83.094888999967765,31.1376890000268],[-83.09425600030616,31.13866699999825],[-83.093661000279425,31.139319000270895],[-83.093533000232895,31.139500999954741],[-83.093127000352041,31.139739999913079],[-83.091579999923155,31.140350000167864],[-83.090421999656698,31.140504999790181],[-83.088732000010992,31.14048199982253],[-83.086490999821166,31.140517999836248],[-83.086361999949744,31.140475000031874]]},"properties":{"BASENAME":"Sam I Watson","NAME":"Sam I Watson Hwy","MTFCC":"S1200","RTTYP":"M","OID":"1106087437251"}},{"type":"Feature","geometry":{"type":"LineString","coordinates":[[-82.840870000253574,30.823203000067728],[-82.840820000024848,30.823199000200738],[-82.839808000246592,30.823171000355316],[-82.839403000190629,30.823162000072681],[-82.83922099971744,30.823158999978247],[-82.838588999880756,30.823121999834772],[-82.838038000234945,30.823108999676748],[-82.83723499979574,30.823042000080527],[-82.835463999959174,30.822806000301355],[-82.833324000051675,30.822512000314237],[-82.831123999869732,30.822240000075691],[-82.830442999629255,30.822157000232302],[-82.829259000321841,30.822004999654748],[-82.827628000227378,30.821815999732777],[-82.826968999728209,30.821755000282646],[-82.826469000136001,30.821734000083602],[-82.826101999714894,30.821774000128158],[-82.82542800004542,30.822002000295619],[-82.824771000094415,30.822272999881935],[-82.824463000122819,30.822500999636038],[-82.824301999566018,30.822587000065891],[-82.824094999876792,30.822765000136759],[-82.823921999624432,30.822980000090105],[-82.823761999790847,30.823190999694717],[-82.823739000224634,30.823224999719216],[-82.823038999717582,30.824239999899099],[-82.822776999776778,30.824620000147466],[-82.822585000156138,30.824898999652543],[-82.82229499972793,30.825365999614554],[-82.822087000213784,30.825581999664632],[-82.821663999716151,30.825991000321075],[-82.821178000367667,30.826361999828322],[-82.820672000029376,30.82661999976952],[-82.819860000267639,30.826996000146757],[-82.819208000339472,30.827304000384459],[-82.817983999950783,30.827881000136504],[-82.817533999689005,30.828087000384411],[-82.81691899957076,30.828367000334744],[-82.815346999925822,30.829072999928606],[-82.81516600017585,30.829161999778822],[-82.813085999644514,30.830181999728151],[-82.812062000170684,30.830680999754652],[-82.811565999878113,30.830950999836109],[-82.811329000051671,30.831098000135395],[-82.811103999920775,30.83126300003002],[-82.810780000055672,30.831552000242034],[-82.810696000390081,30.831626999874633],[-82.81009499961722,30.83214800002445],[-82.809538000123624,30.832930999855552],[-82.809333999909128,30.833367000355302],[-82.809116000349235,30.833909000172032],[-82.808996999625236,30.834531999944858],[-82.808985999754569,30.834621000133218],[-82.808965999663101,30.834784999718284],[-82.808963000188356,30.835039000018106],[-82.809159999831849,30.837564999845686],[-82.809263999588921,30.83870899981498],[-82.809467999803431,30.84094799981396],[-82.809580999781332,30.842361000362011],[-82.809631000010057,30.842866000044005],[-82.809656000124406,30.843625000095415],[-82.809631000010057,30.844320999898464],[-82.80961900031447,30.844637999887251],[-82.80957300028372,30.84514299992501],[-82.809472000001392,30.845898000010195],[-82.809426999795548,30.846147999750503],[-82.809204000212787,30.847400000063779],[-82.809128000044794,30.847902000124286],[-82.809068999595254,30.848660000160027],[-82.809010999868931,30.849164000346239],[-82.808601999615021,30.851728999717853],[-82.808570999652886,30.851924000057711],[-82.808296000191589,30.853935000020801],[-82.808237999566941,30.854264000204719],[-82.80812100028939,30.854936999634408],[-82.807883999564623,30.85592899984821],[-82.807681000073345,30.856669000007834],[-82.807599999882498,30.856912999817457],[-82.807395999668003,30.85738799974575],[-82.807158999841533,30.857853000107728],[-82.80701999992435,30.858074999848487],[-82.806695000234342,30.858495999880255],[-82.806332999836087,30.858895999826455],[-82.805978999833769,30.85925800015551],[-82.805764999573526,30.859476999997845],[-82.803807999964135,30.861365000110229],[-82.801343000366629,30.863807999964155],[-82.800337000436144,30.864804999954625],[-82.800163000358864,30.865006999918517],[-82.800006999824944,30.865219999865978],[-82.799735999663298,30.86567100013691],[-82.799503999859695,30.866136999752506],[-82.799407999600234,30.866377999857999],[-82.799334999805311,30.866623999820778],[-82.799286000299801,30.866873000193404],[-82.799176999621537,30.867564999832897],[-82.799180999819498,30.868389999808006],[-82.799227999675182,30.868863999868122],[-82.799267999858159,30.869398999944039],[-82.799374999988274,30.870108000039878],[-82.799399000277702,30.870471999776427],[-82.799396999729566,30.870821999761578],[-82.79932800013259,30.871385000138105],[-82.799267999858159,30.871948000291674],[-82.799123999918095,30.872691000267707],[-82.798795999855045,30.874311000114105],[-82.798688999724931,30.874918000317972],[-82.798625000150821,30.875276000276745],[-82.798534999739132,30.87590799966172],[-82.798502999952078,30.876157999809902],[-82.798511000348,30.876408000076825],[-82.798576999571921,30.877201000065035],[-82.798737000303817,30.877906000367574],[-82.798955999688616,30.878357000312157],[-82.799222999652301,30.879134000198491],[-82.799375999813179,30.879563999881995],[-82.799512000255632,30.87994699982907],[-82.799954999946408,30.881120999814044],[-82.800351999606434,30.882096000092179],[-82.800554000171118,30.882764000340394],[-82.800580000110401,30.882848000101983],[-82.800777999578784,30.883486999841605],[-82.800832000005457,30.88414000022485],[-82.800828999632415,30.88419900028228],[-82.800785999974707,30.885029999856712],[-82.800560000018905,30.885754999772928],[-82.800464999584335,30.886053999678833],[-82.800251000222417,30.886735000098522],[-82.799829000448042,30.888210999878464],[-82.799417999645968,30.889626999655661],[-82.798662999785648,30.892054000307944],[-82.798523000043573,30.89252699988764],[-82.798337000270735,30.893152999893591],[-82.798035999971859,30.894037999996769],[-82.797351000431732,30.895196999953694],[-82.795926000201575,30.897411999898203],[-82.795398999946897,30.898316999812675],[-82.795178000013948,30.898786000260507],[-82.795086999777368,30.899026999953659],[-82.794692999592058,30.900247000090769],[-82.794433000199362,30.901348999639353],[-82.794239000030615,30.902054000262744],[-82.793986000310625,30.902962000141873],[-82.793849999868186,30.903439999874049],[-82.793709000301178,30.904025000098695],[-82.793399999606393,30.905135999617102],[-82.793416000398224,30.906040999735598],[-82.793557999790139,30.90699099963474],[-82.793632000308293,30.907954000344404],[-82.79356299981302,30.908739999775481],[-82.793417000223144,30.909255000009811],[-82.792323000429107,30.911270999695926],[-82.792198999682228,30.911584000200758],[-82.79175299961841,30.912381000264162],[-82.791385000270679,30.913036999731773],[-82.790521999557001,30.914458000240518],[-82.789488000037423,30.916401000123269],[-82.787454000435162,30.919983999619948],[-82.786969999838163,30.920821999709872],[-82.786127999939211,30.922091999792016],[-82.785691999921127,30.922755000118102],[-82.785548999805982,30.922960999962484],[-82.785421999584372,30.9232029999311],[-82.785301000108859,30.923491999632748],[-82.785157999993729,30.92397199983689],[-82.784978999893582,30.924671999733608],[-82.784733999671204,30.926170000161971],[-82.784509000438618,30.927576000235341],[-82.784115000253308,30.930191000237485],[-82.783722999717853,30.93270099999064],[-82.783581000325938,30.933450999748334],[-82.783300000118544,30.935140999828423],[-82.783204999683988,30.935649999628151],[-82.783028000131964,30.9369129999146],[-82.782881999643806,30.937661999640266],[-82.782726000008182,30.93857799995833],[-82.782505999900152,30.939460000350774],[-82.782335000195943,30.939922000316876],[-82.782213999822105,30.94015699984309],[-82.782053999988534,30.940515000092766],[-82.781602999901821,30.941132999856364],[-82.781079999845105,30.941743999697664],[-82.779779000361842,30.942969000186793],[-82.779426000184415,30.943380000106295],[-82.779223999619731,30.943688000027084],[-82.778964000227049,30.944108999704014],[-82.778754999989687,30.94458300012753],[-82.778568000391928,30.945064000047552],[-82.77835599978151,30.945850999664174],[-82.778227999734995,30.946449999809694],[-82.777948000250831,30.947803999793113],[-82.7777070002264,30.949031999651588],[-82.777687999959824,30.949493000343448],[-82.777665000393611,30.950491000257781],[-82.777719999746878,30.950813000142581],[-82.777713999899092,30.950849000315859],[-82.777727000317881,30.950969999750278],[-82.777795000089938,30.951334000193814],[-82.777866000235065,30.951691000200274],[-82.778007999626979,30.952142999891677],[-82.778216999864327,30.952754000213663],[-82.778571999691579,30.953821999715615],[-82.778724999852443,30.954421999910704],[-82.778738000271247,30.954513000330184],[-82.778806999868209,30.954973000057354],[-82.778850000424242,30.956067999790065],[-82.778846000226281,30.957272000216197],[-82.778856000272015,30.958439999722053],[-82.778858999746745,30.959627999720965],[-82.778867000142668,30.960840999629376],[-82.778866000317763,30.962044999973717],[-82.778879999663147,30.963236000138792],[-82.778864999594532,30.963823000185243],[-82.77882799978461,30.964109000022553],[-82.778795000172664,30.964375999703556],[-82.778705999585881,30.964730999819562],[-82.778671000324096,30.964871999968178],[-82.778544000102485,30.965238000250864],[-82.778433999599315,30.965486000007029],[-82.778370000025205,30.965603999900924],[-82.778160999787843,30.965986999792072],[-82.777749999884108,30.966616999766547],[-82.777097999955942,30.967629999668816],[-82.776948999993039,30.967848999634619],[-82.776847999710697,30.96800499993698],[-82.776148000101941,30.969076999841363],[-82.775339999639854,30.9703049996583],[-82.774538999748785,30.971539999761688],[-82.774199999815082,30.972045999706097],[-82.773707999720486,30.972778000094145],[-82.772433000176491,30.97472199969771],[-82.772140000273538,30.975169000346909],[-82.771368999621359,30.976363000005154],[-82.770601000240561,30.977528999954348],[-82.770342999599393,30.97797500008145],[-82.770169000420424,30.978204000240137],[-82.770134000260327,30.978258999722151],[-82.768534999952919,30.980675999682116],[-82.768503999990784,30.980721000265518],[-82.76847499967846,30.980791000275197],[-82.76781299970456,30.981851999745224],[-82.767231000096601,30.982719999810804],[-82.766604000282783,30.983683000129005],[-82.766456000144785,30.983921999903025],[-82.765706000307333,30.985005000221776],[-82.765106000257717,30.986003000209017],[-82.764984999883893,30.986224999986021],[-82.764567000307451,30.987126000324253],[-82.76440900012372,30.987447000292445],[-82.763850999906879,30.988638999637399],[-82.763294000413282,30.989851000229205],[-82.763009000007926,30.990566000013072],[-82.762930000365202,30.990846999680326],[-82.762865999892796,30.991073000294747],[-82.762578999837629,30.992024000226298],[-82.762504000392866,30.992307999636193],[-82.761880999878699,30.994736999922811],[-82.761522999678419,30.995983000342658],[-82.761187000117744,30.997224000087169],[-82.760869999925347,30.998475000087865],[-82.760587999893048,30.999544999891022],[-82.760213999799234,31.000944999758875],[-82.759903000352921,31.002081000024379],[-82.759306999602941,31.004532999869102],[-82.759010000400338,31.005770000045288],[-82.758863999912137,31.006348999654968],[-82.758766000002865,31.006633000292481],[-82.758708000276542,31.006780999757996],[-82.758637999956335,31.006896999844329],[-82.758575000207145,31.006993999735162],[-82.757987999677994,31.007876999719265],[-82.757745999828671,31.008211999734712],[-82.756892000234146,31.009463999687604],[-82.756646000186862,31.009961999924933],[-82.75630800007805,31.010686000199097],[-82.756067999878525,31.011173999769731],[-82.755742000363597,31.011834999828231],[-82.755436999866774,31.012517999971031],[-82.755389000186199,31.012620000061531],[-82.755252999743746,31.012834000183457],[-82.755128000070272,31.013121000279753],[-82.755005000046637,31.013455000245351],[-82.754897000091603,31.013795000372617],[-82.754805999855023,31.014205000180976],[-82.754542000264351,31.015456999941506],[-82.754483999639731,31.015761000311386],[-82.754312000110602,31.016666999840556],[-82.754004999963939,31.018202000350097],[-82.75399099972023,31.018267000332504],[-82.753977000374846,31.018336999731034],[-82.753613000326766,31.020084000231652],[-82.753549999679265,31.020425999851209]]},"properties":{"BASENAME":"Forest","NAME":"W Forest Ave","MTFCC":"S1200","RTTYP":"M","OID":"1106092815096"}},{"type":"Feature","geometry":{"type":"LineString","coordinates":[[-82.747268999873953,31.036667999718961],[-82.747504000050597,31.036671999902939],[-82.747950000114429,31.036654000228175],[-82.748309999964548,31.036597000081112],[-82.74845999975237,31.036558000365947],[-82.748772999746819,31.036476999781474],[-82.749558999569274,31.036168000026464],[-82.74983300010399,31.03605999981583],[-82.750878000392532,31.035770999818578],[-82.751087999556503,31.035741000074889],[-82.751337999801734,31.035707999961023],[-82.751859000208654,31.035688000376325],[-82.752648000404164,31.035696999920546],[-82.752845999872576,31.035731999765044],[-82.753693999619301,31.035742999801485],[-82.75441300039293,31.03575100024706],[-82.75443000011137,31.035750000383832],[-82.755113000001671,31.035752000110289],[-82.756583000437658,31.0356730001077],[-82.756945999762522,31.035685999878787],[-82.756976999724642,31.035679000061478],[-82.757252999909156,31.035646999790508],[-82.757533000291644,31.03558499971594],[-82.757945000020285,31.035485999947689],[-82.757982999655127,31.035477000383491],[-82.758211000159079,31.035398000152806],[-82.758627999910601,31.035246000245561],[-82.758647000177177,31.035231999775977],[-82.759797999872603,31.034660000054114],[-82.759966000102111,31.034575999767927],[-82.760750000274754,31.034124000291502]]},"properties":{"BASENAME":"Dame","NAME":"W Dame Ave","MTFCC":"S1200","RTTYP":"M","OID":"1109097222887"}},{"type":"Feature","geometry":{"type":"LineString","coordinates":[[-82.970482999712885,30.950383000062946],[-82.963195999977088,30.953154000098355],[-82.961901000341598,30.953646000278905],[-82.961188000314067,30.953916999740837],[-82.95564999977519,30.956090999685745],[-82.952722000395426,30.957239999817673],[-82.948583999972328,30.958852999912359],[-82.946644000081392,30.959595000220105],[-82.943431000296243,30.960825000029324],[-82.940278999712177,30.962032000173888],[-82.938233000414328,30.962815000010732],[-82.93555600020639,30.963869999934509],[-82.93078299957358,30.965751000034743],[-82.93030999974556,30.965937999893669],[-82.927842999599932,30.966880999921074],[-82.925838000309966,30.967647000246863],[-82.92105700017953,30.969506999721489],[-82.916029000176934,30.971462000219713],[-82.915773999908794,30.971561000249569],[-82.911376000093028,30.973325000094196],[-82.909551999654724,30.97405699991721],[-82.905710000405961,30.975729999708907],[-82.904751000331132,30.97614099962],[-82.898601999871985,30.978751999643467],[-82.898466000327872,30.978805000198889],[-82.891182000066792,30.981927999952823],[-82.888289999773718,30.983158000083204],[-82.888139000160976,30.983221999669858],[-82.886708999907952,30.983828999739913],[-82.884721000336441,30.984668000283747],[-82.884275000272595,30.984836000202787],[-82.88339499984049,30.985169999905885],[-82.882126999969174,30.985582999987997],[-82.880213000017491,30.986135999752406],[-82.880120000131072,30.986161999716721],[-82.877520999740966,30.98688100015913],[-82.877408999587956,30.98691400024002],[-82.877117000408219,30.987000000163913],[-82.876909999820683,30.987060999901669],[-82.876820000307305,30.987087999987828],[-82.875929000004533,30.987347999798484],[-82.875209000304324,30.987547000282639],[-82.873594999928301,30.988036000049668],[-82.873030000038767,30.98819500001979],[-82.871757999969489,30.98861300034811],[-82.87114799987414,30.988781000251475],[-82.870838000252746,30.988896000317308],[-82.870279000210985,30.989142999862818],[-82.869899000269399,30.989361000174355],[-82.869535000221333,30.98955800038425],[-82.869402000151922,30.989659000048718],[-82.869074000088887,30.989972000296856],[-82.868965000308933,30.990129000206782],[-82.868647000291602,30.990478000317037],[-82.868402000069239,30.990828000255117],[-82.866715999723169,30.993546000077345],[-82.865972999558423,30.994704000238013],[-82.865431000133441,30.995550999828119],[-82.865407999668903,30.995588000358843],[-82.862513999725991,31.000374000007426],[-82.861378999924071,31.001273000227513],[-82.859049000045786,31.002990000081201],[-82.854328000189824,31.006515999714839],[-82.852240999985781,31.008075999716414],[-82.852071999931368,31.008200000216455],[-82.851609999974016,31.008533000338875],[-82.850819000128681,31.008933999922725],[-82.850101000078297,31.009220000071817],[-82.84905099976686,31.009570999886925],[-82.847753999583233,31.010011000314783],[-82.843954999992192,31.0112020000795],[-82.83858700023093,31.012808999895352],[-82.837432000337543,31.013177999847322],[-82.836654999837592,31.013427999925113],[-82.835981000168132,31.013584999712599],[-82.83518299975178,31.01371100016415],[-82.834704000075973,31.013763999772745],[-82.833168000416066,31.013772999848619],[-82.832053999632237,31.01380900014356],[-82.827685999953701,31.013974000038285],[-82.824534000267917,31.014070999656468],[-82.822751999662415,31.014157999817368],[-82.821746999556836,31.014159999997126],[-82.821229000421297,31.01425399992927],[-82.821201999758813,31.01425399992927],[-82.820534999762017,31.0144340003596],[-82.819752000312604,31.014685000306599],[-82.819003000300086,31.014991000221933],[-82.816702999660691,31.015853000059977],[-82.815454000055951,31.01634599968488],[-82.811708000168352,31.017818999884909],[-82.803581000183414,31.020889999898131],[-82.799867000082855,31.022287000360766],[-82.795193999907482,31.024115999634066],[-82.793854000066148,31.024605999674947],[-82.790907000419793,31.025748000275115],[-82.790801000114584,31.025788999734011],[-82.789472999968808,31.026289000033202],[-82.787867999813614,31.026897999920909],[-82.787071999945425,31.027233000044671],[-82.784995999612022,31.02801599978303],[-82.783377999936334,31.028624000237837],[-82.782797999978214,31.028821000146571],[-82.782612000205376,31.028892000193505],[-82.782170000339491,31.029063999675831],[-82.780974000438206,31.029527000059709],[-82.780791000140098,31.029598000350159],[-82.78016699980104,31.029841000206353],[-82.779325999726993,31.030117999888184],[-82.777538999996906,31.030445000112511],[-82.776958000213853,31.030540000061361],[-82.773384999680289,31.031037000315429],[-82.772659999957213,31.031116000315144],[-82.772295999909133,31.031142000329965],[-82.771619999691538,31.031170000160362],[-82.770723000439304,31.03126600006609],[-82.769061000382692,31.031513999823819],[-82.768084999691112,31.03169800036893],[-82.76724500034031,31.03185799978429],[-82.76629799996104,31.032071999804003],[-82.764146000357982,31.032648000029162],[-82.763262999552836,31.032940999838573],[-82.762183000002494,31.03337400012899],[-82.760817000221905,31.03408899985596],[-82.760750000274754,31.034124000291502],[-82.759966000102111,31.034575999767927],[-82.759797999872603,31.034660000054114],[-82.758647000177177,31.035231999775977],[-82.758627999910601,31.035246000245561],[-82.758211000159079,31.035398000152806],[-82.757982999655127,31.035477000383491],[-82.757945000020285,31.035485999947689],[-82.757533000291644,31.03558499971594],[-82.757252999909156,31.035646999790508],[-82.756976999724642,31.035679000061478],[-82.756945999762522,31.035685999878787],[-82.756583000437658,31.0356730001077],[-82.755113000001671,31.035752000110289],[-82.75443000011137,31.035750000383832],[-82.75441300039293,31.03575100024706],[-82.753693999619301,31.035742999801485],[-82.752845999872576,31.035731999765044],[-82.752648000404164,31.035696999920546],[-82.751859000208654,31.035688000376325],[-82.751337999801734,31.035707999961023],[-82.751087999556503,31.035741000074889],[-82.750878000392532,31.035770999818578],[-82.74983300010399,31.03605999981583],[-82.749558999569274,31.036168000026464],[-82.748772999746819,31.036476999781474],[-82.74845999975237,31.036558000365947],[-82.748309999964548,31.036597000081112],[-82.747950000114429,31.036654000228175],[-82.747504000050597,31.036671999902939],[-82.747268999873953,31.036667999718961],[-82.746979000344041,31.036735999745247],[-82.746056000254228,31.037109000327426],[-82.744979000178631,31.037532000154336],[-82.74396700040036,31.037924999816092],[-82.74283300042336,31.038333000016756],[-82.741732999883212,31.038755999793779],[-82.741695000248384,31.038771000346379],[-82.741019000030789,31.039044999967373],[-82.740945000410932,31.039075000209429],[-82.740449000118375,31.039264999727131],[-82.740363999729567,31.039297000321575],[-82.740324000444915,31.03931200001929],[-82.740083000420498,31.039404000114526],[-82.739476999624785,31.039635999993372],[-82.739146999911895,31.039761999856548],[-82.739075999766783,31.039788999640656],[-82.73900100032202,31.039812000134788],[-82.737688000244859,31.04010500022148],[-82.737617000099746,31.040121000378814],[-82.737048999837185,31.040274000016378],[-82.736678999941333,31.040374000008782],[-82.736644999606142,31.040382999879828],[-82.735423999590495,31.040681000345252],[-82.734041999916371,31.041146000047661],[-82.731117000011324,31.042254000173845],[-82.7269469998012,31.04390600034316],[-82.72547700026351,31.04444899962613],[-82.721379999848324,31.045962000339458],[-82.721203000296327,31.046029999884599],[-82.720272999635498,31.046387000355473],[-82.717767999855027,31.047345999668654],[-82.7172099996382,31.047558999772026],[-82.715776000085526,31.048101999765191],[-82.711538000103332,31.049738999666921],[-82.710536000370809,31.050125000204012],[-82.709644000243131,31.050468000169097],[-82.709207000400127,31.050634999852658],[-82.707932999782713,31.051139000097926],[-82.704325999812298,31.052563999807234],[-82.703699999823399,31.052810999813541],[-82.696209999698013,31.055630000098915],[-82.685540000297763,31.05964300006514],[-82.685338999557985,31.059718999808528],[-82.684888000369597,31.059908999670771],[-82.683012000052742,31.060637000377049],[-82.680556999602658,31.061571999772852],[-82.679424000348874,31.062006999820017],[-82.676936000286844,31.062933999901734],[-82.676779999752938,31.062982999971748],[-82.67656200019303,31.063073000348705],[-82.676429999948553,31.063115999814745],[-82.673819999687765,31.064125999971164],[-82.672032999957693,31.064812000060897],[-82.670056000256807,31.065562999835237],[-82.66737300020111,31.066578999714093],[-82.664998999941886,31.06748900016569],[-82.662551000062834,31.068417999720548],[-82.662182999816793,31.068561000230105],[-82.661991000196153,31.068625999691118],[-82.660955999953373,31.069005999616692],[-82.660413999630052,31.06924800015884],[-82.660221000184535,31.06933399964359],[-82.65918000009394,31.069999000298523],[-82.658397999571122,31.070454999752609],[-82.657965999750999,31.070673000234333],[-82.657362000401733,31.070915000381365],[-82.656430000091078,31.071286999857868],[-82.654110000258527,31.072174000293156],[-82.653145000335925,31.072540000292324],[-82.652650999693194,31.072725000252014],[-82.651183999630248,31.073273000149733],[-82.650706999604282,31.073458999689095],[-82.650087000361481,31.073700999670308],[-82.650031000284997,31.073723000197589],[-82.649402999747963,31.073975999740565],[-82.648683000047725,31.074226000233409],[-82.646697000126025,31.07496600017851],[-82.646116000342985,31.075114999849291],[-82.645852999678922,31.075153999920765],[-82.645230999888014,31.075273999922054],[-82.644607000447252,31.075396000204091],[-82.644173000078979,31.075493999787483],[-82.643779999718575,31.075647999698106],[-82.64338800008143,31.075780000082471],[-82.642798999902467,31.076007000244878],[-82.641670999773226,31.076437000178487],[-82.637676000363612,31.077960999765381],[-82.636800999954374,31.078300000178984],[-82.634373000166789,31.079221999820696],[-82.634103999654954,31.079325000180813],[-82.632126000129162,31.08009299972829],[-82.626929000072138,31.082083999902377],[-82.624342000275902,31.083074999897303],[-82.623558000103273,31.083353000174906]]},"properties":{"BASENAME":"84","NAME":"US Hwy 84","MTFCC":"S1200","RTTYP":"U","OID":"1109097223822"}},{"type":"Feature","geometry":{"type":"LineString","coordinates":[[-83.271833000157073,30.833525000227965],[-83.270771000150091,30.833898000028277],[-83.269658000089493,30.834239999700518],[-83.268909999901851,30.834477000341828],[-83.268269999669258,30.834681000239673],[-83.267702000305007,30.834908999839293],[-83.267657999924069,30.834928000167118],[-83.267170999852354,30.835142000230569],[-83.267132000392607,30.835158999670909],[-83.266938000223846,30.835243999912649],[-83.266638999574781,30.835375999703331],[-83.266051999943954,30.835627999921535],[-83.265716000383293,30.835772999943075],[-83.264924999639632,30.836108999725617],[-83.264788000270613,30.836168000034327],[-83.264098999634214,30.836463000262547],[-83.263334999553066,30.836775999913275],[-83.263286000047586,30.836798000311124],[-83.262850999854393,30.836991999744782],[-83.262158999743264,30.837290000178442],[-83.261863000365565,30.837402999635025],[-83.261668000371898,30.837465999963662],[-83.261321999867178,30.837587999686772],[-83.260937999727616,30.837705000369262],[-83.260890999871947,30.83772200012692],[-83.260589999573057,30.837826999788504],[-83.260069999889382,30.837993999696774],[-83.259596000236456,30.838153999673466],[-83.259315000029062,30.838241999971142],[-83.259032000171857,30.83833000018819],[-83.258564000366704,30.838482999987679],[-83.258074999746853,30.838644999917904],[-83.257887000324189,30.838704999822649],[-83.257556999712989,30.83880999995138],[-83.256879999670488,30.839047000106003],[-83.256811999898417,30.83906699999466],[-83.256518999995464,30.839153999847401],[-83.25589200018166,30.839369999725868],[-83.255471000232177,30.839513000284963],[-83.254193000315126,30.839922000206073],[-83.252864000344445,30.840382999703866],[-83.252262999571599,30.840617999873899],[-83.251831999576382,30.840785999915099],[-83.250716000041038,30.841226000098153],[-83.249890000035592,30.841541000348503],[-83.249524000337715,30.841680999699356],[-83.248916999717068,30.841913999846444],[-83.247766999846533,30.84236700012185],[-83.246887000312753,30.842702999956035],[-83.246217999767836,30.842966000093394],[-83.245468999755303,30.843261000248919],[-83.244247999739656,30.843686000303308],[-83.243172000387275,30.844133999832348],[-83.243113999762656,30.844156000085924],[-83.24285799966961,30.844255000007475],[-83.24057200017225,30.845154999867617],[-83.239375000446046,30.845620000150948],[-83.238693000380664,30.845896999701434],[-83.238536999846744,30.845961000160401],[-83.237827000192254,30.846205999751408],[-83.236791999949446,30.846609000185644],[-83.233899999656373,30.847736000010883],[-83.230184999730895,30.84918600021755],[-83.229182999998372,30.849580999852765],[-83.228688000429045,30.849775999932056],[-83.226762999708399,30.850527000303398],[-83.225525999799217,30.851008999715425],[-83.225479999768467,30.851026000200847],[-83.224544000158176,30.851392999875184],[-83.223797999620373,30.85168599984268],[-83.220697999813154,30.852898999666337],[-83.219568999859007,30.853338999823247],[-83.216900999871925,30.854382000051984],[-83.216751000084088,30.854440999921103],[-83.213467000153855,30.855722999984071],[-83.207131999921856,30.858194999994581],[-83.195640999640744,30.862681000068271],[-83.189478999661105,30.865087000160621],[-83.188069000397903,30.865631999985272],[-83.187266999783589,30.865945000082654],[-83.156409000204889,30.877972000228805],[-83.146645000277715,30.881779999741475],[-83.14329900042317,30.883075000153731],[-83.139981999982652,30.884370000021171],[-83.135497999953159,30.886107999882082],[-83.132060999862048,30.887450999796773],[-83.131314000397651,30.887736999924577],[-83.13124599972727,30.88776299968357],[-83.130782999944998,30.887951999973161],[-83.12957699999798,30.888419999672401],[-83.128667000326942,30.888772999981775],[-83.12784100032151,30.889086999903938],[-83.12152100015814,30.891542000305463],[-83.119129000355557,30.89247599968844],[-83.102723000049735,30.898859000215619],[-83.101826999724096,30.899207000281866],[-83.09666999985005,30.901213999747657],[-83.096287000433719,30.901370000136392],[-83.095905999768902,30.901532999910238],[-83.094684999753255,30.902149000086457],[-83.094124999886603,30.902439999616988],[-83.093918000197363,30.902548999729895],[-83.093569000217911,30.902733999722308],[-83.093192999575962,30.902932999973277],[-83.091840000214162,30.903626999869523],[-83.091276999974454,30.903911999770003],[-83.090645000137769,30.904200000235363],[-83.089997000407578,30.904461000294013],[-83.088408999970824,30.905084000276975]]},"properties":{"BASENAME":"38","NAME":"State Rte 38","MTFCC":"S1200","RTTYP":"S","OID":"1109097225210"}},{"type":"Feature","geometry":{"type":"LineString","coordinates":[[-82.737688000244859,31.04010500022148],[-82.737617000099746,31.040121000378814],[-82.737048999837185,31.040274000016378],[-82.736678999941333,31.040374000008782],[-82.736644999606142,31.040382999879828],[-82.735423999590495,31.040681000345252],[-82.734041999916371,31.041146000047661],[-82.731117000011324,31.042254000173845],[-82.7269469998012,31.04390600034316],[-82.72547700026351,31.04444899962613],[-82.721379999848324,31.045962000339458],[-82.721203000296327,31.046029999884599],[-82.720272999635498,31.046387000355473],[-82.717767999855027,31.047345999668654],[-82.7172099996382,31.047558999772026],[-82.715776000085526,31.048101999765191],[-82.711538000103332,31.049738999666921],[-82.710536000370809,31.050125000204012],[-82.709644000243131,31.050468000169097],[-82.709207000400127,31.050634999852658],[-82.707932999782713,31.051139000097926],[-82.704325999812298,31.052563999807234],[-82.703699999823399,31.052810999813541],[-82.696209999698013,31.055630000098915],[-82.685540000297763,31.05964300006514],[-82.685338999557985,31.059718999808528],[-82.684888000369597,31.059908999670771],[-82.683012000052742,31.060637000377049],[-82.680556999602658,31.061571999772852],[-82.679424000348874,31.062006999820017],[-82.676936000286844,31.062933999901734],[-82.676779999752938,31.062982999971748],[-82.67656200019303,31.063073000348705],[-82.676429999948553,31.063115999814745],[-82.673819999687765,31.064125999971164],[-82.672032999957693,31.064812000060897],[-82.670056000256807,31.065562999835237],[-82.66737300020111,31.066578999714093],[-82.664998999941886,31.06748900016569],[-82.662551000062834,31.068417999720548],[-82.662182999816793,31.068561000230105],[-82.661991000196153,31.068625999691118],[-82.660955999953373,31.069005999616692],[-82.660413999630052,31.06924800015884],[-82.660221000184535,31.06933399964359],[-82.65918000009394,31.069999000298523],[-82.658397999571122,31.070454999752609],[-82.657965999750999,31.070673000234333],[-82.657362000401733,31.070915000381365],[-82.656430000091078,31.071286999857868],[-82.654110000258527,31.072174000293156],[-82.653145000335925,31.072540000292324],[-82.652650999693194,31.072725000252014],[-82.651183999630248,31.073273000149733],[-82.650706999604282,31.073458999689095],[-82.650087000361481,31.073700999670308],[-82.650031000284997,31.073723000197589],[-82.649402999747963,31.073975999740565],[-82.648683000047725,31.074226000233409],[-82.646697000126025,31.07496600017851],[-82.646116000342985,31.075114999849291],[-82.645852999678922,31.075153999920765],[-82.645230999888014,31.075273999922054],[-82.644607000447252,31.075396000204091],[-82.644173000078979,31.075493999787483],[-82.643779999718575,31.075647999698106],[-82.64338800008143,31.075780000082471],[-82.642798999902467,31.076007000244878],[-82.641670999773226,31.076437000178487],[-82.637676000363612,31.077960999765381],[-82.636800999954374,31.078300000178984],[-82.634373000166789,31.079221999820696],[-82.634103999654954,31.079325000180813],[-82.632126000129162,31.08009299972829],[-82.626929000072138,31.082083999902377],[-82.624342000275902,31.083074999897303],[-82.623558000103273,31.083353000174906]]},"properties":{"BASENAME":"38","NAME":"State Rte 38","MTFCC":"S1200","RTTYP":"S","OID":"1109097225211"}},{"type":"Feature","geometry":{"type":"LineString","coordinates":[[-82.970482999712885,30.950383000062946],[-82.963195999977088,30.953154000098355],[-82.961901000341598,30.953646000278905],[-82.961188000314067,30.953916999740837],[-82.95564999977519,30.956090999685745],[-82.952722000395426,30.957239999817673],[-82.948583999972328,30.958852999912359],[-82.946644000081392,30.959595000220105],[-82.943431000296243,30.960825000029324],[-82.940278999712177,30.962032000173888],[-82.938233000414328,30.962815000010732],[-82.93555600020639,30.963869999934509],[-82.93078299957358,30.965751000034743],[-82.93030999974556,30.965937999893669],[-82.927842999599932,30.966880999921074],[-82.925838000309966,30.967647000246863],[-82.92105700017953,30.969506999721489],[-82.916029000176934,30.971462000219713],[-82.915773999908794,30.971561000249569],[-82.911376000093028,30.973325000094196],[-82.909551999654724,30.97405699991721],[-82.905710000405961,30.975729999708907],[-82.904751000331132,30.97614099962],[-82.898601999871985,30.978751999643467],[-82.898466000327872,30.978805000198889],[-82.891182000066792,30.981927999952823],[-82.888289999773718,30.983158000083204],[-82.888139000160976,30.983221999669858],[-82.886708999907952,30.983828999739913],[-82.884721000336441,30.984668000283747],[-82.884275000272595,30.984836000202787],[-82.88339499984049,30.985169999905885],[-82.882126999969174,30.985582999987997],[-82.880213000017491,30.986135999752406],[-82.880120000131072,30.986161999716721],[-82.877520999740966,30.98688100015913],[-82.877408999587956,30.98691400024002],[-82.877117000408219,30.987000000163913],[-82.876909999820683,30.987060999901669],[-82.876820000307305,30.987087999987828],[-82.875929000004533,30.987347999798484],[-82.875209000304324,30.987547000282639],[-82.873594999928301,30.988036000049668],[-82.873030000038767,30.98819500001979],[-82.871757999969489,30.98861300034811],[-82.87114799987414,30.988781000251475],[-82.870838000252746,30.988896000317308],[-82.870279000210985,30.989142999862818],[-82.869899000269399,30.989361000174355],[-82.869535000221333,30.98955800038425],[-82.869402000151922,30.989659000048718],[-82.869074000088887,30.989972000296856],[-82.868965000308933,30.990129000206782],[-82.868647000291602,30.990478000317037],[-82.868402000069239,30.990828000255117],[-82.866715999723169,30.993546000077345],[-82.865972999558423,30.994704000238013],[-82.865431000133441,30.995550999828119],[-82.865407999668903,30.995588000358843],[-82.862513999725991,31.000374000007426],[-82.861378999924071,31.001273000227513],[-82.859049000045786,31.002990000081201],[-82.854328000189824,31.006515999714839],[-82.852240999985781,31.008075999716414],[-82.852071999931368,31.008200000216455],[-82.851609999974016,31.008533000338875],[-82.850819000128681,31.008933999922725],[-82.850101000078297,31.009220000071817],[-82.84905099976686,31.009570999886925],[-82.847753999583233,31.010011000314783],[-82.843954999992192,31.0112020000795],[-82.83858700023093,31.012808999895352],[-82.837432000337543,31.013177999847322],[-82.836654999837592,31.013427999925113],[-82.835981000168132,31.013584999712599],[-82.83518299975178,31.01371100016415],[-82.834704000075973,31.013763999772745],[-82.833168000416066,31.013772999848619],[-82.832053999632237,31.01380900014356],[-82.827685999953701,31.013974000038285],[-82.824534000267917,31.014070999656468],[-82.822751999662415,31.014157999817368],[-82.821746999556836,31.014159999997126],[-82.821229000421297,31.01425399992927],[-82.821201999758813,31.01425399992927],[-82.820534999762017,31.0144340003596],[-82.819752000312604,31.014685000306599],[-82.819003000300086,31.014991000221933],[-82.816702999660691,31.015853000059977],[-82.815454000055951,31.01634599968488],[-82.811708000168352,31.017818999884909],[-82.803581000183414,31.020889999898131],[-82.799867000082855,31.022287000360766],[-82.795193999907482,31.024115999634066],[-82.793854000066148,31.024605999674947],[-82.790907000419793,31.025748000275115],[-82.790801000114584,31.025788999734011],[-82.789472999968808,31.026289000033202],[-82.787867999813614,31.026897999920909],[-82.787071999945425,31.027233000044671],[-82.784995999612022,31.02801599978303],[-82.783377999936334,31.028624000237837],[-82.782797999978214,31.028821000146571],[-82.782612000205376,31.028892000193505],[-82.782170000339491,31.029063999675831],[-82.780974000438206,31.029527000059709],[-82.780791000140098,31.029598000350159],[-82.78016699980104,31.029841000206353],[-82.779325999726993,31.030117999888184],[-82.777538999996906,31.030445000112511],[-82.776958000213853,31.030540000061361],[-82.773384999680289,31.031037000315429],[-82.772659999957213,31.031116000315144],[-82.772295999909133,31.031142000329965],[-82.771619999691538,31.031170000160362],[-82.770723000439304,31.03126600006609],[-82.769061000382692,31.031513999823819],[-82.768084999691112,31.03169800036893],[-82.76724500034031,31.03185799978429],[-82.76629799996104,31.032071999804003],[-82.764146000357982,31.032648000029162],[-82.763262999552836,31.032940999838573],[-82.762183000002494,31.03337400012899],[-82.760817000221905,31.03408899985596],[-82.760750000274754,31.034124000291502],[-82.759966000102111,31.034575999767927],[-82.759797999872603,31.034660000054114],[-82.758647000177177,31.035231999775977],[-82.758627999910601,31.035246000245561],[-82.758211000159079,31.035398000152806],[-82.757982999655127,31.035477000383491],[-82.757945000020285,31.035485999947689],[-82.757533000291644,31.03558499971594],[-82.757252999909156,31.035646999790508],[-82.756976999724642,31.035679000061478],[-82.756945999762522,31.035685999878787],[-82.756583000437658,31.0356730001077],[-82.755113000001671,31.035752000110289],[-82.75443000011137,31.035750000383832],[-82.75441300039293,31.03575100024706],[-82.753693999619301,31.035742999801485],[-82.752845999872576,31.035731999765044],[-82.752648000404164,31.035696999920546],[-82.751859000208654,31.035688000376325],[-82.751337999801734,31.035707999961023],[-82.751087999556503,31.035741000074889],[-82.750878000392532,31.035770999818578],[-82.74983300010399,31.03605999981583],[-82.749558999569274,31.036168000026464],[-82.748772999746819,31.036476999781474],[-82.74845999975237,31.036558000365947],[-82.748309999964548,31.036597000081112],[-82.747950000114429,31.036654000228175],[-82.747504000050597,31.036671999902939],[-82.747268999873953,31.036667999718961],[-82.746979000344041,31.036735999745247],[-82.746056000254228,31.037109000327426],[-82.744979000178631,31.037532000154336],[-82.74396700040036,31.037924999816092],[-82.74283300042336,31.038333000016756],[-82.741732999883212,31.038755999793779],[-82.741695000248384,31.038771000346379],[-82.741019000030789,31.039044999967373],[-82.740945000410932,31.039075000209429],[-82.740449000118375,31.039264999727131],[-82.740363999729567,31.039297000321575],[-82.740324000444915,31.03931200001929],[-82.740083000420498,31.039404000114526],[-82.739476999624785,31.039635999993372],[-82.739146999911895,31.039761999856548],[-82.739075999766783,31.039788999640656],[-82.73900100032202,31.039812000134788],[-82.737688000244859,31.04010500022148]]},"properties":{"BASENAME":"38","NAME":"State Rte 38","MTFCC":"S1200","RTTYP":"S","OID":"1109097225212"}},{"type":"Feature","geometry":{"type":"LineString","coordinates":[[-82.970490000283888,30.95015000023978],[-82.969269000268255,30.950607000216891],[-82.963120999634015,30.952997000227729],[-82.958056999646374,30.954949999892474],[-82.955654999798071,30.955922000088702],[-82.955582999828039,30.955932000159809],[-82.954252000207546,30.956431000143446],[-82.951419000364012,30.957539999666476],[-82.950244000379129,30.958000000223734],[-82.946997000258804,30.959219000153404],[-82.946646999556108,30.959374000024198],[-82.946619999791935,30.959383999733905],[-82.943452000212645,30.960580000137639],[-82.943341999709475,30.960622999648475],[-82.940210000115187,30.961852000215835],[-82.939273999606598,30.962202000379147],[-82.93870700006724,30.962415999618123],[-82.935531000092041,30.96366199996735],[-82.934037000264922,30.964227999920674],[-82.932742999556012,30.964748000143548],[-82.930778000449038,30.965548000230552],[-82.929528999945973,30.966017999746203],[-82.92777200035313,30.966722999688713],[-82.925183000008758,30.967692999847607],[-82.92105800000445,30.969241000314284],[-82.920726999568345,30.969355000261022],[-82.918231999833623,30.970299000210687],[-82.915992000366998,30.97117800038118],[-82.9156390001896,30.971334999634266],[-82.914270000035941,30.971911000255698],[-82.913475999817564,30.972224000184394],[-82.91227900009136,30.97270900012359],[-82.911532999553557,30.972971000104206],[-82.911374000443217,30.97303500036066],[-82.910128000313208,30.973623999730975],[-82.907251999913655,30.974807999826709],[-82.904776000445494,30.975894000305402],[-82.902228000109005,30.976992000346218],[-82.893491000028703,30.980682000017818],[-82.891096999677984,30.98177499981778],[-82.890585000390217,30.98200299967267],[-82.888170999948031,30.982990000290268],[-82.886574000188759,30.983685000177928],[-82.884225999868804,30.984724000289631],[-82.883327000068419,30.985048000283623],[-82.882603999995155,30.985308000262755],[-82.880616000423615,30.985903000140734],[-82.880024999696516,30.986075999807639],[-82.87860299983943,30.986490999808669],[-82.877093000118791,30.986926000126598],[-82.876539000099925,30.987086000010226],[-82.874148000122247,30.987781999692913],[-82.872890000296678,30.98812599964393],[-82.871833000312577,30.98844500014884],[-82.871696000045219,30.988490999737749],[-82.871035999721144,30.988714000242979],[-82.870434999846609,30.988954000090306],[-82.869909000315147,30.989232999952904],[-82.869403999801762,30.989553000184582],[-82.868916999730033,30.990019000262617],[-82.868788999683517,30.990142000030794],[-82.868109999991191,30.99098900008801],[-82.867611000223903,30.991729999799968],[-82.867242999977861,30.992293000238977],[-82.866874999731849,30.992929000180297],[-82.866562999562305,30.993434999916047],[-82.866365000093907,30.993754999912539],[-82.865907000334502,30.994495999698238],[-82.865560000004862,30.995075000004196],[-82.865277999972562,30.995536999686031],[-82.864918999947363,30.996126000313645],[-82.864282000087812,30.997188999957032],[-82.863614000266125,30.998271999815202],[-82.863246000020084,30.99886099972154],[-82.86298300025436,30.999270999851568],[-82.862714999567444,30.999670999650561],[-82.862505000403488,30.999949000266589],[-82.862225999845919,31.000274999840233],[-82.861836999683476,31.000663999812229],[-82.861054000234049,31.001247999987385],[-82.859955000417159,31.00206800028764],[-82.858639999791876,31.003068000030481],[-82.857808999763563,31.003703999723339],[-82.856878000176152,31.004398000184423],[-82.855705999666,31.005281000344706],[-82.853969999989545,31.006569999643908],[-82.852835000187625,31.007400999828384],[-82.852004000159326,31.008046999874271],[-82.851943999884853,31.00808500032938],[-82.85160400012623,31.00830000000547],[-82.850957000220944,31.008652000276179],[-82.850058000420589,31.00904099994704],[-82.849342999844907,31.009272999867896],[-82.84842300012815,31.00957800008285],[-82.847755000306464,31.009777000378612],[-82.846844999737129,31.010071999963536],[-82.845545999903692,31.010470999745312],[-82.844935999808314,31.010656000254436],[-82.843195999933911,31.011208000034856],[-82.841933999910367,31.011601999867171],[-82.840934999652575,31.011912000126365],[-82.840071999837235,31.012175000345401],[-82.838983999890971,31.012521999629442],[-82.838058000326427,31.012806000353123],[-82.8370430001751,31.01312200038053],[-82.836290999789526,31.013343000064584],[-82.835807999915772,31.013469000066173],[-82.835449999715479,31.013527000291983],[-82.834976999887459,31.013527000291983],[-82.83397199978188,31.013542000198658],[-82.832688999841977,31.013600000380052],[-82.831647999751368,31.013641999772517],[-82.830385999727838,31.013695000189394],[-82.829102999787921,31.013742000011415],[-82.826967999903289,31.013811000330598],[-82.825180000348325,31.013888999894878],[-82.823308000229417,31.013946999865095],[-82.822545999798095,31.013978999727389],[-82.821746999556836,31.014004999800019],[-82.821354999919677,31.014042000098453],[-82.821130999613686,31.014062999699643],[-82.820348000164287,31.014278999838279],[-82.818912000063463,31.014831000192547],[-82.817561000351489,31.015335999876516],[-82.816346000183628,31.015808999956995],[-82.815614999714427,31.016097999702026],[-82.814105999818707,31.016665999776993],[-82.81283899977231,31.01715999987346],[-82.812059999622548,31.017449000140473],[-82.811103000095855,31.017817999833429],[-82.810036000066006,31.018217000290743],[-82.808852999685186,31.018675000062306],[-82.807506999996065,31.019194999948184],[-82.803549000396359,31.020713000178365],[-82.802858999935054,31.020976999992175],[-82.799133000138937,31.022401000043935],[-82.795132999808118,31.023918000014884],[-82.794465999811351,31.024171000353341],[-82.792014999559228,31.025099000199855],[-82.789180000065855,31.026201000207774],[-82.78623400024442,31.027327000166427],[-82.783102999576727,31.02856500002569],[-82.782146000050048,31.028942000021303],[-82.780552999590427,31.02956800020133],[-82.780032999906737,31.029752999813688],[-82.779303999985672,31.030007999896984],[-82.779201000053504,31.030044000216023],[-82.778591999783075,31.030167999842213],[-82.777484999570234,31.030345999619335],[-82.777014000290364,31.030421999665002],[-82.77416200018024,31.030816000104512],[-82.773119000439834,31.030917999851106],[-82.772763999714272,31.030945999747303],[-82.772681999698506,31.030951999998909],[-82.771866999563741,31.031034999720198],[-82.770818999800454,31.031125000291503],[-82.769584000439423,31.031293999860036],[-82.76837799959408,31.031490999634485],[-82.768052999904071,31.031562999907496],[-82.767236000119468,31.031747000357942],[-82.766969000155768,31.031807000043127],[-82.766255000303346,31.031983999933221],[-82.765762000383845,31.032106000309593],[-82.765057999678817,31.032269000278369],[-82.764387000382399,31.03242699970793],[-82.763773000089074,31.032612999820913],[-82.76313000038175,31.032832999816709],[-82.762499000369985,31.033091999685254],[-82.762122999728035,31.033266999717739],[-82.761843000243871,31.033396999863566],[-82.76072199978735,31.034012999657637],[-82.759761999887601,31.03452800034086]]},"properties":{"BASENAME":"Valdosta","NAME":"Valdosta Hwy","MTFCC":"S1200","RTTYP":"M","OID":"1109097225215"}},{"type":"Feature","geometry":{"type":"LineString","coordinates":[[-83.02631700017146,31.045636000057044],[-83.025733999840284,31.045083999653489],[-83.024847999560393,31.044138000026006],[-83.025266999860037,31.044748999985131],[-83.025682999786653,31.045459000146646],[-83.025794000114729,31.045715000258635]]},"properties":{"BASENAME":"11","NAME":"State Rte 11","MTFCC":"S1200","RTTYP":"S","OID":"11015503740622"}},{"type":"Feature","geometry":{"type":"LineString","coordinates":[[-83.118945000232557,31.048245999762361],[-83.122231999637521,31.049100999972453],[-83.122382000323682,31.049139999936539],[-83.122808000296018,31.049250999865418],[-83.123919999633401,31.049541000219453],[-83.124795999867544,31.049768999617257],[-83.128264999745724,31.050671000068633],[-83.133045000051226,31.051852000158235],[-83.133959999745116,31.052078000022938],[-83.134553999946959,31.052252000097937],[-83.134916000345214,31.052344999689158],[-83.139790000362041,31.053603000239637],[-83.140481999574845,31.053788000094876],[-83.140925999988852,31.053915000136726]]},"properties":{"BASENAME":"37","NAME":"W Hwy 37","MTFCC":"S1200","RTTYP":"M","OID":"11015504303899"}},{"type":"Feature","geometry":{"type":"LineString","coordinates":[[-82.612041999707785,30.764117000064527],[-82.618316999665296,30.772556999800035]]},"properties":{"BASENAME":"Fargo","NAME":"Fargo Rd","MTFCC":"S1200","RTTYP":"M","OID":"11015503560938"}},{"type":"Feature","geometry":{"type":"LineString","coordinates":[[-82.600487999677469,30.748703999955076],[-82.604056000188152,30.753445000167478],[-82.605854999613797,30.755907999849228],[-82.60669599968783,30.757002000190639],[-82.607652000287942,30.758253000126963],[-82.611689000428683,30.763659999734578],[-82.611712999819801,30.76368999994946]]},"properties":{"BASENAME":"Fargo","NAME":"Fargo Hwy","MTFCC":"S1200","RTTYP":"M","OID":"11015503587391"}},{"type":"Feature","geometry":{"type":"LineString","coordinates":[[-83.133959999745116,31.052078000022938],[-83.134553999946959,31.052252000097937],[-83.134916000345214,31.052344999689158],[-83.139790000362041,31.053603000239637],[-83.140481999574845,31.053788000094876],[-83.140925999988852,31.053915000136726],[-83.141422000281423,31.054097000373797],[-83.143122999797768,31.054786999870014],[-83.143730000418401,31.055062999652691],[-83.143769999703068,31.055082000124074],[-83.146160999680717,31.056166000363188],[-83.148134999906858,31.05705799996117],[-83.149921999636945,31.057901999707365],[-83.151028999849771,31.058389000151553],[-83.151489000157312,31.05859099968967],[-83.153937999861284,31.059659000016147],[-83.154857999578056,31.060059999833335],[-83.159254999568901,31.06197800023784],[-83.159818999633515,31.062231000248307],[-83.159837000075186,31.062244999824749],[-83.160734000225716,31.062606000117796],[-83.161265999604979,31.062835999685934],[-83.163647000435205,31.063864999993847],[-83.165181000445301,31.064534999759889],[-83.166296000155725,31.065017000017015],[-83.167015999855948,31.065410999622884],[-83.167128000008944,31.065454000340385]]},"properties":{"BASENAME":"11","NAME":"State Rte 11","MTFCC":"S1200","RTTYP":"S","OID":"11015504304152"}},{"type":"Feature","geometry":{"type":"LineString","coordinates":[[-83.122808000296018,31.049250999865418],[-83.123919999633401,31.049541000219453],[-83.124795999867544,31.049768999617257]]},"properties":{"BASENAME":"11","NAME":"State Rte 11","MTFCC":"S1200","RTTYP":"S","OID":"11015504304153"}},{"type":"Feature","geometry":{"type":"LineString","coordinates":[[-83.095432999940883,31.042389999895384],[-83.095376999864385,31.042378000063589],[-83.094513000224111,31.042281999815494],[-83.094107000343243,31.042243999915012],[-83.093350999759721,31.042179000131146],[-83.093291000383559,31.04216999966026],[-83.092883999779474,31.042108999781366],[-83.091559999831659,31.041993000232011],[-83.09132600037826,31.041972999658437],[-83.090682999772596,31.041917000185148],[-83.090440000098354,31.041902999926869],[-83.08992399971433,31.041875000173746],[-83.089804000063722,31.041868000041802],[-83.089462999581883,31.041838999709409],[-83.08908900038638,31.041806999969399],[-83.087967000104939,31.041711999715815],[-83.087584999615203,31.041674000357489],[-83.087146000122374,31.041626999692081],[-83.085818999801518,31.041529999653811],[-83.085411000270838,31.041500999988138],[-83.083883999933448,31.041395000046954],[-83.081800999927367,31.041229999925491],[-83.081142000326494,31.041188000380629],[-83.079743000035634,31.041089000280738],[-83.079403000276997,31.041061000288259],[-83.078676999830691,31.040959999669575],[-83.077595999557118,31.040938000031165],[-83.076901999796178,31.040914000000054],[-83.076327999685802,31.040901000173051],[-83.075922999629853,31.040974000066537],[-83.075296999640969,31.041058999903619],[-83.075052000316916,31.04110100027502],[-83.074757999690718,31.041138999862056],[-83.074326999695487,31.041209000155401],[-83.073571000010247,31.041328999878761],[-83.073194000441703,31.041392999669391],[-83.071719999807769,31.041625999890545],[-83.07107799992535,31.041741000086834],[-83.070349999829205,31.041849000010799],[-83.068996999569066,31.042055999779233],[-83.068207000446975,31.04220200004788],[-83.067708999606282,31.042293999659403],[-83.066224000000005,31.042500999999458],[-83.065540000284784,31.042612999765328],[-83.064750000264368,31.042741999675933],[-83.06434699985823,31.042806999845052],[-83.063777999770764,31.042900000199349],[-83.06280399962732,31.043059000247013],[-83.060155999731705,31.043491999935593],[-83.05916099967186,31.043653999874479],[-83.058767000384876,31.043719000190542],[-83.058220999863636,31.043806999991162],[-83.058138000022936,31.043820000191005],[-83.05802599986994,31.043838000050254],[-83.057715000423642,31.043889000274469],[-83.056730000409544,31.044048000209489],[-83.055794999725862,31.044199000143955],[-83.0550790002236,31.044315000083831],[-83.054312999594302,31.044437999825892],[-83.051129000121492,31.044945999629675],[-83.049099999643772,31.045271000203115],[-83.04762400025831,31.045514999845121],[-83.047265000233111,31.045574000330227],[-83.04663199967321,31.045678999707278],[-83.044225999626931,31.046060999989376],[-83.043577000071807,31.046164999844944],[-83.0425689995932,31.046326000100358],[-83.041360999996328,31.046518999789487],[-83.04105600039783,31.046567999847607],[-83.03985499957534,31.04676000006809],[-83.036794999951098,31.04724999981309],[-83.036000999732707,31.047368999876205],[-83.035487999721724,31.047449999659435],[-83.03492299983219,31.047551000318769],[-83.034767000196581,31.047569000242138],[-83.034142999857522,31.04764300014784],[-83.033425999632016,31.047746999814141],[-83.032814999711761,31.047792000293107],[-83.031857000360148,31.047816000129401],[-83.031578999627499,31.047822999824007],[-83.029518000261021,31.047353000167391],[-83.029077000220056,31.047195000108729],[-83.028440000360519,31.046936000122283],[-83.027657999837714,31.046561999810471],[-83.026814000288937,31.046032000164789],[-83.02631700017146,31.045636000057044]]},"properties":{"BASENAME":"11","NAME":"State Rte 11","MTFCC":"S1200","RTTYP":"S","OID":"11015504304154"}},{"type":"Feature","geometry":{"type":"LineString","coordinates":[[-83.111723999720695,31.046499000166879],[-83.112370999625966,31.046659999857258],[-83.114037999705445,31.047075000083765],[-83.114939000053937,31.047299000264516]]},"properties":{"BASENAME":"11","NAME":"State Rte 11","MTFCC":"S1200","RTTYP":"S","OID":"11015504304155"}},{"type":"Feature","geometry":{"type":"LineString","coordinates":[[-83.367540000109017,30.529749999642455],[-83.367514999994626,30.530035000160687],[-83.367489999880291,30.530319999842821],[-83.367470999613701,30.530640999925346],[-83.367459999743062,30.530830000201046],[-83.367439999651566,30.531510000124765],[-83.367439999651566,30.531606999878466],[-83.367439999651566,30.53192999974808],[-83.367439999651566,30.532440000165504],[-83.367448999872408,30.533153000125182],[-83.367449999697314,30.53322999989561],[-83.367439999651566,30.533789999907007],[-83.367439999651566,30.534399999700014],[-83.367449999697314,30.535520000026327],[-83.367449999697314,30.536789999817842],[-83.367449999697314,30.536824999887713],[-83.367459999743062,30.538049999801999],[-83.367459999743062,30.538429999818845],[-83.367462000291198,30.538655000227468],[-83.367469999788796,30.539339999964461],[-83.367469999788796,30.540473000159686],[-83.367469999788796,30.541080000173281],[-83.367478000184718,30.541209000107926],[-83.367479999834529,30.541240000174614],[-83.367479999834529,30.541599000001749],[-83.367479999834529,30.541729999989585],[-83.367489999880291,30.542429999746648],[-83.367496999552984,30.543211000121492],[-83.367509999971773,30.544570000225615],[-83.367509999971773,30.545499999773149],[-83.367514999994626,30.545784999723082],[-83.367520000017507,30.54607000038369],[-83.367520000017507,30.547029999711189],[-83.367525999865293,30.547656999756324],[-83.367530000063255,30.547990000377084],[-83.367520000017507,30.549139999814731],[-83.367514000169734,30.549365999682156],[-83.367509999971773,30.549530000345047],[-83.367489000055372,30.550043999995577],[-83.367479999834529,30.550270000079252],[-83.367456000443411,30.550526999832808],[-83.367439999651566,30.550700000271114],[-83.367439999651566,30.550750000277773],[-83.367429999605832,30.550979999821891],[-83.367429999605832,30.551089999949369],[-83.367411000237567,30.551301999970043],[-83.367410000412661,30.551325000050259],[-83.36739000032118,30.55156000035586],[-83.367377999727296,30.551683000226426],[-83.367360000183936,30.55187000002039],[-83.367347999590066,30.552054999697837],[-83.367340000092454,30.55217899997842],[-83.367331999696546,30.552303000100611],[-83.367320000000973,30.552499999756897],[-83.367314000153186,30.552675000290307],[-83.367309000130319,30.552812000028009],[-83.367231000312515,30.554006000312288],[-83.367202999825111,30.554244000269286],[-83.36714099990084,30.555464999975662],[-83.367070999580619,30.555960000289353],[-83.366919999967891,30.556472999708514],[-83.366818999685549,30.556812000003557],[-83.366719999951343,30.557080000252064],[-83.366600000300764,30.557350000181266],[-83.365939999976675,30.558579999721474],[-83.365879999702216,30.558689999744772],[-83.365820000326067,30.558799999643391],[-83.365640000401015,30.559130000138115],[-83.365529999897859,30.559320000078014],[-83.365011999863981,30.560311000032176],[-83.364939999893963,30.560450000177262],[-83.364460000393265,30.561340000171533],[-83.364180000010762,30.561880000326017],[-83.363769999931932,30.562630000281988],[-83.363349999807397,30.563430000290953],[-83.363200000019546,30.56368999966644],[-83.362860000260923,30.564339999697967],[-83.362660000244389,30.564709999889132],[-83.362569999832687,30.564874000149693],[-83.362420000044878,30.56515000005664],[-83.362230000074078,30.565508999637935],[-83.361690000298921,30.566530000189434],[-83.361300000311573,30.567240000092372],[-83.361040999845486,30.56773100025735],[-83.36074000044492,30.568300000158011],[-83.360460000062432,30.568819999954069],[-83.360009999800653,30.569680000341656],[-83.359310000191897,30.570970000161825],[-83.358760000370992,30.5719899996372],[-83.358520000171481,30.572450000364885],[-83.357849999801658,30.573689999933073],[-83.357459999814324,30.574419999936723],[-83.357130000101435,30.575029999656181],[-83.35680000038856,30.57572000034358],[-83.35661000041776,30.576270000267005],[-83.356340000081019,30.577270000362176],[-83.355970000185152,30.578700000051708],[-83.355449999603167,30.580639999616952],[-83.355200000256218,30.581629999900041],[-83.354980000148203,30.582450000003014],[-83.354960000056707,30.582529999962453],[-83.354487000228687,30.584382000095612],[-83.354363000380133,30.584865999829468],[-83.354339999915609,30.584959999849026],[-83.354190000127787,30.585529999891456],[-83.354025000271335,30.586165000245252],[-83.353985000088372,30.586316000175113],[-83.353860000414898,30.586800000306006],[-83.353790000094691,30.587080000070785],[-83.353470000427563,30.58830000032205],[-83.35332999978715,30.588890000081772],[-83.353270000411015,30.589110000082208],[-83.35310999967912,30.589700000324456],[-83.353080000440215,30.589850000285256],[-83.352979999982779,30.590219999814622],[-83.352909999662586,30.590529999670458],[-83.352860000332186,30.590829999883951],[-83.352820000149208,30.591000000005181],[-83.35281000010346,30.591110000379611],[-83.35274999982903,30.591549999855388],[-83.352699999600318,30.592019999883238],[-83.352692999927612,30.592141999639594],[-83.352689999554556,30.592200000293911],[-83.352660000315652,30.59249999997764],[-83.352660000315652,30.592630000222343],[-83.352651000094809,30.592838999631613],[-83.35264000022417,30.593150000230583],[-83.35264000022417,30.59346900008153],[-83.35264000022417,30.59355999997986],[-83.352646999896862,30.593678999836925],[-83.352650000269918,30.593739999849952],[-83.352650000269918,30.593828999825405],[-83.352650000269918,30.5939300000374],[-83.352670000361385,30.594239999624914],[-83.352676000209172,30.594281000376689],[-83.352699999600318,30.594430000378576],[-83.352714999668905,30.594570999993028],[-83.35272999973752,30.594709999752112],[-83.35274999982903,30.594997000164746],[-83.352759999874763,30.595140000141967]]},"properties":{"BASENAME":"145","NAME":"State Hwy 145","MTFCC":"S1200","RTTYP":"S","OID":"11015503837007"}},{"type":"Feature","geometry":{"type":"LineString","coordinates":[[-83.352800000057726,30.596720000059083],[-83.352793000385034,30.596955000192498],[-83.352790000011993,30.597110000297601],[-83.352737000308537,30.597660000265922],[-83.352719999691786,30.597840000252255],[-83.352712000194188,30.597894999665943],[-83.352666000163424,30.598197999643642],[-83.352620000132674,30.598499999660994],[-83.352549999812467,30.598909999970417],[-83.352518999850332,30.599048999690897],[-83.352345999597972,30.599753000219032],[-83.352127000213173,30.600675999764338],[-83.352093999702888,30.600743000135381],[-83.352052999695019,30.600819999627561],[-83.352005999839335,30.600925000101686],[-83.351974000052294,30.601000999688985],[-83.351959999808585,30.601040000379893],[-83.351890000386717,30.601210000373019],[-83.351769999837799,30.601529999732769],[-83.351599999958481,30.601910000112515],[-83.351440000124924,30.602279999985967],[-83.351339999667488,30.60248999997512],[-83.351129999605206,30.602880000183067],[-83.35107799972667,30.60298199997845],[-83.351020000000332,30.603100000123188],[-83.35086000016679,30.60337999995696],[-83.350818000333987,30.603447999739181],[-83.350375999569792,30.604157000185495],[-83.350349999630538,30.604200000060949],[-83.349609999838805,30.605440000195859],[-83.349081999759221,30.606304999769904],[-83.348829999864137,30.606720000345064],[-83.348624999824722,30.607004999803319],[-83.348520000242743,30.607150000006165],[-83.348487999557378,30.607183999739693],[-83.348140000301143,30.607570000061727],[-83.348024999775106,30.607675999868924],[-83.347859999918668,30.607830000140641],[-83.347700000085098,30.607959999918354],[-83.34738999956538,30.608189999870792],[-83.34727999996052,30.608265999943455],[-83.347029999715261,30.608439999905531],[-83.346590000397541,30.608680000166686],[-83.346120000044252,30.608880000316635],[-83.345709999965422,30.609039999829943],[-83.345304000084568,30.609147999699864],[-83.344830000431628,30.60925999969551],[-83.34460000027785,30.609320000274977],[-83.343610000240901,30.609529999691006],[-83.343379000262217,30.609587000315383],[-83.343170000024855,30.609639999902821],[-83.342600000112455,30.609770000343598],[-83.341889999559655,30.609960000019615],[-83.341509999618069,30.610069999743075],[-83.341169999859432,30.610189999861127],[-83.340030000034645,30.610579999991177],[-83.339798000231056,30.61067700033464],[-83.339579999772852,30.610769999624306],[-83.33926000010571,30.610909999766498],[-83.338650000010347,30.611170000156253],[-83.338229999885769,30.611380000199361],[-83.337948999678389,30.611527000113213],[-83.337389999636642,30.611819999622963],[-83.336629999753441,30.612260000139749],[-83.33608999997827,30.612599999872604],[-83.335914000251179,30.612719000308861],[-83.335590000386091,30.612939999957877],[-83.335269999820639,30.613169999679723],[-83.335150000170017,30.61327000019509],[-83.33492699968896,30.613438000333627],[-83.334580000257631,30.613700000152033],[-83.334259999692193,30.613960000008742],[-83.333929999979304,30.614250000244333],[-83.333914999910675,30.614262000363372],[-83.333580000174933,30.614540000384558],[-83.333350000021156,30.61474000002849],[-83.332545999757045,30.615412999839656],[-83.331860000392012,30.615989999653181],[-83.330929999731183,30.61678000016645],[-83.330309999590071,30.617299999648065],[-83.329442999576756,30.618029999738177],[-83.328910000372602,30.618480000302544],[-83.32841599972987,30.618910000313292],[-83.32829000023149,30.619019999919388],[-83.327778999870333,30.619442999770136],[-83.32699999972057,30.620089999897374],[-83.326219999745888,30.620760000183971],[-83.325879000162345,30.621057000115183],[-83.325500000045665,30.621389999938366],[-83.325249999800405,30.621600000233741],[-83.325115000081183,30.621708000009505],[-83.324829999675828,30.621939999635703],[-83.324716999697927,30.622042000228312],[-83.324590000374641,30.622160000340301],[-83.324330000083648,30.622369999738225],[-83.323657000239081,30.622938000163487],[-83.322649999585366,30.623790000349583],[-83.322010000251083,30.624340000324239],[-83.320876000274083,30.625294000022119],[-83.320549999860845,30.625570000271445],[-83.319949999811229,30.626080000039323],[-83.319379999898828,30.626550000264913],[-83.31910000041465,30.626786999669307],[-83.317039999974796,30.628540000368353],[-83.316571000344737,30.628930000013366],[-83.31624999995438,30.629200000036061],[-83.315726000072729,30.62964200010768],[-83.315045999657158,30.630213999749685],[-83.313699999968051,30.63135000027243],[-83.313012000054883,30.631938999636525],[-83.312865999566696,30.632063999990493],[-83.312490999647977,30.632629000101463],[-83.31240600015748,30.632804999972432],[-83.312274999737909,30.633073999802164],[-83.312030000413841,30.633889999638246],[-83.311917000435926,30.6343229997733],[-83.311873999879921,30.63459399961986]]},"properties":{"BASENAME":"145","NAME":"State Hwy 145","MTFCC":"S1200","RTTYP":"S","OID":"11015503837008"}},{"type":"Feature","geometry":{"type":"LineString","coordinates":[[-83.354487000228687,30.584382000095612],[-83.354363000380133,30.584865999829468],[-83.354339999915609,30.584959999849026],[-83.354190000127787,30.585529999891456],[-83.354025000271335,30.586165000245252],[-83.353985000088372,30.586316000175113],[-83.353860000414898,30.586800000306006],[-83.353790000094691,30.587080000070785],[-83.353470000427563,30.58830000032205],[-83.35332999978715,30.588890000081772],[-83.353270000411015,30.589110000082208],[-83.35310999967912,30.589700000324456],[-83.353080000440215,30.589850000285256],[-83.352979999982779,30.590219999814622],[-83.352909999662586,30.590529999670458],[-83.352860000332186,30.590829999883951],[-83.352820000149208,30.591000000005181],[-83.35281000010346,30.591110000379611],[-83.35274999982903,30.591549999855388],[-83.352699999600318,30.592019999883238],[-83.352692999927612,30.592141999639594],[-83.352689999554556,30.592200000293911],[-83.352660000315652,30.59249999997764],[-83.352660000315652,30.592630000222343],[-83.352651000094809,30.592838999631613],[-83.35264000022417,30.593150000230583],[-83.35264000022417,30.59346900008153],[-83.35264000022417,30.59355999997986],[-83.352646999896862,30.593678999836925],[-83.352650000269918,30.593739999849952],[-83.352650000269918,30.593828999825405],[-83.352650000269918,30.5939300000374],[-83.352670000361385,30.594239999624914],[-83.352676000209172,30.594281000376689],[-83.352699999600318,30.594430000378576],[-83.352714999668905,30.594570999993028],[-83.35272999973752,30.594709999752112],[-83.35274999982903,30.594997000164746],[-83.352759999874763,30.595140000141967],[-83.352763000247819,30.595217000220753],[-83.352774999943378,30.595448000089981],[-83.352779000141325,30.595524999924031],[-83.352790000011993,30.595763000078566],[-83.352800000057726,30.595949999955646],[-83.352800000057726,30.596480000321737],[-83.352800000057726,30.596720000059083],[-83.352793000385034,30.596955000192498],[-83.352790000011993,30.597110000297601],[-83.352737000308537,30.597660000265922],[-83.352719999691786,30.597840000252255],[-83.352712000194188,30.597894999665943],[-83.352666000163424,30.598197999643642],[-83.352620000132674,30.598499999660994],[-83.352549999812467,30.598909999970417],[-83.352518999850332,30.599048999690897],[-83.352345999597972,30.599753000219032],[-83.352127000213173,30.600675999764338],[-83.352093999702888,30.600743000135381],[-83.352052999695019,30.600819999627561],[-83.352005999839335,30.600925000101686],[-83.351974000052294,30.601000999688985],[-83.351959999808585,30.601040000379893],[-83.351890000386717,30.601210000373019],[-83.351769999837799,30.601529999732769],[-83.351599999958481,30.601910000112515],[-83.351440000124924,30.602279999985967],[-83.351339999667488,30.60248999997512],[-83.351129999605206,30.602880000183067],[-83.35107799972667,30.60298199997845],[-83.351020000000332,30.603100000123188],[-83.35086000016679,30.60337999995696],[-83.350818000333987,30.603447999739181],[-83.350375999569792,30.604157000185495],[-83.350349999630538,30.604200000060949],[-83.349609999838805,30.605440000195859],[-83.349081999759221,30.606304999769904],[-83.348829999864137,30.606720000345064],[-83.348624999824722,30.607004999803319],[-83.348520000242743,30.607150000006165],[-83.348487999557378,30.607183999739693],[-83.348140000301143,30.607570000061727],[-83.348024999775106,30.607675999868924],[-83.347859999918668,30.607830000140641],[-83.347700000085098,30.607959999918354],[-83.34738999956538,30.608189999870792],[-83.34727999996052,30.608265999943455],[-83.347029999715261,30.608439999905531],[-83.346590000397541,30.608680000166686],[-83.346120000044252,30.608880000316635],[-83.345709999965422,30.609039999829943],[-83.345304000084568,30.609147999699864],[-83.344830000431628,30.60925999969551],[-83.34460000027785,30.609320000274977],[-83.343610000240901,30.609529999691006],[-83.343379000262217,30.609587000315383],[-83.343170000024855,30.609639999902821],[-83.342600000112455,30.609770000343598],[-83.341889999559655,30.609960000019615],[-83.341509999618069,30.610069999743075],[-83.341169999859432,30.610189999861127],[-83.340030000034645,30.610579999991177],[-83.339798000231056,30.61067700033464],[-83.339579999772852,30.610769999624306],[-83.33926000010571,30.610909999766498],[-83.338650000010347,30.611170000156253],[-83.338229999885769,30.611380000199361],[-83.337948999678389,30.611527000113213],[-83.337389999636642,30.611819999622963],[-83.336629999753441,30.612260000139749],[-83.33608999997827,30.612599999872604],[-83.335914000251179,30.612719000308861],[-83.335590000386091,30.612939999957877],[-83.335269999820639,30.613169999679723],[-83.335150000170017,30.61327000019509],[-83.33492699968896,30.613438000333627],[-83.334580000257631,30.613700000152033],[-83.334259999692193,30.613960000008742],[-83.333929999979304,30.614250000244333],[-83.333914999910675,30.614262000363372],[-83.333580000174933,30.614540000384558],[-83.333350000021156,30.61474000002849],[-83.332545999757045,30.615412999839656],[-83.331860000392012,30.615989999653181],[-83.330929999731183,30.61678000016645],[-83.330309999590071,30.617299999648065],[-83.329442999576756,30.618029999738177],[-83.328910000372602,30.618480000302544],[-83.32841599972987,30.618910000313292],[-83.32829000023149,30.619019999919388],[-83.327778999870333,30.619442999770136],[-83.32699999972057,30.620089999897374],[-83.326219999745888,30.620760000183971],[-83.325879000162345,30.621057000115183],[-83.325500000045665,30.621389999938366],[-83.325249999800405,30.621600000233741],[-83.325115000081183,30.621708000009505],[-83.324829999675828,30.621939999635703],[-83.324716999697927,30.622042000228312],[-83.324590000374641,30.622160000340301],[-83.324330000083648,30.622369999738225],[-83.323657000239081,30.622938000163487],[-83.322649999585366,30.623790000349583],[-83.322010000251083,30.624340000324239],[-83.320876000274083,30.625294000022119],[-83.320549999860845,30.625570000271445],[-83.319949999811229,30.626080000039323]]},"properties":{"BASENAME":"Colin Kelly","NAME":"NE Colin Kelly Hwy","MTFCC":"S1200","RTTYP":"M","OID":"11015503837011"}},{"type":"Feature","geometry":{"type":"LineString","coordinates":[[-83.4100200003884,30.469419999860499],[-83.4100200003884,30.469585999832759],[-83.4100200003884,30.469630000048536],[-83.410010000342638,30.469929999863442],[-83.410013999642288,30.470084000374683],[-83.4100200003884,30.470249999989448],[-83.410011999992463,30.470414999764472],[-83.410000000296904,30.470670000204347],[-83.410005000319785,30.470912999938356],[-83.410010000342638,30.471080000012567],[-83.410010000342638,30.471172000366938],[-83.410010000342638,30.471448000134284],[-83.410010000342638,30.47154000014093],[-83.410010000342638,30.471613999746605],[-83.410010000342638,30.471835999774697],[-83.410010000342638,30.471909999929704],[-83.410011999992463,30.472058000071009],[-83.4100200003884,30.472500000074525],[-83.410000000296904,30.472649999935062],[-83.408770999885348,30.472618000139061],[-83.407470000402071,30.472618000139061],[-83.40639400015138,30.472611999837433],[-83.405589999887255,30.472629999967054],[-83.405270000220128,30.472629999967054],[-83.40507000020358,30.472649999935062],[-83.405024999997735,30.472651999776843],[-83.404920000415743,30.472659999917568],[-83.404730000444943,30.472689999858847],[-83.404450000062468,30.472759999685973],[-83.404229999954438,30.472830000236971],[-83.403969999663445,30.472939999784483],[-83.403530000345697,30.473179999914471],[-83.403444999956875,30.473227000186775],[-83.403209999780245,30.473360000010842],[-83.403080000083904,30.473430000130506],[-83.402950000387563,30.473500000199838],[-83.40284999993014,30.473560000329854],[-83.402622000324513,30.473685999940543],[-83.402490000080036,30.473760000238052],[-83.401770000379813,30.474139999938394],[-83.401622000241801,30.474210999789239],[-83.401419999677117,30.474309999996532],[-83.401278000285217,30.474372999724093],[-83.400926999757615,30.474527000176941],[-83.400841000442213,30.474565999815578],[-83.400540000143323,30.474699999646063],[-83.40008999988153,30.474859999745142],[-83.399497000402917,30.475088999773121],[-83.399469999740433,30.475099999787961],[-83.399345999891878,30.475148000190071],[-83.399051000339085,30.475266000142483],[-83.398940000011009,30.475310000114327],[-83.398473000030762,30.475524000327542],[-83.39820000021929,30.475649999719334],[-83.397939999928298,30.47580999980573],[-83.397430000290356,30.476170000006586],[-83.397210000182341,30.476349999994881],[-83.396939999845586,30.476590000235898],[-83.396925999601876,30.476604000109138],[-83.39664000026994,30.476910000153019],[-83.396509999675288,30.477080000019942],[-83.39630999965874,30.477339999788711],[-83.396251999932417,30.477432999906647],[-83.396000000037347,30.477839999893714],[-83.39563000014148,30.478529999754436],[-83.395605999852052,30.478576999766709],[-83.395529999684072,30.478730000292092],[-83.395398000337906,30.478961999688806],[-83.395319999621776,30.479099999855261],[-83.395060000229094,30.479580000122393],[-83.394921000311925,30.479850999660083],[-83.394850000166812,30.479990000347239],[-83.394589999875819,30.480480000050317],[-83.394430000042234,30.480759999879204],[-83.394270000208678,30.481070000132735],[-83.393769999718174,30.481980000019114],[-83.393486999860954,30.482515999994899],[-83.393369999685078,30.482740000346634],[-83.393260000080232,30.482919999799527],[-83.392999999789239,30.483399999809837],[-83.392993000116547,30.483411999857172],[-83.392973000025052,30.48345000038443],[-83.392967000177265,30.483462999848378],[-83.392913999575512,30.483561999937102],[-83.392880000138632,30.483630000072644],[-83.39277999968121,30.483799999816544],[-83.392748999719061,30.483856999987527],[-83.392737999848421,30.483878000164349],[-83.392696000015619,30.483956999867356],[-83.39248000010555,30.484359999696359],[-83.392322999746696,30.484617999778838],[-83.392280000089016,30.48468999991384],[-83.392049999935239,30.485010000299482],[-83.391809999735727,30.485309999947397],[-83.391619999764913,30.485540000341434],[-83.391449999885609,30.485709999845827],[-83.391229999777579,30.485919999734346],[-83.390989999578082,30.48614000008995],[-83.390890000018956,30.486229999810618],[-83.390802000155404,30.486297999630398],[-83.390750000276881,30.486339999700217],[-83.390560000306081,30.486500000021451],[-83.39032000010657,30.486670000171305],[-83.390199999557652,30.48676000017592],[-83.38994000016497,30.486929999871592],[-83.389459999765947,30.487259999890327],[-83.389387999795929,30.487307000332073],[-83.388319999941146,30.488020000016967],[-83.387909999862345,30.488299999830456],[-83.387519999874996,30.48855999982062],[-83.387139999933396,30.488819999890236],[-83.386954000160543,30.48895099980507],[-83.386729999854566,30.489110000339306],[-83.38653999988378,30.489250000326855],[-83.386400000141677,30.489369999713471],[-83.386180000033661,30.489550000064234],[-83.385980000017128,30.489739999858188],[-83.385820000183557,30.489900000008127],[-83.385689999588905,30.490043000021057],[-83.385640000258505,30.490099999631983],[-83.38548000042492,30.490289999900245],[-83.385260000316904,30.490570000148978],[-83.385080000391838,30.490839999929939],[-83.384890000421038,30.491149999815228],[-83.384779999917882,30.491349999966268],[-83.384630000130045,30.491659999774942],[-83.384589999947067,30.491749999809073],[-83.384572000403736,30.491792999959419],[-83.38454999976409,30.491850000093418],[-83.384500000433704,30.491950000274976],[-83.384389999930534,30.492280000299715],[-83.384324999633193,30.492442999683206],[-83.384240000142711,30.492659999692435],[-83.384149999731022,30.492919999644037],[-83.384050999996816,30.493173999866588],[-83.383989999897452,30.493330000180499],[-83.38389000033834,30.493600000043379],[-83.383799999926666,30.493859999805231],[-83.383569999772874,30.494470000181064],[-83.383409999939332,30.494909999664017],[-83.383230000014251,30.495370000197497],[-83.382930000438591,30.496199999679092],[-83.382710000330576,30.496779999841838],[-83.382539999552947,30.49720000014981],[-83.382369999673628,30.497650000181501],[-83.382199999794324,30.498149999667326],[-83.381930000355908,30.498849999893267],[-83.381690000156382,30.499499999683845],[-83.381379999636678,30.500309999833814],[-83.381259999986071,30.500659999770566],[-83.381110000198248,30.501039999713317],[-83.381047000449058,30.501208999986968],[-83.38098999964933,30.501359999735701],[-83.380890000090218,30.501649999959284],[-83.380859000128083,30.50172399989388],[-83.38083499983864,30.501784999661634],[-83.380779999587062,30.501919999950619],[-83.380770000439625,30.501948000147646],[-83.380762000043717,30.501972000310086],[-83.380742999777141,30.502023999867752],[-83.38067599982999,30.50221200006084],[-83.380609999707744,30.502399999890585],[-83.380560000377343,30.502520000085941],[-83.380264999926254,30.503312999976686],[-83.380069999932573,30.50384000020254],[-83.379930000190484,30.504189999820198],[-83.379760000311165,30.504529999923268],[-83.379609999625032,30.504789999882938],[-83.379419999654232,30.505079999940772],[-83.379310000049387,30.505209999659314],[-83.379150000215802,30.505410000315742],[-83.378960000245016,30.505629999943611],[-83.378800000411445,30.505820000066024],[-83.378469999800245,30.506199999971145],[-83.378249999692216,30.506429999742288],[-83.378003999644918,30.506712999848226],[-83.377679999779829,30.507090000271624],[-83.377319999929711,30.507489999631815],[-83.377159000271234,30.507679999989843],[-83.376980000171088,30.507875999652438],[-83.376929999942362,30.507929999813868],[-83.376539999955043,30.50837999973481],[-83.376284999686902,30.508668999984099],[-83.375129999793501,30.509980000130106],[-83.374769999943396,30.510370000008457],[-83.374379999956048,30.510830000176007],[-83.374000000014462,30.511260000063846],[-83.373846999853583,30.511433000015014],[-83.37359999998138,30.511715000358091],[-83.373199999948298,30.512170000070828],[-83.373119999582357,30.512264999980214],[-83.373066999878901,30.512327000001413],[-83.373040000114713,30.512359999796828],[-83.37296999979452,30.512437999690931],[-83.372759999732253,30.512672999668172],[-83.372691000135262,30.512751999980853],[-83.372640000081645,30.512810000110775],[-83.372260000140045,30.513270000342494],[-83.372194999842719,30.513353999618172],[-83.371870000152711,30.513779999636661],[-83.371690000227659,30.514050000000758],[-83.37133000037754,30.514640000049845],[-83.371100000223777,30.515070000111976],[-83.370967000154366,30.515341999727173],[-83.370930000344458,30.51542000032423],[-83.370779999658311,30.515749999657569],[-83.370660000007703,30.516059999863504],[-83.370550000402858,30.516299999668483],[-83.370470000036917,30.516489999835475],[-83.370438000249862,30.516574000198236],[-83.370360000432072,30.516789999913222],[-83.370209999745924,30.517209999704839],[-83.369950000353242,30.517839999858928],[-83.36983200035246,30.518142999934476],[-83.369809999712857,30.518200000103601],[-83.369639999833538,30.518670000265022],[-83.369551999969985,30.51889900011135],[-83.369459999908457,30.519139999701427],[-83.369310000120649,30.519499999774336],[-83.369283000356475,30.51958499968292],[-83.369209999663227,30.51982000018139],[-83.369119000324929,30.520098999949894],[-83.368992000103333,30.520494000102467],[-83.368869999904604,30.520869999896568],[-83.368849999813094,30.520936999678369],[-83.368770000345478,30.521220000118163],[-83.368689999979537,30.521580000225118],[-83.368635999552851,30.521806999800443],[-83.368599999567834,30.521959999665075],[-83.368489999962989,30.522529999908247],[-83.368350000220914,30.523300000127737],[-83.368314000235898,30.523586999788346],[-83.368249999763478,30.524100000003664],[-83.36823899989281,30.524186000310216],[-83.368192000037169,30.524543000166073],[-83.368175000318729,30.524677999808819],[-83.368110000021403,30.52516999991165],[-83.368048000097104,30.525614000376176],[-83.368009999563952,30.525889999705143],[-83.367998999693327,30.525972000162191]]},"properties":{"BASENAME":"145","NAME":"State Hwy 145","MTFCC":"S1200","RTTYP":"S","OID":"11015503650975"}},{"type":"Feature","geometry":{"type":"LineString","coordinates":[[-82.638390000216035,30.243699999703903],[-82.638390000216035,30.243867000089462],[-82.638390000216035,30.243880999941595],[-82.638390000216035,30.244000000156333],[-82.638396000063821,30.244148000176676],[-82.638400000261768,30.24449000011569],[-82.638400000261768,30.244599000327156],[-82.638400000261768,30.244611000222044],[-82.638400000261768,30.244878000025739],[-82.638400000261768,30.244919999920132],[-82.638391000040954,30.245196000109832],[-82.638362999553536,30.246150999918399],[-82.638360000078819,30.246290000230871],[-82.638360000078819,30.246470000058572],[-82.638328000291764,30.247342999705662],[-82.638319999895842,30.247579999857855],[-82.638279999712879,30.24878999962289],[-82.638269999667116,30.249279999752314],[-82.638238999704981,30.249965000223927],[-82.638230000382478,30.25018000002164],[-82.638210000290982,30.250840000359457],[-82.638204000443196,30.250982999693008],[-82.638200000245234,30.251119999657025],[-82.638200000245234,30.251260000170575],[-82.638194000397462,30.251415999753956],[-82.638190000199501,30.251560000044883],[-82.638166999734963,30.252210999841559],[-82.638160000062271,30.252391999920835],[-82.638139999970775,30.252999999880721],[-82.638119999879294,30.253509999788481],[-82.63810999983356,30.253799999894074],[-82.638102000335948,30.254167999823078],[-82.638099999787812,30.254299999697842],[-82.638079999696316,30.254819999618448],[-82.638069999650583,30.255279999969392],[-82.638040000411678,30.256070000386636],[-82.638020000320182,30.256729999949719],[-82.638010000274434,30.257109999684996],[-82.638000000228701,30.257250000197008],[-82.637994000380914,30.25735199970169],[-82.637975999939258,30.257657999908009],[-82.637970000091457,30.257759999764879],[-82.637953000373031,30.257910000366202],[-82.637939999954241,30.258028999883649],[-82.637929999908494,30.258129999954299],[-82.637898999946358,30.258360000019621],[-82.637879999679782,30.258509999704575],[-82.637850000440878,30.258689999644833],[-82.637830000349382,30.258809999938961],[-82.637827999801246,30.258821999649999],[-82.637780000120671,30.259149999717668],[-82.637760000029189,30.259210000377969],[-82.637733000265001,30.259347999895379],[-82.637719999846212,30.259412000314203],[-82.637682000211385,30.259604999930424],[-82.637669999617486,30.259670000342972],[-82.637493999890395,30.260345999910545],[-82.637410000224818,30.260669999715763],[-82.6372899996759,30.261199999956794],[-82.637190000116789,30.261590000107962],[-82.637040000328966,30.262219999646856],[-82.636996999772947,30.262382999828791],[-82.636820000220936,30.263060000245069],[-82.636800000129455,30.263159999671348],[-82.636773000365281,30.263265999743496],[-82.636420000187854,30.264670000121807],[-82.636309999684698,30.265059999681394],[-82.636071000208418,30.265823000238601],[-82.636050000292016,30.265889999834556],[-82.635867999818799,30.266445999905198],[-82.635709999635068,30.266929999881683],[-82.635290000408816,30.267979999764641],[-82.635159999814164,30.268277999627454],[-82.635100000438001,30.268419999879164],[-82.634900000421467,30.268880000147384],[-82.634823000428568,30.269041000003625],[-82.634729999643852,30.269239999697145],[-82.634599999947497,30.26952699972216],[-82.634527000152559,30.269690000187328],[-82.634476999923848,30.269799999648558],[-82.634328999785851,30.270129000341477],[-82.634280000280356,30.270240000140195],[-82.634060000172326,30.270689999925604],[-82.63387000020154,30.271110000191648],[-82.63337999975677,30.272150000024901],[-82.633373000084077,30.272162999691233],[-82.632769999661406,30.273479999876244],[-82.632249999977731,30.274590000095131],[-82.631844000096848,30.275468000384166],[-82.631829999853153,30.275500000387765],[-82.631459999957301,30.27643999971658],[-82.631219999757789,30.277089999838651],[-82.631009999695507,30.277819999999281],[-82.630956000167131,30.278051999659215],[-82.630839999816203,30.278559999848355],[-82.630690000028366,30.279469999791168],[-82.630619999708173,30.280150000147241],[-82.63058999957093,30.280630000253829],[-82.630587000096199,30.280844999629014],[-82.630580000423507,30.281570000093289],[-82.63058999957093,30.282050000235284],[-82.630601000339908,30.282933000117062],[-82.630609999662425,30.283629999890248],[-82.630622000256309,30.284376000374184],[-82.630629999753907,30.28479000004414],[-82.630629999753907,30.285308999933921],[-82.630629999753907,30.28585000018909],[-82.63063800014983,30.286614000371763],[-82.630645999647427,30.287360999764672],[-82.630649999845389,30.287710000380905],[-82.630664999914003,30.2887819999304],[-82.630669999936885,30.289139999669867],[-82.630669999936885,30.289885000288681],[-82.630669999936885,30.290169999966192],[-82.6307000000741,30.291289999822141],[-82.6307000000741,30.291980000347969],[-82.63071799961746,30.293047999711412],[-82.630720000165581,30.293150000027072],[-82.630729000386424,30.294386000211482],[-82.630730000211329,30.294522000304639],[-82.630731000036249,30.294656999628909],[-82.630743999556728,30.296402000108756],[-82.630760000348559,30.297560000148806],[-82.630770000394307,30.298779999741072],[-82.630770000394307,30.298929999704811],[-82.630770000394307,30.299000000022964],[-82.630775000417188,30.299382999815553],[-82.630777999891905,30.299534000162996],[-82.63078100026496,30.299764999910636],[-82.630789999587492,30.30042000012056],[-82.630791000310694,30.300457999766383],[-82.630799999633226,30.300690000182772],[-82.630801000356442,30.300910000057144],[-82.630807000204229,30.301569999820714],[-82.630809999678959,30.301790000047227],[-82.630812000227095,30.302143999925487],[-82.630818000074882,30.303205999646707],[-82.630819999724707,30.303559999841116],[-82.630833999968416,30.304694000047299],[-82.630839999816203,30.305159999843191],[-82.630829999770441,30.306299999821583],[-82.630737999708927,30.30809600028816],[-82.630679999982618,30.309229999981522],[-82.630679999982618,30.309279999835617],[-82.630660999716042,30.309577999894948],[-82.630629999753907,30.310080000236375],[-82.630598999791772,30.310621000334972],[-82.630580000423507,30.31097000037644],[-82.630551999936102,30.311443000342397],[-82.630550000286291,30.311490000168376],[-82.630509000278408,30.312303999767117],[-82.630490000011832,30.312679999869378],[-82.630479000141179,30.312863000121148],[-82.630453000201896,30.313336999870955],[-82.6304180000418,30.313954000302299],[-82.630350000269729,30.315169999895076],[-82.630315000109633,30.315808000319109],[-82.630281999599376,30.316426000284292],[-82.630279000124617,30.31646799980923],[-82.630271999553614,30.316597000120762],[-82.630269999903788,30.316639999928391],[-82.630269999903788,30.31671000000766],[-82.630267000429072,30.316778000103245],[-82.630255999660093,30.316991999754052],[-82.630239999766573,30.31732999963463],[-82.630223000048133,30.317577999782742],[-82.630192999910903,30.318048000173746],[-82.630170000344677,30.318400999931896],[-82.630140000207447,30.318850000231638],[-82.630136000009486,30.318925999952697],[-82.630100000024484,30.319859999893186],[-82.63005499981864,30.32050300005309],[-82.630029999704291,30.32086999999882],[-82.630006000313159,30.321027000130478],[-82.629982999848608,30.321174000015745],[-82.62991300042674,30.321614999899044],[-82.629890999787108,30.321762999981143],[-82.629879000091549,30.321838999768751],[-82.629849999779239,30.322030000056227],[-82.629840999558411,30.322069000154393],[-82.629824999664862,30.322144999704673],[-82.629814999619128,30.322186999879754],[-82.629787000030049,30.322315999640249],[-82.629777999809207,30.322360000337152],[-82.6297710001365,30.322386999838628],[-82.629752999694844,30.322467999849291],[-82.629747999671977,30.322495999617193],[-82.629740000174365,30.322530000377011],[-82.629464999814758,30.323494999642541],[-82.629429999654661,30.323609999897339],[-82.629380000324261,30.323739999618308],[-82.629310000004068,30.323949999995961],[-82.629177999759577,30.324301999922085],[-82.628549000295962,30.325980000338184],[-82.628340000058586,30.326539999686542],[-82.628334000210799,30.326554000152637],[-82.628315999769143,30.326595999988037],[-82.628310999746262,30.326610999924917],[-82.628249999646897,30.326759999689944],[-82.628156999760492,30.327006999753412],[-82.627770000146185,30.328049999986916],[-82.627710999696646,30.328201999827435],[-82.627560000083903,30.328599999893967],[-82.627309999838644,30.329220000258722],[-82.627172999571286,30.329612000274917],[-82.627069999639147,30.32990999975166],[-82.626570999871845,30.331210000173961],[-82.62646000044208,30.331500000132628],[-82.6262710002962,30.332004999628307],[-82.626027999723647,30.332654000304004],[-82.625940999685,30.332888000089973],[-82.625790999897177,30.333290999875061],[-82.625750999714199,30.333399999924421],[-82.625689999614821,30.33356299967944],[-82.625650000330182,30.333669999837209],[-82.625554999895627,30.33391100000345],[-82.625489999598301,30.334079999975341],[-82.62528000043433,30.334636999785907],[-82.625190000022641,30.334880000237554],[-82.624836000020309,30.335612000011398],[-82.624521000376063,30.33590899967766],[-82.623860000227054,30.337771000082402],[-82.622677999671154,30.341105999896573],[-82.620629000000264,30.346880999678412],[-82.620115000164361,30.348331999912549],[-82.61998299991987,30.348515000222829],[-82.619720999979052,30.349409000072299],[-82.619510000091864,30.349889999822086],[-82.619363999603678,30.350284000049079],[-82.618925999935769,30.351465999738572],[-82.618780000345907,30.351859999821365],[-82.618720000071434,30.3520089999212],[-82.618539000321476,30.352459000380176],[-82.618479999871937,30.352610000320265],[-82.618160000204796,30.353479999681106],[-82.617980000279744,30.354000000131684],[-82.617862000278947,30.354455999778818],[-82.617820000446159,30.354620000097853],[-82.617719999988736,30.355280000020326],[-82.617659999714277,30.355710000252273],[-82.617639999622796,30.355940000141327],[-82.617620000429639,30.356360000295972],[-82.617777999715045,30.356842999872502],[-82.617875999624346,30.357081999684549],[-82.617853000058133,30.357339000163918],[-82.617827999943785,30.357644000061821],[-82.617826000293945,30.358354000118101],[-82.61783999963933,30.358590000331951],[-82.617949000317594,30.359007000191646],[-82.618000000371225,30.359199999902305],[-82.618016000264745,30.359249999825444],[-82.618253000091201,30.359968999847574],[-82.618331999733925,30.360208999684328],[-82.618499999963404,30.360720000097597],[-82.618541999796207,30.360841000235347],[-82.618627000185029,30.361088000346601],[-82.618940000179478,30.361999999646706],[-82.61918299985372,30.362736999864726],[-82.619249999800871,30.362940000346963],[-82.619397000113963,30.363369000357984],[-82.619484999977502,30.363626999697029],[-82.619510000091864,30.363699999915237],[-82.619756000139176,30.364399999963055],[-82.619760000337124,30.364410000193139],[-82.619839999804753,30.364660000188415],[-82.619906999751905,30.364863999642903],[-82.6201109999664,30.365477999817475],[-82.620178999738471,30.365682999745783],[-82.620269000150145,30.365956000064383],[-82.620541999961617,30.366777999854051],[-82.620560000403287,30.366830000240121],[-82.620639999870903,30.367050000375084],[-82.620933999598776,30.367892000018642],[-82.621009999766756,30.368109999654237],[-82.621208000133493,30.368704999844521],[-82.621379999662636,30.36922000009519],[-82.621449999982815,30.369470000194571],[-82.62178200024384,30.370432999821507],[-82.622074000321888,30.371277000155661],[-82.622219999911749,30.371699999709143],[-82.62237999974532,30.372187999976571],[-82.62252000038572,30.372609999679625],[-82.622830000007127,30.373519999705092],[-82.623300000360416,30.374920999657096],[-82.62335999973655,30.375100000016634],[-82.623579999844566,30.375739999998085],[-82.623613000354851,30.375830999870789],[-82.623727999982577,30.376155999831568],[-82.623929999648936,30.376720000131993],[-82.624051999847666,30.377137999920446],[-82.624149999756966,30.377469999876659],[-82.624204000183639,30.377615999738538],[-82.62436599966702,30.378054000340594],[-82.624420000093707,30.378200000105149],[-82.624620000110241,30.378850000242561],[-82.62494999982313,30.379790000151843],[-82.625080000417782,30.380160000118114],[-82.625390000039175,30.381099999827693],[-82.625790000072271,30.382249999847417],[-82.626069999556435,30.38308000032174],[-82.62655699962815,30.38455899964303],[-82.626980000125769,30.385839999827123],[-82.627083999882842,30.386151999786069],[-82.627699999825992,30.387989999837853],[-82.628239999601163,30.389580000230666],[-82.628420000424526,30.390090000182937],[-82.628990000336941,30.391809999672464],[-82.629760000265875,30.394090000053108],[-82.630209999629344,30.395410000337417],[-82.631049999878485,30.397929999807246],[-82.631135000267292,30.398165999788013],[-82.631229999803537,30.398429999707876],[-82.632029999869701,30.400840000081249],[-82.63286000007308,30.403280000248298],[-82.632920000347539,30.403439999818445],[-82.633250000060428,30.404450000303022],[-82.633500000305688,30.405200000254986],[-82.634100000355303,30.406969999705986],[-82.634921000337869,30.409461000074245],[-82.634979999889111,30.409639999908698],[-82.635210000042861,30.41029000004476],[-82.635271999967145,30.410462999654442],[-82.635339999739216,30.410649999783409],[-82.635499999572772,30.411149999628087],[-82.635529999710002,30.411230000357246],[-82.635781999605072,30.411951999633207],[-82.635959999880313,30.412460000215209],[-82.636509999701218,30.414130000338716],[-82.636759999946477,30.414869999807181],[-82.636815000198069,30.415059999613433],[-82.636850000358166,30.415179999748993],[-82.63700400034395,30.415622999856186],[-82.637069999567871,30.415811000287206],[-82.637230000299766,30.416270000098343],[-82.637245000368381,30.416316999928469],[-82.637709999800464,30.417700000274589],[-82.637758000379378,30.417842000050971],[-82.637929000083588,30.418351000279248],[-82.637960000045723,30.41835000018855],[-82.638022999794913,30.418533999659203],[-82.638073999848544,30.418708000237253],[-82.638120999704213,30.418868000085332],[-82.638269999667116,30.419377000384703],[-82.638276000413228,30.419396999661995],[-82.638297000329629,30.419458999951758],[-82.638304000002307,30.419480000065999],[-82.638310999675014,30.419503000333446],[-82.638334999964442,30.419573999710337],[-82.638343000360379,30.419598000033567],[-82.638467000208948,30.419975000010883],[-82.638620000369812,30.420440000019262],[-82.638844999602398,30.421104999662386],[-82.6389729996489,30.421482000014528],[-82.639180000236465,30.422095999972644],[-82.639499999903592,30.423039999845386],[-82.639629999599933,30.423439999806703],[-82.639802999852307,30.423938999936421],[-82.640016000287631,30.424551999898096],[-82.640229999649563,30.425169999985268],[-82.640364000442176,30.425574999817968],[-82.641019999669993,30.427550000291042],[-82.641391000289062,30.4286540001304],[-82.641449999840304,30.428829999668544],[-82.641737999720377,30.429679000360412],[-82.641927999691177,30.430239000001876],[-82.642160000393076,30.430919999632099],[-82.642343999617808,30.431466999689501],[-82.642496999778672,30.431923000355049],[-82.642686999749458,30.432485000171997],[-82.642706000016034,30.432543000109277],[-82.642764999567262,30.432717999657733],[-82.642784999658744,30.432777000173918],[-82.642800999552279,30.432826999624996],[-82.642851999605895,30.432977000148206],[-82.642869000222646,30.433027000271377],[-82.643172000171361,30.433939000374078],[-82.643234000095632,30.434124999735278],[-82.643619999885019,30.435289999890745],[-82.643949999597893,30.436309999782544],[-82.644072999621557,30.436678000338102],[-82.644379999768205,30.437590000376375],[-82.644387000339222,30.437612000353447],[-82.644410999730354,30.437678000254984],[-82.644419999951182,30.437701000104532],[-82.644480000225641,30.437870000348095],[-82.644563999891247,30.438119999781698],[-82.644988000213743,30.439380000027867],[-82.645129999605672,30.439800000106001],[-82.645339999667954,30.440470000302778],[-82.645666000081178,30.441438999939091],[-82.646979999983245,30.445339999756698],[-82.647309999696134,30.446269999668864],[-82.647332000335751,30.44633699970877],[-82.64787999960852,30.447973000251316],[-82.648097000241833,30.448624000341827],[-82.648279999641602,30.449169999663194],[-82.648676000375062,30.450379000108775],[-82.648741999598968,30.450580999895827],[-82.648899999782714,30.451060000025095],[-82.648959000232253,30.451233000131715],[-82.649277000249569,30.452173999854683],[-82.64977000016907,30.45363000016463],[-82.650237999974223,30.454998999691572],[-82.650560000189515,30.455940000219282],[-82.651099999964671,30.457590000138747],[-82.651203999721744,30.457904000105945],[-82.651609999602599,30.459119999861628],[-82.65215000027608,30.460700000204479],[-82.65282999979334,30.462770000254238],[-82.653186000343808,30.46377999974942],[-82.653259999963652,30.463989999709401],[-82.653849000142614,30.465738999973127],[-82.653920000287727,30.465949999957893],[-82.653956000272743,30.466062000285209],[-82.654274000290073,30.467035000128654],[-82.654379999696957,30.467359999964664],[-82.654546000276611,30.467853999620459],[-82.655044000219007,30.469337000155338],[-82.655209999900336,30.469832000185527],[-82.655670000207877,30.471200000120923],[-82.656329999633655,30.47314399985525],[-82.656522999977511,30.473711999925928],[-82.656939999729019,30.474940000083208],[-82.657319999670619,30.476120000337851],[-82.658650000364517,30.48003000035223],[-82.659160000002444,30.481599999952561],[-82.659659999594652,30.483069999863517],[-82.659666000340749,30.483088000382068],[-82.659919999885645,30.48381000020208],[-82.660420000376149,30.485280000024222],[-82.660582999684451,30.485775000283653],[-82.660790000272016,30.486399999657962],[-82.66118000025935,30.487620000323464],[-82.661223999741964,30.487727999884058],[-82.661309999955691,30.487940000364627],[-82.661679999851557,30.489060000350225],[-82.662571999979221,30.491699000290204],[-82.66281999967633,30.492429999870641],[-82.663017000218133,30.493024999993192],[-82.663290999854524,30.493851999858631],[-82.663360000349812,30.494059999804215],[-82.66375000033716,30.495169999795323],[-82.66414000032448,30.496324000041874],[-82.664419999808658,30.497149999673752],[-82.664809999796006,30.498350000135314],[-82.665111000094868,30.499235000115021],[-82.665710000319606,30.500989999663108],[-82.666219999957534,30.502530000095508],[-82.666789999869934,30.504229999939536],[-82.667220000040231,30.505478999858564],[-82.667300000406172,30.505709999755258],[-82.66792499967184,30.507560999919072],[-82.668329999727789,30.508759999697318],[-82.668384000154461,30.508920000296339],[-82.668800000081077,30.510140000269459],[-82.669240000297123,30.511490000249086],[-82.669761999630651,30.512999000240601],[-82.669949999951626,30.513539999801331],[-82.670220000288353,30.514360000210626],[-82.670549000176322,30.515338000250473],[-82.670980000171554,30.516619999776498],[-82.671439999580784,30.518010000183637],[-82.67153400019042,30.518276000277151],[-82.671879999796829,30.519250000295127],[-82.672289999875659,30.520540000147165],[-82.672483000219501,30.521115999839058],[-82.672780000320415,30.522000000212085],[-82.673140000170534,30.523029999921267],[-82.673469999883409,30.524000000379363],[-82.674370000406995,30.526690999677342],[-82.674490000057602,30.527049999886771],[-82.674999999695544,30.528549999814778],[-82.675112999673445,30.528895999765268],[-82.675399999728612,30.529770000249091],[-82.67545800035326,30.529934999680361],[-82.675579999653692,30.530279999625634],[-82.675989999732494,30.531500000001053],[-82.67619999979479,30.532139999652514],[-82.676424000100766,30.532801999865736],[-82.676589999782124,30.53329000032755],[-82.676999999860953,30.53447000000201],[-82.67756999977334,30.536189999975289],[-82.677890000338806,30.537129999630849],[-82.678110000446836,30.537800000079564],[-82.678450000205459,30.538990000024832],[-82.67866000026774,30.539860000198367],[-82.678783000291375,30.540419999895565],[-82.678810000055549,30.54054000035002],[-82.679250000271608,30.543040000206055],[-82.67987000041272,30.546607999757658],[-82.680359999959165,30.549419999997053],[-82.68054999992998,30.550540000386238],[-82.680780000083743,30.551859999672335],[-82.680919999825832,30.552800000036104],[-82.680990000146025,30.553499999660499],[-82.681010000237521,30.554299999901339],[-82.681010000237521,30.554839999778682],[-82.680939999917314,30.555939999661433],[-82.68085000040395,30.557149999675556],[-82.680833999612091,30.557376000232232],[-82.680759999992262,30.558509999782391],[-82.68063000029592,30.560189999855062],[-82.680580000067195,30.560989999870085],[-82.680452000020679,30.56280300003165],[-82.680279999593225,30.565260000366873],[-82.680159999942646,30.567190000073193],[-82.680079999576705,30.568245000195084],[-82.679959999926098,30.570060000296429],[-82.679598000426168,30.574947000382647],[-82.679590000030231,30.575059999720889],[-82.679400000059445,30.578050000346355],[-82.679270000363104,30.579809999885697],[-82.679220000134393,30.580709999828507],[-82.678939999751904,30.584550000066113],[-82.678850000238526,30.58596999995196],[-82.678749999781118,30.587270000168594],[-82.678690000404956,30.588359999963611],[-82.678630000130497,30.589039999749577],[-82.678548999939636,30.589608999894811],[-82.678519999627341,30.589820000156998],[-82.678339999702288,30.59049000029356],[-82.678050000172362,30.591209999697739],[-82.677769999789888,30.591800000302037],[-82.677430000031251,30.592360000292356],[-82.676860000118879,30.59310999961523],[-82.67619999979479,30.59378000020525],[-82.676178999878388,30.593798000321069],[-82.6758700000819,30.594069999774401],[-82.675530000323278,30.594340000352918],[-82.675314000413209,30.594489000264158],[-82.675140000335929,30.594610000179209],[-82.674429999783143,30.595050000002455],[-82.673150000216268,30.595750000172952],[-82.672446000409565,30.596163999760886],[-82.672029999584652,30.596409999899731],[-82.671485999611519,30.596716000068366]]},"properties":{"BASENAME":"47","NAME":"State Hwy 47","MTFCC":"S1200","RTTYP":"S","OID":"11010927715401"}},{"type":"Feature","geometry":{"type":"LineString","coordinates":[[-82.648676000375062,30.450379000108775],[-82.648741999598968,30.450580999895827],[-82.648899999782714,30.451060000025095],[-82.648959000232253,30.451233000131715],[-82.649277000249569,30.452173999854683],[-82.64977000016907,30.45363000016463],[-82.650237999974223,30.454998999691572],[-82.650560000189515,30.455940000219282],[-82.651099999964671,30.457590000138747],[-82.651203999721744,30.457904000105945],[-82.651609999602599,30.459119999861628],[-82.65215000027608,30.460700000204479],[-82.65282999979334,30.462770000254238],[-82.653186000343808,30.46377999974942],[-82.653259999963652,30.463989999709401],[-82.653849000142614,30.465738999973127],[-82.653920000287727,30.465949999957893],[-82.653956000272743,30.466062000285209],[-82.654274000290073,30.467035000128654],[-82.654379999696957,30.467359999964664],[-82.654546000276611,30.467853999620459],[-82.655044000219007,30.469337000155338],[-82.655209999900336,30.469832000185527],[-82.655670000207877,30.471200000120923],[-82.656329999633655,30.47314399985525],[-82.656522999977511,30.473711999925928],[-82.656939999729019,30.474940000083208],[-82.657319999670619,30.476120000337851],[-82.658650000364517,30.48003000035223],[-82.659160000002444,30.481599999952561],[-82.659659999594652,30.483069999863517],[-82.659666000340749,30.483088000382068],[-82.659919999885645,30.48381000020208],[-82.660420000376149,30.485280000024222],[-82.660582999684451,30.485775000283653],[-82.660790000272016,30.486399999657962],[-82.66118000025935,30.487620000323464],[-82.661223999741964,30.487727999884058],[-82.661309999955691,30.487940000364627],[-82.661679999851557,30.489060000350225],[-82.662571999979221,30.491699000290204],[-82.66281999967633,30.492429999870641],[-82.663017000218133,30.493024999993192],[-82.663290999854524,30.493851999858631],[-82.663360000349812,30.494059999804215],[-82.66375000033716,30.495169999795323],[-82.66414000032448,30.496324000041874],[-82.664419999808658,30.497149999673752],[-82.664809999796006,30.498350000135314],[-82.665111000094868,30.499235000115021],[-82.665710000319606,30.500989999663108],[-82.666219999957534,30.502530000095508],[-82.666789999869934,30.504229999939536],[-82.667220000040231,30.505478999858564],[-82.667300000406172,30.505709999755258],[-82.66792499967184,30.507560999919072],[-82.668329999727789,30.508759999697318],[-82.668384000154461,30.508920000296339],[-82.668800000081077,30.510140000269459],[-82.669240000297123,30.511490000249086],[-82.669761999630651,30.512999000240601],[-82.669949999951626,30.513539999801331],[-82.670220000288353,30.514360000210626],[-82.670549000176322,30.515338000250473],[-82.670980000171554,30.516619999776498],[-82.671439999580784,30.518010000183637],[-82.67153400019042,30.518276000277151],[-82.671879999796829,30.519250000295127],[-82.672289999875659,30.520540000147165],[-82.672483000219501,30.521115999839058],[-82.672780000320415,30.522000000212085],[-82.673140000170534,30.523029999921267],[-82.673469999883409,30.524000000379363],[-82.674370000406995,30.526690999677342],[-82.674490000057602,30.527049999886771],[-82.674999999695544,30.528549999814778],[-82.675112999673445,30.528895999765268],[-82.675399999728612,30.529770000249091],[-82.67545800035326,30.529934999680361],[-82.675579999653692,30.530279999625634],[-82.675989999732494,30.531500000001053],[-82.67619999979479,30.532139999652514],[-82.676424000100766,30.532801999865736],[-82.676589999782124,30.53329000032755],[-82.676999999860953,30.53447000000201],[-82.67756999977334,30.536189999975289],[-82.677890000338806,30.537129999630849],[-82.678110000446836,30.537800000079564],[-82.678450000205459,30.538990000024832],[-82.67866000026774,30.539860000198367],[-82.678783000291375,30.540419999895565],[-82.678810000055549,30.54054000035002],[-82.679250000271608,30.543040000206055],[-82.67987000041272,30.546607999757658],[-82.680359999959165,30.549419999997053],[-82.68054999992998,30.550540000386238],[-82.680780000083743,30.551859999672335],[-82.680919999825832,30.552800000036104],[-82.680990000146025,30.553499999660499],[-82.681010000237521,30.554299999901339],[-82.681010000237521,30.554839999778682],[-82.680939999917314,30.555939999661433],[-82.68085000040395,30.557149999675556],[-82.680833999612091,30.557376000232232],[-82.680759999992262,30.558509999782391],[-82.68063000029592,30.560189999855062],[-82.680580000067195,30.560989999870085],[-82.680452000020679,30.56280300003165],[-82.680279999593225,30.565260000366873],[-82.680159999942646,30.567190000073193],[-82.680079999576705,30.568245000195084],[-82.679959999926098,30.570060000296429],[-82.679598000426168,30.574947000382647],[-82.679590000030231,30.575059999720889],[-82.679400000059445,30.578050000346355],[-82.679270000363104,30.579809999885697],[-82.679220000134393,30.580709999828507],[-82.678939999751904,30.584550000066113],[-82.678850000238526,30.58596999995196],[-82.678749999781118,30.587270000168594],[-82.678690000404956,30.588359999963611],[-82.678630000130497,30.589039999749577],[-82.678548999939636,30.589608999894811],[-82.678519999627341,30.589820000156998],[-82.678339999702288,30.59049000029356],[-82.678050000172362,30.591209999697739],[-82.677769999789888,30.591800000302037],[-82.677430000031251,30.592360000292356],[-82.676860000118879,30.59310999961523],[-82.67619999979479,30.59378000020525],[-82.676178999878388,30.593798000321069],[-82.6758700000819,30.594069999774401],[-82.675530000323278,30.594340000352918],[-82.675314000413209,30.594489000264158],[-82.675140000335929,30.594610000179209],[-82.674429999783143,30.595050000002455],[-82.673150000216268,30.595750000172952],[-82.672446000409565,30.596163999760886],[-82.672029999584652,30.596409999899731],[-82.671485999611519,30.596716000068366]]},"properties":{"BASENAME":"441","NAME":"US Hwy 441","MTFCC":"S1200","RTTYP":"U","OID":"11010934626445"}},{"type":"Feature","geometry":{"type":"LineString","coordinates":[[-83.372724999572142,30.991383000307486],[-83.372647999579243,30.991369999882565],[-83.372440999890017,30.991394999631932],[-83.372136000291476,30.99142200003158],[-83.371633000326241,30.991444999881118],[-83.37057499961891,30.991490000005999],[-83.370266999647328,30.991502999644485],[-83.367844999707529,30.991608000095635],[-83.366191999871745,30.991682000351542],[-83.365831000196735,30.991698999725767],[-83.364071000230823,30.991776999669639],[-83.364021999827017,30.991779000318989],[-83.363586999633853,30.99180399996116],[-83.363303999776633,30.99182999992092],[-83.363022999569225,30.991871000109665],[-83.362722999993565,30.991931000260113],[-83.362501000235724,30.991983999655801],[-83.362384999884782,30.992012999763013],[-83.362159999753885,30.992067999756358],[-83.361900000361189,30.992146000168574],[-83.36166600000945,30.992230999676369],[-83.361533999764987,30.992283000126115],[-83.360203000144494,30.992814999899792],[-83.3585150001486,30.993507999988061],[-83.357504000195249,30.993921999698554],[-83.356790000342812,30.994221999783171],[-83.356422000096785,30.994381999750495],[-83.355693000175734,30.994712999803127],[-83.355238999715965,30.99493000018434],[-83.354697000290983,30.995193999797905],[-83.3546410002145,30.995222000180725],[-83.354277000166419,30.995404999675319],[-83.354068999753949,30.995509999681243]]},"properties":{"BASENAME":"Main","NAME":"E Main St","MTFCC":"S1200","RTTYP":"M","OID":"11010936313008"}},{"type":"Feature","geometry":{"type":"LineString","coordinates":[[-83.259233000013296,30.809706999877132],[-83.257975000187741,30.808591000234273],[-83.255720999579111,30.806774000269122],[-83.253507000051769,30.80503800001388],[-83.253204999927974,30.804801000013633],[-83.252492999725376,30.804241999970152],[-83.252457999565252,30.804214999971343],[-83.252115000331898,30.803946000311566],[-83.251423000220782,30.803404000356533],[-83.250406000419645,30.802605999918761],[-83.247478000141541,30.800308000189105],[-83.246031999994997,30.799173999756988],[-83.244143000157678,30.797528000219753],[-83.244096000301994,30.797488000110871],[-83.242041999709912,30.795380999896185],[-83.24197499976276,30.795312000124518],[-83.241840999868472,30.795174999726481],[-83.241352000146932,30.794673000221415],[-83.24096299998449,30.794337999841908],[-83.240736000203768,30.794142999820579],[-83.239974999597351,30.793485999912303],[-83.239337999737813,30.792985000164435],[-83.238919000336466,30.792655999855512],[-83.237587999817663,30.791608999922669],[-83.237438000029812,30.791488999874243],[-83.237248000059026,30.79133700016385],[-83.236519000137974,30.790754000168274],[-83.236227999884832,30.79044999972664],[-83.23598400038567,30.79019600034675],[-83.235319000038729,30.789257999891312],[-83.234924000028528,30.788450000275013],[-83.234796999806917,30.788212000136532],[-83.234344999895299,30.786525999629514],[-83.233316000398588,30.782567000001809],[-83.232794000166763,30.780559000021746],[-83.23231399976774,30.778711000003891],[-83.231881999947589,30.777052000337637],[-83.231773999992569,30.776639000261948],[-83.231352000218195,30.775018000027291],[-83.231079000406709,30.773984000111597],[-83.230771000435126,30.773082000372103],[-83.230701999939853,30.772930000127655],[-83.230141000248281,30.771691999695715],[-83.229511999886341,30.770147999895009],[-83.22894000032413,30.76897399999141],[-83.228418999917224,30.767903999749958],[-83.227028999847192,30.766312000361747],[-83.225390000255103,30.765290999782259],[-83.223435000295538,30.764425000363524],[-83.222539999794805,30.763771000097016],[-83.221589999940818,30.762819999956402],[-83.220805999768189,30.76177500028783],[-83.220224000160215,30.760398000096338],[-83.220175999581329,30.760259999714393],[-83.219571000407143,30.758520999786189],[-83.219226999552248,30.757607000174801],[-83.218484000285798,30.754601999778249],[-83.218008999909657,30.75233400013418],[-83.217997000214083,30.752252999627657],[-83.217830999634415,30.751157999618137],[-83.217807000243297,30.750683000063876],[-83.217837000380527,30.750530000201014],[-83.217914000373412,30.750135999904543],[-83.21817600031423,30.748984000317314],[-83.218589999692711,30.74775399977354],[-83.219291999849574,30.745670999635511],[-83.220029000166548,30.743523000237825],[-83.220254000297459,30.742868000216252],[-83.220574999789505,30.741382999633277],[-83.220741000369173,30.740053000365091],[-83.22079200042279,30.738414999824766],[-83.220565999568663,30.734045000085352],[-83.220561000444107,30.733862999746858],[-83.220507000017435,30.731847000269454],[-83.220352000206745,30.730801999625889],[-83.220115000380275,30.729495999676743],[-83.219758000004902,30.728331999746004],[-83.219681999836922,30.728144000261658],[-83.219460999903987,30.72759600031338],[-83.219270000108281,30.727175999658904],[-83.218986000426142,30.726550999911922],[-83.218896000014453,30.726391000276543],[-83.218321000079186,30.725374999715193],[-83.217774999557918,30.724400999705246],[-83.217598000005921,30.724139000285781],[-83.217480999830045,30.723968000142069],[-83.216839999772546,30.722674000056816],[-83.216556000090407,30.722051999854262],[-83.216377999815194,30.721393999662236],[-83.216127999569935,30.720189000099747],[-83.215802999879926,30.718332999743044],[-83.215514999999826,30.717001000341526],[-83.215289999868943,30.715817000101062],[-83.214618999674187,30.713626000366904],[-83.213621999964559,30.710365000320806],[-83.213452999910132,30.709812999777128],[-83.213155999809231,30.708779999700312],[-83.212970000036378,30.708170999718181],[-83.21226500040477,30.70586999977192],[-83.211338999941916,30.70284199975664],[-83.211268999621709,30.702606000144801],[-83.211112000161194,30.70207500006628],[-83.211054000434885,30.701880000076194],[-83.210959000000315,30.701368999813305],[-83.210898999725856,30.701049000132947],[-83.210875000334738,30.700430999832065],[-83.210881000182511,30.700163000038529],[-83.210898999725856,30.699410000079254],[-83.210934999710872,30.698850999681152],[-83.210851999870187,30.69821000002446],[-83.210661999899386,30.697474000105959],[-83.210623000439654,30.697339000135056],[-83.210388000263009,30.696524000161947],[-83.209502999808038,30.69357300022866],[-83.209425999815153,30.693317000281656],[-83.209141000308094,30.692568999684418],[-83.208665999931952,30.691772999626654],[-83.208214999845254,30.691072000038485],[-83.207942000033768,30.690715999732227],[-83.206979999585883,30.689777999725568],[-83.20545999981951,30.688779999951347],[-83.20391599976368,30.688151000067762],[-83.202360000012277,30.68777100004365],[-83.199996999623721,30.687223999781803],[-83.199436999757054,30.687093000270277],[-83.197359999598746,30.686607000217084],[-83.197080999939487,30.686543000310721],[-83.196422000338643,30.686405000006165],[-83.195638000165985,30.686356999786824],[-83.194652000326997,30.686416999671007],[-83.193202999807411,30.686642000256612],[-83.192158000417166,30.686809000005397],[-83.191065000448049,30.686796999616735],[-83.190507000231221,30.686714000364091],[-83.188522000134427,30.686258000321299],[-83.186865000100696,30.685877000143552],[-83.185285000059849,30.685514000059804],[-83.183698000346311,30.685149000057379],[-83.18320500042681,30.685036000189665],[-83.182362999629518,30.684842000204011],[-83.181671000416713,30.684682999805723],[-83.181519000080755,30.684645000050718],[-83.180611999884462,30.684422000333353],[-83.1803680003853,30.684361999981981],[-83.179725999604571,30.684118999954393],[-83.179698000015492,30.684102999762644],[-83.179114999684288,30.683768000208428],[-83.178784999971427,30.683540999746057],[-83.178544999771901,30.683375999888479],[-83.177820000048811,30.682753000009917],[-83.177030000028381,30.682016999664118],[-83.17611100013653,30.681213999658524]]},"properties":{"BASENAME":"7","NAME":"State Rte 7","MTFCC":"S1200","RTTYP":"S","OID":"11029550566543"}},{"type":"Feature","geometry":{"type":"LineString","coordinates":[[-83.259233000013296,30.809706999877132],[-83.257975000187741,30.808591000234273],[-83.255720999579111,30.806774000269122],[-83.253507000051769,30.80503800001388],[-83.253204999927974,30.804801000013633],[-83.252492999725376,30.804241999970152],[-83.252457999565252,30.804214999971343],[-83.252115000331898,30.803946000311566],[-83.251423000220782,30.803404000356533],[-83.250406000419645,30.802605999918761],[-83.247478000141541,30.800308000189105],[-83.246031999994997,30.799173999756988],[-83.244143000157678,30.797528000219753],[-83.244096000301994,30.797488000110871],[-83.242041999709912,30.795380999896185],[-83.24197499976276,30.795312000124518],[-83.241840999868472,30.795174999726481],[-83.241352000146932,30.794673000221415],[-83.24096299998449,30.794337999841908],[-83.240736000203768,30.794142999820579],[-83.239974999597351,30.793485999912303],[-83.239337999737813,30.792985000164435],[-83.238919000336466,30.792655999855512],[-83.237587999817663,30.791608999922669],[-83.237438000029812,30.791488999874243],[-83.237248000059026,30.79133700016385],[-83.236519000137974,30.790754000168274],[-83.236227999884832,30.79044999972664],[-83.23598400038567,30.79019600034675],[-83.235319000038729,30.789257999891312],[-83.234924000028528,30.788450000275013],[-83.234796999806917,30.788212000136532],[-83.234344999895299,30.786525999629514],[-83.233316000398588,30.782567000001809],[-83.232794000166763,30.780559000021746],[-83.23231399976774,30.778711000003891],[-83.231881999947589,30.777052000337637],[-83.231773999992569,30.776639000261948],[-83.231352000218195,30.775018000027291],[-83.231079000406709,30.773984000111597],[-83.230771000435126,30.773082000372103],[-83.230701999939853,30.772930000127655],[-83.230141000248281,30.771691999695715],[-83.229511999886341,30.770147999895009],[-83.22894000032413,30.76897399999141],[-83.228418999917224,30.767903999749958],[-83.227028999847192,30.766312000361747],[-83.225390000255103,30.765290999782259],[-83.223435000295538,30.764425000363524],[-83.222539999794805,30.763771000097016],[-83.221589999940818,30.762819999956402],[-83.220805999768189,30.76177500028783],[-83.220224000160215,30.760398000096338],[-83.220175999581329,30.760259999714393],[-83.219571000407143,30.758520999786189],[-83.219226999552248,30.757607000174801],[-83.218484000285798,30.754601999778249],[-83.218008999909657,30.75233400013418],[-83.217997000214083,30.752252999627657],[-83.217830999634415,30.751157999618137],[-83.217807000243297,30.750683000063876],[-83.217837000380527,30.750530000201014],[-83.217914000373412,30.750135999904543],[-83.21817600031423,30.748984000317314],[-83.218589999692711,30.74775399977354],[-83.219291999849574,30.745670999635511],[-83.220029000166548,30.743523000237825],[-83.220254000297459,30.742868000216252],[-83.220574999789505,30.741382999633277],[-83.220741000369173,30.740053000365091],[-83.22079200042279,30.738414999824766],[-83.220565999568663,30.734045000085352],[-83.220561000444107,30.733862999746858],[-83.220507000017435,30.731847000269454],[-83.220352000206745,30.730801999625889],[-83.220115000380275,30.729495999676743],[-83.219758000004902,30.728331999746004],[-83.219681999836922,30.728144000261658],[-83.219460999903987,30.72759600031338],[-83.219270000108281,30.727175999658904],[-83.218986000426142,30.726550999911922],[-83.218896000014453,30.726391000276543],[-83.218321000079186,30.725374999715193],[-83.217774999557918,30.724400999705246],[-83.217598000005921,30.724139000285781],[-83.217480999830045,30.723968000142069],[-83.216839999772546,30.722674000056816],[-83.216556000090407,30.722051999854262],[-83.216377999815194,30.721393999662236],[-83.216127999569935,30.720189000099747],[-83.215802999879926,30.718332999743044],[-83.215514999999826,30.717001000341526],[-83.215289999868943,30.715817000101062],[-83.214618999674187,30.713626000366904],[-83.213621999964559,30.710365000320806],[-83.213452999910132,30.709812999777128],[-83.213155999809231,30.708779999700312],[-83.212970000036378,30.708170999718181],[-83.21226500040477,30.70586999977192],[-83.211338999941916,30.70284199975664],[-83.211268999621709,30.702606000144801],[-83.211112000161194,30.70207500006628],[-83.211054000434885,30.701880000076194],[-83.210959000000315,30.701368999813305],[-83.210898999725856,30.701049000132947],[-83.210875000334738,30.700430999832065],[-83.210881000182511,30.700163000038529],[-83.210898999725856,30.699410000079254],[-83.210934999710872,30.698850999681152],[-83.210851999870187,30.69821000002446],[-83.210661999899386,30.697474000105959],[-83.210623000439654,30.697339000135056],[-83.210388000263009,30.696524000161947],[-83.209502999808038,30.69357300022866],[-83.209425999815153,30.693317000281656],[-83.209141000308094,30.692568999684418],[-83.208665999931952,30.691772999626654],[-83.208214999845254,30.691072000038485],[-83.207942000033768,30.690715999732227],[-83.206979999585883,30.689777999725568],[-83.20545999981951,30.688779999951347],[-83.20391599976368,30.688151000067762],[-83.202360000012277,30.68777100004365],[-83.199996999623721,30.687223999781803],[-83.199436999757054,30.687093000270277],[-83.197359999598746,30.686607000217084],[-83.197080999939487,30.686543000310721],[-83.196422000338643,30.686405000006165],[-83.195638000165985,30.686356999786824],[-83.194652000326997,30.686416999671007],[-83.193202999807411,30.686642000256612],[-83.192158000417166,30.686809000005397],[-83.191065000448049,30.686796999616735],[-83.190507000231221,30.686714000364091],[-83.188522000134427,30.686258000321299],[-83.186865000100696,30.685877000143552],[-83.185285000059849,30.685514000059804],[-83.183698000346311,30.685149000057379],[-83.18320500042681,30.685036000189665],[-83.182362999629518,30.684842000204011],[-83.181671000416713,30.684682999805723],[-83.181519000080755,30.684645000050718],[-83.180611999884462,30.684422000333353],[-83.1803680003853,30.684361999981981],[-83.179725999604571,30.684118999954393],[-83.179698000015492,30.684102999762644],[-83.179114999684288,30.683768000208428],[-83.178784999971427,30.683540999746057],[-83.178544999771901,30.683375999888479],[-83.177820000048811,30.682753000009917],[-83.177030000028381,30.682016999664118],[-83.17611100013653,30.681213999658524]]},"properties":{"BASENAME":"41","NAME":"US Hwy 41 S","MTFCC":"S1200","RTTYP":"U","OID":"11029550566544"}},{"type":"Feature","geometry":{"type":"LineString","coordinates":[[-83.056730000409544,31.044048000209489],[-83.055794999725862,31.044199000143955],[-83.0550790002236,31.044315000083831],[-83.054312999594302,31.044437999825892],[-83.051129000121492,31.044945999629675]]},"properties":{"BASENAME":"37","NAME":"State Rte 37","MTFCC":"S1200","RTTYP":"S","OID":"11036932325742"}},{"type":"Feature","geometry":{"type":"LineString","coordinates":[[-83.035487999721724,31.047449999659435],[-83.03492299983219,31.047551000318769],[-83.034767000196581,31.047569000242138],[-83.034142999857522,31.04764300014784],[-83.033425999632016,31.047746999814141],[-83.032814999711761,31.047792000293107],[-83.031857000360148,31.047816000129401]]},"properties":{"BASENAME":"122","NAME":"State Rte 122","MTFCC":"S1200","RTTYP":"S","OID":"11036932325831"}},{"type":"Feature","geometry":{"type":"LineString","coordinates":[[-83.071943000288826,31.042482999887383],[-83.071252999827522,31.042577000349759],[-83.070544999822886,31.042700999818756]]},"properties":{"BASENAME":"11","NAME":"State Rte 11 Byp","MTFCC":"S1200","RTTYP":"S","OID":"11036932326033"}},{"type":"Feature","geometry":{"type":"LineString","coordinates":[[-83.079403000276997,31.041061000288259],[-83.078944999619281,31.041182000004383],[-83.078715000363829,31.041226999738679],[-83.077069000200737,31.041649999742223],[-83.076089000209521,31.04182100024185],[-83.075259000006142,31.041947000291877],[-83.074477000381648,31.042081000088888]]},"properties":{"BASENAME":"Church","NAME":"W Church Ave","MTFCC":"S1200","RTTYP":"M","OID":"11036932339859"}},{"type":"Feature","geometry":{"type":"LineString","coordinates":[[-83.074065999579574,31.042153999847226],[-83.07378500027049,31.042334999691867],[-83.073386999887234,31.042651000288146],[-83.07312199957336,31.042892000354481],[-83.071995999992282,31.044024000192753],[-83.071491000377222,31.04459400030251],[-83.070744999839405,31.045579999660042],[-83.07035099965411,31.046276999917588],[-83.07028799990492,31.046638999745806],[-83.070273999661225,31.046723000163922],[-83.070091000261428,31.047113000364593],[-83.069757000350592,31.047555000045485],[-83.069666000113997,31.047895000060862],[-83.069459000424757,31.049244999997359],[-83.069322000157413,31.050141000216431],[-83.069411999670791,31.051309999712085],[-83.069427999564297,31.051619000341915],[-83.069362000340391,31.052000999870565],[-83.069369000013069,31.052339000016172],[-83.069464000447638,31.052944000025001],[-83.069666000113997,31.053969999805286],[-83.069895000442841,31.054986000376548],[-83.070087000063467,31.05583800033029],[-83.070118999850521,31.055978000022801]]},"properties":{"BASENAME":"Brantley","NAME":"N Brantley St","MTFCC":"S1200","RTTYP":"M","OID":"11036932339865"}},{"type":"Feature","geometry":{"type":"LineString","coordinates":[[-83.070349999829205,31.041849000010799],[-83.068996999569066,31.042055999779233],[-83.068207000446975,31.04220200004788],[-83.067708999606282,31.042293999659403],[-83.066224000000005,31.042500999999458],[-83.065540000284784,31.042612999765328],[-83.064750000264368,31.042741999675933],[-83.06434699985823,31.042806999845052],[-83.063777999770764,31.042900000199349],[-83.06280399962732,31.043059000247013],[-83.060155999731705,31.043491999935593],[-83.05916099967186,31.043653999874479],[-83.058767000384876,31.043719000190542],[-83.058220999863636,31.043806999991162],[-83.058138000022936,31.043820000191005],[-83.05802599986994,31.043838000050254],[-83.057715000423642,31.043889000274469]]},"properties":{"BASENAME":"37","NAME":"State Rte 37","MTFCC":"S1200","RTTYP":"S","OID":"11036932339899"}},{"type":"Feature","geometry":{"type":"LineString","coordinates":[[-83.070744999839405,31.045579999660042],[-83.07035099965411,31.046276999917588],[-83.07028799990492,31.046638999745806],[-83.070273999661225,31.046723000163922],[-83.070091000261428,31.047113000364593],[-83.069757000350592,31.047555000045485],[-83.069666000113997,31.047895000060862],[-83.069459000424757,31.049244999997359],[-83.069322000157413,31.050141000216431],[-83.069411999670791,31.051309999712085],[-83.069427999564297,31.051619000341915],[-83.069362000340391,31.052000999870565],[-83.069369000013069,31.052339000016172],[-83.069464000447638,31.052944000025001],[-83.069666000113997,31.053969999805286],[-83.069895000442841,31.054986000376548],[-83.070087000063467,31.05583800033029],[-83.070118999850521,31.055978000022801],[-83.070302999973535,31.056905000368985],[-83.071114999735272,31.061133999716173],[-83.071400999965533,31.062242999885363],[-83.071821999915016,31.064272999802274],[-83.0718779999915,31.064625000207275],[-83.072406000071112,31.067061999919364],[-83.073263999863599,31.071224999917913],[-83.073613999667955,31.072918999723257],[-83.073936999708152,31.074210999883871],[-83.074946999836612,31.079137999631133],[-83.075074000058194,31.07975499972423],[-83.075264999853914,31.080685999776879],[-83.07547499991621,31.081712000357864],[-83.075910000109388,31.083769999835944],[-83.076002999995794,31.084213000107965],[-83.076245999670036,31.085363999678677],[-83.076315000165337,31.085687999769256],[-83.076587000151903,31.08689499989606],[-83.07811799978893,31.094161999952082],[-83.078157999971907,31.094352000220979],[-83.078737000105136,31.09709600001387],[-83.078788000158767,31.097339999782108],[-83.07987100008215,31.102476000063096],[-83.080473999606497,31.105190000381896],[-83.081046999891939,31.108197000346305],[-83.081745999675761,31.111673999844307],[-83.082642999826305,31.115993999889465],[-83.083957999553292,31.122195999698462],[-83.084195000278058,31.12331199974421],[-83.084267000248076,31.123584999837078],[-83.085686999557055,31.130828000180301],[-83.085759000425369,31.131130000196585],[-83.085889000121711,31.132599999776239],[-83.086042000282589,31.134980999926487],[-83.086106999681604,31.135995000334926],[-83.086161999933196,31.136844999978972],[-83.086187000047545,31.137316000354268],[-83.086304000223421,31.139499999644762],[-83.086327999614554,31.139929000158208],[-83.086361999949744,31.140475000031874],[-83.086720000150024,31.146650000073148],[-83.086730000195757,31.146809999787084]]},"properties":{"BASENAME":"135","NAME":"State Rte 135","MTFCC":"S1200","RTTYP":"S","OID":"11036932339918"}},{"type":"Feature","geometry":{"type":"LineString","coordinates":[[-83.081761999569295,30.948086999793492],[-83.081769000140312,30.948696999854022],[-83.081892999988867,30.952586000070831],[-83.081913999905268,30.953959999940107],[-83.081924999775921,30.955221000277398],[-83.081925999600813,30.95600299978701],[-83.081915999555079,30.956327000204446],[-83.081911000430509,30.956806999630157],[-83.081953000263312,30.958739999653535],[-83.081994000271209,30.962147000119309],[-83.082088999807439,30.965788999623825],[-83.082149999906804,30.969360999767957],[-83.082103000051148,30.970194000188108],[-83.082096000378456,30.970327000197223],[-83.08196599978379,30.970660999843275],[-83.081802999577178,30.971437999636798],[-83.081574999971536,30.972231000040633],[-83.081465000366691,30.972473000036896],[-83.081373000305192,30.9727419997139],[-83.081153000197162,30.973168000262792],[-83.080569000041066,30.974121999955265],[-83.079631999707544,30.975405999655898],[-83.078420999737645,30.976905000164074],[-83.077706000060303,30.977860999646307],[-83.07673399956667,30.97906099995333],[-83.076096999707133,30.979873999930081],[-83.075222000196192,30.981023000380169],[-83.074361999855583,30.982122000370293],[-83.074012999876132,30.982607000073582],[-83.073145999862817,30.984114999712229],[-83.072253999735139,30.98598999982104],[-83.072113999993064,30.986316000130383],[-83.070793000418291,30.989522000173007],[-83.070716000425406,30.989777000093078],[-83.070606999747156,30.990005000078636],[-83.070328999912817,30.990784000153024],[-83.0700970001092,30.991408000053511],[-83.069957000367125,30.991762999743678],[-83.069835000168396,30.99213099997581],[-83.069728999863187,30.992542000092737],[-83.069363000165282,30.993787999925672],[-83.06900999998787,30.995321999720854],[-83.068551000403559,30.997106000015048],[-83.068108999639378,30.998593000006043],[-83.067849000246682,30.99944299967046],[-83.067568000039302,31.000114999749439],[-83.067266999740411,31.00105200027992],[-83.067029999913942,31.001451000084657],[-83.066183999817028,31.003197999804197],[-83.065777999936174,31.004105999796106],[-83.065673000354181,31.004500999915528],[-83.065652000437794,31.00457799997821],[-83.065521000018208,31.005068999805321],[-83.065326000024541,31.005889999758608],[-83.065187999932277,31.006514000144627],[-83.065093000396033,31.007396999955144],[-83.065044999817147,31.008287999728331],[-83.064906999724897,31.009805999694439],[-83.064901999702016,31.009854000029478],[-83.064863000242269,31.010249000200233],[-83.064845999625518,31.010416000357043],[-83.064823999884197,31.010724999728147],[-83.06478799989921,31.011211999748241],[-83.064785000424465,31.011255999663813],[-83.064750000264368,31.012717999622954],[-83.06480399979273,31.014302000333874],[-83.065008000007225,31.017052999725408],[-83.065095999870778,31.018071000203388],[-83.065175000411813,31.018987999757726],[-83.065286999666483,31.020542000267227],[-83.065315999978807,31.020941000095654],[-83.065322999651499,31.021044999674146],[-83.065404999667265,31.022247000169482],[-83.065545000307665,31.023228000015745],[-83.065693000445663,31.023849000085931],[-83.065811000446445,31.024260999712332],[-83.065946999990558,31.024639999766503],[-83.066224999824911,31.025314999955462],[-83.066480000093037,31.025834999781889],[-83.06688199977593,31.026536999663573],[-83.067552000145753,31.027618000282864],[-83.067646999682012,31.027770999995415],[-83.067879000383911,31.028145000225383],[-83.067898999577082,31.028176999938154],[-83.068026999623612,31.028344000237034],[-83.068235000036069,31.028614000087053],[-83.068462999641696,31.028894000063975],[-83.068675000252114,31.029153999800304],[-83.06880599977336,31.029301999700358],[-83.069256000035168,31.029812000059717],[-83.06963900034981,31.030231000285717],[-83.071508000095662,31.032417999854619],[-83.071888999862168,31.032889999907681],[-83.072267000153943,31.03343999965367],[-83.072659999616022,31.033977999951052],[-83.072864999655422,31.034567999993421],[-83.072909999861253,31.034696000154089],[-83.072970999960631,31.034871000317843],[-83.073092000334469,31.035218999942956],[-83.073233999726369,31.03557299979617],[-83.07348700034467,31.036207999759853],[-83.07427399999203,31.038301999704455],[-83.074385000320106,31.038566000029967],[-83.074801000246737,31.039692999860499],[-83.075065999662286,31.040408999673474],[-83.075296999640969,31.041058999903619],[-83.075052000316916,31.04110100027502],[-83.075259000006142,31.041947000291877]]},"properties":{"BASENAME":"135","NAME":"State Rte 135","MTFCC":"S1200","RTTYP":"S","OID":"11036932339919"}},{"type":"Feature","geometry":{"type":"LineString","coordinates":[[-83.135273999647183,30.768530999734601],[-83.135431999830928,30.768614000350926],[-83.135586999641632,30.768695999782821],[-83.135702000167655,30.768756999719706],[-83.140685999789369,30.771320999827349],[-83.142417000341254,30.772217999888884],[-83.144808000318918,30.773452999625263],[-83.149550000091267,30.775897000197922],[-83.151042000268575,30.776666000287374],[-83.154254000228789,30.778318000293524],[-83.157280000416165,30.779883999730625],[-83.159514999859894,30.781031999905895],[-83.160725000004888,30.781660999648608],[-83.163547999802688,30.783113000125912],[-83.172506999640845,30.78773099969257],[-83.174181000291327,30.788593999618847],[-83.178686000237221,30.790916000356262],[-83.184444999810708,30.793882000383995],[-83.187946000374239,30.795686000239581],[-83.190404000299054,30.796958999844144],[-83.19617799994117,30.799931000261694],[-83.196747000028651,30.800224999914484],[-83.197060999848006,30.800387000346674],[-83.198901000179845,30.801339000265365],[-83.199151000425104,30.801468000365276],[-83.199763999995213,30.801777999897549],[-83.200389000159191,30.80209299994117],[-83.202214000422401,30.803040000017685],[-83.205721999760328,30.804840000200372],[-83.206048000173567,30.80499799994417],[-83.206350000297363,30.805135000229591],[-83.206654999895875,30.805265999784854],[-83.206979999585883,30.805399999810689],[-83.207306999824041,30.805527999902743],[-83.207692999613414,30.805669999986165],[-83.208082999600762,30.80580500017518],[-83.208494000402808,30.805942000081654],[-83.20891100015433,30.806068000318859],[-83.209289000446105,30.806172999875905],[-83.209918999734654,30.806334000362696],[-83.210413000377372,30.806459000137703],[-83.211159000016877,30.806637999952041],[-83.212807999654672,30.807011000032702],[-83.214552999551969,30.807403999748843],[-83.219499000437139,30.808504999617387],[-83.220741000369173,30.808781999794927],[-83.223519999786035,30.809410000161623],[-83.223737000419334,30.809456000211419],[-83.224214000445301,30.809557000260281],[-83.225018999636035,30.809741000045786],[-83.227146999847946,30.81022499964406],[-83.228737999759446,30.810571999836824],[-83.230443000372063,30.810959000238814],[-83.232964000046081,30.811516999886337]]},"properties":{"BASENAME":"94","NAME":"State Rte 94","MTFCC":"S1200","RTTYP":"S","OID":"11036932340401"}},{"type":"Feature","geometry":{"type":"LineString","coordinates":[[-83.276853999588695,30.828948000268404],[-83.276904999642298,30.829045000253355]]},"properties":{"BASENAME":"94","NAME":"State Rte 94","MTFCC":"S1200","RTTYP":"S","OID":"11036932340402"}},{"type":"Feature","geometry":{"type":"LineString","coordinates":[[-83.304290999868115,30.823190999694717],[-83.304062000437568,30.823203000067728],[-83.303929000368171,30.823210999801319],[-83.30383099956056,30.823216000213083],[-83.303519000289356,30.823216999986794],[-83.30265099955281,30.823237000088053],[-83.302511999635627,30.82323799986154]]},"properties":{"BASENAME":"94","NAME":"State Rte 94","MTFCC":"S1200","RTTYP":"S","OID":"11036932340403"}},{"type":"Feature","geometry":{"type":"LineString","coordinates":[[-83.04762400025831,31.045514999845121],[-83.047265000233111,31.045574000330227],[-83.04663199967321,31.045678999707278],[-83.044225999626931,31.046060999989376],[-83.043577000071807,31.046164999844944],[-83.0425689995932,31.046326000100358],[-83.041360999996328,31.046518999789487],[-83.04105600039783,31.046567999847607],[-83.03985499957534,31.04676000006809],[-83.036794999951098,31.04724999981309],[-83.036000999732707,31.047368999876205],[-83.035487999721724,31.047449999659435]]},"properties":{"BASENAME":"37","NAME":"State Rte 37","MTFCC":"S1200","RTTYP":"S","OID":"11036932340433"}},{"type":"Feature","geometry":{"type":"LineString","coordinates":[[-83.3213070002693,31.120155000140645],[-83.321174000199917,31.12009800005271],[-83.319656999908275,31.119399999788381],[-83.318887999804247,31.119135000313577],[-83.316788000079711,31.118572000096524],[-83.310132000355679,31.116924000346028],[-83.308989999982757,31.116586999648867],[-83.308025999885061,31.116199999980722],[-83.306886000060274,31.115729000133829],[-83.305736000189739,31.11525400030191],[-83.304974999583322,31.114912999858792],[-83.302581000130928,31.113838000229862],[-83.301592999743775,31.113394999668841],[-83.299773000401743,31.112626000305013],[-83.298721000440494,31.112180999814047],[-83.290395000263942,31.10849999995412],[-83.285194000008957,31.106238999999988],[-83.284439000148637,31.105909999758364],[-83.283983000039058,31.105712000358654],[-83.281403999740419,31.104582999933122],[-83.27366599991791,31.101179999772178],[-83.273331000182154,31.101033000091384],[-83.270033999833117,31.099583000002639],[-83.267522000379955,31.098498000148915],[-83.264158999908659,31.097029000043467],[-83.257492000313974,31.094116999873229],[-83.253815000023351,31.092469000284993],[-83.251861999713597,31.091642999681163],[-83.250710000193251,31.091155000254393],[-83.249432000276201,31.09053900037545],[-83.247038999750387,31.089524999737279],[-83.243916000376942,31.08816800010835],[-83.241978000135802,31.087324999810726],[-83.240754999572033,31.086810000237225],[-83.239629999815875,31.086303000222255],[-83.237326999701736,31.085278000076986],[-83.23486700012711,31.08415999971179],[-83.227478000284066,31.080965999663476],[-83.224292000263105,31.079574999686866],[-83.213955999875381,31.07506299998553],[-83.211841999907165,31.074139000327321],[-83.210215999835569,31.0736289997275],[-83.209830999871102,31.073531999996309],[-83.209589000021765,31.073500000142563],[-83.209171000445323,31.073420999928608],[-83.208660999909071,31.073358000373201],[-83.20801300017888,31.073390000274731],[-83.206485999841476,31.073621000157988],[-83.20585099963175,31.073719000032149],[-83.205214999597132,31.073816999805342],[-83.204895999754896,31.073865999654],[-83.204367999675284,31.073946999960953],[-83.203844999618582,31.074028000198847],[-83.203211000132072,31.074131000031258],[-83.2027630004184,31.074203999822508],[-83.201600000129091,31.074392999759365],[-83.201564000144074,31.074399000349636],[-83.201040000262438,31.074484000335939],[-83.20090200017016,31.074505999912631],[-83.199626999727855,31.074710000291809],[-83.199112000067032,31.074796999675442],[-83.198570999568659,31.074876999737029],[-83.198323999696456,31.07491300001211],[-83.197629999935486,31.075009999873213],[-83.196992000251043,31.075092999644109],[-83.196371000285012,31.07518199988332],[-83.196084000229845,31.075222000145263],[-83.19400100022375,31.075543000310688],[-83.193459999725349,31.075603000084737],[-83.192617000001476,31.075647999698106],[-83.192246000280718,31.075644000383043],[-83.191483999849382,31.075615999787189],[-83.191057999877046,31.075551999933012],[-83.190483999766698,31.075475999761636],[-83.190005000090878,31.075364999655335],[-83.189912000204473,31.075343000277353],[-83.189237999636703,31.07514699992889],[-83.188666999899382,31.074938000152333],[-83.188518999761371,31.074875000063333],[-83.187718999695221,31.074535000291206],[-83.185977000170965,31.073795000069151],[-83.183037000197317,31.072484000341682],[-83.182735999898441,31.072354999972671],[-83.1816620001959,31.071893999901818],[-83.179870000442946,31.071076000306508],[-83.178030000111107,31.070246999935421],[-83.177604999963648,31.070044000255827],[-83.171309999914655,31.06727499974669],[-83.170627999849259,31.066937000340474],[-83.167128000008944,31.065454000340385]]},"properties":{"BASENAME":"37","NAME":"State Rte 37","MTFCC":"S1200","RTTYP":"S","OID":"11036351362454"}},{"type":"Feature","geometry":{"type":"LineString","coordinates":[[-83.075052000316916,31.04110100027502],[-83.075296999640969,31.041058999903619],[-83.075922999629853,31.040974000066537],[-83.076327999685802,31.040901000173051],[-83.076901999796178,31.040914000000054],[-83.077595999557118,31.040938000031165],[-83.078676999830691,31.040959999669575],[-83.079403000276997,31.041061000288259],[-83.079743000035634,31.041089000280738],[-83.081142000326494,31.041188000380629],[-83.081800999927367,31.041229999925491],[-83.083883999933448,31.041395000046954],[-83.085411000270838,31.041500999988138],[-83.085818999801518,31.041529999653811],[-83.087146000122374,31.041626999692081],[-83.087584999615203,31.041674000357489],[-83.087967000104939,31.041711999715815],[-83.08908900038638,31.041806999969399],[-83.089462999581883,31.041838999709409],[-83.089804000063722,31.041868000041802],[-83.08992399971433,31.041875000173746],[-83.090440000098354,31.041902999926869],[-83.090682999772596,31.041917000185148],[-83.09132600037826,31.041972999658437],[-83.091559999831659,31.041993000232011],[-83.092883999779474,31.042108999781366],[-83.093291000383559,31.04216999966026],[-83.093350999759721,31.042179000131146],[-83.094107000343243,31.042243999915012],[-83.094513000224111,31.042281999815494],[-83.095376999864385,31.042378000063589],[-83.095432999940883,31.042389999895384],[-83.096380000320138,31.042586999803941],[-83.097367999808952,31.042839000018606],[-83.099393000088739,31.043368999740839],[-83.101475000269915,31.0438970000355],[-83.102303999750063,31.04410700006461],[-83.104386999756173,31.044638000193359],[-83.110305000236622,31.046145999902016],[-83.111723999720695,31.046499000166879],[-83.112370999625966,31.046659999857258],[-83.114037999705445,31.047075000083765],[-83.114939000053937,31.047299000264516],[-83.115011999848889,31.04731700023558],[-83.115698000112246,31.047478999821617],[-83.118945000232557,31.048245999762361],[-83.122231999637521,31.049100999972453],[-83.122382000323682,31.049139999936539],[-83.122808000296018,31.049250999865418],[-83.123919999633401,31.049541000219453],[-83.124795999867544,31.049768999617257],[-83.128264999745724,31.050671000068633],[-83.133045000051226,31.051852000158235],[-83.133959999745116,31.052078000022938],[-83.134553999946959,31.052252000097937],[-83.134916000345214,31.052344999689158],[-83.139790000362041,31.053603000239637],[-83.140481999574845,31.053788000094876],[-83.140925999988852,31.053915000136726],[-83.141422000281423,31.054097000373797],[-83.143122999797768,31.054786999870014],[-83.143730000418401,31.055062999652691],[-83.143769999703068,31.055082000124074],[-83.146160999680717,31.056166000363188],[-83.148134999906858,31.05705799996117],[-83.149921999636945,31.057901999707365],[-83.151028999849771,31.058389000151553],[-83.151489000157312,31.05859099968967],[-83.153937999861284,31.059659000016147],[-83.154857999578056,31.060059999833335],[-83.159254999568901,31.06197800023784],[-83.159818999633515,31.062231000248307],[-83.159837000075186,31.062244999824749],[-83.160734000225716,31.062606000117796],[-83.161265999604979,31.062835999685934],[-83.163647000435205,31.063864999993847],[-83.165181000445301,31.064534999759889],[-83.166296000155725,31.065017000017015],[-83.167015999855948,31.065410999622884],[-83.167128000008944,31.065454000340385]]},"properties":{"BASENAME":"37","NAME":"State Rte 37","MTFCC":"S1200","RTTYP":"S","OID":"11036351362455"}},{"type":"Feature","geometry":{"type":"LineString","coordinates":[[-83.074477000381648,31.042081000088888],[-83.074065999579574,31.042153999847226],[-83.073743000437702,31.042180999722529]]},"properties":{"BASENAME":"Church","NAME":"E Church St","MTFCC":"S1200","RTTYP":"M","OID":"11036932340463"}},{"type":"Feature","geometry":{"type":"LineString","coordinates":[[-83.070349999829205,31.041849000010799],[-83.068996999569066,31.042055999779233],[-83.068207000446975,31.04220200004788],[-83.067708999606282,31.042293999659403],[-83.066224000000005,31.042500999999458],[-83.065540000284784,31.042612999765328],[-83.064750000264368,31.042741999675933],[-83.06434699985823,31.042806999845052],[-83.063777999770764,31.042900000199349],[-83.06280399962732,31.043059000247013],[-83.060155999731705,31.043491999935593],[-83.05916099967186,31.043653999874479],[-83.058767000384876,31.043719000190542],[-83.058220999863636,31.043806999991162],[-83.058138000022936,31.043820000191005],[-83.05802599986994,31.043838000050254],[-83.057715000423642,31.043889000274469],[-83.056730000409544,31.044048000209489],[-83.055794999725862,31.044199000143955],[-83.0550790002236,31.044315000083831],[-83.054312999594302,31.044437999825892],[-83.051129000121492,31.044945999629675],[-83.049099999643772,31.045271000203115],[-83.04762400025831,31.045514999845121],[-83.047265000233111,31.045574000330227],[-83.04663199967321,31.045678999707278],[-83.044225999626931,31.046060999989376],[-83.043577000071807,31.046164999844944],[-83.0425689995932,31.046326000100358],[-83.041360999996328,31.046518999789487],[-83.04105600039783,31.046567999847607],[-83.03985499957534,31.04676000006809],[-83.036794999951098,31.04724999981309],[-83.036000999732707,31.047368999876205]]},"properties":{"BASENAME":"122","NAME":"State Rte 122","MTFCC":"S1200","RTTYP":"S","OID":"11036932340529"}},{"type":"Feature","geometry":{"type":"LineString","coordinates":[[-83.304440999655938,30.823298999912531],[-83.304637000372836,30.823440999956919],[-83.305078000413801,30.823775000167966],[-83.305396000431116,30.824027999748495],[-83.30557800000598,30.824176000383272],[-83.30564400012824,30.824229999953449],[-83.305962999970461,30.824534999755539],[-83.306030999742518,30.824604999902274],[-83.306131000199954,30.824706999980538],[-83.306204999819798,30.824799000064129],[-83.306448000392365,30.825105000127209],[-83.30707600003106,30.825917999633759],[-83.307343999819665,30.826265999960203],[-83.307638000445863,30.826646999642584],[-83.307723999761251,30.826753000356465],[-83.307839000287316,30.826894000185856],[-83.308042999603487,30.827162999614359],[-83.308193000289648,30.827379999980572],[-83.308385999735179,30.827692000209229],[-83.308527000200485,30.827942000323354],[-83.308850000240668,30.828670999620638],[-83.30901699974693,30.829005999865618],[-83.309086000242218,30.829156999676705],[-83.309354000030808,30.829744000006713],[-83.309569000115985,30.830101999685148],[-83.309666000200366,30.830281000180829],[-83.309783000376228,30.830484000041672],[-83.309911000422744,30.830680000058607],[-83.310002999585933,30.830821000291635],[-83.310036999921124,30.830872999821999],[-83.310443999626898,30.83151599993478],[-83.310550999757027,30.831687999995417],[-83.311076000361894,30.832532999754442],[-83.31131599966308,30.832871000197912],[-83.311592999672513,30.833242000115565],[-83.311643999726144,30.833314999861908],[-83.311837999894905,30.833551999701793],[-83.311962999568379,30.833696000109551],[-83.312195000270279,30.833941000162337],[-83.31238900043904,30.834139000154124],[-83.312474999754457,30.834220000348662],[-83.3127810000762,30.834504999975337],[-83.313084000024915,30.834761999976759],[-83.313382999775641,30.835014000264412],[-83.313611000279579,30.835206000149615],[-83.313982000000365,30.835516000334742],[-83.314402999949834,30.835876000139198],[-83.314755000302341,30.836168999673212],[-83.314946000098047,30.836327999969935],[-83.31566900017134,30.836924999809796],[-83.315917999693355,30.837120999787263],[-83.31607800042525,30.837247999629806],[-83.316407000313205,30.837523000188675],[-83.316607000329753,30.837681999784891],[-83.316915000301336,30.837928999702385],[-83.317542999940045,30.838400000303157],[-83.317706999971563,30.838506999994621],[-83.31812700009614,30.838780000036525],[-83.318148999837433,30.838793999997943],[-83.318702999856313,30.83909899980782],[-83.318937000208052,30.839216000190813],[-83.319071999927274,30.839283999675402],[-83.31935499978448,30.839425999986421],[-83.32006399961405,30.839742999949738],[-83.320631999876625,30.840016999930732],[-83.321166999628915,30.840265999972441],[-83.323457000222547,30.841283999989329],[-83.324689999933753,30.841827000182107],[-83.325817000238075,30.84232399990665],[-83.326121000011696,30.842459000248521],[-83.327024999834919,30.842878999840387],[-83.327685000158993,30.843183000212314],[-83.328054000229955,30.843353000289675],[-83.328327000041398,30.843479000034687],[-83.32874499961784,30.843686000303308],[-83.329019999977461,30.843821999830553],[-83.329466000041307,30.844100000271993],[-83.329731000355167,30.844265999735391],[-83.329857999678467,30.844344999987783],[-83.33054399994181,30.844779999987797],[-83.330945999624717,30.845035000374033],[-83.331585000032405,30.845440999726488],[-83.331709999705865,30.845522999949477],[-83.331964000149071,30.845690000346753],[-83.332378000425877,30.845963000005348],[-83.332715999636349,30.846187000114003],[-83.333004000414746,30.846360999940817],[-83.333626000205683,30.846701000101024],[-83.333771999795545,30.846774999935445],[-83.334372999670094,30.847082999946103],[-83.334755999984722,30.847300000008371],[-83.335382999798526,30.847654999656147],[-83.336029999703825,30.848007999730466],[-83.336362999789756,30.848180000311931],[-83.337045999680072,30.84855699980373],[-83.337147999787305,30.848605999680021],[-83.337268000336223,30.848652000233606],[-83.337793999867671,30.84894000024762],[-83.337885999929185,30.848998000102984],[-83.338639000139679,30.849468000084141],[-83.338746000269822,30.849540000327458],[-83.338781000429918,30.849563999882417],[-83.339187000310773,30.849817999624371],[-83.339485000236593,30.85002099980597],[-83.339630000001563,30.850116999821996],[-83.341821999787584,30.851545000188523],[-83.342076000230804,30.851701999959939],[-83.342672999907379,30.852088999620374],[-83.343066000267768,30.85230700016843],[-83.343582999578416,30.852535000303462],[-83.34393699958072,30.852664999738781],[-83.3441590002369,30.85272800007202],[-83.344437000071252,30.852785999950562],[-83.344513000239232,30.852797999708326],[-83.344733000347262,30.852834999980157],[-83.34501000035668,30.852871000001684],[-83.345345000092436,30.852895000265587],[-83.345550999956771,30.852904000073835],[-83.346151000006387,30.85288999985768],[-83.346581000176698,30.852853000378218],[-83.346684999933785,30.852849999669438]]},"properties":{"BASENAME":"St Augustine","NAME":"St Augustine Rd","MTFCC":"S1200","RTTYP":"M","OID":"11036932340612"}},{"type":"Feature","geometry":{"type":"LineString","coordinates":[[-82.623558000103273,31.083353000174906],[-82.623462999668703,31.083387000053403],[-82.621587000250173,31.084190999700322],[-82.619537999680958,31.085106999984724],[-82.617063999862623,31.086206999678154],[-82.616038999665562,31.086663999957878],[-82.616007999703413,31.086674000163345],[-82.613457999717099,31.087774000181902],[-82.611562000207073,31.088645000186073],[-82.609150000313022,31.089688999882146],[-82.607011000230429,31.090647000288286],[-82.605878000078334,31.09114799990234],[-82.603330999566751,31.092272999865848],[-82.603255000297068,31.092306000361116],[-82.59995499957499,31.093728000115092],[-82.597729000352089,31.094748999831609],[-82.592883999749247,31.096899999910008],[-82.589296999870314,31.098480999837751],[-82.58777200008106,31.099146999616256],[-82.587706999783734,31.099176000168072],[-82.586187999842252,31.099857999797496],[-82.584027000018366,31.100825000269435],[-82.581884999562732,31.101782999912153],[-82.581461000138518,31.101973000321223],[-82.580784000096003,31.102246000251736],[-82.580311000267983,31.102384000205397],[-82.578607000378582,31.102757000280562],[-82.578077999575754,31.102871999637067],[-82.577234000026976,31.103056999781167],[-82.574731999721223,31.103603000317047],[-82.573359000267942,31.103906999886011],[-82.572857000127598,31.104047000331843],[-82.572633999646527,31.1041139999667],[-82.572386999774324,31.104198000383544],[-82.572145999749907,31.104297000175077],[-82.571848999648978,31.104423999671052],[-82.57171300010485,31.104495000217639],[-82.571071000222432,31.104781000148606],[-82.567953999798462,31.106219999752909],[-82.567382000236236,31.106484000012227],[-82.564154000382501,31.107985999675126],[-82.562931999643624,31.108555000350378],[-82.562252999951284,31.10887100012188],[-82.559123000006821,31.110327999622491],[-82.55910499956515,31.110345000120265],[-82.558148999863391,31.110770999882376],[-82.557547000163936,31.111038999926677],[-82.557479000391865,31.111070000373719],[-82.55652199996689,31.111686999995651],[-82.553699999993995,31.113580999890562],[-82.552906999600523,31.114114000082765],[-82.551283999901983,31.115202000101494],[-82.549553000248395,31.116360000303125],[-82.548644000402277,31.116863999748062],[-82.547635000098737,31.117305999726021],[-82.544182999939025,31.11858800012563],[-82.544173999718183,31.118579999726887],[-82.544150000327051,31.118601999860427],[-82.541189000437001,31.119704000303155],[-82.532895999872395,31.122810000137655],[-82.531915000056259,31.123196999768588],[-82.529715999699221,31.124004999629307],[-82.528904999762403,31.124324999834549],[-82.528776999715873,31.124368999739904],[-82.528724000012446,31.124388000199556],[-82.522196000334915,31.126848000057546],[-82.522173999695298,31.126843999821912],[-82.520465999607936,31.127491999645677],[-82.517113999905618,31.128767000201474],[-82.513812000432026,31.130007000035416],[-82.511168999660981,31.130999999859338],[-82.510300999822761,31.131333999704303],[-82.507903000172405,31.132255000139534],[-82.505200999850103,31.133291999880804],[-82.499819999670081,31.135282000206956],[-82.499120999886259,31.135541000148631],[-82.498273000139505,31.135820999788734],[-82.497463000027594,31.136124999977881],[-82.496277000172057,31.136463999634131],[-82.491609999844457,31.137436000252343],[-82.489397000142034,31.137873999975636],[-82.488149000362213,31.138127000119457],[-82.486109000013826,31.138526999869278],[-82.484564000133076,31.13880800023777],[-82.483071000130892,31.139152999874451],[-82.4822619998439,31.139386000381016],[-82.481296000096364,31.139758000062496],[-82.480502999702892,31.140134000266702],[-82.479731000124147,31.140499000300611],[-82.478864000110818,31.141120999956669],[-82.476964000402845,31.142478000116814],[-82.473552000426068,31.145003000089254],[-82.471621999682554,31.146390999718761],[-82.470792000377472,31.146951000219357],[-82.470323999674022,31.14725399986623],[-82.469861999716656,31.147460999966381],[-82.469049000130013,31.147812999659795],[-82.468444000057531,31.14806600019373],[-82.467423999883323,31.148399999904157],[-82.462602999569953,31.149609999888686],[-82.462116000396549,31.149737000249495],[-82.455489999911421,31.151377999911222],[-82.454675999601548,31.151597000113725],[-82.454143000397394,31.151649999767255],[-82.453647000104837,31.151670999737771],[-82.452087000155487,31.151472000305819],[-82.451127000255738,31.151210999683574],[-82.449937000202254,31.150887999665095],[-82.449310000388436,31.150751999894524],[-82.448641999668439,31.150647999938361],[-82.448121000159858,31.150621000123262],[-82.447212000313726,31.150601000112864],[-82.446534000446334,31.150674000322496],[-82.446028999932935,31.150758000272919],[-82.44550800042434,31.150912999793906],[-82.444854999772957,31.151133999907575],[-82.441682000170786,31.152344999763091],[-82.438153000018161,31.153689000169944],[-82.436341999998632,31.154386000126966],[-82.433838000043067,31.155393000357684],[-82.431884999733342,31.156120000281565],[-82.431816000136351,31.156149000336271],[-82.43012999979031,31.156821999908615],[-82.429755999696482,31.156954999817096],[-82.428300000402515,31.157520000006269],[-82.427291000098975,31.157912000035846],[-82.425726999951664,31.15855800029604],[-82.424967000068477,31.158903999659643],[-82.424561000187595,31.159068999962166],[-82.424299000246791,31.159207000302029],[-82.423529000317842,31.159602999894101],[-82.422805000419658,31.159983000175203],[-82.421100999631946,31.160954000195797],[-82.42040500022118,31.16133300036028],[-82.420129999861558,31.161564000008951],[-82.418880000431912,31.162391000223728],[-82.417647999647301,31.163286999618045],[-82.41717300016947,31.163645000055894],[-82.416040000017375,31.164613000078322],[-82.415122999775335,31.165404000040777],[-82.413228999915134,31.167067000176598],[-82.412847000323723,31.167401999812363],[-82.412223999809555,31.167948999793889],[-82.411426000291542,31.168981000366017],[-82.410518000270343,31.17017099995477],[-82.409838999679678,31.170995999636641],[-82.408441000112035,31.172816999678574],[-82.408091000307664,31.173277000146282],[-82.407333999899208,31.17427899972359],[-82.406656000031774,31.175113999855476],[-82.406169999784979,31.17563799998641],[-82.405548999818961,31.176304999934967],[-82.4047560003238,31.177158999756173],[-82.402666999571622,31.178809000073731],[-82.402402000156059,31.179019000091735],[-82.402074000092995,31.179289999869532],[-82.401700999824101,31.179591000091769],[-82.401026000329722,31.180110999748127],[-82.400792999802903,31.180290999732335],[-82.40037400040157,31.180629999746909],[-82.398231999945907,31.182362000173477],[-82.396853999571448,31.183365000297449],[-82.396563000216617,31.183625999953492],[-82.395934999679582,31.183948999797664],[-82.395360999569235,31.184262000165656],[-82.394599000036223,31.184617000209453],[-82.39384800037385,31.184961999853183],[-82.393166000308483,31.185280999674728],[-82.392668000366101,31.185512000093414],[-82.39205200042295,31.185893000001464],[-82.391426000434066,31.186290000045219],[-82.390110999808769,31.187317999793823],[-82.388795000256877,31.188382999972966],[-82.38574700032818,31.190809999776665],[-82.384734999651599,31.191655000022884],[-82.384374999801494,31.191971000304711],[-82.384182000355963,31.192179999804356],[-82.384055999959273,31.192337000216913],[-82.383962000247934,31.192554999731325],[-82.383874000384395,31.192934000229677],[-82.383826999630415,31.193216000377976],[-82.383815999759761,31.193451000371908],[-82.383799000041336,31.193895999840709],[-82.383784999797612,31.194614999958279],[-82.383773000102053,31.195411999675514],[-82.383798000216416,31.204465999999357],[-82.383804000064188,31.206324999651923],[-82.383805999713999,31.207307000203215],[-82.383807000437244,31.207439000301115],[-82.38380800026215,31.207895999717739],[-82.38381099973688,31.20874799962359]]},"properties":{"BASENAME":"84","NAME":"US Hwy 84","MTFCC":"S1200","RTTYP":"U","OID":"11035964654328"}},{"type":"Feature","geometry":{"type":"LineString","coordinates":[[-82.623462999668703,31.083387000053403],[-82.621587000250173,31.084190999700322],[-82.619537999680958,31.085106999984724],[-82.617063999862623,31.086206999678154],[-82.616038999665562,31.086663999957878],[-82.616007999703413,31.086674000163345],[-82.613457999717099,31.087774000181902],[-82.611562000207073,31.088645000186073],[-82.609150000313022,31.089688999882146],[-82.607011000230429,31.090647000288286],[-82.605878000078334,31.09114799990234],[-82.603330999566751,31.092272999865848],[-82.603255000297068,31.092306000361116],[-82.59995499957499,31.093728000115092],[-82.597729000352089,31.094748999831609],[-82.592883999749247,31.096899999910008],[-82.589296999870314,31.098480999837751],[-82.58777200008106,31.099146999616256],[-82.587706999783734,31.099176000168072],[-82.586187999842252,31.099857999797496],[-82.584027000018366,31.100825000269435],[-82.581884999562732,31.101782999912153],[-82.581461000138518,31.101973000321223],[-82.580784000096003,31.102246000251736],[-82.580311000267983,31.102384000205397],[-82.578607000378582,31.102757000280562],[-82.578077999575754,31.102871999637067],[-82.577234000026976,31.103056999781167],[-82.574731999721223,31.103603000317047],[-82.573359000267942,31.103906999886011],[-82.572857000127598,31.104047000331843],[-82.572633999646527,31.1041139999667],[-82.572386999774324,31.104198000383544],[-82.572145999749907,31.104297000175077],[-82.571848999648978,31.104423999671052],[-82.57171300010485,31.104495000217639],[-82.571071000222432,31.104781000148606],[-82.567953999798462,31.106219999752909],[-82.567382000236236,31.106484000012227],[-82.564154000382501,31.107985999675126],[-82.562931999643624,31.108555000350378],[-82.562252999951284,31.10887100012188],[-82.559123000006821,31.110327999622491],[-82.55910499956515,31.110345000120265],[-82.558148999863391,31.110770999882376],[-82.557547000163936,31.111038999926677],[-82.557479000391865,31.111070000373719],[-82.55652199996689,31.111686999995651],[-82.553699999993995,31.113580999890562],[-82.552906999600523,31.114114000082765],[-82.551283999901983,31.115202000101494],[-82.549553000248395,31.116360000303125],[-82.548644000402277,31.116863999748062],[-82.547635000098737,31.117305999726021],[-82.544182999939025,31.11858800012563],[-82.544173999718183,31.118579999726887],[-82.544150000327051,31.118601999860427],[-82.541189000437001,31.119704000303155],[-82.532895999872395,31.122810000137655],[-82.531915000056259,31.123196999768588],[-82.529715999699221,31.124004999629307],[-82.528904999762403,31.124324999834549],[-82.528776999715873,31.124368999739904],[-82.528724000012446,31.124388000199556],[-82.522196000334915,31.126848000057546],[-82.522173999695298,31.126843999821912],[-82.520465999607936,31.127491999645677],[-82.517113999905618,31.128767000201474],[-82.513812000432026,31.130007000035416],[-82.511168999660981,31.130999999859338],[-82.510300999822761,31.131333999704303],[-82.507903000172405,31.132255000139534],[-82.505200999850103,31.133291999880804],[-82.499819999670081,31.135282000206956],[-82.499120999886259,31.135541000148631],[-82.498273000139505,31.135820999788734],[-82.497463000027594,31.136124999977881],[-82.496277000172057,31.136463999634131],[-82.491609999844457,31.137436000252343],[-82.489397000142034,31.137873999975636],[-82.488149000362213,31.138127000119457],[-82.486109000013826,31.138526999869278],[-82.484564000133076,31.13880800023777],[-82.483071000130892,31.139152999874451],[-82.4822619998439,31.139386000381016],[-82.481296000096364,31.139758000062496],[-82.480502999702892,31.140134000266702],[-82.479731000124147,31.140499000300611],[-82.478864000110818,31.141120999956669],[-82.476964000402845,31.142478000116814],[-82.473552000426068,31.145003000089254],[-82.471621999682554,31.146390999718761],[-82.470792000377472,31.146951000219357],[-82.470323999674022,31.14725399986623],[-82.469861999716656,31.147460999966381],[-82.469049000130013,31.147812999659795],[-82.468444000057531,31.14806600019373],[-82.467423999883323,31.148399999904157],[-82.462602999569953,31.149609999888686],[-82.462116000396549,31.149737000249495],[-82.455489999911421,31.151377999911222],[-82.454675999601548,31.151597000113725],[-82.454143000397394,31.151649999767255],[-82.453647000104837,31.151670999737771],[-82.452087000155487,31.151472000305819],[-82.451930999621567,31.151890000032086],[-82.451753000244636,31.152119000051453],[-82.451575999794315,31.152276000003525],[-82.45126199997496,31.152473999880787],[-82.450938999934777,31.152619999665138],[-82.45031499959569,31.152773999815246],[-82.4488359998372,31.153148999743358],[-82.446617000286992,31.153725999941333],[-82.446206000383256,31.153831999912875],[-82.437050999828202,31.156187000049904],[-82.436516000075912,31.156311999789466],[-82.435854000102012,31.156467000221514],[-82.433058000068385,31.157221999965756],[-82.432735000028202,31.157339999794637],[-82.432484999782957,31.157418000030841],[-82.4322210001923,31.157523000365686],[-82.431841000250714,31.157730000333579],[-82.431549000172666,31.157923999885647],[-82.431257000094618,31.158129999633008],[-82.428819000261285,31.159800999838286],[-82.428151000439598,31.160269999759695],[-82.427521000252753,31.16068499962774],[-82.426979999754352,31.161079999879167],[-82.426569999675536,31.161379000165518],[-82.426313999582504,31.161565000086103],[-82.425686999768701,31.161968000326951],[-82.425022000320055,31.162424000169025],[-82.42443800016396,31.162855000075695],[-82.423812999999981,31.163277999855861],[-82.422525000037183,31.164150999711609],[-82.421283999930054,31.165015000381185],[-82.420684999705344,31.165453000283801],[-82.419668999729112,31.166152999889903],[-82.417092999803529,31.167929000365941],[-82.414264000157942,31.169873999724441],[-82.412992000088678,31.170749000246129],[-82.411237000145647,31.172039999660669],[-82.409296000429791,31.173571999796721],[-82.408925999635613,31.173539999842571],[-82.408591999724791,31.173436000301333],[-82.408091000307664,31.173277000146282],[-82.407333999899208,31.17427899972359],[-82.406656000031774,31.175113999855476],[-82.406169999784979,31.17563799998641],[-82.405548999818961,31.176304999934967],[-82.4047560003238,31.177158999756173],[-82.402666999571622,31.178809000073731],[-82.402402000156059,31.179019000091735],[-82.402074000092995,31.179289999869532],[-82.401700999824101,31.179591000091769],[-82.401026000329722,31.180110999748127],[-82.400792999802903,31.180290999732335],[-82.40037400040157,31.180629999746909],[-82.398231999945907,31.182362000173477],[-82.396853999571448,31.183365000297449],[-82.396563000216617,31.183625999953492],[-82.395934999679582,31.183948999797664],[-82.395360999569235,31.184262000165656],[-82.394599000036223,31.184617000209453],[-82.39384800037385,31.184961999853183],[-82.393166000308483,31.185280999674728]]},"properties":{"BASENAME":"Valdosta","NAME":"Valdosta Hwy","MTFCC":"S1200","RTTYP":"M","OID":"11035964654355"}},{"type":"Feature","geometry":{"type":"LineString","coordinates":[[-82.623558000103273,31.083353000174906],[-82.623462999668703,31.083387000053403],[-82.621587000250173,31.084190999700322],[-82.619537999680958,31.085106999984724],[-82.617063999862623,31.086206999678154],[-82.616038999665562,31.086663999957878],[-82.616007999703413,31.086674000163345],[-82.613457999717099,31.087774000181902],[-82.611562000207073,31.088645000186073],[-82.609150000313022,31.089688999882146],[-82.607011000230429,31.090647000288286],[-82.605878000078334,31.09114799990234],[-82.603330999566751,31.092272999865848],[-82.603255000297068,31.092306000361116],[-82.59995499957499,31.093728000115092],[-82.597729000352089,31.094748999831609],[-82.592883999749247,31.096899999910008],[-82.589296999870314,31.098480999837751],[-82.58777200008106,31.099146999616256],[-82.587706999783734,31.099176000168072],[-82.586187999842252,31.099857999797496],[-82.584027000018366,31.100825000269435],[-82.581884999562732,31.101782999912153],[-82.581461000138518,31.101973000321223],[-82.580784000096003,31.102246000251736],[-82.580311000267983,31.102384000205397],[-82.578607000378582,31.102757000280562],[-82.578077999575754,31.102871999637067],[-82.577234000026976,31.103056999781167],[-82.574731999721223,31.103603000317047],[-82.573359000267942,31.103906999886011],[-82.572857000127598,31.104047000331843],[-82.572633999646527,31.1041139999667],[-82.572386999774324,31.104198000383544],[-82.572145999749907,31.104297000175077],[-82.571848999648978,31.104423999671052],[-82.57171300010485,31.104495000217639],[-82.571071000222432,31.104781000148606],[-82.567953999798462,31.106219999752909],[-82.567382000236236,31.106484000012227],[-82.564154000382501,31.107985999675126],[-82.562931999643624,31.108555000350378],[-82.562252999951284,31.10887100012188],[-82.559123000006821,31.110327999622491],[-82.55910499956515,31.110345000120265],[-82.558148999863391,31.110770999882376],[-82.557547000163936,31.111038999926677],[-82.557479000391865,31.111070000373719],[-82.55652199996689,31.111686999995651],[-82.553699999993995,31.113580999890562],[-82.552906999600523,31.114114000082765],[-82.551283999901983,31.115202000101494],[-82.549553000248395,31.116360000303125],[-82.548644000402277,31.116863999748062],[-82.547635000098737,31.117305999726021],[-82.544182999939025,31.11858800012563],[-82.544173999718183,31.118579999726887],[-82.544150000327051,31.118601999860427],[-82.541189000437001,31.119704000303155],[-82.532895999872395,31.122810000137655],[-82.531915000056259,31.123196999768588],[-82.529715999699221,31.124004999629307],[-82.528904999762403,31.124324999834549],[-82.528776999715873,31.124368999739904],[-82.528724000012446,31.124388000199556],[-82.522196000334915,31.126848000057546],[-82.522173999695298,31.126843999821912],[-82.520465999607936,31.127491999645677],[-82.517113999905618,31.128767000201474],[-82.513812000432026,31.130007000035416],[-82.511168999660981,31.130999999859338],[-82.510300999822761,31.131333999704303],[-82.507903000172405,31.132255000139534],[-82.505200999850103,31.133291999880804],[-82.499819999670081,31.135282000206956],[-82.499120999886259,31.135541000148631],[-82.498273000139505,31.135820999788734],[-82.497463000027594,31.136124999977881],[-82.496277000172057,31.136463999634131],[-82.491609999844457,31.137436000252343],[-82.489397000142034,31.137873999975636],[-82.488149000362213,31.138127000119457],[-82.486109000013826,31.138526999869278],[-82.484564000133076,31.13880800023777],[-82.483071000130892,31.139152999874451],[-82.4822619998439,31.139386000381016],[-82.481296000096364,31.139758000062496],[-82.480502999702892,31.140134000266702],[-82.479731000124147,31.140499000300611],[-82.478864000110818,31.141120999956669],[-82.476964000402845,31.142478000116814],[-82.473552000426068,31.145003000089254],[-82.471621999682554,31.146390999718761],[-82.470792000377472,31.146951000219357],[-82.470323999674022,31.14725399986623],[-82.469861999716656,31.147460999966381],[-82.469049000130013,31.147812999659795],[-82.468444000057531,31.14806600019373],[-82.467423999883323,31.148399999904157],[-82.462602999569953,31.149609999888686],[-82.462116000396549,31.149737000249495],[-82.455489999911421,31.151377999911222],[-82.454675999601548,31.151597000113725],[-82.454143000397394,31.151649999767255],[-82.453647000104837,31.151670999737771],[-82.452087000155487,31.151472000305819],[-82.451930999621567,31.151890000032086],[-82.451753000244636,31.152119000051453],[-82.451575999794315,31.152276000003525],[-82.45126199997496,31.152473999880787],[-82.450938999934777,31.152619999665138],[-82.45031499959569,31.152773999815246],[-82.4488359998372,31.153148999743358],[-82.446617000286992,31.153725999941333],[-82.446206000383256,31.153831999912875],[-82.437050999828202,31.156187000049904],[-82.436516000075912,31.156311999789466],[-82.435854000102012,31.156467000221514],[-82.433058000068385,31.157221999965756],[-82.432735000028202,31.157339999794637],[-82.432484999782957,31.157418000030841],[-82.4322210001923,31.157523000365686],[-82.431841000250714,31.157730000333579],[-82.431549000172666,31.157923999885647],[-82.431257000094618,31.158129999633008],[-82.428819000261285,31.159800999838286],[-82.428151000439598,31.160269999759695],[-82.427521000252753,31.16068499962774],[-82.426979999754352,31.161079999879167],[-82.426569999675536,31.161379000165518],[-82.426313999582504,31.161565000086103],[-82.425686999768701,31.161968000326951],[-82.425022000320055,31.162424000169025],[-82.42443800016396,31.162855000075695],[-82.423812999999981,31.163277999855861],[-82.422525000037183,31.164150999711609],[-82.421283999930054,31.165015000381185],[-82.420684999705344,31.165453000283801],[-82.419668999729112,31.166152999889903],[-82.417092999803529,31.167929000365941],[-82.414264000157942,31.169873999724441],[-82.412992000088678,31.170749000246129],[-82.411237000145647,31.172039999660669],[-82.409296000429791,31.173571999796721],[-82.408925999635613,31.173539999842571],[-82.408591999724791,31.173436000301333],[-82.408091000307664,31.173277000146282],[-82.407333999899208,31.17427899972359],[-82.406656000031774,31.175113999855476],[-82.406169999784979,31.17563799998641],[-82.405548999818961,31.176304999934967],[-82.4047560003238,31.177158999756173],[-82.402666999571622,31.178809000073731],[-82.402402000156059,31.179019000091735],[-82.402074000092995,31.179289999869532],[-82.401700999824101,31.179591000091769],[-82.401026000329722,31.180110999748127],[-82.400792999802903,31.180290999732335],[-82.40037400040157,31.180629999746909],[-82.398231999945907,31.182362000173477],[-82.396853999571448,31.183365000297449],[-82.396563000216617,31.183625999953492],[-82.395934999679582,31.183948999797664],[-82.395360999569235,31.184262000165656],[-82.394599000036223,31.184617000209453],[-82.39384800037385,31.184961999853183],[-82.393166000308483,31.185280999674728],[-82.392668000366101,31.185512000093414],[-82.39205200042295,31.185893000001464],[-82.391426000434066,31.186290000045219],[-82.390110999808769,31.187317999793823],[-82.388795000256877,31.188382999972966],[-82.38574700032818,31.190809999776665],[-82.384734999651599,31.191655000022884],[-82.384374999801494,31.191971000304711],[-82.384182000355963,31.192179999804356],[-82.384055999959273,31.192337000216913],[-82.383962000247934,31.192554999731325],[-82.383874000384395,31.192934000229677],[-82.383826999630415,31.193216000377976],[-82.383815999759761,31.193451000371908],[-82.383799000041336,31.193895999840709],[-82.383784999797612,31.194614999958279],[-82.383773000102053,31.195411999675514],[-82.383798000216416,31.204465999999357],[-82.383804000064188,31.206324999651923],[-82.383805999713999,31.207307000203215],[-82.383807000437244,31.207439000301115],[-82.38380800026215,31.207895999717739],[-82.38381099973688,31.20874799962359]]},"properties":{"BASENAME":"38","NAME":"State Rte 38","MTFCC":"S1200","RTTYP":"S","OID":"11036147007443"}},{"type":"Feature","geometry":{"type":"LineString","coordinates":[[-83.385647999756117,31.02940800001798],[-83.385663999649623,31.029453999857672],[-83.38660199980805,31.031522999762508],[-83.386858999726016,31.032124999975647],[-83.387240000390818,31.033090999794101],[-83.387546999639184,31.034451999723203],[-83.387975000159656,31.036119999862478],[-83.388203999590218,31.036878000300103],[-83.388495999668251,31.037548999818778],[-83.388667000270786,31.037898000273156],[-83.388885999655585,31.038219000159355],[-83.389188999604286,31.038608999794992],[-83.389525999888178,31.039039000225699],[-83.389556999850328,31.039081999777093],[-83.38964100041423,31.039200000218372],[-83.390289999969326,31.040110000078538],[-83.390645999621498,31.04061700007604],[-83.390798999782362,31.040868000308247],[-83.390869999927475,31.041023999708258],[-83.390920000156186,31.041134000059053],[-83.39102800011122,31.041497999809927],[-83.392066999653665,31.044451999711356],[-83.392403999937571,31.045488999906773],[-83.392573999816875,31.046170000153364],[-83.392783999879171,31.046787999923552],[-83.393222000445405,31.048043000077502],[-83.393511999975317,31.048964000109898],[-83.393616999557295,31.049476000031159],[-83.393653000440622,31.049770999818811],[-83.393670999983968,31.050072999760374],[-83.393638000372007,31.050888999717419],[-83.393635999823871,31.052088000018195],[-83.393659000288409,31.053093000336176],[-83.39366099993822,31.053146000349287],[-83.393671999808873,31.0533009999569],[-83.393780999588813,31.054170000151192],[-83.39392600025208,31.056186000262976],[-83.393962000237096,31.057198000167197],[-83.393997000397206,31.057767000236417],[-83.394036999681859,31.058606999817602],[-83.394055999948421,31.059392999711555],[-83.394030999834058,31.060085000030806],[-83.394018000313608,31.060913000118543],[-83.394030999834058,31.061264999875988],[-83.394077999689742,31.061720000063453],[-83.394327999934987,31.062626000202705],[-83.394671000066666,31.063952999632821],[-83.395255000222775,31.066160999740568],[-83.395749999792102,31.067843000031711],[-83.396017999580693,31.068601000199628],[-83.396347000366973,31.06938300026367],[-83.396862000027781,31.070769999804465],[-83.397520999628654,31.072487000312393],[-83.398354000205089,31.074606000092878],[-83.398746999667168,31.075518000329556],[-83.399362999610304,31.076385999704691],[-83.3996360003201,31.076767999797418],[-83.401750000288317,31.079671000005657],[-83.403238000267649,31.081736000099443],[-83.403761000324394,31.082467999691982],[-83.404193000144531,31.083082000074803],[-83.404600999675196,31.083897999975541],[-83.40486599998907,31.08444000013488],[-83.405158000067118,31.085017999805967],[-83.405507000046583,31.085708000384479],[-83.405867999721593,31.086412999764871],[-83.405913999752357,31.086505999803403],[-83.406119999616678,31.086926999856516],[-83.406473999619024,31.087627999845026],[-83.406688999704159,31.088189000283123],[-83.406856999933652,31.0887299997421],[-83.407015999942317,31.089265000315976],[-83.407127000270393,31.089645000058695],[-83.407248999570811,31.090072999714444],[-83.40738500001325,31.090507000092789],[-83.407400000081864,31.090548000116449],[-83.407407999579476,31.090568999765235],[-83.407471000226977,31.090735999810803],[-83.407542000372104,31.09101600008988],[-83.407672000068445,31.09149799995086],[-83.408241000155911,31.093463999783232],[-83.408549000127508,31.094554000284408],[-83.4086960004406,31.094940999716531],[-83.408735999725252,31.095034999879328],[-83.408979000297805,31.095754000085343],[-83.409170999918416,31.096472000239782],[-83.410560000163557,31.100775999705213],[-83.411710999859011,31.103729000054091],[-83.412372999832897,31.105368999683428],[-83.412417000213836,31.105467999792506],[-83.412580000420448,31.105836999709208],[-83.41263999979661,31.105971000251603],[-83.412648000192519,31.105992000336709],[-83.412707999568653,31.106137000248047],[-83.412874999973241,31.106544000248537],[-83.413286999701882,31.107489999808514],[-83.41339300000709,31.107763000030833],[-83.413450999733413,31.107911999809826],[-83.413481999695549,31.107993000324594],[-83.413582000152985,31.108261999620186],[-83.413700000153767,31.108598999875291],[-83.413752999857195,31.108785000263875],[-83.413769999575635,31.108884999751513],[-83.413834000048055,31.109117999987376],[-83.413865999835096,31.109413999957518],[-83.413907999667899,31.109866999938724],[-83.414007000300415,31.110657999783307],[-83.414054999980991,31.111073999735957],[-83.414084000293329,31.111324000306013],[-83.414136999996757,31.111963999780698],[-83.414260999845311,31.113041000274443],[-83.41427599991394,31.113171999654551],[-83.414312999723862,31.113688999752814],[-83.414417000379245,31.11440500006178],[-83.414490000174169,31.114819000143729],[-83.414528999633916,31.115031999839111],[-83.414536000204933,31.115093999653411],[-83.414588999908375,31.115462000049686],[-83.414682999619714,31.115937000378857],[-83.414721000152866,31.116112000265225],[-83.414848000374462,31.116743999976475],[-83.414973000047951,31.117407000009745],[-83.415034999972207,31.117681999712115],[-83.415050000040836,31.117748999723091],[-83.415106000117319,31.118115000290945],[-83.415188000133099,31.118646999872947],[-83.415256999730062,31.119044999960867],[-83.415303999585731,31.119368000001355],[-83.415353999814442,31.119612999970389],[-83.415450999898823,31.120004000089274],[-83.415571000447741,31.12026600021365],[-83.415799999878288,31.120668000160496],[-83.415988000199263,31.120920000314896],[-83.416182000368025,31.121145999786535],[-83.416382000384544,31.121387000083125],[-83.416537000195248,31.121530000091095],[-83.416758999953117,31.121703000205198],[-83.417297000078449,31.122100000057205],[-83.41742799959971,31.122209999670083],[-83.417640000210127,31.122366999924374],[-83.417889999557048,31.122553999971537],[-83.418036999870139,31.122690999912027],[-83.41817099976447,31.122834999978689],[-83.418186999657976,31.122858000380333],[-83.418344000016816,31.123075000116938],[-83.418365999758137,31.123105999709196],[-83.418524999766788,31.123362999635344],[-83.418600999934782,31.123531000168356],[-83.418712000262843,31.123862999980769],[-83.418899999685507,31.124352999916489],[-83.419072000112962,31.12478699974583],[-83.419428999590025,31.125847000052694],[-83.419671000337686,31.126558999904383],[-83.419715999645206,31.126718000004463],[-83.419861000308472,31.127114999637534],[-83.420305999649088,31.128331000035253],[-83.420715999727918,31.129499999938645],[-83.42113000000468,31.130709999647955],[-83.421552999604003,31.131906999615985],[-83.421755999993579,31.132445000306422],[-83.421971000078727,31.133138000380917],[-83.422457000325551,31.134493000244422],[-83.422910000062075,31.135760000025417],[-83.423357999775732,31.137031000372353],[-83.42337000036963,31.137063999920386],[-83.423794999618735,31.138272999700799],[-83.424028000145555,31.138895000117454],[-83.424237000382931,31.139532000330743],[-83.424700000165203,31.140819000227768],[-83.424890999960922,31.141317999775751],[-83.425260999856761,31.142377999890726],[-83.425677999608297,31.143575000224061],[-83.425810999677665,31.143970000282884],[-83.427275000265865,31.148011999853882],[-83.427326000319511,31.148154000254621],[-83.427507999894374,31.148801000352087],[-83.42776399998742,31.149985000033727],[-83.427983000270544,31.151000000098449],[-83.428073999608827,31.151422000336524],[-83.42812700021058,31.15166900014346],[-83.428185999761808,31.151943999700478],[-83.428487999885604,31.153152999638252],[-83.428698999772806,31.15353200025211],[-83.428909999659993,31.153904999940412],[-83.429224000377658,31.154295000008823],[-83.429884999628342,31.154921999835711],[-83.430001999804219,31.155009999681827],[-83.430165999835722,31.155120999711794],[-83.430339999913016,31.155222999853326],[-83.430428999601475,31.155269999693122],[-83.431572999624223,31.155825000095493],[-83.434301999710684,31.157148000063206],[-83.434868000323419,31.157444000095268],[-83.43511099999769,31.157615999928101],[-83.4353450003494,31.157796000384284],[-83.435511999855663,31.157935999733979],[-83.435569999582,31.157984999995563],[-83.435710000222386,31.158124999834776],[-83.435969999615068,31.158441999897782],[-83.436142000042523,31.158667999906321],[-83.436245999799596,31.158824999771859],[-83.436341000234151,31.158984999690329],[-83.436424999899728,31.159150999954363],[-83.436497999694666,31.159320000230135],[-83.436588000106369,31.159578999849479],[-83.436692999688361,31.159928000380525],[-83.436706999932042,31.160034000333603],[-83.436722999825577,31.160147000044212],[-83.436790999597648,31.161017000058454],[-83.436867999590532,31.162201000105743],[-83.436918999644149,31.16305500026527],[-83.436921000192299,31.163146999718773],[-83.437040999842893,31.164733000014614],[-83.437090000246684,31.165414999673988],[-83.437111999988005,31.165860000255933],[-83.437317000027406,31.166588999863521],[-83.437344999616514,31.1669910002366],[-83.437377000301879,31.167702000144171],[-83.437423000332629,31.168437000208463],[-83.43742599980736,31.168550999892705],[-83.437445000073922,31.169300000224599],[-83.437479000409127,31.169705999818483],[-83.437536000310544,31.170155000173121],[-83.437613000303429,31.170600999991468],[-83.437670000204832,31.170867000138024],[-83.437741000349931,31.17113000037768],[-83.437855999977671,31.171476999918482],[-83.438021999659014,31.171933000106463],[-83.438242999591964,31.172480000054925],[-83.438271000079354,31.172548999706013],[-83.438737000234681,31.173610000208576],[-83.438835999968887,31.17387700030595],[-83.43939599983554,31.175281000228146],[-83.439603000423091,31.175799999800901],[-83.439760999708511,31.176159999677491],[-83.439825000180946,31.176305999856513],[-83.440107000213246,31.176888999943305],[-83.440407999613811,31.177464000241294],[-83.440678999775471,31.177942000239838],[-83.440729999829088,31.178032000030761],[-83.440981999724158,31.178468999789011],[-83.441391999802988,31.17911100017982],[-83.442528000328124,31.181146000363825],[-83.442930000011032,31.181973000226261],[-83.443622000122161,31.183357999831561],[-83.443874000017246,31.183861999776823],[-83.444469999868915,31.185198000188418],[-83.44489699966617,31.186154000372586],[-83.445783999770981,31.188203000004897],[-83.446289000284366,31.18934899964033],[-83.446437000422364,31.189813000364968],[-83.446618999997241,31.190568000208007],[-83.446752999891544,31.19115300037253],[-83.447074000281901,31.192403999726327],[-83.44727699977318,31.193286000028468],[-83.447500000254266,31.194071000301793],[-83.448470000199734,31.198225999699744],[-83.448611999591648,31.198864999976703],[-83.448635999881091,31.198971000146454],[-83.449314999573431,31.201920999848255],[-83.449736000421211,31.203452000086642],[-83.449839000353379,31.203826000274006],[-83.450198000378577,31.205102999616098],[-83.450262999777593,31.205342000046993],[-83.450307999983437,31.205507999724098],[-83.450446000075701,31.2060089996722],[-83.450701000343827,31.206961000213031],[-83.450846999933674,31.207366999641895],[-83.451036000079583,31.207818000338413],[-83.451278999753811,31.20830399967808],[-83.451465000424975,31.208650000133314],[-83.451883000001416,31.209330999643338],[-83.452281000384673,31.210011999627724],[-83.45271200037989,31.210925999813391],[-83.453074999704725,31.211852999860746],[-83.453986999923899,31.21409099976993],[-83.454377999736138,31.215767000174392],[-83.454544000315806,31.216478999682874],[-83.454618999760569,31.216798000034579],[-83.454985000356771,31.218367000015608],[-83.455202000091759,31.219000999775627],[-83.455509000238422,31.219629000037976],[-83.455985000439483,31.220556000033156],[-83.45690500015624,31.222191999789391],[-83.457106999822614,31.222551999869808],[-83.458004999798064,31.224068999987697],[-83.458203999989692,31.224406000272214],[-83.458582000281467,31.225042999998735],[-83.458916000192318,31.225657000016582],[-83.459149999645717,31.226346999853135],[-83.459342000164668,31.226915999804838],[-83.459511000219067,31.227569999725709],[-83.45958400001399,31.227829000046544],[-83.459606999580217,31.227932000350542],[-83.459952000260031,31.229478000016641],[-83.460491000210283,31.231890000050072],[-83.460825999946024,31.233371000024679],[-83.461650000301645,31.236832000331752],[-83.461877999907273,31.238069000196877],[-83.462811999867753,31.24217199989484],[-83.46347600038979,31.245086000135835],[-83.463500999605827,31.245250999950983],[-83.463513000199711,31.245532000029357],[-83.463519999872389,31.245970999680875],[-83.463507000351925,31.246292000223246],[-83.463253999733624,31.248575999904173],[-83.462847999852741,31.252084999889345],[-83.462206999795242,31.257630000006419],[-83.462133000175399,31.258276999701874],[-83.462062000030286,31.258912000241786],[-83.46209100034261,31.259465999629938],[-83.462096000365491,31.25956300036929],[-83.462173000358376,31.259983999731208],[-83.462251000176181,31.260313999988419],[-83.462317000298427,31.260592000380051],[-83.462488999827556,31.261311000050974],[-83.462595000132765,31.261756000303869],[-83.463209000426076,31.264120999691052],[-83.464389000433854,31.268894999877876],[-83.464644999628575,31.26981799980738],[-83.464890999675873,31.2708079999096],[-83.465135999898251,31.271756999680775],[-83.465380000295724,31.272705999887091],[-83.465627999992833,31.273672999778857],[-83.46579000037454,31.274342000081621],[-83.465854999773569,31.274601000350216],[-83.466163999570043,31.27587100011937],[-83.466201000278289,31.276085000379954],[-83.466243999935998,31.276679999629227],[-83.466257000354787,31.276989000055419],[-83.466254999806665,31.277091000093165],[-83.466248000133945,31.277545000036895],[-83.46624999978377,31.27784799993676],[-83.466259000004612,31.279047000341514],[-83.46626200037764,31.279464000364943],[-83.466310000058229,31.279807000160197],[-83.466715000114178,31.281553999879698],[-83.467300000095193,31.283667999947369],[-83.467825999626655,31.285661000038566],[-83.468105000184224,31.286754999821195],[-83.468593000080858,31.288649999740471],[-83.469414000063409,31.291800999725375],[-83.469587000315769,31.292466000248787],[-83.470209000106706,31.294970000108108],[-83.470517999903208,31.296174000201809],[-83.470563999933958,31.296355999841701],[-83.471040999959911,31.298215000323669],[-83.473713000144997,31.308647000265847],[-83.475868999946002,31.317096000287336],[-83.478284000213108,31.32659700023488]]},"properties":{"BASENAME":"41","NAME":"US Hwy 41","MTFCC":"S1200","RTTYP":"U","OID":"11036147022027"}},{"type":"Feature","geometry":{"type":"LineString","coordinates":[[-83.385647999756117,31.02940800001798],[-83.385663999649623,31.029453999857672],[-83.38660199980805,31.031522999762508],[-83.386858999726016,31.032124999975647],[-83.387240000390818,31.033090999794101],[-83.387546999639184,31.034451999723203],[-83.387975000159656,31.036119999862478],[-83.388203999590218,31.036878000300103],[-83.388495999668251,31.037548999818778],[-83.388667000270786,31.037898000273156],[-83.388885999655585,31.038219000159355],[-83.389188999604286,31.038608999794992],[-83.389525999888178,31.039039000225699],[-83.389556999850328,31.039081999777093],[-83.38964100041423,31.039200000218372],[-83.390289999969326,31.040110000078538],[-83.390645999621498,31.04061700007604],[-83.390798999782362,31.040868000308247],[-83.390869999927475,31.041023999708258],[-83.390920000156186,31.041134000059053],[-83.39102800011122,31.041497999809927],[-83.392066999653665,31.044451999711356],[-83.392403999937571,31.045488999906773],[-83.392573999816875,31.046170000153364],[-83.392783999879171,31.046787999923552],[-83.393222000445405,31.048043000077502],[-83.393511999975317,31.048964000109898],[-83.393616999557295,31.049476000031159],[-83.393653000440622,31.049770999818811],[-83.393670999983968,31.050072999760374],[-83.393638000372007,31.050888999717419],[-83.393635999823871,31.052088000018195],[-83.393659000288409,31.053093000336176],[-83.39366099993822,31.053146000349287],[-83.393671999808873,31.0533009999569],[-83.393780999588813,31.054170000151192],[-83.39392600025208,31.056186000262976],[-83.393962000237096,31.057198000167197],[-83.393997000397206,31.057767000236417],[-83.394036999681859,31.058606999817602],[-83.394055999948421,31.059392999711555],[-83.394030999834058,31.060085000030806],[-83.394018000313608,31.060913000118543],[-83.394030999834058,31.061264999875988],[-83.394077999689742,31.061720000063453],[-83.394327999934987,31.062626000202705],[-83.394671000066666,31.063952999632821],[-83.395255000222775,31.066160999740568],[-83.395749999792102,31.067843000031711],[-83.396017999580693,31.068601000199628],[-83.396347000366973,31.06938300026367],[-83.396862000027781,31.070769999804465],[-83.397520999628654,31.072487000312393],[-83.398354000205089,31.074606000092878],[-83.398746999667168,31.075518000329556],[-83.399362999610304,31.076385999704691],[-83.3996360003201,31.076767999797418],[-83.401750000288317,31.079671000005657],[-83.403238000267649,31.081736000099443],[-83.403761000324394,31.082467999691982],[-83.404193000144531,31.083082000074803],[-83.404600999675196,31.083897999975541],[-83.40486599998907,31.08444000013488],[-83.405158000067118,31.085017999805967],[-83.405507000046583,31.085708000384479],[-83.405867999721593,31.086412999764871],[-83.405913999752357,31.086505999803403],[-83.406119999616678,31.086926999856516],[-83.406473999619024,31.087627999845026],[-83.406688999704159,31.088189000283123],[-83.406856999933652,31.0887299997421],[-83.407015999942317,31.089265000315976],[-83.407127000270393,31.089645000058695],[-83.407248999570811,31.090072999714444],[-83.40738500001325,31.090507000092789],[-83.407400000081864,31.090548000116449],[-83.407407999579476,31.090568999765235],[-83.407471000226977,31.090735999810803],[-83.407542000372104,31.09101600008988],[-83.407672000068445,31.09149799995086],[-83.408241000155911,31.093463999783232],[-83.408549000127508,31.094554000284408],[-83.4086960004406,31.094940999716531],[-83.408735999725252,31.095034999879328],[-83.408979000297805,31.095754000085343],[-83.409170999918416,31.096472000239782],[-83.410560000163557,31.100775999705213],[-83.411710999859011,31.103729000054091],[-83.412372999832897,31.105368999683428],[-83.412417000213836,31.105467999792506],[-83.412580000420448,31.105836999709208],[-83.41263999979661,31.105971000251603],[-83.412648000192519,31.105992000336709],[-83.412707999568653,31.106137000248047],[-83.412874999973241,31.106544000248537],[-83.413286999701882,31.107489999808514],[-83.41339300000709,31.107763000030833],[-83.413450999733413,31.107911999809826],[-83.413481999695549,31.107993000324594],[-83.413582000152985,31.108261999620186],[-83.413700000153767,31.108598999875291],[-83.413752999857195,31.108785000263875],[-83.413769999575635,31.108884999751513],[-83.413834000048055,31.109117999987376],[-83.413865999835096,31.109413999957518],[-83.413907999667899,31.109866999938724],[-83.414007000300415,31.110657999783307],[-83.414054999980991,31.111073999735957],[-83.414084000293329,31.111324000306013],[-83.414136999996757,31.111963999780698],[-83.414260999845311,31.113041000274443],[-83.41427599991394,31.113171999654551],[-83.414312999723862,31.113688999752814],[-83.414417000379245,31.11440500006178],[-83.414490000174169,31.114819000143729],[-83.414528999633916,31.115031999839111],[-83.414536000204933,31.115093999653411],[-83.414588999908375,31.115462000049686],[-83.414682999619714,31.115937000378857],[-83.414721000152866,31.116112000265225],[-83.414848000374462,31.116743999976475],[-83.414973000047951,31.117407000009745],[-83.415034999972207,31.117681999712115],[-83.415050000040836,31.117748999723091],[-83.415106000117319,31.118115000290945],[-83.415188000133099,31.118646999872947],[-83.415256999730062,31.119044999960867],[-83.415303999585731,31.119368000001355],[-83.415353999814442,31.119612999970389],[-83.415450999898823,31.120004000089274],[-83.415571000447741,31.12026600021365],[-83.415799999878288,31.120668000160496],[-83.415988000199263,31.120920000314896],[-83.416182000368025,31.121145999786535],[-83.416382000384544,31.121387000083125],[-83.416537000195248,31.121530000091095],[-83.416758999953117,31.121703000205198],[-83.417297000078449,31.122100000057205],[-83.41742799959971,31.122209999670083],[-83.417640000210127,31.122366999924374],[-83.417889999557048,31.122553999971537],[-83.418036999870139,31.122690999912027],[-83.41817099976447,31.122834999978689],[-83.418186999657976,31.122858000380333],[-83.418344000016816,31.123075000116938],[-83.418365999758137,31.123105999709196],[-83.418524999766788,31.123362999635344],[-83.418600999934782,31.123531000168356],[-83.418712000262843,31.123862999980769],[-83.418899999685507,31.124352999916489],[-83.419072000112962,31.12478699974583],[-83.419428999590025,31.125847000052694],[-83.419671000337686,31.126558999904383],[-83.419715999645206,31.126718000004463],[-83.419861000308472,31.127114999637534],[-83.420305999649088,31.128331000035253],[-83.420715999727918,31.129499999938645],[-83.42113000000468,31.130709999647955],[-83.421552999604003,31.131906999615985],[-83.421755999993579,31.132445000306422],[-83.421971000078727,31.133138000380917],[-83.422457000325551,31.134493000244422],[-83.422910000062075,31.135760000025417],[-83.423357999775732,31.137031000372353],[-83.42337000036963,31.137063999920386],[-83.423794999618735,31.138272999700799],[-83.424028000145555,31.138895000117454],[-83.424237000382931,31.139532000330743],[-83.424700000165203,31.140819000227768],[-83.424890999960922,31.141317999775751],[-83.425260999856761,31.142377999890726],[-83.425677999608297,31.143575000224061],[-83.425810999677665,31.143970000282884],[-83.427275000265865,31.148011999853882],[-83.427326000319511,31.148154000254621],[-83.427507999894374,31.148801000352087],[-83.42776399998742,31.149985000033727],[-83.427983000270544,31.151000000098449],[-83.428073999608827,31.151422000336524],[-83.42812700021058,31.15166900014346],[-83.428185999761808,31.151943999700478],[-83.428487999885604,31.153152999638252],[-83.428698999772806,31.15353200025211],[-83.428909999659993,31.153904999940412],[-83.429224000377658,31.154295000008823],[-83.429884999628342,31.154921999835711],[-83.430001999804219,31.155009999681827],[-83.430165999835722,31.155120999711794],[-83.430339999913016,31.155222999853326],[-83.430428999601475,31.155269999693122],[-83.431572999624223,31.155825000095493],[-83.434301999710684,31.157148000063206],[-83.434868000323419,31.157444000095268],[-83.43511099999769,31.157615999928101],[-83.4353450003494,31.157796000384284],[-83.435511999855663,31.157935999733979],[-83.435569999582,31.157984999995563],[-83.435710000222386,31.158124999834776],[-83.435969999615068,31.158441999897782],[-83.436142000042523,31.158667999906321],[-83.436245999799596,31.158824999771859],[-83.436341000234151,31.158984999690329],[-83.436424999899728,31.159150999954363],[-83.436497999694666,31.159320000230135],[-83.436588000106369,31.159578999849479],[-83.436692999688361,31.159928000380525],[-83.436706999932042,31.160034000333603],[-83.436722999825577,31.160147000044212],[-83.436790999597648,31.161017000058454],[-83.436867999590532,31.162201000105743],[-83.436918999644149,31.16305500026527],[-83.436921000192299,31.163146999718773],[-83.437040999842893,31.164733000014614],[-83.437090000246684,31.165414999673988],[-83.437111999988005,31.165860000255933],[-83.437317000027406,31.166588999863521],[-83.437344999616514,31.1669910002366],[-83.437377000301879,31.167702000144171],[-83.437423000332629,31.168437000208463],[-83.43742599980736,31.168550999892705],[-83.437445000073922,31.169300000224599],[-83.437479000409127,31.169705999818483],[-83.437536000310544,31.170155000173121],[-83.437613000303429,31.170600999991468],[-83.437670000204832,31.170867000138024],[-83.437741000349931,31.17113000037768],[-83.437855999977671,31.171476999918482],[-83.438021999659014,31.171933000106463],[-83.438242999591964,31.172480000054925],[-83.438271000079354,31.172548999706013],[-83.438737000234681,31.173610000208576],[-83.438835999968887,31.17387700030595],[-83.43939599983554,31.175281000228146],[-83.439603000423091,31.175799999800901],[-83.439760999708511,31.176159999677491],[-83.439825000180946,31.176305999856513],[-83.440107000213246,31.176888999943305],[-83.440407999613811,31.177464000241294],[-83.440678999775471,31.177942000239838],[-83.440729999829088,31.178032000030761],[-83.440981999724158,31.178468999789011],[-83.441391999802988,31.17911100017982],[-83.442528000328124,31.181146000363825],[-83.442930000011032,31.181973000226261],[-83.443622000122161,31.183357999831561],[-83.443874000017246,31.183861999776823],[-83.444469999868915,31.185198000188418],[-83.44489699966617,31.186154000372586],[-83.445783999770981,31.188203000004897],[-83.446289000284366,31.18934899964033],[-83.446437000422364,31.189813000364968],[-83.446618999997241,31.190568000208007],[-83.446752999891544,31.19115300037253],[-83.447074000281901,31.192403999726327],[-83.44727699977318,31.193286000028468],[-83.447500000254266,31.194071000301793],[-83.448470000199734,31.198225999699744],[-83.448611999591648,31.198864999976703],[-83.448635999881091,31.198971000146454],[-83.449314999573431,31.201920999848255],[-83.449736000421211,31.203452000086642],[-83.449839000353379,31.203826000274006],[-83.450198000378577,31.205102999616098],[-83.450262999777593,31.205342000046993],[-83.450307999983437,31.205507999724098],[-83.450446000075701,31.2060089996722],[-83.450701000343827,31.206961000213031],[-83.450846999933674,31.207366999641895],[-83.451036000079583,31.207818000338413],[-83.451278999753811,31.20830399967808],[-83.451465000424975,31.208650000133314],[-83.451883000001416,31.209330999643338],[-83.452281000384673,31.210011999627724],[-83.45271200037989,31.210925999813391],[-83.453074999704725,31.211852999860746],[-83.453986999923899,31.21409099976993],[-83.454377999736138,31.215767000174392],[-83.454544000315806,31.216478999682874],[-83.454618999760569,31.216798000034579],[-83.454985000356771,31.218367000015608],[-83.455202000091759,31.219000999775627],[-83.455509000238422,31.219629000037976],[-83.455985000439483,31.220556000033156],[-83.45690500015624,31.222191999789391],[-83.457106999822614,31.222551999869808],[-83.458004999798064,31.224068999987697],[-83.458203999989692,31.224406000272214],[-83.458582000281467,31.225042999998735],[-83.458916000192318,31.225657000016582],[-83.459149999645717,31.226346999853135],[-83.459342000164668,31.226915999804838],[-83.459511000219067,31.227569999725709],[-83.45958400001399,31.227829000046544],[-83.459606999580217,31.227932000350542],[-83.459952000260031,31.229478000016641],[-83.460491000210283,31.231890000050072],[-83.460825999946024,31.233371000024679],[-83.461650000301645,31.236832000331752],[-83.461877999907273,31.238069000196877],[-83.462811999867753,31.24217199989484],[-83.46347600038979,31.245086000135835],[-83.463500999605827,31.245250999950983],[-83.463513000199711,31.245532000029357],[-83.463519999872389,31.245970999680875],[-83.463507000351925,31.246292000223246],[-83.463253999733624,31.248575999904173],[-83.462847999852741,31.252084999889345],[-83.462206999795242,31.257630000006419],[-83.462133000175399,31.258276999701874],[-83.462062000030286,31.258912000241786],[-83.46209100034261,31.259465999629938],[-83.462096000365491,31.25956300036929],[-83.462173000358376,31.259983999731208],[-83.462251000176181,31.260313999988419],[-83.462317000298427,31.260592000380051],[-83.462488999827556,31.261311000050974],[-83.462595000132765,31.261756000303869],[-83.463209000426076,31.264120999691052],[-83.464389000433854,31.268894999877876],[-83.464644999628575,31.26981799980738],[-83.464890999675873,31.2708079999096],[-83.465135999898251,31.271756999680775],[-83.465380000295724,31.272705999887091],[-83.465627999992833,31.273672999778857],[-83.46579000037454,31.274342000081621],[-83.465854999773569,31.274601000350216],[-83.466163999570043,31.27587100011937],[-83.466201000278289,31.276085000379954],[-83.466243999935998,31.276679999629227],[-83.466257000354787,31.276989000055419],[-83.466254999806665,31.277091000093165],[-83.466248000133945,31.277545000036895],[-83.46624999978377,31.27784799993676],[-83.466259000004612,31.279047000341514],[-83.46626200037764,31.279464000364943],[-83.466310000058229,31.279807000160197],[-83.466715000114178,31.281553999879698],[-83.467300000095193,31.283667999947369],[-83.467825999626655,31.285661000038566],[-83.468105000184224,31.286754999821195],[-83.468593000080858,31.288649999740471],[-83.469414000063409,31.291800999725375],[-83.469587000315769,31.292466000248787],[-83.470209000106706,31.294970000108108],[-83.470517999903208,31.296174000201809],[-83.470563999933958,31.296355999841701],[-83.471040999959911,31.298215000323669],[-83.473713000144997,31.308647000265847],[-83.475868999946002,31.317096000287336],[-83.478284000213108,31.32659700023488]]},"properties":{"BASENAME":"7","NAME":"State Rte 7","MTFCC":"S1200","RTTYP":"S","OID":"11036147022083"}},{"type":"Feature","geometry":{"type":"LineString","coordinates":[[-83.453323000300159,30.793588999932762],[-83.453051000313607,30.793609000028855],[-83.446012000274919,30.794131999752192],[-83.44152200039764,30.794481000326339],[-83.434202000151572,30.795018000106115],[-83.429949999925654,30.795341999729381],[-83.428261000104882,30.795461000307554],[-83.424132999727547,30.795777000278591],[-83.422708000395701,30.795883999620639],[-83.422280999700135,30.795915999934405],[-83.41633800000362,30.796371999775729],[-83.416233000421627,30.796373999881943],[-83.409099999773304,30.796912999985317],[-83.402130000229917,30.797441999733536],[-83.398262999968495,30.797736000054815],[-83.396391999674506,30.797886000376227],[-83.394671999891585,30.798135000099727],[-83.391068000294197,30.798932999850663],[-83.386714999785951,30.799968000078525],[-83.385555999694603,30.800167999926142],[-83.384733000062212,30.800239000095999],[-83.384108999723125,30.800293000005361],[-83.382948999806857,30.800229999979567],[-83.382051999656326,30.800154999748017],[-83.376739000146657,30.799582000183626],[-83.372062999598242,30.799082999847325],[-83.371127999812856,30.799082999847325],[-83.370341999990401,30.799258000190626],[-83.369481999649778,30.799544000198132],[-83.367947999639682,30.800391999631682],[-83.365523000225153,30.80173800001409],[-83.364667999907397,30.802212999869955],[-83.360153999740689,30.804707000131589],[-83.359305999993936,30.805094000237862],[-83.358532999691946,30.805368000339755],[-83.357484999928673,30.805529999818429],[-83.356822999954787,30.80557700013998],[-83.355565000129204,30.805667000116962],[-83.35515800042343,30.805701000172057],[-83.352460000299118,30.805928999913043],[-83.349828000297023,30.806104000135814],[-83.348897999636208,30.806188999864496],[-83.343977999588617,30.806636000059424],[-83.342684999602952,30.806731000314535],[-83.341768000259236,30.806805000098894],[-83.340809000184407,30.807066999878423],[-83.339992000399818,30.807404999687144],[-83.338892999684589,30.807890000184479],[-83.338290000160242,30.808162000168277],[-83.337557000041215,30.808492999722592],[-83.336320000132048,30.809049999883438],[-83.335966999954636,30.809209000339767],[-83.334964000397193,30.809640000190356],[-83.334535000051801,30.809823999816974],[-83.334135000018705,30.809992999649911],[-83.333529999946236,30.81027499970909],[-83.332878000018056,30.81057899994568],[-83.332662000107987,30.810675999968453],[-83.331687999964544,30.811114000251717],[-83.329929999648471,30.811936999839247],[-83.328790999648589,30.812467000098497],[-83.32839999983635,30.812649999827677],[-83.327995999605307,30.812839000042118],[-83.326772999939848,30.813408999624986],[-83.325126999776757,30.814192000282475],[-83.325093000339891,30.814207999707136],[-83.323238999764342,30.815077000235274],[-83.322150999818092,30.815578999627498],[-83.321226000078454,30.815995000169735],[-83.32072700031118,30.816217000318979],[-83.320198000406648,30.816452000244578],[-83.319996999666898,30.816541000220607],[-83.318790999719852,30.817111000209387],[-83.318361000447879,30.817313000305845],[-83.317855000109574,30.817550000301388],[-83.317789999812248,30.817589999774196],[-83.317631999628503,30.817657999919831],[-83.316807000346287,30.818054000310504],[-83.316756000292656,30.81807899985175],[-83.316465999864448,30.818221999725857],[-83.315812000286456,30.818544000162561],[-83.315373999720222,30.818769999872231],[-83.315266999590094,30.818824999987356],[-83.314917999610643,30.819006000312246],[-83.314191000237727,30.819387000256413],[-83.313060999560378,30.820001000341041],[-83.313022999925536,30.820019999762113],[-83.312299999852257,30.820390000163819],[-83.311377999587364,30.820855000085825],[-83.310746999575599,30.821156999650416],[-83.310107000241331,30.821465000103107],[-83.309333000114421,30.821862999801194],[-83.308979999937023,30.822043999800524],[-83.308943000127087,30.822063000360313],[-83.308830999974106,30.822118000132431],[-83.308588000299864,30.822237999736405],[-83.308398000329049,30.82233099965417],[-83.308143000060937,30.822454999661581],[-83.307604000110686,30.822693999640972],[-83.307088999551539,30.822866000077912],[-83.306644000210923,30.822990000165944],[-83.30644900021727,30.823043999631619],[-83.305961000320636,30.823144000276255],[-83.30573899966447,30.823189999920672],[-83.305136000140124,30.823261000049715],[-83.305044999903515,30.823271999869458],[-83.304440999655938,30.823298999912531],[-83.304228000118925,30.823308999955138],[-83.30353199980982,30.823314000361748],[-83.302416000274476,30.823319999769335],[-83.301595000291925,30.823331000353736],[-83.30122799987079,30.823333999671352],[-83.30082000034011,30.823336999760269],[-83.299600000149368,30.823342000165415],[-83.299045000305597,30.823342000165415],[-83.298812999603683,30.823340999621561],[-83.298644000447609,30.823340999621561],[-83.298396999677095,30.823356999836527],[-83.298061999941325,30.823434000014],[-83.297491000204019,30.823636999695029],[-83.296606999573953,30.823961000022052],[-83.295947000148203,30.824220999770073],[-83.295754999629253,30.824295999729735],[-83.29481599964592,30.824652000148433],[-83.29459700026112,30.824735000149509],[-83.293848000248573,30.825002999700292],[-83.293465999758851,30.825136000212812],[-83.292889000173759,30.825361999837611],[-83.292472000422237,30.825525999812573],[-83.291797999854452,30.825785000204423],[-83.291598999662824,30.825861000231505],[-83.290911999574561,30.826139999987717],[-83.29051699956436,30.826299999667306],[-83.289067999943086,30.826854999695733],[-83.288992999600012,30.826885000252179],[-83.288891000391075,30.826926000200373],[-83.288570000000718,30.827055999619404],[-83.28832099958035,30.827156999675452],[-83.288123999936872,30.827222000021994],[-83.287985999844608,30.827267000295432],[-83.286871999959089,30.827693999663492],[-83.286492000017489,30.827839999824725],[-83.285758999898476,30.828111999628007],[-83.285451999751814,30.828246000183633],[-83.285348999819647,30.828301000271239],[-83.285168999894594,30.828396999647339],[-83.284930000418314,30.828603000330894],[-83.284645000012958,30.828954000095369],[-83.284552000126538,30.82905900009203]]},"properties":{"BASENAME":"38","NAME":"State Rte 38","MTFCC":"S1200","RTTYP":"S","OID":"11036932340182"}},{"type":"Feature","geometry":{"type":"LineString","coordinates":[[-83.302511999635627,30.82323799986154],[-83.302195000341555,30.823231999677439],[-83.301895999692476,30.823234999769532],[-83.301215000350325,30.823224999719216],[-83.30099400041739,30.823226000264341],[-83.300879999716244,30.823221999626814],[-83.298806999755911,30.82325000022875],[-83.298489999563486,30.823260000276449],[-83.298376999585585,30.823274000187219],[-83.298232999645549,30.823295000049495],[-83.29809399972838,30.823323999631352],[-83.297975999727598,30.823353999748186],[-83.297737000251317,30.82343199969959],[-83.29760599983176,30.823483000375276],[-83.295946000323283,30.824101000329872],[-83.295650999872194,30.824214999647332],[-83.294805999600172,30.82452700013225],[-83.293803999867649,30.824894999856131],[-83.292879000128011,30.825237999727072],[-83.291797000029561,30.825672000184944],[-83.290913000297792,30.826018000371025],[-83.290406999959501,30.826205000251285],[-83.29002799984282,30.826363000340688],[-83.288899999713578,30.826819999677554],[-83.288794000306694,30.826856000202973],[-83.288470000441592,30.826990000197483],[-83.288356999565366,30.827036000313601],[-83.288079999555947,30.827138000123643],[-83.287964000103287,30.827181999932627],[-83.287634000390426,30.827317999705592],[-83.286830999951192,30.82761000017814],[-83.286513999758796,30.827724999684605],[-83.286069000418195,30.827895000144856],[-83.285491000109872,30.828116000061801],[-83.285291000093338,30.828199000153958],[-83.284814999892262,30.828415000001776],[-83.28461900007369,30.828503999690586],[-83.284356000307952,30.828585999729498],[-83.28425500002561,30.828628000211467],[-83.284015999651018,30.828715000269874],[-83.282558999633835,30.82931500030778],[-83.281935000193059,30.829554999890142],[-83.281667000404468,30.829662000185493],[-83.280798999667908,30.82999299970249],[-83.280263999915618,30.830204999795694],[-83.279950000096278,30.830323999621015],[-83.279431000237494,30.830527999859893],[-83.278825000340078,30.830764999638486],[-83.278546999607428,30.830872999821999],[-83.278296000435574,30.830970999869049],[-83.277989000288912,30.831085000285924],[-83.27744500031578,30.831295999820693],[-83.277229000405725,30.831386000384136],[-83.276564999883689,30.831651000053235],[-83.276364000042236,30.83171900026954],[-83.274728999749811,30.832359000308138],[-83.273480000145071,30.832850000116053],[-83.272654999964544,30.833163999648974],[-83.272093000448081,30.83336800002337],[-83.271971000249337,30.833447999658585],[-83.271874000164956,30.833446000324166],[-83.270722999571205,30.833810000375642],[-83.270509000209273,30.833863999926621],[-83.269542999563427,30.834168000317327],[-83.268410000309657,30.834534999683861],[-83.268148000368825,30.834634000275173],[-83.267830000351523,30.834766999786925],[-83.267633999634626,30.834853999680988],[-83.267350999777406,30.834974000336391],[-83.267161999631526,30.835049000380554],[-83.266975000033767,30.83512999980714],[-83.266913999934403,30.835157000372075],[-83.266026999829592,30.83554200037446],[-83.264632999561584,30.836138000064931],[-83.263256999735248,30.836744000096882],[-83.262516999943557,30.837068999785021],[-83.261956000251971,30.837296999882408],[-83.26154799982298,30.837447999763775],[-83.260878000351468,30.837677000126639],[-83.260187000065258,30.837897000270416],[-83.259822000192273,30.838019000216896],[-83.259300999785367,30.838183999784011],[-83.257867000232707,30.838646000302258],[-83.256785000134229,30.839003999945696],[-83.255667999875655,30.839365000155553],[-83.255441000094947,30.839431999929729],[-83.253449000325446,30.840074999781351],[-83.252866999819162,30.840273000230681],[-83.252205999670196,30.840515999732915],[-83.252062999555051,30.840572000095964],[-83.251846999644997,30.840655999807932],[-83.250736999957425,30.84110100006728],[-83.249650999660986,30.841534000182765],[-83.249485999804548,30.841608999728155],[-83.247386000080027,30.842412000236745],[-83.246914999901833,30.842584999624933],[-83.246543000356169,30.84273100027476],[-83.246151999645591,30.842871999772271]]},"properties":{"BASENAME":"38","NAME":"State Rte 38","MTFCC":"S1200","RTTYP":"S","OID":"11036932340197"}},{"type":"Feature","geometry":{"type":"LineString","coordinates":[[-83.453302000383772,30.793362999638429],[-83.453150000047813,30.793374999879116],[-83.443528000410851,30.794110999688293],[-83.441300999566394,30.794276999921284],[-83.439565999714844,30.794412999982175],[-83.436793999970675,30.794608000227495],[-83.435593999871443,30.794697999673097],[-83.43092099969607,30.795070999795279],[-83.428318999831205,30.795270999800575],[-83.424119000382163,30.79558500027353],[-83.422711999695352,30.795688999648672],[-83.418076000228226,30.796034999802092],[-83.416317999912152,30.796170999690929],[-83.412977000080488,30.796429999752792],[-83.409355999866349,30.796698999614588],[-83.402020999551652,30.797253000099392],[-83.399675999604753,30.797430000000517],[-83.397498000062427,30.797594999863335],[-83.396221999795202,30.797701000229051],[-83.395784999952198,30.797751999904769],[-83.39534999975902,30.7978160000496],[-83.394926000334806,30.797883000264044],[-83.394502999837172,30.797961000063328],[-83.393732000083332,30.798123999716502],[-83.392963999804223,30.79829800022949],[-83.387678000058727,30.799528999895131],[-83.38619299955414,30.799865999965114],[-83.385711000403617,30.799956999905081],[-83.385221999783752,30.800025000185478],[-83.384728000039331,30.800073000127565],[-83.384262999708923,30.800091999631832],[-83.383646999765773,30.800087000331214],[-83.383611999605677,30.800085000302253],[-83.383030999822637,30.80004999978857],[-83.382434999970968,30.799990999665503],[-83.376173000432232,30.799336999668018],[-83.372502999814287,30.79894500016762],[-83.372092999735457,30.798902999823216],[-83.371798000182679,30.798882000029909],[-83.371576000424838,30.798877999921793],[-83.371352999943753,30.798887000164846],[-83.371128999637776,30.798905999903493],[-83.370906999879935,30.798932999850663],[-83.370661999657543,30.798970000051618],[-83.370420999633112,30.799018999774468],[-83.370188999829523,30.799080999797471],[-83.369700999932888,30.799241999819724],[-83.36945200041086,30.799348999934608],[-83.369099000233462,30.79953800007722],[-83.367756999843976,30.800287999943549],[-83.365508000156538,30.801532000350669],[-83.36417300033807,30.802268000205189],[-83.363492999922514,30.802650000163847],[-83.362830000123694,30.803005999792649],[-83.360793999973282,30.804130000039756],[-83.35996700014293,30.804600999776742],[-83.359741000187128,30.804719999693919],[-83.359509000383525,30.80483199970832],[-83.35922399997817,30.804954000002532],[-83.358929000425405,30.805059000005301],[-83.358673000332359,30.805131000381731],[-83.358117999590263,30.805257000139171],[-83.357821000387659,30.805303999822652],[-83.357462000362446,30.805336000086559],[-83.356642000204815,30.805399999810689],[-83.355107000369799,30.805523000113315],[-83.354355999809115,30.805584999798391],[-83.352817999601072,30.805704000040205],[-83.349126999965065,30.806012999843698],[-83.348880000092848,30.806038000203884],[-83.348076999653628,30.806099000376346],[-83.34393699958072,30.80644699998733],[-83.342908000084037,30.806521999937946],[-83.342802999603734,30.806522999885484],[-83.34269399982378,30.806533000131534],[-83.342580999845893,30.80655599969052],[-83.342530999617153,30.806561000197775],[-83.342039000420897,30.806614999641134],[-83.341071999950145,30.806856000344609],[-83.340686000160773,30.806999999893819],[-83.339419999939281,30.80756599965277],[-83.338922999821818,30.807764999956408],[-83.338245999779318,30.808073000144873],[-83.336684000180114,30.808757000148734],[-83.336213999826839,30.808969000059285],[-83.335313000376644,30.809374999957992],[-83.33516299969051,30.809430999969042],[-83.334904999947653,30.809552999824934],[-83.334360999974521,30.809793000189664],[-83.333832999894923,30.810032999954931],[-83.333523000273516,30.810171999824508],[-83.332867000147402,30.810468000364182],[-83.33263899964345,30.810587999864445],[-83.332267999922692,30.810737000282614],[-83.331607999598617,30.811040999828819],[-83.329574999821247,30.811992999899989],[-83.328346000307988,30.8125629998734],[-83.325023999844603,30.814114999638615],[-83.323736999706711,30.814720999810916],[-83.322489999751795,30.815302999616303],[-83.322245000427728,30.815402999834937],[-83.322006000053122,30.81551100032452],[-83.321666000294499,30.815675000149959],[-83.321343000254316,30.815836999994218],[-83.321323000162835,30.815847000042321],[-83.320687000128203,30.816132000204281],[-83.320621999830863,30.816160999634683],[-83.320149999827763,30.816369000027908],[-83.319998000390115,30.816438000110814],[-83.3195110003184,30.816625999973354],[-83.319225000088139,30.816756000221176],[-83.319045000163072,30.816848000207163],[-83.318796999567653,30.816984999796574],[-83.318601999573985,30.817074999887883],[-83.318446999763268,30.817155999820827],[-83.318307000021193,30.817220000157644],[-83.318101999981778,30.817314999976233],[-83.318011999570103,30.817350000372997],[-83.317721000215272,30.817465999656982],[-83.317563000031527,30.817556999901708],[-83.317295000242922,30.817729000281407],[-83.317192000310769,30.817781999789091],[-83.317024000081275,30.817839999959226],[-83.316866999722436,30.817911000186331],[-83.316781000407033,30.817947000194501],[-83.316696999843117,30.817987000273458],[-83.316393000069496,30.818122000127623],[-83.316169999588439,30.818251000068148],[-83.315307999597991,30.818678000184285],[-83.315206000389054,30.818744999739298],[-83.314537999669056,30.819096999869352],[-83.313463000141596,30.819671999943303],[-83.312971000047,30.819943999740847],[-83.312673999946085,30.82010699990553],[-83.311949000222995,30.82047799977428],[-83.310559999977855,30.821144999793113],[-83.310248999633231,30.821279999836968],[-83.309602999552851,30.821601000259101],[-83.309278999687749,30.821775999705661],[-83.309061999952775,30.821880000050058],[-83.308909999616802,30.821945000111633],[-83.308804000209932,30.822003999868379],[-83.308785999768261,30.82201499983211],[-83.30847899962157,30.822185000373388],[-83.308363000168953,30.822243999982682],[-83.308040999953676,30.822401999646878],[-83.307804999952126,30.822506000084768],[-83.307476000064156,30.822635000308175],[-83.307178999963227,30.822740000272407],[-83.306994000015294,30.822797999762589],[-83.306602000378135,30.822900000217505],[-83.306243000352936,30.82298899961836],[-83.305956000297755,30.823046999729591],[-83.305810999634488,30.823075000382609],[-83.305245999744955,30.823147000371112],[-83.305101999804918,30.823159999752608],[-83.305023999987114,30.823165000166977],[-83.304809999726871,30.823172999903736],[-83.30463399999978,30.823186999827165],[-83.30446099974742,30.823195000333541],[-83.304290999868115,30.823190999694717]]},"properties":{"BASENAME":"38","NAME":"State Rte 38","MTFCC":"S1200","RTTYP":"S","OID":"11036932340198"}},{"type":"Feature","geometry":{"type":"LineString","coordinates":[[-83.167128000008944,31.065454000340385],[-83.170627999849259,31.066937000340474],[-83.171309999914655,31.06727499974669],[-83.177604999963648,31.070044000255827],[-83.178030000111107,31.070246999935421],[-83.179870000442946,31.071076000306508],[-83.1816620001959,31.071893999901818],[-83.182735999898441,31.072354999972671],[-83.183037000197317,31.072484000341682],[-83.185977000170965,31.073795000069151],[-83.187718999695221,31.074535000291206],[-83.188518999761371,31.074875000063333],[-83.188666999899382,31.074938000152333],[-83.189237999636703,31.07514699992889],[-83.189912000204473,31.075343000277353],[-83.190005000090878,31.075364999655335],[-83.190483999766698,31.075475999761636],[-83.191057999877046,31.075551999933012],[-83.191483999849382,31.075615999787189],[-83.192246000280718,31.075644000383043],[-83.192617000001476,31.075647999698106],[-83.193459999725349,31.075603000084737],[-83.19400100022375,31.075543000310688],[-83.196084000229845,31.075222000145263],[-83.196371000285012,31.07518199988332],[-83.196992000251043,31.075092999644109],[-83.197629999935486,31.075009999873213],[-83.198323999696456,31.07491300001211],[-83.198570999568659,31.074876999737029],[-83.199112000067032,31.074796999675442],[-83.199626999727855,31.074710000291809],[-83.199693999674992,31.07485400002437],[-83.199921000354038,31.074935000258957],[-83.200134999715971,31.075082000308992],[-83.200299999572408,31.07522500002958],[-83.200581999604722,31.075546999629989],[-83.201144000019511,31.076154000176135],[-83.201650000357802,31.076724000146928],[-83.203100999628887,31.078379000185606],[-83.203705999701398,31.079069999899595],[-83.204545999950525,31.080028999810668],[-83.204617999920544,31.080110999649317],[-83.204900999777763,31.080469000105236],[-83.205207999924426,31.080979000171233],[-83.205257000328231,31.081058000259493],[-83.205339000343997,31.081190000056001],[-83.205412000138935,31.081307999823792],[-83.205612000155469,31.081918000186267],[-83.205653999988257,31.082048000034941],[-83.205751999897558,31.082325000095882],[-83.20580600032423,31.082604999770332],[-83.20583999976111,31.082782999947788],[-83.205844999783977,31.082835000204664],[-83.205864000050539,31.08302600017916],[-83.205884999966941,31.08325099969705],[-83.205886999616766,31.083267000292093],[-83.205912999556048,31.083816999684874],[-83.205803999776094,31.085175000013301],[-83.205767999791092,31.085557000174347],[-83.205726999783195,31.085995000056336],[-83.205631000422031,31.087014999692265],[-83.20556799977453,31.087767000350013],[-83.205504000200435,31.088871000322307],[-83.205546000033237,31.089615999674368],[-83.205602999934655,31.09020900030859],[-83.206321999809958,31.093482000248798],[-83.206741999934522,31.095414999622033],[-83.20722499980829,31.097516000083356],[-83.207497999619733,31.098770000098046],[-83.208346000264797,31.102275999790546],[-83.208506999923301,31.102917000183449],[-83.208604999832588,31.103385999907985],[-83.208795999628293,31.104411999974214],[-83.209881000099813,31.109283000006627],[-83.210779999900168,31.113310999697362],[-83.212111000419,31.118870000098795],[-83.212472999918916,31.120600999903129],[-83.21315199961127,31.123852999845912],[-83.213821999981079,31.126874000046783],[-83.214326999596153,31.129150999654946],[-83.214997999790896,31.132148999881043],[-83.215580000297152,31.134748999722653],[-83.216599999573035,31.139174999851051],[-83.217182999904225,31.141701999932771],[-83.21735799980641,31.142457999926258],[-83.217506999769327,31.143067000107973],[-83.217815999565815,31.143955000184153],[-83.218097999598115,31.14455600023107],[-83.218219999796844,31.144857000105901],[-83.21904499997737,31.146510999665182],[-83.219532000049085,31.147469999693055],[-83.21960900004197,31.147622000073515],[-83.220851999798938,31.150071000222827],[-83.220893999631741,31.150156000136345],[-83.224411000088793,31.15718100029698],[-83.226320000017594,31.160958999844773],[-83.229100999982606,31.16647100002287],[-83.230272999594433,31.168792999630604],[-83.233083999696689,31.174382999876311],[-83.233537000331538,31.175261999975053],[-83.233862000021546,31.175778999797892],[-83.234253999658705,31.176381000087297],[-83.234662999912615,31.176962999797812],[-83.235077000189392,31.177502999768819],[-83.2353869998108,31.177872999906725],[-83.235540999796569,31.178040999928257],[-83.2358589998139,31.178388000278051],[-83.236068999876181,31.178595999898086],[-83.236499000046493,31.179026000109957],[-83.238667000441396,31.181097999656537],[-83.240160000443595,31.18252499986777],[-83.24517199965436,31.187249000146007],[-83.245445000364157,31.187505999870872],[-83.245707000304989,31.187753999924627],[-83.246001000032862,31.188031000381585],[-83.246770999961782,31.188807000030643],[-83.248173999552307,31.190220000156316],[-83.248643999905596,31.190692999916411],[-83.24879799989138,31.190864000313653],[-83.249799999623903,31.191978000133613],[-83.249926999845513,31.1921190002003],[-83.250237000365217,31.192532999852506],[-83.250271999627017,31.192579999622435],[-83.25071900041408,31.193243000348083],[-83.250884000270517,31.193584000332244],[-83.251027000385662,31.194013000351713],[-83.251172000150589,31.194482999639703],[-83.251249999968408,31.194805000361423],[-83.251331999984174,31.195295999846728],[-83.251373999816963,31.195734000309614],[-83.251374999641882,31.195865999651559],[-83.251378999839844,31.196279999816117],[-83.251333999633999,31.197010000066133],[-83.251331999984174,31.197036000019569],[-83.251304000395095,31.197400999853244],[-83.251176000348579,31.198484999726073],[-83.251136000165602,31.198828999848573],[-83.251130000317801,31.198879000150885],[-83.251117999723931,31.198980000358365],[-83.251076999716062,31.199377999738179],[-83.25100399992111,31.200075999700594],[-83.250956000240535,31.200551000239834],[-83.250899000339146,31.201113999969269],[-83.250620999606468,31.203548000316875],[-83.25035899966565,31.205693000173465],[-83.2502630003045,31.206384000109825],[-83.250220999573386,31.206770999635634],[-83.250153999626249,31.207191999956077],[-83.250085999854178,31.207871000031993],[-83.25000800003636,31.208534999982557],[-83.249927999670419,31.209209000230455],[-83.249844999829762,31.209906000305537],[-83.249768999661768,31.21048200010528],[-83.24971299958527,31.211117000048404],[-83.249566999995395,31.21233099980849],[-83.249525000162606,31.212678999970308],[-83.249515000116872,31.212794999995751],[-83.24947300028407,31.213139000320663],[-83.249083000296736,31.216082999815221],[-83.248991000235236,31.217073000215624],[-83.248340999956895,31.221239000266255],[-83.248203999689551,31.222116000322647],[-83.248080999665902,31.222901000249976],[-83.247904999938797,31.224025999705425],[-83.247699000074491,31.225347000376033],[-83.247612999860749,31.225861000305752],[-83.247090999628924,31.228617999929298],[-83.246878000091911,31.229872999720389],[-83.246791999878198,31.230375999850693],[-83.246704999839551,31.231113999734276],[-83.2466379998924,31.231677000313876],[-83.246494999777283,31.232833000326107],[-83.246430000378254,31.233598000193524],[-83.246356999685005,31.234237999641508],[-83.246261000323855,31.234911000150255],[-83.246158000391688,31.235533000313257],[-83.246109999812802,31.23581800035857],[-83.246076000375922,31.235923999813725],[-83.246016999926383,31.236144000361396],[-83.245872000161427,31.236612999902391],[-83.245816999909849,31.236791999863314],[-83.245650000403572,31.237303999664277],[-83.245542000448552,31.237636000164301],[-83.245390000112579,31.238103999942535],[-83.245380999891751,31.238130000118254],[-83.244985999881536,31.239285000261074],[-83.244524999749089,31.240728999975584],[-83.243242999634077,31.24451899971848],[-83.242512999888106,31.246681999787221],[-83.242282999734343,31.247371999678222],[-83.242093999588448,31.24793999979423],[-83.241737999936305,31.249005999939815],[-83.240754999572033,31.251927999616825],[-83.240456999646199,31.25282899993941],[-83.240233000238533,31.253817000365071],[-83.240089000298482,31.25463100013069],[-83.239977999970407,31.256289999880092],[-83.239915000221217,31.258288000055941],[-83.239885999908907,31.259811000333748],[-83.239842000426293,31.261545999712627],[-83.239801000418396,31.263689999628713],[-83.239767999908111,31.264772999731925],[-83.239716000029588,31.266511999740594],[-83.239699000311148,31.267076999916156],[-83.239581000310366,31.271997999801762],[-83.239568999716496,31.272686000343676],[-83.239548999625001,31.273789000157624],[-83.239377999920791,31.280600000168768],[-83.239284000209466,31.284071999981688],[-83.239213999889245,31.284724000323568],[-83.239177000079337,31.284990999875998],[-83.238899000244984,31.286355000171447],[-83.238695999855395,31.287059000354606],[-83.238013999789999,31.288936999630085],[-83.237007000034609,31.291653000113492],[-83.236945000110325,31.291827999930373],[-83.2361120004322,31.294086999922449],[-83.235618999614374,31.295403999843941],[-83.235246000243791,31.296408000332249],[-83.234274999575092,31.299027999892228],[-83.233937000364605,31.299943000002052],[-83.233563000270777,31.300951999647733],[-83.233303999804718,31.301752000016975],[-83.233091000267677,31.302569000256625],[-83.232918000015331,31.303543000157017],[-83.232506000286676,31.307330999754861],[-83.232445000187312,31.307894000077304],[-83.232116000299342,31.310917000377543],[-83.231614999983918,31.315220000357396],[-83.231230999844357,31.318710000219468],[-83.231178000140915,31.318898999703045],[-83.231092999752107,31.319902000066847],[-83.229413000152135,31.335867000020436],[-83.229259000166365,31.336708999821887],[-83.229106000005487,31.338460000074807],[-83.228931000103302,31.340511000233231],[-83.228758999675847,31.342532000084358],[-83.228085999831293,31.350423000084604],[-83.226935999960759,31.363905999966065],[-83.226468000155606,31.369203999806206],[-83.226068999947429,31.373711000266937],[-83.225979000434066,31.374485000307629],[-83.225960999992409,31.37464299978803],[-83.225713000295286,31.375674999693285],[-83.225668000089442,31.375862000341062],[-83.225410000346585,31.376774000315343],[-83.224392999647122,31.380284999917194],[-83.224176999737054,31.380959000187964],[-83.224076000353037,31.381323000273294],[-83.224036000170059,31.381534000054163],[-83.224009000405886,31.381677000010519],[-83.223795000145657,31.382348000143104],[-83.223626999916149,31.38298499972538],[-83.223426999899615,31.383607999984044],[-83.223251000172525,31.384204000167657],[-83.223007999599957,31.385040000377735],[-83.222933000155209,31.385304999956048],[-83.222903999842885,31.385409000023238],[-83.223461000234792,31.385652999994306],[-83.223934000062812,31.385876000048356],[-83.22436900025599,31.386127000338867],[-83.22501500033637,31.386592999866373],[-83.225540000042926,31.386959000339154],[-83.226740000142172,31.387843999673755],[-83.228090000029255,31.388799000193025],[-83.22946099983271,31.389759000008276],[-83.230515000342095,31.39046499983063],[-83.230771000435126,31.390655999981455],[-83.231235999867224,31.390943000220382],[-83.232127999994901,31.391574000135257],[-83.233863999671357,31.392797999926376],[-83.235036000181509,31.393602999724592],[-83.235489999742953,31.393916000300226],[-83.236421000228688,31.394541999854702],[-83.236870999592171,31.394829999624676],[-83.237493000281418,31.395501000097415],[-83.237586000167838,31.395618999724729],[-83.237946999842848,31.396076999771346],[-83.238806000358565,31.398216999749884],[-83.238874999955527,31.398390000288412],[-83.24052500031658,31.402714999836434],[-83.240577000195117,31.402826000076153],[-83.240664000233764,31.403036000025367],[-83.240736000203768,31.403302999819051],[-83.24082499989224,31.403568999805856],[-83.240899000410394,31.4039340002325],[-83.240972000205318,31.404330000129718],[-83.24150299975966,31.407214000352283],[-83.242028000364527,31.409887000116413],[-83.24233600033611,31.411455000083034],[-83.243225000090732,31.41606299992641],[-83.243608000405388,31.41832499992038],[-83.243841999858788,31.4191659996198],[-83.244068999639509,31.419739999653569],[-83.24425799978539,31.420117000288688],[-83.244292999945486,31.420187000201132],[-83.244754000077947,31.420925999627265],[-83.246282000240257,31.423126999942117],[-83.246407999738622,31.423056000317843],[-83.247140000032729,31.423031000189031],[-83.247252000185725,31.423097999875338],[-83.247338000399452,31.423376999907941],[-83.2468279998632,31.423640999743149],[-83.246688000121125,31.423711999691118],[-83.247357999592623,31.424678000227566],[-83.247637000150192,31.425097000371991],[-83.247812000052392,31.425360999964447],[-83.247981000106776,31.425682000096476],[-83.248128000419868,31.42604499966696],[-83.248211000260568,31.426506000166398],[-83.248229999628819,31.426818999848855],[-83.248205000412767,31.427088000075816],[-83.248114000176173,31.427427000171733],[-83.247908000311838,31.427906999981779],[-83.247868999953781,31.427996999720516],[-83.247528000370252,31.428491000257019],[-83.247524999997211,31.428510000107735],[-83.246770999961782,31.429185999674225],[-83.245830000328638,31.430032000050435],[-83.242865000240613,31.432699999774542],[-83.242661999851009,31.432956000348984],[-83.242455000161783,31.433200000114091],[-83.242245999924421,31.433492000317528],[-83.24213299994652,31.433698999826774],[-83.242023000341646,31.433911999655599],[-83.241891999922089,31.434289000033768],[-83.241871999830593,31.434394999978871],[-83.241649000247833,31.435461999886797],[-83.241585999600332,31.435749000287601],[-83.24150000028493,31.436140999845183],[-83.241342000101199,31.43707399985653],[-83.241190999590131,31.43762599968742],[-83.24060499978421,31.440651999724995],[-83.240090999948308,31.443225000294944],[-83.239757000037457,31.444875000064187],[-83.239281999661301,31.447221999950902],[-83.239048000207887,31.448417000359189],[-83.238919000336466,31.449222000353174],[-83.238802999985523,31.449872000027472],[-83.238801000335698,31.4499010002415],[-83.238640999603817,31.452293999652444],[-83.238621000410646,31.452598000064242],[-83.238602999968961,31.452935999802509],[-83.238571000181906,31.453564000254126],[-83.238370000340467,31.457560000192206],[-83.238093000331034,31.463052999948207],[-83.238024999660666,31.464405000034443],[-83.237918000428863,31.466510000269501],[-83.237843999910694,31.467984000340071],[-83.237746999826314,31.470141999827106],[-83.237596000213571,31.473384999796345],[-83.237547999634685,31.474603000172447]]},"properties":{"BASENAME":"11","NAME":"State Rte 11","MTFCC":"S1200","RTTYP":"S","OID":"11036351362021"}},{"type":"Feature","geometry":{"type":"LineString","coordinates":[[-83.196736999982903,31.062205000260036],[-83.19664999994427,31.063035999862073],[-83.196682999556231,31.063657000383582],[-83.196721999914303,31.064223999627313],[-83.196892999618512,31.065265000334232],[-83.196969999611412,31.065733000139382],[-83.197455999858235,31.067528999816624],[-83.197464000254143,31.067556999716153],[-83.197527000003333,31.067761999911255],[-83.197630999760406,31.068102000048906],[-83.198045000037197,31.069447999932287],[-83.199126000310741,31.073042999661816],[-83.199626999727855,31.074710000291809],[-83.199693999674992,31.07485400002437],[-83.199921000354038,31.074935000258957],[-83.200134999715971,31.075082000308992],[-83.200299999572408,31.07522500002958],[-83.200581999604722,31.075546999629989],[-83.201144000019511,31.076154000176135],[-83.201650000357802,31.076724000146928],[-83.203100999628887,31.078379000185606],[-83.203705999701398,31.079069999899595],[-83.204545999950525,31.080028999810668],[-83.204617999920544,31.080110999649317],[-83.204900999777763,31.080469000105236],[-83.205207999924426,31.080979000171233],[-83.205257000328231,31.081058000259493],[-83.205339000343997,31.081190000056001],[-83.205412000138935,31.081307999823792],[-83.205612000155469,31.081918000186267],[-83.205653999988257,31.082048000034941],[-83.205751999897558,31.082325000095882],[-83.20580600032423,31.082604999770332],[-83.20583999976111,31.082782999947788],[-83.205844999783977,31.082835000204664],[-83.205864000050539,31.08302600017916],[-83.205884999966941,31.08325099969705],[-83.205886999616766,31.083267000292093],[-83.205912999556048,31.083816999684874],[-83.205803999776094,31.085175000013301],[-83.205767999791092,31.085557000174347],[-83.205726999783195,31.085995000056336],[-83.205631000422031,31.087014999692265],[-83.20556799977453,31.087767000350013],[-83.205504000200435,31.088871000322307],[-83.205546000033237,31.089615999674368],[-83.205602999934655,31.09020900030859],[-83.206321999809958,31.093482000248798],[-83.206741999934522,31.095414999622033],[-83.20722499980829,31.097516000083356],[-83.207497999619733,31.098770000098046],[-83.208346000264797,31.102275999790546],[-83.208506999923301,31.102917000183449],[-83.208604999832588,31.103385999907985],[-83.208795999628293,31.104411999974214],[-83.209881000099813,31.109283000006627],[-83.210779999900168,31.113310999697362],[-83.212111000419,31.118870000098795],[-83.212472999918916,31.120600999903129],[-83.21315199961127,31.123852999845912],[-83.213821999981079,31.126874000046783],[-83.214326999596153,31.129150999654946],[-83.214997999790896,31.132148999881043],[-83.215580000297152,31.134748999722653],[-83.216599999573035,31.139174999851051],[-83.217182999904225,31.141701999932771],[-83.21735799980641,31.142457999926258],[-83.217506999769327,31.143067000107973],[-83.217815999565815,31.143955000184153],[-83.218097999598115,31.14455600023107],[-83.218219999796844,31.144857000105901],[-83.21904499997737,31.146510999665182],[-83.219532000049085,31.147469999693055],[-83.21960900004197,31.147622000073515],[-83.220851999798938,31.150071000222827],[-83.220893999631741,31.150156000136345],[-83.224411000088793,31.15718100029698],[-83.226320000017594,31.160958999844773],[-83.229100999982606,31.16647100002287],[-83.230272999594433,31.168792999630604],[-83.233083999696689,31.174382999876311],[-83.233537000331538,31.175261999975053],[-83.233862000021546,31.175778999797892],[-83.234253999658705,31.176381000087297],[-83.234662999912615,31.176962999797812],[-83.235077000189392,31.177502999768819],[-83.2353869998108,31.177872999906725],[-83.235540999796569,31.178040999928257],[-83.2358589998139,31.178388000278051],[-83.236068999876181,31.178595999898086],[-83.236499000046493,31.179026000109957],[-83.238667000441396,31.181097999656537],[-83.240160000443595,31.18252499986777],[-83.24517199965436,31.187249000146007],[-83.245445000364157,31.187505999870872],[-83.245707000304989,31.187753999924627],[-83.246001000032862,31.188031000381585],[-83.246770999961782,31.188807000030643],[-83.248173999552307,31.190220000156316],[-83.248643999905596,31.190692999916411],[-83.24879799989138,31.190864000313653],[-83.249799999623903,31.191978000133613],[-83.249926999845513,31.1921190002003],[-83.250237000365217,31.192532999852506],[-83.250271999627017,31.192579999622435],[-83.25071900041408,31.193243000348083],[-83.250884000270517,31.193584000332244],[-83.251027000385662,31.194013000351713],[-83.251172000150589,31.194482999639703],[-83.251249999968408,31.194805000361423],[-83.251331999984174,31.195295999846728],[-83.251373999816963,31.195734000309614],[-83.251374999641882,31.195865999651559],[-83.251378999839844,31.196279999816117],[-83.251333999633999,31.197010000066133]]},"properties":{"BASENAME":"125","NAME":"State Rte 125","MTFCC":"S1200","RTTYP":"S","OID":"11036351362060"}},{"type":"Feature","geometry":{"type":"LineString","coordinates":[[-82.583221999929336,30.637800999704904],[-82.583119999822074,30.637847999934014],[-82.58284000033791,30.637957999657246],[-82.581092000067571,30.638754000264914],[-82.580558999965106,30.639056999917827],[-82.580390999735613,30.63914899962721],[-82.580199999939907,30.639260000327777],[-82.579958999915476,30.639424999776043],[-82.579457999600066,30.639837000190777],[-82.578836999634035,30.640426999796162],[-82.577085000064059,30.642275000070917],[-82.576619999733637,30.642736999646282],[-82.576353999594858,30.643000999958588],[-82.575268000196758,30.644076999632382],[-82.574523000382172,30.644837000324664],[-82.573112000395724,30.646154999889482],[-82.571666000249209,30.647615999799804],[-82.570398000377892,30.648885999839877],[-82.568834000230567,30.650426999739114],[-82.568777000329163,30.650484000235267],[-82.56728500015187,30.651988999944763],[-82.566358999689001,30.652895999950971],[-82.566187999984763,30.653069000053446],[-82.564980000387919,30.654290999639652],[-82.563350999943282,30.655880999840232],[-82.563181999888869,30.656042999629086],[-82.561599000373306,30.657555999712788],[-82.561130999669842,30.658082999894077],[-82.560734999834708,30.658574000203298],[-82.560636999925421,30.658711000151424],[-82.560411999794525,30.659024999909086],[-82.560046000096634,30.659607999633259],[-82.559293999711045,30.660908000301088],[-82.558511000261632,30.662710000323557],[-82.557743999807442,30.664375999625381],[-82.556564999624584,30.666858000160953],[-82.556230999713733,30.667560999820299],[-82.555321000042724,30.669474000191247],[-82.555145000315633,30.669828000356254],[-82.554471999572769,30.671182999787725],[-82.554223999875646,30.671740000079065],[-82.553915999904063,30.672453000022585],[-82.553813999796816,30.673191999986692],[-82.553939000368601,30.673907000362053],[-82.554237000294435,30.674847000334754],[-82.554353999571987,30.674992000083286],[-82.55452199980148,30.675238999734578],[-82.554633000129556,30.675346000116289],[-82.55477100022182,30.675509000260529],[-82.555260999768265,30.675984000112333],[-82.556379999676651,30.677152000270802],[-82.556814000044923,30.677655999982715],[-82.558490000345245,30.679340000038572],[-82.559014000226881,30.679934999727081],[-82.559456000092766,30.680431000353359],[-82.560020999982285,30.680998000004784],[-82.560232999694392,30.681215999839061],[-82.560528999970401,30.681521999931505],[-82.5608879999956,30.681949000247634],[-82.561112000301577,30.682276000070726],[-82.561120999624094,30.682286000090386],[-82.561436999991585,30.68283499989008],[-82.561677000191125,30.683356000073889],[-82.561794000366973,30.684047999904049],[-82.56181500028336,30.685018999712732],[-82.56181500028336,30.685432999797417],[-82.56181500028336,30.685792999670905],[-82.561806999887452,30.686214999835101],[-82.561804000412707,30.68678700006425],[-82.561790000169012,30.687337000178839],[-82.561775000100397,30.688222000191015],[-82.561950000002568,30.689397000306307],[-82.561955999850369,30.689436000127394],[-82.562007999728905,30.689686000309674],[-82.562066000353525,30.689891000223199],[-82.562206999920519,30.69028999994476],[-82.562428999678374,30.69075699977585],[-82.562473000059313,30.690848000111771],[-82.562695999642074,30.69124400016738],[-82.563339000247694,30.692386999854136],[-82.563402999821804,30.692491000240565],[-82.564178999598539,30.69375300021936],[-82.565515000140209,30.695970999665313],[-82.565712999608621,30.696299000208104],[-82.566069999984009,30.696893000124746],[-82.566653000315199,30.697909999803368],[-82.567951000323717,30.700086000061088],[-82.568789999849628,30.701457000157269],[-82.569883999643665,30.703304000179571],[-82.570068999591598,30.703612000262364],[-82.571369999973186,30.705764000228722],[-82.57179199974756,30.706496000164279],[-82.574032999937401,30.710170000095005],[-82.57450300029069,30.710940000038089],[-82.575388999672271,30.71247600018151],[-82.576306999739202,30.713972999876219],[-82.578010999628603,30.716819000257399],[-82.579399000048838,30.719130000099074],[-82.581137000273401,30.721974000305515],[-82.58225799983164,30.723885999690118],[-82.583667999993153,30.726157999627958],[-82.583869999659527,30.726433999847515],[-82.58402100017058,30.72662400036198],[-82.584442999944983,30.727231999645959],[-82.585149000299808,30.728164000059948],[-82.586325999934502,30.729731999899094],[-82.588049999915398,30.732070999977537],[-82.589451999681017,30.733935000133975],[-82.589793999987776,30.734392000232315],[-82.590870000238453,30.735838000120214],[-82.590999000109889,30.736000000104799],[-82.591666999931576,30.736883000204038],[-82.592319999684648,30.73777000026552],[-82.594001000007836,30.740027999840212],[-82.594553000376891,30.740742999937808],[-82.595000000265628,30.741368000298294],[-82.595171999794758,30.741562000113063],[-82.595755999950867,30.742339999783429],[-82.596463000130612,30.743317000205419],[-82.597818000040562,30.745130000003307],[-82.599128999569558,30.746883000352366],[-82.600070999925947,30.748154999799272],[-82.600487999677469,30.748703999955076],[-82.604056000188152,30.753445000167478],[-82.605854999613797,30.755907999849228],[-82.60669599968783,30.757002000190639],[-82.607652000287942,30.758253000126963],[-82.611689000428683,30.763659999734578],[-82.611712999819801,30.76368999994946],[-82.612041999707785,30.764117000064527],[-82.618316999665296,30.772556999800035],[-82.619608000001151,30.774188999855429],[-82.621655000022244,30.776997999723985],[-82.621859000236725,30.777277000124325],[-82.622152000139707,30.777671999951934],[-82.623604999958928,30.779552999677332],[-82.624297999894978,30.780496000184684],[-82.625148000189853,30.781650999902059],[-82.625795999920044,30.782536000072806],[-82.62628700018972,30.78317299999291],[-82.626898999934909,30.784003000101176],[-82.627390000204599,30.784688999646981],[-82.628663999923688,30.786343000317277],[-82.631490999919436,30.790103000190292],[-82.63361599975832,30.792944999708517],[-82.635439000371733,30.795379999832772],[-82.638254999598516,30.799162000240194],[-82.640260999611698,30.801938000036458],[-82.64056799975836,30.80248599970912],[-82.640848999965755,30.802896999920687],[-82.641299000227562,30.803817999655482],[-82.641471999581597,30.804317000098624],[-82.641659000077667,30.804820000126348],[-82.641894000254311,30.805341999845485],[-82.642089000247964,30.805947999802804],[-82.642288000439606,30.806568999774282],[-82.643865999932316,30.810901999673469],[-82.646391999629188,30.818024999908722],[-82.64688899974665,30.819474000201783],[-82.647826000080158,30.822205999702362],[-82.64953599981736,30.826972000347229],[-82.649582999673001,30.827104999675157],[-82.650925999887392,30.830887999859307],[-82.652079999955888,30.834220000348662],[-82.6524330001333,30.835239999775947],[-82.653722999745924,30.838698999833834],[-82.653997000280626,30.839490000133896],[-82.654807000392537,30.841832999975342],[-82.654932000065997,30.842180999680124],[-82.656052999624222,30.845305000180375],[-82.656706000275591,30.847220999875482],[-82.657996999713134,30.850761000048429],[-82.659165000025325,30.854029000298659],[-82.659335999729549,30.854506999744853],[-82.659676000386483,30.855557000295732],[-82.659981999809929,30.856615000181026],[-82.660709999906061,30.859617000163162],[-82.661657000285331,30.863179999958252],[-82.662029999655914,30.864419000061481],[-82.662858000209482,30.867974999740742],[-82.663347999755942,30.869426000116594],[-82.664220999617044,30.872923999871809],[-82.664248000279528,30.873020000089891],[-82.664988999896138,30.875627999677455],[-82.665699000448939,30.878360000222628],[-82.666164999705956,30.880188999853832],[-82.666503999639659,30.881269000267324],[-82.666579999807638,30.881662999630187],[-82.666584999830519,30.88197799966348],[-82.666568000112079,30.882871999800038],[-82.666548999845503,30.883872000120867],[-82.666393000209894,30.886050000119425],[-82.66624199969884,30.888155000354143],[-82.666199000041132,30.888749000220336],[-82.666054000276176,30.892158000010085],[-82.666040000032481,30.892469000157771],[-82.665902999765123,30.89564800020122],[-82.665839000191013,30.896643999829596],[-82.665552999960752,30.90108999981074],[-82.66559300014373,30.901272000346797],[-82.665567000204462,30.901636000380883],[-82.665501000082216,30.901815999657561],[-82.665342000073565,30.90477800026747],[-82.665249000187146,30.906538000288627],[-82.665190999562512,30.907378000328155],[-82.665075999934771,30.909059000290668],[-82.664957999934003,30.912058999636535],[-82.664614999802339,30.917237999667776],[-82.664603000106752,30.917538999793745],[-82.664352000036587,30.92239900020164],[-82.664079000225129,30.926977999947262],[-82.663933999561849,30.928879000125317],[-82.66360899987184,30.93532499984023],[-82.663504000289862,30.937383000085791],[-82.66338999958873,30.938987000053306],[-82.663083000340379,30.943288999869687],[-82.663100999883724,30.944330999824505],[-82.662785000414544,30.948517000190677],[-82.662736999835658,30.949740000156659],[-82.662609999614048,30.951635000075989],[-82.662500999834108,30.953925000119799],[-82.662464999849092,30.95515599969799],[-82.662326999756829,30.956908000057563],[-82.662167999748164,30.959724999915196],[-82.662154000402793,30.959979000219178],[-82.662068000189066,30.960947999678208],[-82.662084999907506,30.96113800009584],[-82.66206200034128,30.961389000104518],[-82.662012999937474,30.961826999659891],[-82.661996000219034,30.962370999648808],[-82.661970000279766,30.963178999995886],[-82.662007000089702,30.963468999625889],[-82.662023999808127,30.963827000345091],[-82.662078000234814,30.964119000006715],[-82.662289000122001,30.964811999750101],[-82.663059000050936,30.967792999740411],[-82.663541000099784,30.969654000008308],[-82.66381300008635,30.970705999757055],[-82.664014999752709,30.971292000325651],[-82.664194999677761,30.971772999781553],[-82.66430199980789,30.972028000149827],[-82.66468099992457,30.972743000238083],[-82.66496299995687,30.973143000359052],[-82.665285999997067,30.973565999882318],[-82.665758999825073,30.974201999882073],[-82.666352000202011,30.974959999847307],[-82.667272999743687,30.976150000166061],[-82.669338000206423,30.978818000025459],[-82.670652999933395,30.980506000024867],[-82.670837999881329,30.980740999833426],[-82.671145000027977,30.981130999811736],[-82.671636000297667,30.981736000000826],[-82.672966000093254,30.983400999741782],[-82.674107999567866,30.984947999984545],[-82.674496999730295,30.985396999728469],[-82.674609999708196,30.985542999797186],[-82.675181000343827,30.986117999772933],[-82.675482999569297,30.986379999909143],[-82.675618000186816,30.98646600031433],[-82.675876999754593,30.986630999782214],[-82.676107999733276,30.986746999736667],[-82.676280999985636,30.986842999725113],[-82.67686400031684,30.987140999763863],[-82.677252999580944,30.987312999894879],[-82.679170999730587,30.988111000359204],[-82.683744000346834,30.990149000112957],[-82.684124000288449,30.990316999621616],[-82.685391000334832,30.990876000133273],[-82.686566000319729,30.991390999857281],[-82.68822400017838,30.992144000297024],[-82.688917999939335,30.992457999639456],[-82.690111000365889,30.993038999848999],[-82.691310999566824,30.993639000008976],[-82.692514999864031,30.994246000026386],[-82.69309200034742,30.994529999750878],[-82.693755999971145,30.99485699966057],[-82.694972999788831,30.995480000351382],[-82.696203999850226,30.996093999848764],[-82.696269999972458,30.996126999822661],[-82.697408000147433,30.996709000286359],[-82.697835999769595,30.996978999676468],[-82.69835800000142,30.997381000380845],[-82.698434999994319,30.997433000332858],[-82.698486999872856,30.997473999653081],[-82.698932999936687,30.997961000372413],[-82.699570999621145,30.998765000277821],[-82.699791999554066,30.999077999904824],[-82.70056599968099,31.000072999787005],[-82.701363000272408,31.001055000192057],[-82.701667000046029,31.00145299976105],[-82.702119999782553,31.002044999919939],[-82.702909999802969,31.003070999879188],[-82.702939000115308,31.003113000061067],[-82.703001999864483,31.003189999704752],[-82.703456000324238,31.003810000029649],[-82.704211000184557,31.004803000205058],[-82.704601999996811,31.005314000219229],[-82.705595000406831,31.006619999636523],[-82.706331999825466,31.00750300000513],[-82.706624999728447,31.007816000205764],[-82.70822300021095,31.008850000049691],[-82.708660000053953,31.00909700027168],[-82.70907599998057,31.009331999707946],[-82.710059000344827,31.009866000109394],[-82.712247999757821,31.011017999983039],[-82.713374000237209,31.011659999689364],[-82.715226000264622,31.01274099972537],[-82.715398999618671,31.012842000243449],[-82.718284000239052,31.014408999721365],[-82.719721000164768,31.015189999994394],[-82.720933999784492,31.015860999866543],[-82.726258999888032,31.018809000271762],[-82.72907099981515,31.020438000139695],[-82.732151000429226,31.022068999884485],[-82.736914999942883,31.024693000224634],[-82.740070000001694,31.026430999999874],[-82.740684000295019,31.026844999919746],[-82.740694000340781,31.026854000299664],[-82.740977000198001,31.027079000283418],[-82.741031999551268,31.027122999800746],[-82.741337000048091,31.027395999885588],[-82.741467999569366,31.027514000181949],[-82.741658000438449,31.027703999673555],[-82.741771000416364,31.027832999768719],[-82.741947000143455,31.028067999958498],[-82.742086000060624,31.028254000116924],[-82.742230999825594,31.028476999993675],[-82.742482999720679,31.028931999903914],[-82.742490000291681,31.028941000086576],[-82.742978000188316,31.029740999928805],[-82.744291000265463,31.031991000022149],[-82.744750999674679,31.032757000155506],[-82.745175999822123,31.03342900012095],[-82.746278999837003,31.035019999671583],[-82.746780999977318,31.035769000092518],[-82.746848999749389,31.035890000376448],[-82.746894999780139,31.035969000198953],[-82.747268999873953,31.036667999718961],[-82.747590000264324,31.037293999915196],[-82.747801999976431,31.037742000369306],[-82.748386999957432,31.038998000313104],[-82.749202999917117,31.040808000174973],[-82.750162999816851,31.042626999919197],[-82.750424999757684,31.043136999723064],[-82.750591000337351,31.04346499966239],[-82.751018000134607,31.044311000220961],[-82.751193999861698,31.044634000344065],[-82.751275999877464,31.044732000067057],[-82.751346000197671,31.044815000091177],[-82.751454999977611,31.044944000096319],[-82.751788999888447,31.045268999906934],[-82.751825999698383,31.045304999843758],[-82.752132999845045,31.045478999987786],[-82.752362999998809,31.045597000196377],[-82.752649000229084,31.045744000179859],[-82.752763999856796,31.045772000334214],[-82.753137000125719,31.045862999816919],[-82.75337399995216,31.045935999753496],[-82.754906000312431,31.046082999983089],[-82.755191999644396,31.046114000070602],[-82.755241000048187,31.04611900038169],[-82.758457000206363,31.04646899995543],[-82.75877799969841,31.046496000146128],[-82.759265999595058,31.046571999615683],[-82.760086999577609,31.046794999693688],[-82.760568999626457,31.046960000174426],[-82.761081999637454,31.047230000344076],[-82.761346000126409,31.047368000134984],[-82.761464999952096,31.047422999739375],[-82.761747999809316,31.047634999932001],[-82.762197000246204,31.047976999900911],[-82.762414999806083,31.048153000013578],[-82.762641999586819,31.048376999966067],[-82.763067999559155,31.048688000338519],[-82.763934999572456,31.049404999940499],[-82.76527500031213,31.050499000367534],[-82.765965999700015,31.051062999657702],[-82.766964999957807,31.051877000203714],[-82.767987999606746,31.052752999651613],[-82.768021000117017,31.052780000368259],[-82.768269999639045,31.052990000037511],[-82.768336999586182,31.053045999922329],[-82.769251000353492,31.053816999864832],[-82.771442000314607,31.055728000042599],[-82.772466999613357,31.056660999916726],[-82.772861999623586,31.056961000258308],[-82.773937999874263,31.057905000138035],[-82.775963000154036,31.059694000284416],[-82.777523000103386,31.06106099989546],[-82.777944999877775,31.061431000254046],[-82.780052000173313,31.06320799998495],[-82.780930999882202,31.063989000196162],[-82.781202999868739,31.06430299978701],[-82.781706999658908,31.064966999899529],[-82.78224599960916,31.065845000264225],[-82.782710999939567,31.066605000045708],[-82.783563999709187,31.068005000065661],[-82.785202000374653,31.070725000190674],[-82.785440000026043,31.071119000001449],[-82.786471000070875,31.072759000084826],[-82.787035999960409,31.073688999940074],[-82.7877759997521,31.07484800023224],[-82.788149999845928,31.075272000256653],[-82.788308999854578,31.075424000095389],[-82.788518999916874,31.075586999738348],[-82.789337000424695,31.076221000247365],[-82.79042700002077,31.077050000081435],[-82.791254999676028,31.077669999685252],[-82.792391000201178,31.078516000002619],[-82.794174999558194,31.079881999716502],[-82.795012000332591,31.080495999878657],[-82.795635999773367,31.080946999746704],[-82.796913999690418,31.081878999812297],[-82.79706000017859,31.082025999895507],[-82.798603000409514,31.083137999937396],[-82.799323000109737,31.083658000053191],[-82.800848999723897,31.084685000213035],[-82.801392999697029,31.085071999837961],[-82.801651000338197,31.085244000105643],[-82.802472000320776,31.085791000046282],[-82.802571999879888,31.085857000142685],[-82.803052000278896,31.086176000347219],[-82.804361999983001,31.087087000266564],[-82.805285999897734,31.087730000240978],[-82.805746000205261,31.088074000075128],[-82.805959999567193,31.088258999806456],[-82.80691199996933,31.089437999986416],[-82.808492999835082,31.091444999771369],[-82.809798000414617,31.093117000142726],[-82.809962000446163,31.093283000297387],[-82.810503000046239,31.093718999906056],[-82.811050000392413,31.094122999987551],[-82.811355999815845,31.094264000257041],[-82.811846000260616,31.094523999845183],[-82.812485999594898,31.094909000147318],[-82.813336999714679,31.095364000101156],[-82.815013000014986,31.096302000288624],[-82.817465000092028,31.097737999963297],[-82.819440000143075,31.098825999945614],[-82.819583000258206,31.098891000249271],[-82.820128000056243,31.099148000351565],[-82.82076200044105,31.099572999617497],[-82.822689999738131,31.10068800030804],[-82.823241000282266,31.100987000243933],[-82.824679000032873,31.101805000092313],[-82.825264999838808,31.102184999673231],[-82.825772000002004,31.102588999900114],[-82.827128999561793,31.104114999880547],[-82.827418000165096,31.104436000135486],[-82.829035999840769,31.106253999909082],[-82.830696000247571,31.108105999749807],[-82.832328000166953,31.109940999818548],[-82.833960000086321,31.111764000264142],[-82.83556500024153,31.113593999780807],[-82.836551000080519,31.114730999917029],[-82.836722999609663,31.114931000104505],[-82.83707699961198,31.115807999781381],[-82.837225999574898,31.116304000028702],[-82.837433999987354,31.117461000086887],[-82.83749799956145,31.118019000366782],[-82.837743999608747,31.119874999636082],[-82.838268000388723,31.123541000337156],[-82.838429999872105,31.124636999841506],[-82.839398000167762,31.13099199973809],[-82.840096000126678,31.136257000130968],[-82.840829000245691,31.141280999774622],[-82.841336000408887,31.144991000141214],[-82.842229000361485,31.151293000324689],[-82.84241799960904,31.152573000048704],[-82.842851000152393,31.155558999995158],[-82.84307700010821,31.15696199992848],[-82.843265000429199,31.158506000002546],[-82.843412999668871,31.159474000255312],[-82.843898999915695,31.162974999932651],[-82.84481399960957,31.169277000326133],[-82.845191999901346,31.171709000167127],[-82.845386000070107,31.173225000245562],[-82.845451000367447,31.173631999873709],[-82.845519999964409,31.17419499987156],[-82.845631000292499,31.174915999635004],[-82.845709000110304,31.17548799982562],[-82.845777999707266,31.176034999992854],[-82.845875999616553,31.176585999748973],[-82.84592900021832,31.177100000289791],[-82.845988999594454,31.177476999829398],[-82.846063000112622,31.178008000043604],[-82.846130999884693,31.178534000096075],[-82.846268999976957,31.179433000168473],[-82.846359000388645,31.180100000284476],[-82.846357999665415,31.180288999973477],[-82.84637100008419,31.180482000331889],[-82.846378999581816,31.180875999623268],[-82.846357999665415,31.181274999694345],[-82.846349000342897,31.181574000022668],[-82.846331999726132,31.181935999958412],[-82.846320999855479,31.18210600017666],[-82.846314000182801,31.182247000347594],[-82.846267000327131,31.182529999915268],[-82.846238000014822,31.183026999935642],[-82.846218999748231,31.183590000176245],[-82.846215000448595,31.183615000129741],[-82.846140999930427,31.184134999971675]]},"properties":{"BASENAME":"89","NAME":"State Rte 89","MTFCC":"S1200","RTTYP":"S","OID":"11017129492092"}},{"type":"Feature","geometry":{"type":"LineString","coordinates":[[-83.037276999999932,30.924299000205028],[-83.03705100004413,30.924388000274259],[-83.036506000246092,30.924599999689992],[-83.033747999847307,30.925680000047393],[-83.033562999899374,30.925753000294364],[-83.033133999553982,30.925920999827767],[-83.032878000359261,30.92602100029054],[-83.029572999614302,30.927316000268025],[-83.023695000215113,30.92956000026378],[-83.022823000178931,30.929907999646833],[-83.022664999995186,30.929971000044141],[-83.022562999887938,30.930010999626553],[-83.022192999992086,30.930159000016644],[-83.017329000021007,30.932060000142744],[-83.014733000003915,30.933073999881213],[-83.013918999694056,30.933394000327745],[-83.013737999944084,30.933468000244833],[-83.012887999649209,30.933817000206318],[-83.011083000375791,30.934360000028672],[-83.009797000062818,30.934848000054483],[-83.008039999571636,30.93546899990389],[-83.007924999943924,30.935493000278729],[-83.007694999790147,30.935565999969043],[-83.00726399979493,30.935732999842582],[-83.006867000134889,30.935868999713289],[-83.006409000375484,30.936036999966323],[-83.006211999833681,30.936117000203158],[-83.0060999996807,30.936157000296522],[-83.005616999806932,30.936354000107407],[-83.004990999818034,30.936609999626757],[-83.004894999558573,30.93665000028431],[-83.003748999886,30.937080999873928],[-83.003476000074514,30.937193000196487],[-83.003446999762204,30.93719599980427],[-83.003331000309558,30.937256999771485],[-83.001445999771889,30.938103999802824],[-83.001391000418622,30.93812200035887],[-83.001362000106298,30.938142000373361],[-83.001337999816855,30.938147000183733],[-83.001085000096865,30.938289999734415],[-83.000840999699392,30.938438999749902],[-83.000651999553497,30.93856999983543],[-83.000596000375324,30.938617999792388],[-83.000491999719941,30.938680999843807],[-83.00045699955983,30.938704000072388],[-83.000430999620576,30.938711000073852],[-83.000403000031483,30.938733000185209],[-83.000378999742011,30.938740000184563],[-83.00018799994632,30.93886399986776],[-82.999828999921135,30.939120000370206],[-82.999736999859607,30.939203999988401],[-82.999551999911688,30.939333000359024],[-82.9987710001121,30.939792999970667],[-82.997837000151634,30.940232000012884],[-82.997190000246334,30.940451999709133],[-82.997145000040504,30.940468999731134],[-82.996938000351278,30.940533000194744],[-82.996567999557101,30.94063300001466],[-82.995698000069055,30.940835000287169],[-82.995178000385366,30.940950000324097],[-82.995152000446097,30.940940000225879],[-82.995073999729982,30.940959000334541],[-82.994241000051844,30.94113399994125],[-82.993249000365068,30.941376000146295],[-82.992717000087495,30.941578999699253],[-82.992474000413253,30.941661000079627],[-82.992316000229508,30.941714999727893],[-82.991737000096279,30.941933999786531],[-82.990973000015131,30.94225399985292],[-82.990244999919,30.942540999619865],[-82.989951000191127,30.942624000014657],[-82.989842000411187,30.942685000370233],[-82.989397000172261,30.942871999929256],[-82.989216000422289,30.942949999707242],[-82.988950000283495,30.943040000201691],[-82.988545000227546,30.943186999619979],[-82.987831000375095,30.94349400010265],[-82.986702000420962,30.943879000159793],[-82.985413999559853,30.944404999750041],[-82.98343400038425,30.945154000092103],[-82.982830999961578,30.945399000254696],[-82.981929999613072,30.945726999800293],[-82.981430999845813,30.945938999668734],[-82.981306999997244,30.945982000376894],[-82.980748999780417,30.946174999841201],[-82.979629999872017,30.946642999869677],[-82.978803000041665,30.946965999648864],[-82.978510999963618,30.947097000373923],[-82.978445999666292,30.947122000162516],[-82.977747999707375,30.947349000316819],[-82.977126999741358,30.947589000158203],[-82.975622000043586,30.948171000005242],[-82.974972999590165,30.948434000291616],[-82.974154000155735,30.948753000159549],[-82.970490000283888,30.95015000023978]]},"properties":{"BASENAME":"84","NAME":"US Hwy 84","MTFCC":"S1200","RTTYP":"U","OID":"11017129492223"}},{"type":"Feature","geometry":{"type":"LineString","coordinates":[[-82.583221999929336,30.637800999704904],[-82.583119999822074,30.637847999934014],[-82.58284000033791,30.637957999657246],[-82.581092000067571,30.638754000264914],[-82.580558999965106,30.639056999917827],[-82.580390999735613,30.63914899962721],[-82.580199999939907,30.639260000327777],[-82.579958999915476,30.639424999776043],[-82.579457999600066,30.639837000190777],[-82.578836999634035,30.640426999796162],[-82.577085000064059,30.642275000070917],[-82.576619999733637,30.642736999646282],[-82.576353999594858,30.643000999958588],[-82.575268000196758,30.644076999632382],[-82.574523000382172,30.644837000324664],[-82.573112000395724,30.646154999889482],[-82.571666000249209,30.647615999799804],[-82.570398000377892,30.648885999839877],[-82.568834000230567,30.650426999739114],[-82.568777000329163,30.650484000235267],[-82.56728500015187,30.651988999944763],[-82.566358999689001,30.652895999950971],[-82.566187999984763,30.653069000053446],[-82.564980000387919,30.654290999639652],[-82.563350999943282,30.655880999840232],[-82.563181999888869,30.656042999629086],[-82.561599000373306,30.657555999712788],[-82.561130999669842,30.658082999894077],[-82.560734999834708,30.658574000203298],[-82.560636999925421,30.658711000151424],[-82.560411999794525,30.659024999909086],[-82.560046000096634,30.659607999633259],[-82.559293999711045,30.660908000301088],[-82.558511000261632,30.662710000323557],[-82.557743999807442,30.664375999625381],[-82.556564999624584,30.666858000160953],[-82.556230999713733,30.667560999820299],[-82.555321000042724,30.669474000191247],[-82.555145000315633,30.669828000356254],[-82.554471999572769,30.671182999787725],[-82.554223999875646,30.671740000079065],[-82.553915999904063,30.672453000022585],[-82.553813999796816,30.673191999986692],[-82.553939000368601,30.673907000362053],[-82.554237000294435,30.674847000334754],[-82.554353999571987,30.674992000083286],[-82.55452199980148,30.675238999734578],[-82.554633000129556,30.675346000116289],[-82.55477100022182,30.675509000260529],[-82.555260999768265,30.675984000112333],[-82.556379999676651,30.677152000270802],[-82.556814000044923,30.677655999982715],[-82.558490000345245,30.679340000038572],[-82.559014000226881,30.679934999727081],[-82.559456000092766,30.680431000353359],[-82.560020999982285,30.680998000004784],[-82.560232999694392,30.681215999839061],[-82.560528999970401,30.681521999931505],[-82.5608879999956,30.681949000247634],[-82.561112000301577,30.682276000070726],[-82.561120999624094,30.682286000090386],[-82.561436999991585,30.68283499989008],[-82.561677000191125,30.683356000073889],[-82.561794000366973,30.684047999904049],[-82.56181500028336,30.685018999712732],[-82.56181500028336,30.685432999797417],[-82.56181500028336,30.685792999670905],[-82.561806999887452,30.686214999835101],[-82.561804000412707,30.68678700006425],[-82.561790000169012,30.687337000178839],[-82.561775000100397,30.688222000191015],[-82.561950000002568,30.689397000306307],[-82.561955999850369,30.689436000127394],[-82.562007999728905,30.689686000309674],[-82.562066000353525,30.689891000223199],[-82.562206999920519,30.69028999994476],[-82.562428999678374,30.69075699977585],[-82.562473000059313,30.690848000111771],[-82.562695999642074,30.69124400016738],[-82.563339000247694,30.692386999854136],[-82.563402999821804,30.692491000240565],[-82.564178999598539,30.69375300021936],[-82.565515000140209,30.695970999665313],[-82.565712999608621,30.696299000208104],[-82.566069999984009,30.696893000124746],[-82.566653000315199,30.697909999803368],[-82.567951000323717,30.700086000061088],[-82.568789999849628,30.701457000157269],[-82.569883999643665,30.703304000179571],[-82.570068999591598,30.703612000262364],[-82.571369999973186,30.705764000228722],[-82.57179199974756,30.706496000164279],[-82.574032999937401,30.710170000095005],[-82.57450300029069,30.710940000038089],[-82.575388999672271,30.71247600018151],[-82.576306999739202,30.713972999876219],[-82.578010999628603,30.716819000257399],[-82.579399000048838,30.719130000099074],[-82.581137000273401,30.721974000305515],[-82.58225799983164,30.723885999690118],[-82.583667999993153,30.726157999627958],[-82.583869999659527,30.726433999847515],[-82.58402100017058,30.72662400036198],[-82.584442999944983,30.727231999645959],[-82.585149000299808,30.728164000059948],[-82.586325999934502,30.729731999899094],[-82.588049999915398,30.732070999977537],[-82.589451999681017,30.733935000133975],[-82.589793999987776,30.734392000232315],[-82.590870000238453,30.735838000120214],[-82.590999000109889,30.736000000104799],[-82.591666999931576,30.736883000204038],[-82.592319999684648,30.73777000026552],[-82.594001000007836,30.740027999840212],[-82.594553000376891,30.740742999937808],[-82.595000000265628,30.741368000298294],[-82.595171999794758,30.741562000113063],[-82.595755999950867,30.742339999783429],[-82.596463000130612,30.743317000205419],[-82.597818000040562,30.745130000003307],[-82.599128999569558,30.746883000352366],[-82.600070999925947,30.748154999799272],[-82.600487999677469,30.748703999955076],[-82.604056000188152,30.753445000167478],[-82.605854999613797,30.755907999849228],[-82.60669599968783,30.757002000190639],[-82.607652000287942,30.758253000126963],[-82.611689000428683,30.763659999734578],[-82.611712999819801,30.76368999994946],[-82.612041999707785,30.764117000064527],[-82.618316999665296,30.772556999800035],[-82.619608000001151,30.774188999855429],[-82.621655000022244,30.776997999723985],[-82.621859000236725,30.777277000124325],[-82.622152000139707,30.777671999951934],[-82.623604999958928,30.779552999677332],[-82.624297999894978,30.780496000184684],[-82.625148000189853,30.781650999902059],[-82.625795999920044,30.782536000072806],[-82.62628700018972,30.78317299999291],[-82.626898999934909,30.784003000101176],[-82.627390000204599,30.784688999646981],[-82.628663999923688,30.786343000317277],[-82.631490999919436,30.790103000190292],[-82.63361599975832,30.792944999708517],[-82.635439000371733,30.795379999832772],[-82.638254999598516,30.799162000240194],[-82.640260999611698,30.801938000036458],[-82.64056799975836,30.80248599970912],[-82.640848999965755,30.802896999920687],[-82.641299000227562,30.803817999655482],[-82.641471999581597,30.804317000098624],[-82.641659000077667,30.804820000126348],[-82.641894000254311,30.805341999845485],[-82.642089000247964,30.805947999802804],[-82.642288000439606,30.806568999774282],[-82.643865999932316,30.810901999673469],[-82.646391999629188,30.818024999908722],[-82.64688899974665,30.819474000201783],[-82.647826000080158,30.822205999702362],[-82.64953599981736,30.826972000347229],[-82.649582999673001,30.827104999675157],[-82.650925999887392,30.830887999859307],[-82.652079999955888,30.834220000348662],[-82.6524330001333,30.835239999775947],[-82.653722999745924,30.838698999833834],[-82.653997000280626,30.839490000133896],[-82.654807000392537,30.841832999975342],[-82.654932000065997,30.842180999680124],[-82.656052999624222,30.845305000180375],[-82.656706000275591,30.847220999875482],[-82.657996999713134,30.850761000048429],[-82.659165000025325,30.854029000298659],[-82.659335999729549,30.854506999744853],[-82.659676000386483,30.855557000295732],[-82.659981999809929,30.856615000181026],[-82.660709999906061,30.859617000163162],[-82.661657000285331,30.863179999958252],[-82.662029999655914,30.864419000061481],[-82.662858000209482,30.867974999740742],[-82.663347999755942,30.869426000116594],[-82.664220999617044,30.872923999871809],[-82.664248000279528,30.873020000089891],[-82.664988999896138,30.875627999677455],[-82.665699000448939,30.878360000222628],[-82.666164999705956,30.880188999853832],[-82.666503999639659,30.881269000267324],[-82.666579999807638,30.881662999630187],[-82.666584999830519,30.88197799966348],[-82.666568000112079,30.882871999800038],[-82.666548999845503,30.883872000120867],[-82.666393000209894,30.886050000119425],[-82.66624199969884,30.888155000354143],[-82.666199000041132,30.888749000220336],[-82.666054000276176,30.892158000010085],[-82.666040000032481,30.892469000157771],[-82.665902999765123,30.89564800020122],[-82.665839000191013,30.896643999829596],[-82.665552999960752,30.90108999981074],[-82.66559300014373,30.901272000346797],[-82.665567000204462,30.901636000380883],[-82.665501000082216,30.901815999657561],[-82.665342000073565,30.90477800026747],[-82.665249000187146,30.906538000288627],[-82.665190999562512,30.907378000328155],[-82.665075999934771,30.909059000290668],[-82.664957999934003,30.912058999636535],[-82.664614999802339,30.917237999667776],[-82.664603000106752,30.917538999793745],[-82.664352000036587,30.92239900020164],[-82.664079000225129,30.926977999947262],[-82.663933999561849,30.928879000125317],[-82.66360899987184,30.93532499984023],[-82.663504000289862,30.937383000085791],[-82.66338999958873,30.938987000053306],[-82.663083000340379,30.943288999869687],[-82.663100999883724,30.944330999824505],[-82.662785000414544,30.948517000190677],[-82.662736999835658,30.949740000156659],[-82.662609999614048,30.951635000075989],[-82.662500999834108,30.953925000119799],[-82.662464999849092,30.95515599969799],[-82.662326999756829,30.956908000057563],[-82.662167999748164,30.959724999915196],[-82.662154000402793,30.959979000219178],[-82.662068000189066,30.960947999678208],[-82.662084999907506,30.96113800009584],[-82.66206200034128,30.961389000104518],[-82.662012999937474,30.961826999659891],[-82.661996000219034,30.962370999648808],[-82.661970000279766,30.963178999995886],[-82.662007000089702,30.963468999625889],[-82.662023999808127,30.963827000345091],[-82.662078000234814,30.964119000006715],[-82.662289000122001,30.964811999750101],[-82.663059000050936,30.967792999740411],[-82.663541000099784,30.969654000008308],[-82.66381300008635,30.970705999757055],[-82.664014999752709,30.971292000325651],[-82.664194999677761,30.971772999781553],[-82.66430199980789,30.972028000149827],[-82.66468099992457,30.972743000238083],[-82.66496299995687,30.973143000359052],[-82.665285999997067,30.973565999882318],[-82.665758999825073,30.974201999882073],[-82.666352000202011,30.974959999847307],[-82.667272999743687,30.976150000166061],[-82.669338000206423,30.978818000025459],[-82.670652999933395,30.980506000024867],[-82.670837999881329,30.980740999833426],[-82.671145000027977,30.981130999811736],[-82.671636000297667,30.981736000000826],[-82.672966000093254,30.983400999741782],[-82.674107999567866,30.984947999984545],[-82.674496999730295,30.985396999728469],[-82.674609999708196,30.985542999797186],[-82.675181000343827,30.986117999772933],[-82.675482999569297,30.986379999909143],[-82.675618000186816,30.98646600031433],[-82.675876999754593,30.986630999782214],[-82.676107999733276,30.986746999736667],[-82.676280999985636,30.986842999725113],[-82.67686400031684,30.987140999763863],[-82.677252999580944,30.987312999894879],[-82.679170999730587,30.988111000359204],[-82.683744000346834,30.990149000112957],[-82.684124000288449,30.990316999621616],[-82.685391000334832,30.990876000133273],[-82.686566000319729,30.991390999857281],[-82.68822400017838,30.992144000297024],[-82.688917999939335,30.992457999639456],[-82.690111000365889,30.993038999848999],[-82.691310999566824,30.993639000008976],[-82.692514999864031,30.994246000026386],[-82.69309200034742,30.994529999750878],[-82.693755999971145,30.99485699966057],[-82.694972999788831,30.995480000351382],[-82.696203999850226,30.996093999848764],[-82.696269999972458,30.996126999822661],[-82.697408000147433,30.996709000286359],[-82.697835999769595,30.996978999676468],[-82.69835800000142,30.997381000380845],[-82.698434999994319,30.997433000332858],[-82.698486999872856,30.997473999653081],[-82.698932999936687,30.997961000372413],[-82.699570999621145,30.998765000277821],[-82.699791999554066,30.999077999904824],[-82.70056599968099,31.000072999787005],[-82.701363000272408,31.001055000192057],[-82.701667000046029,31.00145299976105],[-82.702119999782553,31.002044999919939],[-82.702909999802969,31.003070999879188],[-82.702939000115308,31.003113000061067],[-82.703001999864483,31.003189999704752],[-82.703456000324238,31.003810000029649],[-82.704211000184557,31.004803000205058],[-82.704601999996811,31.005314000219229],[-82.705595000406831,31.006619999636523],[-82.706331999825466,31.00750300000513],[-82.706624999728447,31.007816000205764],[-82.70822300021095,31.008850000049691],[-82.708660000053953,31.00909700027168],[-82.70907599998057,31.009331999707946],[-82.710059000344827,31.009866000109394],[-82.712247999757821,31.011017999983039],[-82.713374000237209,31.011659999689364],[-82.715226000264622,31.01274099972537],[-82.715398999618671,31.012842000243449],[-82.718284000239052,31.014408999721365],[-82.719721000164768,31.015189999994394],[-82.720933999784492,31.015860999866543],[-82.726258999888032,31.018809000271762],[-82.72907099981515,31.020438000139695],[-82.732151000429226,31.022068999884485],[-82.736914999942883,31.024693000224634],[-82.740070000001694,31.026430999999874],[-82.740684000295019,31.026844999919746],[-82.740694000340781,31.026854000299664],[-82.740977000198001,31.027079000283418],[-82.741031999551268,31.027122999800746],[-82.741337000048091,31.027395999885588],[-82.741467999569366,31.027514000181949],[-82.741658000438449,31.027703999673555],[-82.741771000416364,31.027832999768719],[-82.741947000143455,31.028067999958498],[-82.742086000060624,31.028254000116924],[-82.742230999825594,31.028476999993675],[-82.742482999720679,31.028931999903914],[-82.742490000291681,31.028941000086576],[-82.742978000188316,31.029740999928805],[-82.744291000265463,31.031991000022149],[-82.744750999674679,31.032757000155506],[-82.745175999822123,31.03342900012095],[-82.746278999837003,31.035019999671583],[-82.746780999977318,31.035769000092518],[-82.746848999749389,31.035890000376448],[-82.746894999780139,31.035969000198953],[-82.747268999873953,31.036667999718961],[-82.747590000264324,31.037293999915196],[-82.747801999976431,31.037742000369306],[-82.748386999957432,31.038998000313104],[-82.749202999917117,31.040808000174973],[-82.750162999816851,31.042626999919197],[-82.750424999757684,31.043136999723064],[-82.750591000337351,31.04346499966239],[-82.751018000134607,31.044311000220961],[-82.751193999861698,31.044634000344065],[-82.751275999877464,31.044732000067057],[-82.751346000197671,31.044815000091177],[-82.751454999977611,31.044944000096319],[-82.751788999888447,31.045268999906934],[-82.751825999698383,31.045304999843758],[-82.752132999845045,31.045478999987786],[-82.752362999998809,31.045597000196377],[-82.752649000229084,31.045744000179859],[-82.752763999856796,31.045772000334214],[-82.753137000125719,31.045862999816919],[-82.75337399995216,31.045935999753496],[-82.754906000312431,31.046082999983089],[-82.755191999644396,31.046114000070602],[-82.755241000048187,31.04611900038169],[-82.758457000206363,31.04646899995543],[-82.75877799969841,31.046496000146128],[-82.759265999595058,31.046571999615683],[-82.760086999577609,31.046794999693688],[-82.760568999626457,31.046960000174426],[-82.761081999637454,31.047230000344076],[-82.761346000126409,31.047368000134984],[-82.761464999952096,31.047422999739375],[-82.761747999809316,31.047634999932001],[-82.762197000246204,31.047976999900911],[-82.762414999806083,31.048153000013578],[-82.762641999586819,31.048376999966067],[-82.763067999559155,31.048688000338519],[-82.763934999572456,31.049404999940499],[-82.76527500031213,31.050499000367534],[-82.765965999700015,31.051062999657702],[-82.766964999957807,31.051877000203714],[-82.767987999606746,31.052752999651613],[-82.768021000117017,31.052780000368259],[-82.768269999639045,31.052990000037511],[-82.768336999586182,31.053045999922329],[-82.769251000353492,31.053816999864832],[-82.771442000314607,31.055728000042599],[-82.772466999613357,31.056660999916726],[-82.772861999623586,31.056961000258308],[-82.773937999874263,31.057905000138035],[-82.775963000154036,31.059694000284416],[-82.777523000103386,31.06106099989546],[-82.777944999877775,31.061431000254046],[-82.780052000173313,31.06320799998495],[-82.780930999882202,31.063989000196162],[-82.781202999868739,31.06430299978701],[-82.781706999658908,31.064966999899529],[-82.78224599960916,31.065845000264225],[-82.782710999939567,31.066605000045708],[-82.783563999709187,31.068005000065661],[-82.785202000374653,31.070725000190674],[-82.785440000026043,31.071119000001449],[-82.786471000070875,31.072759000084826],[-82.787035999960409,31.073688999940074],[-82.7877759997521,31.07484800023224],[-82.788149999845928,31.075272000256653],[-82.788308999854578,31.075424000095389],[-82.788518999916874,31.075586999738348],[-82.789337000424695,31.076221000247365],[-82.79042700002077,31.077050000081435],[-82.791254999676028,31.077669999685252],[-82.792391000201178,31.078516000002619],[-82.794174999558194,31.079881999716502],[-82.795012000332591,31.080495999878657],[-82.795635999773367,31.080946999746704],[-82.796913999690418,31.081878999812297],[-82.79706000017859,31.082025999895507],[-82.798603000409514,31.083137999937396],[-82.799323000109737,31.083658000053191],[-82.800848999723897,31.084685000213035],[-82.801392999697029,31.085071999837961],[-82.801651000338197,31.085244000105643],[-82.802472000320776,31.085791000046282],[-82.802571999879888,31.085857000142685],[-82.803052000278896,31.086176000347219],[-82.804361999983001,31.087087000266564],[-82.805285999897734,31.087730000240978],[-82.805746000205261,31.088074000075128],[-82.805959999567193,31.088258999806456],[-82.80691199996933,31.089437999986416],[-82.808492999835082,31.091444999771369],[-82.809798000414617,31.093117000142726],[-82.809962000446163,31.093283000297387],[-82.810503000046239,31.093718999906056],[-82.811050000392413,31.094122999987551],[-82.811355999815845,31.094264000257041],[-82.811846000260616,31.094523999845183],[-82.812485999594898,31.094909000147318],[-82.813336999714679,31.095364000101156],[-82.815013000014986,31.096302000288624],[-82.817465000092028,31.097737999963297],[-82.819440000143075,31.098825999945614],[-82.819583000258206,31.098891000249271],[-82.820128000056243,31.099148000351565],[-82.82076200044105,31.099572999617497],[-82.822689999738131,31.10068800030804],[-82.823241000282266,31.100987000243933],[-82.824679000032873,31.101805000092313],[-82.825264999838808,31.102184999673231],[-82.825772000002004,31.102588999900114],[-82.827128999561793,31.104114999880547],[-82.827418000165096,31.104436000135486],[-82.829035999840769,31.106253999909082],[-82.830696000247571,31.108105999749807],[-82.832328000166953,31.109940999818548],[-82.833960000086321,31.111764000264142],[-82.83556500024153,31.113593999780807],[-82.836551000080519,31.114730999917029],[-82.836722999609663,31.114931000104505],[-82.83707699961198,31.115807999781381],[-82.837225999574898,31.116304000028702],[-82.837433999987354,31.117461000086887],[-82.83749799956145,31.118019000366782],[-82.837743999608747,31.119874999636082],[-82.838268000388723,31.123541000337156],[-82.838429999872105,31.124636999841506],[-82.839398000167762,31.13099199973809],[-82.840096000126678,31.136257000130968],[-82.840829000245691,31.141280999774622],[-82.841336000408887,31.144991000141214],[-82.842229000361485,31.151293000324689],[-82.84241799960904,31.152573000048704],[-82.842851000152393,31.155558999995158],[-82.84307700010821,31.15696199992848],[-82.843265000429199,31.158506000002546],[-82.843412999668871,31.159474000255312],[-82.843898999915695,31.162974999932651],[-82.84481399960957,31.169277000326133],[-82.845191999901346,31.171709000167127],[-82.845386000070107,31.173225000245562],[-82.845451000367447,31.173631999873709],[-82.845519999964409,31.17419499987156],[-82.845631000292499,31.174915999635004],[-82.845709000110304,31.17548799982562],[-82.845777999707266,31.176034999992854],[-82.845875999616553,31.176585999748973],[-82.84592900021832,31.177100000289791],[-82.845988999594454,31.177476999829398],[-82.846063000112622,31.178008000043604],[-82.846130999884693,31.178534000096075],[-82.846268999976957,31.179433000168473],[-82.846359000388645,31.180100000284476],[-82.846357999665415,31.180288999973477],[-82.84637100008419,31.180482000331889],[-82.846378999581816,31.180875999623268],[-82.846357999665415,31.181274999694345],[-82.846349000342897,31.181574000022668],[-82.846331999726132,31.181935999958412],[-82.846320999855479,31.18210600017666],[-82.846314000182801,31.182247000347594],[-82.846267000327131,31.182529999915268],[-82.846238000014822,31.183026999935642],[-82.846218999748231,31.183590000176245],[-82.846215000448595,31.183615000129741],[-82.846140999930427,31.184134999971675]]},"properties":{"BASENAME":"441","NAME":"US Hwy 441","MTFCC":"S1200","RTTYP":"U","OID":"11017129491828"}},{"type":"Feature","geometry":{"type":"LineString","coordinates":[[-83.037276999999932,30.924299000205028],[-83.03705100004413,30.924388000274259],[-83.036506000246092,30.924599999689992],[-83.033747999847307,30.925680000047393],[-83.033562999899374,30.925753000294364],[-83.033133999553982,30.925920999827767],[-83.032878000359261,30.92602100029054],[-83.029572999614302,30.927316000268025],[-83.023695000215113,30.92956000026378],[-83.022823000178931,30.929907999646833],[-83.022664999995186,30.929971000044141],[-83.022562999887938,30.930010999626553],[-83.022192999992086,30.930159000016644],[-83.017329000021007,30.932060000142744],[-83.014733000003915,30.933073999881213],[-83.013918999694056,30.933394000327745],[-83.013737999944084,30.933468000244833],[-83.012887999649209,30.933817000206318],[-83.011083000375791,30.934360000028672],[-83.009797000062818,30.934848000054483],[-83.008039999571636,30.93546899990389],[-83.007924999943924,30.935493000278729],[-83.007694999790147,30.935565999969043],[-83.00726399979493,30.935732999842582],[-83.006867000134889,30.935868999713289],[-83.006409000375484,30.936036999966323],[-83.006211999833681,30.936117000203158],[-83.0060999996807,30.936157000296522],[-83.005616999806932,30.936354000107407],[-83.004990999818034,30.936609999626757],[-83.004894999558573,30.93665000028431],[-83.003748999886,30.937080999873928],[-83.003476000074514,30.937193000196487],[-83.003446999762204,30.93719599980427],[-83.003331000309558,30.937256999771485],[-83.001445999771889,30.938103999802824],[-83.001391000418622,30.93812200035887],[-83.001362000106298,30.938142000373361],[-83.001337999816855,30.938147000183733],[-83.001085000096865,30.938289999734415],[-83.000840999699392,30.938438999749902],[-83.000651999553497,30.93856999983543],[-83.000596000375324,30.938617999792388],[-83.000491999719941,30.938680999843807],[-83.00045699955983,30.938704000072388],[-83.000430999620576,30.938711000073852],[-83.000403000031483,30.938733000185209],[-83.000378999742011,30.938740000184563],[-83.00018799994632,30.93886399986776],[-82.999828999921135,30.939120000370206],[-82.999736999859607,30.939203999988401],[-82.999551999911688,30.939333000359024],[-82.9987710001121,30.939792999970667],[-82.997837000151634,30.940232000012884],[-82.997190000246334,30.940451999709133],[-82.997145000040504,30.940468999731134],[-82.996938000351278,30.940533000194744],[-82.996567999557101,30.94063300001466],[-82.995698000069055,30.940835000287169],[-82.995178000385366,30.940950000324097],[-82.995152000446097,30.940940000225879],[-82.995073999729982,30.940959000334541],[-82.994241000051844,30.94113399994125],[-82.993249000365068,30.941376000146295],[-82.992717000087495,30.941578999699253],[-82.992474000413253,30.941661000079627],[-82.992316000229508,30.941714999727893],[-82.991737000096279,30.941933999786531],[-82.990973000015131,30.94225399985292],[-82.990244999919,30.942540999619865],[-82.989951000191127,30.942624000014657],[-82.989842000411187,30.942685000370233],[-82.989397000172261,30.942871999929256],[-82.989216000422289,30.942949999707242],[-82.988950000283495,30.943040000201691],[-82.988545000227546,30.943186999619979],[-82.987831000375095,30.94349400010265],[-82.986702000420962,30.943879000159793],[-82.985413999559853,30.944404999750041],[-82.98343400038425,30.945154000092103],[-82.982830999961578,30.945399000254696],[-82.981929999613072,30.945726999800293],[-82.981430999845813,30.945938999668734],[-82.981306999997244,30.945982000376894],[-82.980748999780417,30.946174999841201],[-82.979629999872017,30.946642999869677],[-82.978803000041665,30.946965999648864],[-82.978510999963618,30.947097000373923],[-82.978445999666292,30.947122000162516],[-82.977747999707375,30.947349000316819],[-82.977126999741358,30.947589000158203],[-82.975622000043586,30.948171000005242],[-82.974972999590165,30.948434000291616],[-82.974154000155735,30.948753000159549],[-82.970490000283888,30.95015000023978]]},"properties":{"BASENAME":"38","NAME":"State Rte 38","MTFCC":"S1200","RTTYP":"S","OID":"11017129491870"}}]}