{"type":"FeatureCollection","features":[{"type":"Feature","geometry":{"type":"Polygon","coordinates":[[[-83.136620000234615,30.625235999858436],[-83.136614000386828,30.623967000359226],[-83.131369999575838,30.623583000294531],[-83.124863999639615,30.623257000090753],[-83.123642999623982,30.623220999981925],[-83.121479000325351,30.623107000064476],[-83.118675999720722,30.622959999952307],[-83.118638000085895,30.622958999645775],[-83.118304999999964,30.622951999818895],[-83.117130000015067,30.622928000187553],[-83.098250999715802,30.621888000140974],[-83.098223000126723,30.621884999961171],[-83.0980880004075,30.621879000374253],[-83.097691999674069,30.621857000339752],[-83.085946000023128,30.621205999901431],[-83.085508000355205,30.621181999837241],[-83.084131999630557,30.621105999852293],[-83.074410000434497,30.620557999944285],[-83.065223000092374,30.620038999745649],[-83.059712000215995,30.619711000067877],[-83.057501999988318,30.619578000353233],[-83.055897999658029,30.619483000334743],[-83.055700000189617,30.619471999659314],[-83.051004000448017,30.619193000312006],[-83.038696000382302,30.618447000249731],[-83.03771300001803,30.618388000267935],[-83.025293999624211,30.617569000055898],[-83.023542000054235,30.617576999861164],[-83.023531000183596,30.617576000272088],[-83.022878000430524,30.617525000342077],[-83.022815999607914,30.617508999949251],[-83.02243900003937,30.61746700016166],[-83.005442999729667,30.616483999856346],[-83.005248999560905,30.61647599996083],[-82.999858000233445,30.61622500019563],[-82.995741999551669,30.61598399970099],[-82.99142499992675,30.615731000217124],[-82.976828999815524,30.614877999835699],[-82.959002000375833,30.613877999683275],[-82.958932000055626,30.61386299986135],[-82.958850999864779,30.613866999917153],[-82.957342999793951,30.61373999999703],[-82.9403790001696,30.612771999728405],[-82.939916000387328,30.612739999688458],[-82.937158999813462,30.612524000108671],[-82.936573000007542,30.61247900000674],[-82.935468000342851,30.612414000080271],[-82.932539000239842,30.612240999944387],[-82.923632000280222,30.611726999795454],[-82.923535000195841,30.611722000001699],[-82.887083000001766,30.609571999828777],[-82.87778199985685,30.60918099982943],[-82.877628999695986,30.609168999853885],[-82.874856999951817,30.60886699985166],[-82.868325000076354,30.608641000232371],[-82.833679999703833,30.606450999951367],[-82.820611999754917,30.605624000040589],[-82.806022000389788,30.604702000197229],[-82.803843000124232,30.604565000302625],[-82.766872999896307,30.602231000000302],[-82.749854000020377,30.601156000280216],[-82.72827300029715,30.600226999740187],[-82.72790699970092,30.600211000355305],[-82.707377000114022,30.59882700026472],[-82.70735700002254,30.598825999708883],[-82.698901999974552,30.598270999685457],[-82.698616999569197,30.598232000199545],[-82.697815999678113,30.598188000205607],[-82.689538999905352,30.597733999733713],[-82.68944000017116,30.597728000196941],[-82.689341000436954,30.597722999680553],[-82.685927999736961,30.597529999810039],[-82.675095999955005,30.596919000357111],[-82.671485999611519,30.596716000068366],[-82.668889999594455,30.596574999708888],[-82.661104999916276,30.596151999719275],[-82.658509999724131,30.596011999897268],[-82.658466000241503,30.596010000273949],[-82.656469000449135,30.595900999861524],[-82.650345999929257,30.595567999764512],[-82.64830599958087,30.59545799981079],[-82.645519999593006,30.595306000386227],[-82.63716199962937,30.594849999908714],[-82.634375999641506,30.594699000128912],[-82.632552000101512,30.594601000197084],[-82.627789000412776,30.594347999757179],[-82.627081000408097,30.594310000068049],[-82.625257999794698,30.594213000346333],[-82.625191999672481,30.594210000082374],[-82.624855000286885,30.594192999873496],[-82.621092999607441,30.593981000020211],[-82.608599999593793,30.593277999923579],[-82.604436000129766,30.593043999994293],[-82.603569999941342,30.592993000291639],[-82.600974999749184,30.592840000249268],[-82.600110000284005,30.592788999665917],[-82.599282999555356,30.592740000293183],[-82.5980959998749,30.59267000026254],[-82.596802000064315,30.592592999706465],[-82.595976000058883,30.592544000234636],[-82.595735000034466,30.59253000004956],[-82.594967999580263,30.592479000076395],[-82.591947000314065,30.592278000239133],[-82.59093999966035,30.592212000051624],[-82.590789000047607,30.592201999995851],[-82.59054800002319,30.592186000059129],[-82.590388000189606,30.592170000119779],[-82.58955200013844,30.592087999905836],[-82.58539299979897,30.591683000170192],[-82.584006999926871,30.591548000139937],[-82.583950000025482,30.594332000174788],[-82.583938000329894,30.595853000329104],[-82.583717000396959,30.605875000223175],[-82.583694999757341,30.60748499988453],[-82.583647000076766,30.610934999715351],[-82.583705999627995,30.613221000357488],[-82.583709000001051,30.613323000086183],[-82.583712000374092,30.613436999928698],[-82.583719999871704,30.613767000018335],[-82.583724000069651,30.613908000093215],[-82.58372099969661,30.614100000177572],[-82.583683999886688,30.616454000244563],[-82.583636000206099,30.618033000037528],[-82.583572999558598,30.621190999668755],[-82.583533000273931,30.622742000137521],[-82.583488999893007,30.623024999755966],[-82.58351599965718,30.624395999668479],[-82.583498000113849,30.625408999964002],[-82.583459999580697,30.626561999632312],[-82.583450000433274,30.626966000139412],[-82.583447999885138,30.627045000181084],[-82.583447999885138,30.627057999751226],[-82.583445000410393,30.62714800029514],[-82.583386999785773,30.629501999999178],[-82.583344000128065,30.632487000033741],[-82.58331099961778,30.633475999780064],[-82.5832770001809,30.635266999745966],[-82.58324899969351,30.637022000180192],[-82.583221999929336,30.637800999704904],[-82.583182999571264,30.640491000108188],[-82.583165999852824,30.640830000257488],[-82.583159000180146,30.640971000325422],[-82.583179000271628,30.641689999936471],[-82.583174000248746,30.64186600032658],[-82.583064999570482,30.645715999735639],[-82.582984000277946,30.64955600012571],[-82.582970000034251,30.650245000099261],[-82.582970999859157,30.6502840002717],[-82.582978000430174,30.650403999990402],[-82.582963000361559,30.650488000323051],[-82.582853999683294,30.653031000227219],[-82.582763000345011,30.657631999656694],[-82.582778000413612,30.65807500034683],[-82.582734000032687,30.658248999623002],[-82.582625000252747,30.658681999659649],[-82.582565999803194,30.65875399974535],[-82.582508999901791,30.65889699982095],[-82.582452000000401,30.658967999812301],[-82.582355999740912,30.659011999998423],[-82.582279999572947,30.65899600028429],[-82.582178000363996,30.659000999953751],[-82.582026000028051,30.65907299980184],[-82.581923999920775,30.659045000124859],[-82.581790000026487,30.658978999860725],[-82.581719999706294,30.658985000237799],[-82.581593000382995,30.659045000124859],[-82.581497999948439,30.659050999725189],[-82.58143400037433,30.659050999725189],[-82.58131300000052,30.658963000141124],[-82.581148000144069,30.65875399974535],[-82.581051999884593,30.658710000214548],[-82.580963000196135,30.658622000320012],[-82.580873999609381,30.658424000071246],[-82.580733999867277,30.658324999794782],[-82.58063199976003,30.658313999671932],[-82.580441999789244,30.658363999798691],[-82.580313999742728,30.658424000071246],[-82.580162000305066,30.658566999862291],[-82.579896000166286,30.658701999946434],[-82.58016099958185,30.659154999692294],[-82.580619000239551,30.659656000009239],[-82.58074100043828,30.659749000138572],[-82.58088600020325,30.659881000343042],[-82.580902000096771,30.660017999984042],[-82.580825000103886,30.660333000052155],[-82.580871000134636,30.660436000266294],[-82.5810240002955,30.660552000075882],[-82.580985999762362,30.660827000267357],[-82.5810240002955,30.660887999698026],[-82.581619000322277,30.661057999668966],[-82.582098999822975,30.661255999930937],[-82.582289999618695,30.661316999863573],[-82.582396999748795,30.66136500016346],[-82.58257199965098,30.661513999687003],[-82.582915999607565,30.661881999854433],[-82.583297000272395,30.662092000342458],[-82.583442000037351,30.662202000305658],[-82.583746999635878,30.662625999792962],[-82.584190000224979,30.663087000370528],[-82.584297000355093,30.663168999946222],[-82.584579000387407,30.663307000224698],[-82.58470099968784,30.663393999828642],[-82.584754000289578,30.663549000181241],[-82.584770000183113,30.663637000225901],[-82.584754000289578,30.663785000225722],[-82.584770000183113,30.663927999811786],[-82.584815000388957,30.66404300018462],[-82.584967999651511,30.664240999739768],[-82.584976000047448,30.664362999661819],[-82.584838999780104,30.664688999647726],[-82.584518000288028,30.665131999672049],[-82.584457000188678,30.665291999671727],[-82.584433999724141,30.66546199962259],[-82.58447999975489,30.665638999876297],[-82.584671000448921,30.665764999807013],[-82.585052000215413,30.665830000209851],[-82.585198999630208,30.665889999710792],[-82.585365000209862,30.665972999860493],[-82.585501999578909,30.666077999966326],[-82.585556000005568,30.66613300001303],[-82.585585000317892,30.666297999965312],[-82.585577999746889,30.666418999751205],[-82.585608999709024,30.666594999942021],[-82.585669999808388,30.666706000042421],[-82.58589900013726,30.666963000077736],[-82.586006000267375,30.667634000089713],[-82.586006000267375,30.667797999954004],[-82.58594500016801,30.668031000144651],[-82.58575400037229,30.668607000011999],[-82.585669999808388,30.668745000250983],[-82.585593999640409,30.668816999793535],[-82.585509999974818,30.668959999659563],[-82.585479000012683,30.669048000185086],[-82.585437000179894,30.669283000106972],[-82.585396000172011,30.669604999650485],[-82.585479000012683,30.670037999801899],[-82.585792000007146,30.67113300011215],[-82.585838000037896,30.671352000384697],[-82.585997999871452,30.671693000099491],[-82.586050999574894,30.671950999804373],[-82.586058999970817,30.672671999620718],[-82.58589900013726,30.673332000201324],[-82.58589900013726,30.673530000037037],[-82.585951999840688,30.673666999642883],[-82.586050999574894,30.673866000117268],[-82.586142999636408,30.674122999649597],[-82.586151000032331,30.674272000361054],[-82.586264999835151,30.674585000002658],[-82.586479000095395,30.674811999883254],[-82.586485999768087,30.674958999994509],[-82.58646300020186,30.675048000231669],[-82.586371999965266,30.675185999768821],[-82.586295999797287,30.675503999899984],[-82.586089999932966,30.675994000010903],[-82.585901999611977,30.676285999992363],[-82.58545600044647,30.676984000297466],[-82.585432999981933,30.677068999681246],[-82.585411000240612,30.677395999803664],[-82.585181999911754,30.677658999977741],[-82.585021000253278,30.677881000122444],[-82.584960000153913,30.678093999813004],[-82.58499899961366,30.678270000367142],[-82.58504399981949,30.678358000137699],[-82.585295999714575,30.678587999615765],[-82.585417999913318,30.678815000132332],[-82.585487000408605,30.679096000008879],[-82.585448999875453,30.679309000110191],[-82.585371999882568,30.679440999861026],[-82.584807999817954,30.679782000378093],[-82.584754000289578,30.679870000316079],[-82.584754000289578,30.680233999699308],[-82.584731999649975,30.680410000216526],[-82.584579000387407,30.680794999939913],[-82.584059999630313,30.681426999723818],[-82.583571999733707,30.681916999914872],[-82.583282000203781,30.682240999993734],[-82.583137000438825,30.682466000267297],[-82.582991999775558,30.682743000038617],[-82.582915999607565,30.682950999846522],[-82.582862000079217,30.683176000010864],[-82.582861000254312,30.68332799970846],[-82.582862000079217,30.683412999689128],[-82.58285700005635,30.683539000386244],[-82.582837999789774,30.683591999630984],[-82.582816000048467,30.68367900028133],[-82.5828050001778,30.683720999901244],[-82.58272900000982,30.683835000212206],[-82.582636999948306,30.683940000216957],[-82.582550999734593,30.684049000351251],[-82.582309999710162,30.684385999817945],[-82.582230000242532,30.68449899967387],[-82.582150999701511,30.684612000170038],[-82.582073999708626,30.684726000201607],[-82.582000999913689,30.684842000204011],[-82.581935999616363,30.684960999835244],[-82.581878999714945,30.685084000293184],[-82.581831000034384,30.685208999919709],[-82.581795999874274,30.68533699991346],[-82.581764999912124,30.68546699983002],[-82.581729999752028,30.685593999823041],[-82.581620000147169,30.685684999618012],[-82.581517000215015,30.685783999671127],[-82.581462999788343,30.685906000197772],[-82.581457999765462,30.686038999855398],[-82.581472000009185,30.686170000024472],[-82.581508999819093,30.686298000289245],[-82.58154900000207,30.686426000384326],[-82.581514999666865,30.686548000099744],[-82.581419000305715,30.686651999824093],[-82.5813409995896,30.686765000118093],[-82.581195999824644,30.687000000196615],[-82.58113300007544,30.687119999901057],[-82.581131000425628,30.687251000148475],[-82.581193000349927,30.687371000313473],[-82.581301000304947,30.68746699972003],[-82.581385999795444,30.687575000097123],[-82.581446000069903,30.68769699990564],[-82.581501000321481,30.687821000376243],[-82.581539999781228,30.687948000362965],[-82.581558000222898,30.688081000297668],[-82.581542000329364,30.688211000382047],[-82.58149999959825,30.688337000225502],[-82.581449000442959,30.68846200027555],[-82.581398000389314,30.688587999791419],[-82.581349999810442,30.688713000288931],[-82.581299999581717,30.688837999852151],[-82.581245000228449,30.688961000005978],[-82.581181999580949,30.689081000363007],[-82.581112999983972,30.689198999783226],[-82.58104199983886,30.689316000211637],[-82.58096200037123,30.689430000096547],[-82.580908999769463,30.689549999870579],[-82.580923000013172,30.689684000304592],[-82.580928000036053,30.689815000162874],[-82.580875000332583,30.689931000230963],[-82.580760999631465,30.690021999800589],[-82.58068100016385,30.690133999628518],[-82.580662999722179,30.690264999648605],[-82.580676999965888,30.690396999872338],[-82.5806350001331,30.690522000345041],[-82.580496000215916,30.690546999802145],[-82.580357000298733,30.690491999751977],[-82.5802219996812,30.690430000093237],[-82.580087999786898,30.690365999631204],[-82.579953000067704,30.690305000273842],[-82.579808000302748,30.690268000024403],[-82.579655999966775,30.690238000124868],[-82.5795160002247,30.690277999988847],[-82.579378000132436,30.690333999770502],[-82.579240999865078,30.690394999881985],[-82.579105000320951,30.690459000324793],[-82.578968999878526,30.69052099996491],[-82.578836999634035,30.690589999903889],[-82.578767000212153,30.690703000223536],[-82.578773000059925,30.690836000225204],[-82.578865999946359,30.690939999965256],[-82.57897899992426,30.691029999753862],[-82.579093999551986,30.691116999881746],[-82.579209999902943,30.691201999957592],[-82.579331000276767,30.691283999614505],[-82.579451999752266,30.691365000375331],[-82.579554999684419,30.691460999672746],[-82.579631999677332,30.691579000046215],[-82.579598000240452,30.691691999980648],[-82.579490000285418,30.691787000130788],[-82.579393000201037,30.691888999659337],[-82.579297999766482,30.69199200021751],[-82.579207000428198,30.692098000212205],[-82.57912000038958,30.692211999901613],[-82.579079000381682,30.692332000079791],[-82.579147000153753,30.692452999696414],[-82.579210999727849,30.692573999933856],[-82.57927600002516,30.692693999661948],[-82.579353999842979,30.692806999836066],[-82.579435999858745,30.692917999939823],[-82.5795160002247,30.693030999851658],[-82.579584999821662,30.69314800027044],[-82.57964000007324,30.69327199991902],[-82.579708999670217,30.693389999623609],[-82.579778999990424,30.693507000379707],[-82.579850000135536,30.693624000221448],[-82.57992299993046,30.693740000347116],[-82.579998000273534,30.693854999987824],[-82.580075000266433,30.693968000347663],[-82.580154999734049,30.694080999802772],[-82.580239000297965,30.694191999986359],[-82.580327000161503,30.694299999791944],[-82.580423000420993,30.694401000187369],[-82.580533000025824,30.69449400008325],[-82.580642999630683,30.694586000324062],[-82.580757000331829,30.694673999901333],[-82.580859000439077,30.694726999985484],[-82.580888999677995,30.694742999961438],[-82.581000999830977,30.694801000141766],[-82.58126100012197,30.695199999651731],[-82.581246999878275,30.695330999748709],[-82.581200000022591,30.695457000340586],[-82.581148000144069,30.69558499987836],[-82.58111999965665,30.695713000018824],[-82.581124999679531,30.695844000191979],[-82.581145999595932,30.695977000062054],[-82.581164999862494,30.696109000199097],[-82.58120199967243,30.696236999644572],[-82.581297999931905,30.696335999690675],[-82.581408000435061,30.696430000358312],[-82.581524999712613,30.696517999799212],[-82.581646000086437,30.696597999712829],[-82.581774000132967,30.696670000119141],[-82.58190600037743,30.696736000122534],[-82.582040000271732,30.696800999765781],[-82.582174000166034,30.69686400028133],[-82.582311000433407,30.696923999814597],[-82.58244699997752,30.696984000082967],[-82.582580999871809,30.697046000166569],[-82.582714999766111,30.697110000061659],[-82.582847000010602,30.697178999925093],[-82.58296599983629,30.697260999911371],[-82.583072999966419,30.697352999831878],[-82.583175000073666,30.697452999813876],[-82.583272000158047,30.697555000306796],[-82.583365000044452,30.697660000065436],[-82.583438999664295,30.697775999974933],[-82.583520999680061,30.69788800007489],[-82.583606999893803,30.697998000212049],[-82.583705999627995,30.698096999996583],[-82.583827999826738,30.698175999845386],[-82.583959000246296,30.698244999719137],[-82.584090999592448,30.698311999717227],[-82.584230000407942,30.698366999946035],[-82.58437199979987,30.698414000074628],[-82.584516999564812,30.698458000059205],[-82.584661000403173,30.6985000002013],[-82.584812999840821,30.6985280000284],[-82.584951999758005,30.698576000375244],[-82.58507700032979,30.698651000193397],[-82.585196000155463,30.698735000291386],[-82.585314000156245,30.698819999837884],[-82.585431000332107,30.698905000082014],[-82.585545999959834,30.698992000063466],[-82.585659999762655,30.699080000257865],[-82.585775000288692,30.699167000081548],[-82.585888000266593,30.699255999633596],[-82.586003999719253,30.699341999782341],[-82.586130000115944,30.699416000262172],[-82.586269000033099,30.69947000034681],[-82.586411000323324,30.699521000313208],[-82.586551999890318,30.699572000252672],[-82.586693000355623,30.699623000165158],[-82.586832000272807,30.699675999848722],[-82.586966000167109,30.699740000316886],[-82.587085999817702,30.699821999671926],[-82.58720100034374,30.699908000088676],[-82.587314000321641,30.699998000011604],[-82.587423999926514,30.700089000131541],[-82.587527999683587,30.700186000300725],[-82.587628000141024,30.700285999664409],[-82.587731999898082,30.700382999635558],[-82.587847000424119,30.700472000383314],[-82.587967000074727,30.700556999944659],[-82.588078000402803,30.700647000034692],[-82.588167999916166,30.700749999742921],[-82.588234000038426,30.700868000345924],[-82.588284000267137,30.700995000159487],[-82.588325000275006,30.701123000076091],[-82.588351000214288,30.701253000360779],[-82.588362000084942,30.701385000232857],[-82.588384999651154,30.701515999658334],[-82.588414999788398,30.701646000185853],[-82.58843300023004,30.701775999765921],[-82.58842099963617,30.701907999694971],[-82.588409999765517,30.702040000215906],[-82.588428000207173,30.702171000296843],[-82.588456999621158,30.702300999941922],[-82.588492999606174,30.7024289996709],[-82.588506000024978,30.70246599989283],[-82.588536000162208,30.702555999747073],[-82.58859499971345,30.702677999930451],[-82.588658000360951,30.702798000226231],[-82.588709000414568,30.702923000085981],[-82.588747999874315,30.703050999762198],[-82.588783999859331,30.703179000041015],[-82.588824999867199,30.703305999902426],[-82.588877999570656,30.703429999630099],[-82.588947000065943,30.7035469998001],[-82.589024000058842,30.70366200011286],[-82.589072999564323,30.703742999753839],[-82.589095000203955,30.703779000001532],[-82.589153999755169,30.703899999941783],[-82.58920800018187,30.70402399967853],[-82.589260000060392,30.70414800002818],[-82.589308999565873,30.704273999921302],[-82.589327999832449,30.704325999902792],[-82.589351000296986,30.704402000122361],[-82.589415999696001,30.70451700018835],[-82.589526000199172,30.704610000376572],[-82.589602000367151,30.704729000353723],[-82.589633000329286,30.704854000028924],[-82.5895849997504,30.704979999772434],[-82.589542999917612,30.7051090000381],[-82.589523999651036,30.705241000041674],[-82.589547000115573,30.705369999958346],[-82.589593999971243,30.705495999800288],[-82.589645000024859,30.705621000026497],[-82.589694000428665,30.705748999985186],[-82.589751000330068,30.70587099999296],[-82.589840999843446,30.705971999863628],[-82.590093999563422,30.706125000185153],[-82.590215999762165,30.70620399964033],[-82.590331000288202,30.706290999992035],[-82.590558000068924,30.706468999774643],[-82.59067299969665,30.706554999673486],[-82.590732999971124,30.706594000284866],[-82.590820000009742,30.706629000027991],[-82.590953999904045,30.706651000080658],[-82.591252999654799,30.706640000054943],[-82.591513999770683,30.706651000080658],[-82.591641999817213,30.706684000150315],[-82.591845000206817,30.706809999820813],[-82.592087000056139,30.707162000173835],[-82.592157000376346,30.707233999649009],[-82.592291000270635,30.707289000198724],[-82.592558000234348,30.707311000100926],[-82.592786999664881,30.707364999628904],[-82.592953000244563,30.707485999705842],[-82.593138000192468,30.707690000226034],[-82.593214000360462,30.707744999743458],[-82.593379000216899,30.707782999672602],[-82.593627999738942,30.707755999643172],[-82.59388899985484,30.707771999775915],[-82.594257999925787,30.707914999879186],[-82.594436000201014,30.707952999741302],[-82.594874999693857,30.70794800028877],[-82.595041000273497,30.70799700001017],[-82.595117000441491,30.708062999989629],[-82.595138000357892,30.708123000282846],[-82.595189000411509,30.708150999634583],[-82.595253999810524,30.708275000086292],[-82.59528899997062,30.708403999807828],[-82.595313000260077,30.708534999743627],[-82.595329999978517,30.708670000269578],[-82.595405000321577,30.708770000108274],[-82.595529999995051,30.70884800029669],[-82.595626000254526,30.708949000139985],[-82.595735999859372,30.709044000293712],[-82.595862000256076,30.709119999885925],[-82.595995000325459,30.709188999656956],[-82.596134000242643,30.70924399986438],[-82.59627900000757,30.709272999848857],[-82.596434999643193,30.709268999878116],[-82.596587999804072,30.709254000179637],[-82.596740000140045,30.709217000243928],[-82.596884999905001,30.709209000297712],[-82.597022000172345,30.709271999663098],[-82.597139000348221,30.709359000337297],[-82.597232000234627,30.709464999792075],[-82.59728900013603,30.70958799991692],[-82.597284999938083,30.70971800038074],[-82.597260999648626,30.70985099966391],[-82.597291999610775,30.709975000247383],[-82.597439999748786,30.710004000012034],[-82.597592000084745,30.710023999711503],[-82.597742999697488,30.710028999828793],[-82.597898000406502,30.710015999832205],[-82.597958999607556,30.710127000221931],[-82.597989999569691,30.710259999713518],[-82.598040999623322,30.710383000369312],[-82.59814199990565,30.710485000323203],[-82.598271999601991,30.710549999972557],[-82.598413999892216,30.710602999832464],[-82.598545000311773,30.710674999828601],[-82.598690000076729,30.710704000155143],[-82.598833000191874,30.710658000005985],[-82.598957000040429,30.710576999992227],[-82.599085000086959,30.710517999853565],[-82.599234000049861,30.710556000235027],[-82.599360000446566,30.710632000180595],[-82.59947900027224,30.710714999717428],[-82.599583999854232,30.710812000016134],[-82.599681999763504,30.710915999853828],[-82.59980099958922,30.710992000288133],[-82.599941000229606,30.711043000342723],[-82.600089000367603,30.711084000245918],[-82.600234999957479,30.711125000131695],[-82.600383999920396,30.711160999941626],[-82.600530000408568,30.711200000235497],[-82.600661999754735,30.711261000287291],[-82.600774999732636,30.71135000026824],[-82.600881000037859,30.711448000091561],[-82.600984999794917,30.711544999653142],[-82.601080000229473,30.711648000084029],[-82.601157000222372,30.711761999847834],[-82.601214999948695,30.711883999974216],[-82.601284000443997,30.71200200008893],[-82.601362000261801,30.712117000362873],[-82.601455999973126,30.712220000182931],[-82.601569999775947,30.712311000359847],[-82.601702000020424,30.712371999708942],[-82.601852999633167,30.712400000144267],[-82.602001999596069,30.712430000105186],[-82.602152000282217,30.712456000218186],[-82.602302999894945,30.712473999876476],[-82.602456000055824,30.712483999856797],[-82.602609000216702,30.712485000009238],[-82.6027570003547,30.712492999683722],[-82.602880000378349,30.712570999950813],[-82.602991999633034,30.712664000097767],[-82.603099999588068,30.712753999706102],[-82.603245000251334,30.712791999978901],[-82.603395000039171,30.712826999790089],[-82.603549000024955,30.712867000331119],[-82.603651999957108,30.712947999966413],[-82.603692000140072,30.713077999763218],[-82.603734999797794,30.713208000157117],[-82.603789000224467,30.71333100014277],[-82.603842999752828,30.713455000113949],[-82.603907000225249,30.713575000133531],[-82.604005000134535,30.713675999660968],[-82.604149999899491,30.713708000276789],[-82.604307000258316,30.713714999710191],[-82.604458999695979,30.713701000070621],[-82.604607999658896,30.713670000364893],[-82.604754000147082,30.713632999806251],[-82.604899999736929,30.713593000355235],[-82.605043999676994,30.713548000180765],[-82.605184000317379,30.713496999906067],[-82.605325999709294,30.713442999949301],[-82.605473000022386,30.713429999640518],[-82.605621000160383,30.713469999931455],[-82.60576900029838,30.71351100034757],[-82.605904999842508,30.713567999917647],[-82.606022000018385,30.713651000017208],[-82.606128000323579,30.713748999819472],[-82.606225000407974,30.713851000075298],[-82.606309000073551,30.71396199991316],[-82.606374000370892,30.714079999802436],[-82.606410000355908,30.714213000021669],[-82.60654199970206,30.71425599961778],[-82.606622000068015,30.714249000223649],[-82.606690999664977,30.714228999855667],[-82.606780000251746,30.71416300023369],[-82.606843000000936,30.714042000037111],[-82.607243999858923,30.713832999901733],[-82.607428999806856,30.713799999960901],[-82.607607000082083,30.713723000055023],[-82.608021000358875,30.713613000082855],[-82.608294000170361,30.713607000010544],[-82.608643999974731,30.71353600002768],[-82.608746000081979,30.713485999888711],[-82.608848000189226,30.713321000250271],[-82.608899000242843,30.713277000093054],[-82.608993999779088,30.713277000093054],[-82.608936999877685,30.713485999888711],[-82.609013999870584,30.71360200007873],[-82.609095999886321,30.713662000015738],[-82.609127999673376,30.713721999915403],[-82.609802000241174,30.713631999665704],[-82.609900000150461,30.713529999950588],[-82.609999999709586,30.713428000127518],[-82.610107999664606,30.713334999944994],[-82.610254000152807,30.713302999977728],[-82.610388999872001,30.713361999957389],[-82.610506000047863,30.713449000031801],[-82.61060899998003,30.713545999897878],[-82.610707999714236,30.713647000228011],[-82.610804999798603,30.713748999819472],[-82.610902999707903,30.713851000075298],[-82.611003999990245,30.713949999811604],[-82.611106000097493,30.71404800008235],[-82.611209999854566,30.714146000253521],[-82.61131699998468,30.714240999922456],[-82.61142699958954,30.71433000024286],[-82.61155399981115,30.714406000303899],[-82.611691000078508,30.714463000117259],[-82.611835999843464,30.714505000242792],[-82.611983000156542,30.714542999825689],[-82.612127000096606,30.714588000308218],[-82.612255999968013,30.714659000288943],[-82.612343999831566,30.71476600022638],[-82.612416999626518,30.71488299977668],[-82.612486000121791,30.715003000336385],[-82.612559999741634,30.715119000246336],[-82.612646999780281,30.715224000197708],[-82.612777000374933,30.715300999677421],[-82.612922000139889,30.715319000349364],[-82.613071999927712,30.715277999929572],[-82.613214000217937,30.715229000045429],[-82.613353000135092,30.715174000161571],[-82.613492999877195,30.715120999724277],[-82.613634000342515,30.715066999904501],[-82.613769000061723,30.715008000195571],[-82.613897999933144,30.714937999826489],[-82.614020000131902,30.714857999673466],[-82.614138999957575,30.714774999840412],[-82.61426199998121,30.714695000324429],[-82.614385000004873,30.714617000230536],[-82.61451700024935,30.714551000101768],[-82.614663999664131,30.714500999716712],[-82.614807999604167,30.714505000242792],[-82.614949999894392,30.714563000128546],[-82.615092000184617,30.714614999969836],[-82.615236000124654,30.714659999646528],[-82.615379000239798,30.714707000333291],[-82.615515999608832,30.714762999840008],[-82.615646000203483,30.714832000208002],[-82.615770999876958,30.71490900000077],[-82.615894999725512,30.714985999731987],[-82.616023999596933,30.715057000192012],[-82.616158000389561,30.715120999724277],[-82.616293999933674,30.715181000260884],[-82.616432000025938,30.715237000264615],[-82.616572999592933,30.715287999619164],[-82.616714000058252,30.715338999718995],[-82.616856000348477,30.715389999791917],[-82.616996000090552,30.715444000203082],[-82.617119999939106,30.71551900003757],[-82.617232000092116,30.715607999950802],[-82.617340999872056,30.715702000377469],[-82.617452000200132,30.715793000358069],[-82.617562999629911,30.71588400025286],[-82.617677000331042,30.715971000369041],[-82.617803999654328,30.716044999678147],[-82.617947999594364,30.716091000347173],[-82.618096999557267,30.716122000046951],[-82.618248999893254,30.716120999932219],[-82.618398999681077,30.716093999919924],[-82.618544000344343,30.716050000255603],[-82.618686999561163,30.716000999991397],[-82.618829999676294,30.715951999702295],[-82.618973999616344,30.715911999668553],[-82.619125000127383,30.715902000043677],[-82.619275999740125,30.715931999687509],[-82.61941899985527,30.715983000219069],[-82.619530000183332,30.716071000361193],[-82.619623999894685,30.716178000276543],[-82.61971799960601,30.716285000073231],[-82.619827000284261,30.716374000051839],[-82.619958999630441,30.716434999920292],[-82.620105000118613,30.716479000181323],[-82.620250999708489,30.716523999760458],[-82.620388999800738,30.716580999866597],[-82.620521999870149,30.716649000369163],[-82.620642000419039,30.716728999808762],[-82.620746000176126,30.716828999787186],[-82.620850999758105,30.71692500000869],[-82.620986000375623,30.716974999909272],[-82.621141000186341,30.716965999728252],[-82.621291999799084,30.716943000377491],[-82.621444000135028,30.716948000136078],[-82.62159200027304,30.71698500019518],[-82.621725000342437,30.717047999887413],[-82.621855000038764,30.717119000373835],[-82.621993000131027,30.71717600012828],[-82.622132999873116,30.717228000105202],[-82.622415999730336,30.717328000338401],[-82.622558000020561,30.717376999928316],[-82.622700000310786,30.717425000164365],[-82.622841999702686,30.717473000376568],[-82.622983000167991,30.717525000193334],[-82.623122000085161,30.717580000280876],[-82.623260000177439,30.717635000337111],[-82.623400999744419,30.717688000164944],[-82.623542000209738,30.717738999767821],[-82.623683999601639,30.717785999726264],[-82.62383199973965,30.71781999994484],[-82.623983000250703,30.717845000052467],[-82.62412999966547,30.717879000250189],[-82.624266999932843,30.717936000327676],[-82.624394999979344,30.718009999673423],[-82.624521000376063,30.718083999734745],[-82.624645000224589,30.71816100001999],[-82.624764999875197,30.718242999935214],[-82.624798000385482,30.718270000118039],[-82.624876000203287,30.718333999834826],[-82.624985999808146,30.718425999739406],[-82.62510499963382,30.71851000038146],[-82.625240000251353,30.718569000264623],[-82.625390999864095,30.718591999999902],[-82.625543000200054,30.718596000356214],[-82.625696000360946,30.718596999672997],[-82.625848999623514,30.718595000267143],[-82.626154999945257,30.718589999821653],[-82.626308000106121,30.718587999643422],[-82.626461000267,30.718587999643422],[-82.626615000252784,30.718586000237377],[-82.626653999712531,30.718586000237377],[-82.626768000413662,30.718582999969854],[-82.62691999985131,30.718577000206768],[-82.627071000362363,30.718563999817786],[-82.627222999800011,30.718544999662029],[-82.62737599996089,30.718513999968891],[-82.62751999990094,30.718467000365298],[-82.62764700012255,30.718399999691329],[-82.627756999727396,30.718312000130034],[-82.627858999834658,30.718212000144984],[-82.627957999568849,30.718107999679777],[-82.628062000224233,30.718009000350559],[-82.628171000004187,30.717915999952062],[-82.628289999829875,30.717833999758756],[-82.628436000318061,30.717793999733356],[-82.628576999885041,30.717843999955594],[-82.628725000023067,30.717878000153675],[-82.628877000359012,30.717896000344592],[-82.629024999598712,30.717928000332353],[-82.629164000414193,30.717980999999213],[-82.629298000308495,30.718042999718236],[-82.629432000202797,30.7181089997739],[-82.62956500027218,30.718174999784402],[-82.629698000341577,30.718239000336482],[-82.629843000106533,30.718214000331017],[-82.629990000419625,30.718167999902427],[-82.63013500018458,30.718121000130221],[-82.630278000299725,30.718074000335079],[-82.630419999691625,30.718025000327049],[-82.630561999981836,30.717976000294172],[-82.630704000272075,30.717928000332353],[-82.630848000212112,30.717881999767382],[-82.630992000152148,30.717839000243455],[-82.631136000092212,30.717794999830687],[-82.631280999857168,30.717753000365846],[-82.631425999622095,30.717711000110356],[-82.631571000285376,30.717669999935264],[-82.631716000050332,30.717628999742743],[-82.631860999815288,30.717588999632309],[-82.632007000303489,30.717548000177622],[-82.632152999893336,30.717504999732469],[-82.632300000206442,30.717464000242085],[-82.632446999621209,30.717426000265572],[-82.632593000109395,30.717396000314221],[-82.632737000049445,30.717426000265572],[-82.632872999593573,30.71748800034144],[-82.633007000386172,30.717555000104561],[-82.6331429999303,30.717612999700542],[-82.6332890004185,30.717645999881213],[-82.633441999681054,30.717627000316813],[-82.633583999971265,30.717580000280876],[-82.633722999888448,30.717522999992951],[-82.633865000178659,30.717474999805695],[-82.63401199959344,30.71743699983352],[-82.634160999556372,30.717405999784173],[-82.634310000417585,30.717381000335038],[-82.634464000403383,30.717376999928316],[-82.63460800034342,30.717416000025388],[-82.634748000085494,30.717472000275844],[-82.634892999850464,30.717528999821621],[-82.635035999965595,30.717526999621377],[-82.635174999882764,30.717466999772125],[-82.635306000302336,30.71739500021269],[-82.635426999777835,30.717313000348646],[-82.635549999801498,30.717233999952217],[-82.635686000243922,30.71717700023207],[-82.635834000381948,30.71713900014247],[-82.635984000169756,30.717121999914614],[-82.636138000155555,30.717131000081014],[-82.636291000316433,30.717134999725712],[-82.636442999754067,30.717133000289529],[-82.636595999914945,30.717131000081014],[-82.636749000075824,30.717131000081014],[-82.636903000061622,30.717127999768227],[-82.637057000047406,30.717126000331916],[-82.637210000208285,30.71712699966394],[-82.637360999821013,30.717134999725712],[-82.637503999936158,30.717179999771041],[-82.637606000043405,30.717276999745881],[-82.637703000127786,30.717378000030035],[-82.637821000128554,30.717465000342887],[-82.637941999604081,30.717548000177622],[-82.638068000000771,30.717624000019455],[-82.638199000420315,30.717687000066512],[-82.63834599983511,30.717705999619032],[-82.638504000018855,30.717697000278541],[-82.638656000354814,30.717684999869498],[-82.638808999617382,30.717673000231194],[-82.638962999603166,30.71766199991788],[-82.639110999741177,30.717673000231194],[-82.639242000160735,30.717745000355343],[-82.639371999857076,30.717810999842683],[-82.639472000314512,30.717912000339769],[-82.639555000155184,30.718023000137098],[-82.639587999767144,30.718155000230645],[-82.63963700017095,30.718272999623068],[-82.639755999996623,30.71835699962611],[-82.639898000286863,30.718416999693826],[-82.640043999876724,30.718439000146937],[-82.640200000410658,30.718432000284132],[-82.640354000396442,30.718431000193405],[-82.64050599983409,30.718439000146937],[-82.640658999994969,30.71844900028103],[-82.640811000330913,30.718459999732275],[-82.640963999593481,30.718470999954576],[-82.641112999556398,30.718495999893406],[-82.641255999671543,30.718538999896577],[-82.641404999634446,30.718571999760364],[-82.641555000320608,30.718604000296057],[-82.641705000108416,30.718627000022991],[-82.641855999721159,30.718639000314795],[-82.642008000057132,30.718642999896936],[-82.642161000217996,30.71864099971976],[-82.642314000378875,30.718634999960276],[-82.642466999641442,30.718625999934247],[-82.642619999802307,30.718613999640812],[-82.64277100031336,30.718597999762057],[-82.642921000101197,30.718575000028203],[-82.643070999889019,30.718545999751637],[-82.643219999851937,30.718516000148718],[-82.643368999814854,30.718487999944543],[-82.643517999777771,30.718458999641804],[-82.643666999740688,30.718430000102614],[-82.643815999703591,30.718400999782435],[-82.643964999666508,30.718368999951576],[-82.644112999804506,30.718336000018329],[-82.644264000315573,30.718314000314059],[-82.644415999753221,30.718306000350079],[-82.6445689999141,30.718305000258006],[-82.644722999899884,30.718311000038025],[-82.644874000410951,30.7183269999644],[-82.64490200000003,30.718331000331705],[-82.645106000214525,30.718322000277297],[-82.645513999745219,30.718410999920458],[-82.645654000385619,30.718438000056235],[-82.646200999833482,30.718608999968545],[-82.646220000100044,30.718631000377865],[-82.646467999797167,30.718745999697553],[-82.646868999655155,30.719026999936293],[-82.646976999610189,30.7191310001826],[-82.647104999656705,30.719197000265794],[-82.647345999681136,30.719252000171995],[-82.647461000207187,30.719307000046772],[-82.647518000108604,30.719412000071625],[-82.647537000375166,30.719493999695221],[-82.647580000032875,30.719520000220598],[-82.647703999881429,30.719597000131362],[-82.647826000080158,30.719676000136445],[-82.647948000278916,30.719756000153748],[-82.648071000302551,30.719835000028567],[-82.648195999976011,30.719911999687778],[-82.648324999847446,30.719983000382221],[-82.648472000160538,30.720007999929038],[-82.648625000321417,30.720012000226614],[-82.648775999934159,30.719991000207003],[-82.648928000270132,30.719961000281387],[-82.64907899988286,30.719938000100449],[-82.649227999845778,30.719934999874933],[-82.649374000333964,30.719964999808642],[-82.649517000449094,30.720015999751748],[-82.649659999665914,30.720068999815442],[-82.64980399960595,30.720115000109406],[-82.649946999721081,30.720161000381434],[-82.650089999836226,30.72020699985919],[-82.650232999951371,30.720253000087329],[-82.650377999716298,30.720296000079244],[-82.650525000029404,30.720335999839001],[-82.65066999979436,30.720377999723382],[-82.65081000043476,30.720428000150182],[-82.650942999605832,30.720490999909778],[-82.651069000002522,30.720566999748762],[-82.651192999851077,30.720644999663499],[-82.651323000445728,30.720714999751088],[-82.651454999791909,30.720782000360977],[-82.651587999861306,30.720848000086402],[-82.651721999755608,30.720911999636556],[-82.651858000198033,30.720970000302319],[-82.651998999765041,30.721019999649908],[-82.652151000101,30.721043999636439],[-82.65226200042909,30.721043000345027],[-82.652303000436959,30.721043000345027],[-82.652454999874621,30.721027000097056],[-82.652606000385674,30.721004000170399],[-82.652756999998402,30.720981000238194],[-82.652909000334361,30.720959999657406],[-82.653054000099317,30.720922000286432],[-82.653183999795658,30.720852999642517],[-82.653311999842188,30.720779000161798],[-82.653454999957319,30.720761999803425],[-82.653587000201796,30.720829000380704],[-82.653709000400539,30.7209100002787],[-82.653825999678091,30.720994000301285],[-82.653941000204128,30.721080999668303],[-82.65405599983184,30.721168999791484],[-82.65416499961178,30.721261000080094],[-82.654265999894136,30.721359999931675],[-82.65435700013073,30.721466000096871],[-82.654441999621227,30.721576999664119],[-82.654525000360223,30.721688999932809],[-82.654608000200895,30.721801000071352],[-82.654694000414608,30.721909999915848],[-82.654785999577797,30.722014000141403],[-82.654891000058115,30.722106999676356],[-82.655024000127511,30.722175000143071],[-82.655163000044681,30.722237000254356],[-82.655280000220543,30.722316999691241],[-82.655344999619558,30.722437000266634],[-82.655408000267059,30.722559000016325],[-82.655537000138509,30.722638999958271],[-82.655676999880583,30.722625000069751],[-82.655811999599791,30.722550999632361],[-82.655949999692055,30.722492999917709],[-82.65608899960921,30.722438000315808],[-82.656229000249638,30.722385000009897],[-82.656369999816633,30.72233399977538],[-82.656512000106844,30.722282000235335],[-82.656656999871814,30.722240999687177],[-82.656806999659622,30.722226999740872],[-82.656960999645406,30.722240999687177],[-82.657111000331554,30.72226400009102],[-82.657258999571241,30.722297000224351],[-82.657405999884332,30.72233399977538],[-82.657550999649288,30.722374000234147],[-82.657696000312569,30.722416000002948],[-82.657841000077511,30.722458999802448],[-82.657984000192641,30.722503999679883],[-82.658127000307786,30.722552999728382],[-82.658268999699686,30.722600999704515],[-82.658411999814817,30.72265399989173],[-82.658558000303017,30.722675000103585],[-82.658708000090826,30.72264200009964],[-82.658858999703568,30.722619999833263],[-82.659011999864447,30.722609000084383],[-82.659165000025325,30.722606999989466],[-82.659315999638054,30.722627000164298],[-82.659453999730331,30.72268199965831],[-82.659574000279235,30.722764000362162],[-82.659693000104923,30.72284999963157],[-82.659813999580436,30.722930000104288],[-82.659959000243703,30.722899000276513],[-82.660088000115124,30.722828000184965],[-82.660226000207402,30.722770999910473],[-82.660365999949491,30.722718999833884],[-82.660508000239687,30.722668999822872],[-82.660653000004658,30.722622999975219],[-82.660802999792494,30.722615000368773],[-82.660951999755412,30.72264999970378],[-82.661092000395797,30.722701999817584],[-82.661233999787711,30.722741000077601],[-82.661335000070039,30.722645000240842],[-82.661462000291664,30.722566999627411],[-82.661598999660683,30.722513000116177],[-82.661750000171736,30.722507999873887],[-82.66190499998244,30.722512000067738],[-82.662055999595182,30.722492999917709],[-82.662206000281316,30.722464000047296],[-82.66234900039646,30.722418000101818],[-82.662489999963455,30.722365999834842],[-82.662639999751278,30.722326000144992],[-82.662777000018636,30.722365999834842],[-82.66290099986719,30.722448000035147],[-82.663002999974438,30.722547000212391],[-82.663085999815124,30.722659000126463],[-82.663189999572197,30.722752999857388],[-82.663312999595831,30.722832999638413],[-82.66343599961948,30.722912000080949],[-82.663541000099784,30.723007999651852],[-82.663638000184164,30.723109000110721],[-82.663652000427874,30.723123999971079],[-82.663679000192047,30.723152999642959],[-82.663732999720409,30.72321299981515],[-82.663827000330045,30.723317000179609],[-82.663917999668328,30.723423999776685],[-82.664009999729828,30.723528999951395],[-82.664119000408093,30.723621000304675],[-82.664242000431756,30.723701000137616],[-82.664372000128097,30.723770000287757],[-82.664506000022399,30.723832000145435],[-82.664643000289729,30.723891999895084],[-82.664779999658762,30.723950000312527],[-82.664917999751026,30.724006999889955],[-82.665055000018384,30.724066000270557],[-82.665193999935568,30.724120999715932],[-82.665336000225778,30.724168999683567],[-82.665481999815654,30.724213000276507],[-82.665629999953651,30.724248999834003],[-82.665778000091649,30.724260000168069],[-82.665928999704391,30.724228999995677],[-82.66608199986527,30.724215000338052],[-82.666235000026148,30.724200999906152],[-82.666388000187027,30.724190000337661],[-82.666539999624675,30.724185000182342],[-82.666691000135728,30.724191000368641],[-82.666840999923551,30.724213000276507],[-82.666989999886468,30.724248999834003],[-82.667136000374654,30.724291000330453],[-82.667276999941649,30.724339000213494],[-82.667415999858832,30.724395000304249],[-82.667555999600907,30.724450000334109],[-82.667697999891118,30.724496000082262],[-82.667847999678955,30.724523000058515],[-82.668000000014914,30.724540999781077],[-82.668145999604789,30.724576999988336],[-82.668283999697053,30.724634999993707],[-82.668415999941516,30.724702000196075],[-82.668543999988046,30.724773999704723],[-82.6686679998366,30.724852000076993],[-82.668788000385518,30.724933999707279],[-82.66890499966307,30.725020000129817],[-82.669026999861799,30.725099000324665],[-82.669159999931182,30.725161000099916],[-82.669303000046327,30.725209000321957],[-82.669447999811283,30.72525299966798],[-82.669591999751333,30.725295999746518],[-82.669737000414599,30.725337999786799],[-82.669879999631405,30.725385999920761],[-82.670021999921644,30.725435000048915],[-82.67016599986168,30.725486000187384],[-82.670283000037543,30.725408000328088],[-82.670411000084059,30.725336999767659],[-82.670541999605319,30.72526799996691],[-82.670672000199971,30.725199000116771],[-82.670800000246501,30.72512500011069],[-82.670929000117908,30.725054000114099],[-82.671063999837131,30.724994000315473],[-82.671207999777167,30.724947000009532],[-82.671356999740084,30.724919000128551],[-82.671509000076057,30.724906999846134],[-82.671662000236935,30.724903999775311],[-82.671815000397814,30.72490299975167],[-82.671967999660367,30.724901999728015],[-82.672120999821232,30.72490299975167],[-82.672273000157205,30.724893000286968],[-82.672427999967923,30.724874999857903],[-82.672572999732878,30.724838999761939],[-82.672693000281797,30.72476200017644],[-82.672801000236817,30.724663999983299],[-82.672905999818795,30.724568999771837],[-82.673016000321979,30.724475000267084],[-82.673142999645265,30.724407999906948],[-82.673296999631049,30.724392000217431],[-82.673448999967007,30.724380999898482],[-82.67360100030298,30.724371000379648],[-82.673753999565548,30.724363000145996],[-82.673906999726427,30.724355999941089],[-82.674059000062385,30.72435199982375],[-82.674212000223264,30.724352999853103],[-82.674363999660898,30.72436700026293],[-82.674455999722412,30.72446299992939],[-82.674489000232697,30.724593999673999],[-82.674522999669563,30.724721999936278],[-82.674604999685329,30.724976999928167],[-82.674654999914026,30.725102999638775],[-82.674715000188513,30.725223999855558],[-82.674818999945572,30.725316000135734],[-82.674941999969221,30.725396000106496],[-82.675061999619814,30.725478000046262],[-82.675182000168732,30.725560999933119],[-82.675300999994434,30.72564299973255],[-82.675420999645013,30.725725000234434],[-82.675541000193917,30.725806999894349],[-82.675663000392674,30.725887000229935],[-82.675786000416309,30.725964999701635],[-82.675909000439958,30.726041999870635],[-82.676041999611044,30.726105999833919],[-82.676275000137863,30.726189999962529],[-82.676424999925686,30.726213000196427],[-82.676579999736376,30.726195000013842],[-82.676733999722174,30.726174999807014],[-82.676880000210346,30.726185999921292],[-82.67701800030261,30.726238999681993],[-82.677147999998951,30.726314999623124],[-82.677270000197694,30.726397000325598],[-82.677380999627445,30.726490000265638],[-82.677466999841187,30.726597000201966],[-82.677491999955535,30.726729000140111],[-82.677531000313607,30.72685799988755],[-82.677584999841969,30.726982000224265],[-82.677676999903454,30.727084000381684],[-82.677789999881369,30.727175999658904],[-82.677912000080113,30.727256999629724],[-82.67804199977644,30.727325000324839],[-82.678180999693623,30.727382000223276],[-82.678319999610792,30.727438000090704],[-82.678457999703056,30.72749399992556],[-82.67859599979532,30.727549999727913],[-82.678734999712503,30.727605000274295],[-82.678876000177809,30.727656000036898],[-82.679020000117845,30.727699999810373],[-82.679167000430937,30.72773800037076],[-82.679314999670623,30.727769000186882],[-82.679463999633541,30.727797000012252],[-82.679612999596458,30.727826999816092],[-82.679761999559375,30.72786400033355],[-82.679903000024694,30.727913999966649],[-82.680021000025462,30.727995000089507],[-82.680118999934763,30.728098999928207],[-82.680195000102742,30.728213000320387],[-82.68024899963109,30.728337999674185],[-82.680338000217873,30.728439999941106],[-82.680455000393721,30.728524000352404],[-82.68057900024229,30.728603999977416],[-82.680703999915764,30.728680000370424],[-82.680830000312454,30.728755999931376],[-82.680956999635754,30.728831000221703],[-82.681087000230406,30.728900999770772],[-82.681220000299803,30.728964000170855],[-82.681360999866797,30.729011000062545],[-82.68151200037785,30.729038000318585],[-82.681663999815498,30.729060999872928],[-82.681813999603321,30.729085000174198],[-82.681964000289469,30.72910699973729],[-82.682114999902197,30.729129000067555],[-82.68226600041325,30.729150999620607],[-82.682416000201087,30.729174999899509],[-82.682564000339099,30.729207999983633],[-82.682710999753866,30.729243000013732],[-82.682857000242052,30.729282999922241],[-82.683000000357183,30.729332000385966],[-82.68313599990131,30.729395999709233],[-82.683275999643385,30.729416000019899],[-82.683370000253049,30.729313000035777],[-82.6834370002002,30.729194000276902],[-82.683494000101604,30.729066999755769],[-82.683616000300333,30.72903399962334],[-82.683761000065289,30.729078000312178],[-82.683901999632283,30.729132999986657],[-82.684036000424896,30.729196000235156],[-82.684151999877542,30.729279999987622],[-82.684263000205618,30.729370000303003],[-82.684370000335733,30.729464999643849],[-82.684475999742631,30.729560999638604],[-82.684580000398029,30.729658000284182],[-82.684684000155087,30.72975600003333],[-82.684785000437444,30.729855999627276],[-82.684870999752846,30.729963999659127],[-82.684935000225266,30.73008300001171],[-82.684986000278883,30.730208000029076],[-82.685034999784378,30.730333999851691],[-82.685095000058823,30.730454999679516],[-82.685175000424763,30.730567999636758],[-82.685259000090355,30.730679000306321],[-82.685330000235481,30.730794999888577],[-82.685371000243364,30.730920999715924],[-82.685397000182633,30.731052999909963],[-82.685433999992554,30.731182000047784],[-82.685522999680998,30.731278999834142],[-82.68567099981901,30.731312999927201],[-82.68581599958398,30.731354999662237],[-82.685957000049285,30.731406999713304],[-82.68609699979136,30.731458999736244],[-82.686239999906505,30.731505999955647],[-82.686386000394677,30.731544999742425],[-82.686531999984552,30.7315820003769],[-82.686679000297644,30.731618000271002],[-82.686827000435642,30.731651000290892],[-82.686976000398559,30.731684000299431],[-82.687123999638246,30.73171499961861],[-82.687272999601163,30.731743999794649],[-82.687423000287296,30.731770000104778],[-82.687573000075133,30.731794999683682],[-82.687722999862956,30.731819000076321],[-82.687872999650779,30.73184500036621],[-82.688021999613696,30.731873999731015],[-82.688170999576613,30.731905999712211],[-82.688317999889705,30.731942000257462],[-82.688461999829755,30.731984999668555],[-82.688595999724058,30.732046999647579],[-82.688719999572626,30.732126000260532],[-82.688842999596261,30.732204000088696],[-82.688965999619896,30.732282999800773],[-82.689100000412523,30.732352999931376],[-82.689211999667208,30.732437000021005],[-82.689246000002399,30.732567999738887],[-82.689318999797322,30.732682000250261],[-82.689410999858822,30.732788000320298],[-82.689511000316273,30.732888999797812],[-82.689553999973967,30.733041999882612],[-82.689642999662439,30.733143999804255],[-82.689773000257091,30.73322999985108],[-82.689801999671076,30.733242999806606],[-82.689955999656874,30.733310000202824],[-82.690191999658424,30.733357000291669],[-82.690215999947867,30.733361999971191],[-82.690642999745123,30.733406000228417],[-82.691017999663856,30.733457999944942],[-82.691040000303488,30.733460999749592],[-82.691139000037694,30.733492999975972],[-82.691786999767885,30.733883999833097],[-82.691932000431152,30.733955000274861],[-82.692175999930313,30.733992999913408],[-82.692718000253606,30.73393400020402],[-82.693022999852147,30.733948999924188],[-82.693381999877346,30.734043000227718],[-82.693716999613088,30.734190999616288],[-82.693939000269253,30.734208999849916],[-82.694084000034209,30.734179999643484],[-82.694252000263702,30.734179999643484],[-82.694396000203739,30.734158999621684],[-82.694571999930844,30.734114999708261],[-82.694694000129573,30.734036999882541],[-82.694884999925279,30.733948999924188],[-82.695083000292001,30.733925999991996],[-82.695326999791163,30.733881999972191],[-82.695578999686248,30.733943000345256],[-82.695952999780062,30.734124999760514],[-82.696083000374713,30.734158999621684],[-82.696243000208284,30.734153000055869],[-82.696510000171983,30.734059999788194],[-82.696700999967689,30.734020000318004],[-82.696845999732645,30.73402499996314],[-82.697157999902174,30.734119000192589],[-82.69730299966713,30.734142000078673],[-82.697630999730208,30.734119000192589],[-82.697844999990437,30.734190999616288],[-82.697921000158416,30.734206999995688],[-82.698028000288531,30.734179999643484],[-82.698225999756943,30.734174000078941],[-82.69838700031373,30.734147999645227],[-82.698538999751392,30.734091999815725],[-82.698676999843642,30.734020000318004],[-82.699194999877506,30.733911000268304],[-82.699324999573847,30.7338560002318],[-82.699820999866404,30.733409000034619],[-82.699995999768575,30.733310000202824],[-82.700415999893139,30.733239999995174],[-82.700881000223575,30.733338999898891],[-82.701109999654108,30.733272000294946],[-82.701308999845722,30.733123000328796],[-82.701431000044465,30.732903999680623],[-82.701728000145394,30.732694000336895],[-82.702163000338587,30.732480999928384],[-82.70245299986847,30.732150999747084],[-82.702507000295171,30.732100999995364],[-82.702934000092426,30.732023000083895],[-82.703406999920446,30.732116000000843],[-82.703750000052111,30.732088999834904],[-82.704047999977945,30.731978999967403],[-82.704330000010259,30.731724999919898],[-82.704452000208974,30.731528999693229],[-82.704588999578007,30.731445000356487],[-82.7047419997389,30.731398000107404],[-82.704916999641071,30.731385999859398],[-82.705421000329565,30.731430000246636],[-82.705527999561355,30.731412000266118],[-82.705792000050309,30.731314999841434],[-82.706161000121256,30.731088000042249],[-82.706397999947725,30.731055999789472],[-82.70648900018432,30.731020999645558],[-82.706572999849911,30.730933999982913],[-82.706717999614852,30.730846000279794],[-82.706900999912961,30.73062699986248],[-82.707030999609302,30.73060599983863],[-82.707266999610866,30.730621000076788],[-82.707397000205518,30.730592000335022],[-82.707640999704665,30.730422000022301],[-82.707922999736979,30.730334999819],[-82.708244000127351,30.730175000287346],[-82.708533999657263,30.729921000118534],[-82.70860200032763,30.729905999771503],[-82.708793000123336,30.729910999630064],[-82.708998999987671,30.729870999982158],[-82.709358000012855,30.729696000072646],[-82.709762000243913,30.729365999621535],[-82.709975999605845,30.729234000205764],[-82.710204999934689,30.729206000025684],[-82.710852999664908,30.729260999627126],[-82.71102900029031,30.729234000205764],[-82.71151700018693,30.729067999736166],[-82.711639000385674,30.729080000272774],[-82.711760999686106,30.729111999637297],[-82.712294999613476,30.729124000168422],[-82.712799000301942,30.729091000055547],[-82.71318799956606,30.729085000174198],[-82.713515999629109,30.729129000067555],[-82.713676000361005,30.72924899988525],[-82.713873999829417,30.72944800004505],[-82.713996000028146,30.729536000252402],[-82.714186999823852,30.729584999815359],[-82.714514999886916,30.729590999665593],[-82.714613999621108,30.729611999910603],[-82.714842999949965,30.729704999837463],[-82.715087000347452,30.729772000376869],[-82.715324000173908,30.72979299981024],[-82.715750999971164,30.729765999765707],[-82.716223999799197,30.729643999870692],[-82.716545000189555,30.729523999772574],[-82.716735000160341,30.729633000151022],[-82.71726900008774,30.7302490002775],[-82.717483000347983,30.730336999753511],[-82.717589999579786,30.73035999977008],[-82.718008999879444,30.73034800016503],[-82.718223000139687,30.730304000055956],[-82.718475000034758,30.730236999886433],[-82.718925000296565,30.730051000197367],[-82.719352000093821,30.729913000345569],[-82.71958899992029,30.729890000222341],[-82.719802000355614,30.729885000362685],[-82.720336000282998,30.729989999677322],[-82.72092399973873,30.730187999882766],[-82.721091999968237,30.73016499982516],[-82.721327999969787,30.73016499982516],[-82.721625999895622,30.730214999809071],[-82.721977000423209,30.730100000270639],[-82.722358000189715,30.729896000053589],[-82.722839000413657,30.729715000347383],[-82.723135999616261,30.72969800002048],[-82.72358699970296,30.729702999889845],[-82.723739000038933,30.729669000001003],[-82.723837999773139,30.729660000232816],[-82.724082000170611,30.729499000376844],[-82.724411000058595,30.729449999997975],[-82.724609000425289,30.729493999724724],[-82.724861000320374,30.729631000201838],[-82.725211999949664,30.729745000326446],[-82.725540000012714,30.729719000242174],[-82.725677000280058,30.729729999952021],[-82.725813999649105,30.729757000006568],[-82.725966999809984,30.729862000232838],[-82.726141999712155,30.729894000109866],[-82.726469999775219,30.729839000097449],[-82.726928000432949,30.729696000072646],[-82.727294000130826,30.729608000011371],[-82.727644999760102,30.72961899973383],[-82.727812999989595,30.729602000162195],[-82.728084000151256,30.729482000011842],[-82.728294000213552,30.729349000005271],[-82.728462000443031,30.729278000031108],[-82.728591000314452,30.729254999756346],[-82.728850999707134,30.729254999756346],[-82.729056999571455,30.729278000031108],[-82.729147999808063,30.72924899988525],[-82.7294380002363,30.729100999856982],[-82.729560000435015,30.729085000174198],[-82.729705000199971,30.729091000055547],[-82.729834999896312,30.729149999641074],[-82.730132999822146,30.729436000326395],[-82.730453000387612,30.729475000178603],[-82.730690000214068,30.729578999964808],[-82.730856999720331,30.729908999686643],[-82.73116999971478,30.730278000122464],[-82.731436999678465,30.730485000200432],[-82.731628000372496,30.730563999777207],[-82.732062999667363,30.730663000113363],[-82.732329999631048,30.730793999926053],[-82.732429000263565,30.730865000327771],[-82.733344999782375,30.731226999714018],[-82.733504999615931,30.731299999711343],[-82.733733999944803,30.731431000202555],[-82.734298000009417,30.732053000116736],[-82.73455800030041,30.732244000312637],[-82.734694999669443,30.732261000190444],[-82.734970000029051,30.732249999997354],[-82.735755000026614,30.731995999891964],[-82.735923000256108,30.731987000341061],[-82.736105999655877,30.732040000000698],[-82.736350999878283,30.732193999837047],[-82.736967999646339,30.732305000178251],[-82.737120999807217,30.732349000145895],[-82.737341999740138,30.73257400017555],[-82.737487000403419,30.732632999945398],[-82.737564000396318,30.732629000171542],[-82.737678000199125,30.732557000352944],[-82.737776999933331,30.732457999645884],[-82.737982999797666,30.732276000170963],[-82.73813599995853,30.732193999837047],[-82.738304000188023,30.732172000206415],[-82.738511999702169,30.732200000297045],[-82.738601000288924,30.732237999855442],[-82.738951999918214,30.732308999965539],[-82.739127999645305,30.732396999877174],[-82.739203999813299,30.732451999974131],[-82.739706999778534,30.7324289996847],[-82.739813999908662,30.732446000302051],[-82.739936000107392,30.732632999945398],[-82.73999700020677,30.732834999891555],[-82.740050999735132,30.732924999975864],[-82.740188000002476,30.733022000324414],[-82.740408999935397,30.733051000107171],[-82.740608000127054,30.733089000102183],[-82.740905000227968,30.733202999997253],[-82.741058000388833,30.733220999643265],[-82.741286999819394,30.733198000309475],[-82.741629999951073,30.733001000050269],[-82.741737000081187,30.732973000192406],[-82.741911999983373,30.732954999727923],[-82.741988999976257,30.73298999994163],[-82.742080000212852,30.733082999697526],[-82.742454000306665,30.733202999997253],[-82.742599000071621,30.733302999875491],[-82.742691000133135,30.733335000154348],[-82.742850999966706,30.733378999651791],[-82.743246999801826,30.733328999765074],[-82.743347000259249,30.733385000037959],[-82.743483999628282,30.733483999792725],[-82.743575999689796,30.733527999994241],[-82.743933999890075,30.73351600001147],[-82.744452999748859,30.73322999985108],[-82.744850000307196,30.733118999803175],[-82.745017999638378,30.733092999856925],[-82.745421999869407,30.733114000111033],[-82.745697000229029,30.733107999707943],[-82.746055000429322,30.733057999680621],[-82.746437000020734,30.733157999709338],[-82.746543000325957,30.733157999709338],[-82.74674199961926,30.733118999803175],[-82.746841000251777,30.733085000347248],[-82.747351999714624,30.732798999679879],[-82.748038999802887,30.732605999924299],[-82.748687000431403,30.732200000297045],[-82.748847000264973,30.732172000206415],[-82.749170000305156,30.732195999733051],[-82.74968699961579,30.732320000151912],[-82.749816000385536,30.732260000243123],[-82.750578999743453,30.731997999792014],[-82.751090999929531,30.73246699992497],[-82.751976000384502,30.732017000385046],[-82.752243000348216,30.731344000137838],[-82.752609000046107,30.731220000007557],[-82.75331100020297,30.731347999965074],[-82.75398999989531,30.731490999855286],[-82.754531000393726,30.732182999636301],[-82.754805999855023,30.732366000005193],[-82.755676000241365,30.732212999619321],[-82.75621000016875,30.731757999903095],[-82.756508999919504,30.73184500036621],[-82.757118000189962,30.731644999796725],[-82.758360999946902,30.732448000192761],[-82.75931499999885,30.732723000218339],[-82.760047000292971,30.733052999985325],[-82.760551000083112,30.733175000198077],[-82.76078000041197,30.733202999997253],[-82.760955000314169,30.733448999758476],[-82.761283000377219,30.73343599983075],[-82.762030999666536,30.733009000339084],[-82.763030999749233,30.73316000035744],[-82.764113999672617,30.73351600001147],[-82.764601999569237,30.733433999960486],[-82.764922999959623,30.733338999898891],[-82.765128999823929,30.733365999714625],[-82.765403000358646,30.733421000030724],[-82.765640000185101,30.733365999714625],[-82.765800000018672,30.73316000035744],[-82.765922000217401,30.732691999679126],[-82.766159000043857,30.732404000270307],[-82.766593000412158,30.732349000145895],[-82.766805000124265,30.732473000367904],[-82.76738699973221,30.732814000348821],[-82.767437999785827,30.732998000231373],[-82.767493999862324,30.733200000184627],[-82.768211000087817,30.73351600001147],[-82.768767999581414,30.73350100022396],[-82.769119000109015,30.733735999973103],[-82.769905999756375,30.734671999727031],[-82.770217000101013,30.734724000304734],[-82.770385000330492,30.734448999812084],[-82.770072000336057,30.734312000006589],[-82.770096999552095,30.734167999741906],[-82.770720999891168,30.734161000248999],[-82.771758999608707,30.735011999729455],[-82.773361000289171,30.735477000209102],[-82.774168999852947,30.736245999675074],[-82.774520000380534,30.736163999630694],[-82.775359999731364,30.735916000032383],[-82.776396999623984,30.735859999686042],[-82.777236000048205,30.736026000038873],[-82.777678999738995,30.736589000008035],[-82.77806799990141,30.737260000125033],[-82.778586999760194,30.737535000316598],[-82.779396000047186,30.737357999864972],[-82.780082000310529,30.737465999982916],[-82.781227000158211,30.737974000029158],[-82.781767999758273,30.738247999842031],[-82.782257000378138,30.738316999615694],[-82.783469999997862,30.737960000051647],[-82.783607000265192,30.737960000051647],[-82.784561000317154,30.738206000022686],[-82.786117000068558,30.738988000052696],[-82.786628000429701,30.73920799987491],[-82.788185000006024,30.739769999912511],[-82.789375000059522,30.739950000168342],[-82.789565999855242,30.740593999942615],[-82.790206000087835,30.740909000370955],[-82.792059999765058,30.741638000324055],[-82.792587000019751,30.741553999762321],[-82.794006000402106,30.741650999917315],[-82.795356000289189,30.742090000177477],[-82.795988999950779,30.743339000379802],[-82.796256999739384,30.74370900017346],[-82.796660999970413,30.743875000128213],[-82.796958000071342,30.744396000346818],[-82.797241999753453,30.744658000285455],[-82.797804999993161,30.745179999942618],[-82.798645000242303,30.745810999694779],[-82.799477000095507,30.746797000139118],[-82.79958300040073,30.746922999886689],[-82.801635000444676,30.747469999765787],[-82.802169000372061,30.747498999832171],[-82.802412999871223,30.747277999851566],[-82.803474000053285,30.748157000135972],[-82.804191000278777,30.748679999908212],[-82.805014999736088,30.749638999667077],[-82.805290000095695,30.749835000110497],[-82.805885000122444,30.750988000079346],[-82.806182000223359,30.751599999793694],[-82.806388000087679,30.752099000201774],[-82.806465000080593,30.752352999804739],[-82.806495000217794,30.752482999725242],[-82.806587000279308,30.753006999668436],[-82.806617000416537,30.753137000250099],[-82.806655000051379,30.753400000070574],[-82.806716000150743,30.753662000219556],[-82.806754999610476,30.753786999753629],[-82.806860999915713,30.754033999943033],[-82.807121000206706,30.754516000282091],[-82.807281000040277,30.754752999919567],[-82.807342000139641,30.754871000049178],[-82.807373000101776,30.754992999651748],[-82.807257999575739,30.755247000112696],[-82.8072120004433,30.755373000384498],[-82.807082999673554,30.75575400009301],[-82.807005999680669,30.756010000263981],[-82.806976000441736,30.756139000179633],[-82.80694499958129,30.756402000292219],[-82.806937999908598,30.75653599970347],[-82.806900000273757,30.756799000275585],[-82.806891999877848,30.756930999751813],[-82.806915000342372,30.757060999667342],[-82.807014000076578,30.757310000096187],[-82.807182000306071,30.75753199989833],[-82.807364999705868,30.757751000140459],[-82.807434000201141,30.757867000320683],[-82.80744900026977,30.757995000383936],[-82.807373000101776,30.758253000126963],[-82.807188999978777,30.758759999717022],[-82.807158999841533,30.75889200036443],[-82.807173999910148,30.759019000167307],[-82.80727299964434,30.759273000042398],[-82.807312000002412,30.759400999780215],[-82.807373000101776,30.759660000049845],[-82.80744900026977,30.759917999962497],[-82.807600999707404,30.760150000364646],[-82.807609000103312,30.760270999796823],[-82.807501999973198,30.76052599988218],[-82.807425999805233,30.760781999715299],[-82.807333999743705,30.761034000273096],[-82.807265999971662,30.76115399971874],[-82.807082999673554,30.761518000364166],[-82.806983000114442,30.761767999713268],[-82.806961000373121,30.761900999735371],[-82.806976000441736,30.762030999886985],[-82.807090000244571,30.762277000132887],[-82.807228000336821,30.762516000001877],[-82.807303999606489,30.762627999771819],[-82.807563000072562,30.762955999726806],[-82.807753999868268,30.763162000204957],[-82.807860999998397,30.76325900020996],[-82.808302999864281,30.763628000266991],[-82.808502000055924,30.763828000045613],[-82.80869200002671,30.764036000208211],[-82.808799000156824,30.764131000099546],[-82.808913999784551,30.764219000272725],[-82.809416999749814,30.764525999861039],[-82.810027999670069,30.76492100031729],[-82.810256000174036,30.765100000273613],[-82.81045500036565,30.765308000003046],[-82.810493000000506,30.765424000339724],[-82.810416999832512,30.765543999715831],[-82.810195000074657,30.766177999892378],[-82.810133999975292,30.766299999831922],[-82.809928000110972,30.76665399978074],[-82.809814000308151,30.766901000149108],[-82.809783000346016,30.767032000080967],[-82.809805999912228,30.767160000307584],[-82.809867000011593,30.767285999652888],[-82.810005000103857,30.767519999984081],[-82.81017300033335,30.767744999676978],[-82.810272000067556,30.767848000249376],[-82.810385999870377,30.767932000259901],[-82.810515999566718,30.768003000303473],[-82.81064600016137,30.768069999676914],[-82.810919999797761,30.768192000305543],[-82.811118999989375,30.768391999862711],[-82.811354999990925,30.768568000055385],[-82.811462000121054,30.768657000372382],[-82.81156099985526,30.768758000059954],[-82.811744000153368,30.76897399999141],[-82.81207999971403,30.769414000296052],[-82.812170999950624,30.769523000304471],[-82.812483999945073,30.769977000370908],[-82.812628999710043,30.770215000090662],[-82.812683000136701,30.770337999867518],[-82.812713000273931,30.770465000005562],[-82.812713000273931,30.770732000077288],[-82.812735999840143,30.771128999620807],[-82.812735999840143,30.771273999739797],[-82.812873000107487,30.771654000265954],[-82.812926999635863,30.771778000055992],[-82.813041000336995,30.772024000087754],[-82.813171000033321,30.772263999983323],[-82.813376999897642,30.77261899990501],[-82.81340399966183,30.772654999897849],[-82.813545000127149,30.77284000037756],[-82.813818999763512,30.773160000221477],[-82.814048000092384,30.77350599962228],[-82.814177999788711,30.773742000070257],[-82.814262000352628,30.773998000254853],[-82.814315000056084,30.774123999908657],[-82.814398999721661,30.774231999701076],[-82.814529000316327,30.774307000085901],[-82.814925999976367,30.774510999632856],[-82.815024999710573,30.774605999989326],[-82.815109000274461,30.774723000201984],[-82.815230999574865,30.774965000091289],[-82.815422000268896,30.77546800009852],[-82.815474999972352,30.775589999837496],[-82.815551000140346,30.775706999625271],[-82.815634999805923,30.775816999718195],[-82.815734000438454,30.775920000140268],[-82.815840999670257,30.776016000142072],[-82.815962999868987,30.776099999968579],[-82.816092999565328,30.776163000369248],[-82.816238000228608,30.776210000383962],[-82.816389999666242,30.776247000067453],[-82.816535000329523,30.77627499969325],[-82.816840999752955,30.776310999861771],[-82.817282999618826,30.776410999744577],[-82.817435999779718,30.776449000382886],[-82.817581000442971,30.776498000005777],[-82.817717999812018,30.776562999892235],[-82.817862999576974,30.776598999952999],[-82.817999999844318,30.776577999919212],[-82.818290000272555,30.77646000015865],[-82.818588000198361,30.776389999669764],[-82.818732999963331,30.77636300033863],[-82.818885000299289,30.776345999755424],[-82.819496000219573,30.776306000096415],[-82.819647999657221,30.776277000217505],[-82.819785999749485,30.77622199967794],[-82.819938000085457,30.776186999739199],[-82.820091000246322,30.776189000265273],[-82.82024299968397,30.776218000170708],[-82.820380999776233,30.776268999663838],[-82.820640000242321,30.776416000276257],[-82.821113000070341,30.776753999803336],[-82.821693000028489,30.777192999781828],[-82.821898999892795,30.777382999735114],[-82.821990000129389,30.777487999751379],[-82.82215099978788,30.777713000061901],[-82.8223569996522,30.778069999659916],[-82.822653999753115,30.778534999841153],[-82.822791999845379,30.778771999765898],[-82.822852999944757,30.778892000247588],[-82.823172999611884,30.779637999729754],[-82.823233999711263,30.77975799990292],[-82.823318000275165,30.779869999672201],[-82.823386999872142,30.779990999779418],[-82.823471000436044,30.780097000258561],[-82.823920999799526,30.780199999956931],[-82.82435599999269,30.780330000085698],[-82.824493000260048,30.780381999933656],[-82.825180000348325,30.780682999911221],[-82.825316999717344,30.780735999784056],[-82.825462000380611,30.780768999952258],[-82.825613999818273,30.780775999916372],[-82.825926999812722,30.780749999716505],[-82.826521999839471,30.780630000009101],[-82.827008000086266,30.780568999881815],[-82.827285000095699,30.780533999981049],[-82.827727999786489,30.780429000202471],[-82.827880000122462,30.780419999775059],[-82.828033000283327,30.780426999764551],[-82.828186000444205,30.780447000282898],[-82.828482999646809,30.780506000051304],[-82.828773000075046,30.780588000153319],[-82.829344999637257,30.780785999753885],[-82.829764999761821,30.780951999837644],[-82.83003199972552,30.781084000146144],[-82.830543000086678,30.781374999695199],[-82.83078699958584,30.781536000040749],[-82.8310080004171,30.781714999959956],[-82.83121400028142,30.781910999920541],[-82.831405000077126,30.782120999986397],[-82.831718000071561,30.782575000031663],[-82.832000000103889,30.782892000099938],[-82.832068999700851,30.783009999688115],[-82.832298000029709,30.783502000334845],[-82.832335999664537,30.783630000259937],[-82.832389000266303,30.783889000148001],[-82.83241199983253,30.784153999648314],[-82.832405000159838,30.784286000192825],[-82.832350999733166,30.784551000142756],[-82.832335999664537,30.784680999792961],[-82.832344000060459,30.784811000039181],[-82.83241199983253,30.784933000276641],[-82.832496000396432,30.785045000193893],[-82.832595000130624,30.785144000087925],[-82.832939000087208,30.785412999885651],[-82.833030000323816,30.785519999957497],[-82.833105999593471,30.785635999850452],[-82.833151999624235,30.785757999813072],[-82.833113999989394,30.786023999726279],[-82.833105999593471,30.786154999859935],[-82.833091000423167,30.786420000061902],[-82.833098999920779,30.786684000151457],[-82.833168000416066,30.787210000174603],[-82.833289999716484,30.787734000121564],[-82.833304999785113,30.787861999816073],[-82.833282000218887,30.787991999620807],[-82.833221000119522,30.78811800023735],[-82.833006999859279,30.788616000249881],[-82.833015000255187,30.788744999674506],[-82.833175000088772,30.789394000106601],[-82.833243999685735,30.789919999968276],[-82.833312000356131,30.790180000010935],[-82.833435000379765,30.790561000050033],[-82.833786000009056,30.791294000247863],[-82.833923000276386,30.791533999909941],[-82.833975999979842,30.791656000106588],[-82.834013999614669,30.791783999981998],[-82.834074999714048,30.792044999712413],[-82.834120999744798,30.792306000277701],[-82.834181999844162,30.792566000041703],[-82.834341999677733,30.793076999760871],[-82.834381000035791,30.793340000008925],[-82.834396000104419,30.793603000309126],[-82.834396000104419,30.793736999619146],[-82.834280999578368,30.794261000264605],[-82.834181999844162,30.794393000053393],[-82.83417500017147,30.794511000190521],[-82.83417500017147,30.795082999822768],[-82.834196999912777,30.79533500005391],[-82.834242999943527,30.795711000199503],[-82.834258999837061,30.795771999981888],[-82.834273999905662,30.795897999662753],[-82.834357999571267,30.796333000010961],[-82.834593999572817,30.797256000231247],[-82.834639999603581,30.797504000002096],[-82.834685999634331,30.797880000151821],[-82.834724000167483,30.798509000034297],[-82.834776999870911,30.799011000341121],[-82.834776999870911,30.799073999622642],[-82.834792999764446,30.799136999634506],[-82.834831000297598,30.799450999824977],[-82.834837999970276,30.799575000045284],[-82.834837999970276,30.79982700007475],[-82.834831000297598,30.799952999841707],[-82.834785000266848,30.80026599966865],[-82.834739000236098,30.800451000280276],[-82.834632000105969,30.800687000197421],[-82.834433999739247,30.801227000038125],[-82.834372999639868,30.801342000269614],[-82.834297000370213,30.801446000360482],[-82.8340300004065,30.801747999986485],[-82.833838999712484,30.801942000017213],[-82.833724000084757,30.802102999876684],[-82.8336560003127,30.802214999854634],[-82.833442000052457,30.802615999800889],[-82.833328000249637,30.802914999653236],[-82.833273999822978,30.803095999862759],[-82.833175000088772,30.803333000210035],[-82.832961999653421,30.803733000144341],[-82.832282999961095,30.804924000311374],[-82.832138000196124,30.805212000355002],[-82.83198500003526,30.805563999921997],[-82.831656999972196,30.806400000091312],[-82.831527000275855,30.806694000015163],[-82.831184000144191,30.807387999962565],[-82.830764000019627,30.808195000181982],[-82.830740999555076,30.808253999897698],[-82.830481999987327,30.808776000250791],[-82.830389999925799,30.809015000320219],[-82.830337000222372,30.809197999681029],[-82.830328999826435,30.809261000000085],[-82.830298999689219,30.809384999907284],[-82.830261000054378,30.809697999875901],[-82.83026400042742,30.809791000362701],[-82.830291000191608,30.810012000279087],[-82.830291000191608,30.810137999808369],[-82.830237999589841,30.810583000338305],[-82.830245000160843,30.81064399993997],[-82.830267999727056,30.810700999886862],[-82.830344999719969,30.810803999975921],[-82.830481999987327,30.810954999861853],[-82.830580999721519,30.811054000077299],[-82.830947000317721,30.811354999700345],[-82.831039000379235,30.811451999711164],[-82.831114999648904,30.811560999908735],[-82.831206999710403,30.811730999665627],[-82.831359000046376,30.812152000114935],[-82.831473999674103,30.812312999841279],[-82.831610999941446,30.81246299978433],[-82.831694999607038,30.81256800006803],[-82.831840000270304,30.812856000345267],[-82.832000000103889,30.813206999805072],[-82.832183000401983,30.81355200027955],[-82.832205999968195,30.813610999791592],[-82.832282999961095,30.813716000363552],[-82.832335999664537,30.813757999634355],[-82.832518999962659,30.813869000043635],[-82.832648999659,30.813929999873334],[-82.83278599992633,30.813970000082175],[-82.833076000354566,30.814013999752525],[-82.8332129997236,30.814055999664614],[-82.833319999853728,30.814134000224026],[-82.833457000121086,30.814288999743219],[-82.833685999551605,30.814611000249513],[-82.833792999681734,30.814695000304702],[-82.833853999781098,30.814729000251049],[-82.834059999645433,30.814808999986578],[-82.834402999777112,30.814914000020515],[-82.834525999800746,30.814976999677175],[-82.834700999702946,30.815091999654246],[-82.834822999901675,30.815155999823311],[-82.835234999630316,30.815298000335535],[-82.835432999997039,30.815381999789906],[-82.835745999991488,30.81553599975615],[-82.836111999689379,30.815749999840392],[-82.836395000444895,30.815945999845226],[-82.836494000179101,30.816036000138624],[-82.836761000142815,30.816337000352799],[-82.836920999976385,30.816463000072734],[-82.837172999871441,30.816595000226521],[-82.837699000301228,30.81682199973368],[-82.837890000096948,30.816912999817102],[-82.83794399962531,30.816953000326684],[-82.838087999565346,30.817096000334196],[-82.838111000029869,30.817154999983959],[-82.838126999923404,30.817411000306549],[-82.838150000387941,30.817468000095662],[-82.838301999825575,30.817605000343665],[-82.838706000056632,30.817966000021897],[-82.838920000316875,30.818144999998125],[-82.839102999716658,30.81833599985054],[-82.839178999884638,30.818444999951502],[-82.839446999673257,30.818964000250197],[-82.839621999575428,30.819376999805396],[-82.839767000238695,30.819667000118468],[-82.839835999835685,30.819846999819148],[-82.839896999935036,30.820093000304535],[-82.839896999935036,30.820155999650112],[-82.839874000368823,30.820343999949586],[-82.839843000406688,30.820468000208347],[-82.839774999736306,30.820647999950619],[-82.839667999606178,30.820886000000556],[-82.839607000405124,30.821064999934737],[-82.839590999613293,30.821189000033954],[-82.839599000009216,30.821252000203472],[-82.839645000039965,30.821439000108057],[-82.839675000177195,30.821628000000537],[-82.839728999705557,30.821744000289179],[-82.83988100004153,30.821960000000946],[-82.839964999707107,30.822063000360313],[-82.840247999564326,30.822357000179114],[-82.840590999695991,30.822762999808404],[-82.840724999590293,30.82296300003598],[-82.840769999796137,30.823035999884112],[-82.840804000131328,30.82309199964546],[-82.840837999568208,30.823148000145601],[-82.840856000009865,30.823179000091578],[-82.840870000253574,30.823203000067728],[-82.840933999827683,30.823315999907177],[-82.841078999592639,30.823538999875947],[-82.841101000232243,30.823579999710084],[-82.841109999554774,30.823595999885217],[-82.841124999623389,30.823656999708735],[-82.841139999692004,30.823781000318213],[-82.841133000019298,30.823907000300608],[-82.841133000019298,30.824164999895686],[-82.841124999623389,30.824229999953449],[-82.841124999623389,30.824292999670732],[-82.841139999692004,30.824353999822964],[-82.841167000354503,30.824408999825778],[-82.841194000118676,30.824462000275552],[-82.841285000355271,30.824562000214918],[-82.841355999602072,30.82462399995531],[-82.841445000188841,30.82470300017615],[-82.841629000311855,30.824897000140076],[-82.841780999749503,30.825035000345039],[-82.841957000374919,30.825149000096417],[-82.842147000345719,30.825242000280557],[-82.842285000437982,30.825283999911154],[-82.842497999974981,30.825314999938985],[-82.842788000403203,30.825324999771638],[-82.843307000261987,30.825305000105278],[-82.843513000126322,30.825355000034726],[-82.843696000424401,30.825462000382529],[-82.843802999656219,30.825549999973603],[-82.843893999892813,30.825645000037706],[-82.843970999885698,30.825754000328406],[-82.844031999985077,30.825865999733843],[-82.844145999787898,30.826028000130414],[-82.844298999948762,30.82616799973874],[-82.844512000384114,30.82633700012904],[-82.844627000011826,30.826417000223703],[-82.84481000030992,30.826518999919994],[-82.845213999642667,30.826665000325114],[-82.845412999834295,30.826745000146555],[-82.845541999705731,30.826807999756511],[-82.845648999835859,30.826889999701216],[-82.845793999600801,30.827037000047596],[-82.84586999976878,30.827140000360856],[-82.845909000126838,30.827198000278901],[-82.846022999929659,30.827430000372221],[-82.846106999595236,30.827670999765775],[-82.846191000159138,30.828041999723897],[-82.846259999756114,30.828285000108728],[-82.846465999620435,30.828826000362842],[-82.846504000153601,30.828946999782957],[-82.84658000032158,30.829126000118031],[-82.846611000283715,30.829247999642295],[-82.846617999956408,30.829310999924012],[-82.846617999956408,30.82943700036331],[-82.846602999887807,30.82956299986585],[-82.846504000153601,30.829932999751211],[-82.846465999620435,30.83018399990193],[-82.846488000260067,30.830307000095793],[-82.846534000290831,30.830425000095968],[-82.84662600035233,30.830598000265489],[-82.846710000017922,30.830708999724113],[-82.846740000155151,30.830763999943368],[-82.846762999721363,30.830882999847088],[-82.846725000086536,30.831068999816083],[-82.846686999553384,30.831193000109348],[-82.846595000390195,30.831436000232099],[-82.846587999819178,30.831496999702868],[-82.846595000390195,30.831560000051372],[-82.846611000283715,30.831623000358533],[-82.846655999591249,30.831742999653752],[-82.846747999652763,30.831913999624454],[-82.84686200035388,30.83208000011204],[-82.846939000346779,30.832182999642974],[-82.846983999654299,30.832230999716149],[-82.847190000416944,30.832414000353403],[-82.847327999610883,30.832560999955081],[-82.847442000312029,30.832727000095158],[-82.847495999840362,30.832843000087692],[-82.847525999977606,30.832965000287746],[-82.847534000373528,30.833029999787222],[-82.847525999977606,30.833155999973311],[-82.847488000342778,30.833275999666174],[-82.8474270002434,30.833395000312652],[-82.847351000075406,30.833502999851238],[-82.847259000013921,30.833599000196099],[-82.847090999784413,30.833723000306584],[-82.847038000080985,30.833765999747691],[-82.846992000050207,30.833817999996739],[-82.846961000088086,30.833872999977391],[-82.846893000316015,30.834053999705127],[-82.846777999789978,30.834486000335122],[-82.846747999652763,30.834543000015891],[-82.846710000017922,30.834594000188797],[-82.84665999978921,30.834641999827678],[-82.846611000283715,30.834690000213833],[-82.84643399983338,30.834912000337862],[-82.846405000419381,30.834948999794399],[-82.846352999642534,30.834988000081669],[-82.846689999926426,30.835028999654632],[-82.846740000155151,30.835034999872818],[-82.847166999952407,30.835177999949259],[-82.849058000337877,30.835681999992406],[-82.849106999843357,30.835695999634421],[-82.851295000329756,30.83630299978066],[-82.852701000293308,30.83669399992851],[-82.855965000132073,30.837601999822105],[-82.856897000442729,30.837871000097358],[-82.857650999579818,30.838086999778373],[-82.858992999969274,30.838474000369196],[-82.862067999662159,30.839285999659506],[-82.863856999940367,30.839775999910049],[-82.86408899974397,30.839839000223506],[-82.864729999801469,30.840039999955479],[-82.866976000014191,30.840644000073972],[-82.869064000043124,30.841205000301791],[-82.870567999915991,30.841630999789398],[-82.872420999768309,30.842156999820816],[-82.873977000418023,30.842557000034894],[-82.874308999780723,30.842648999979382],[-82.880435999600252,30.844339999905348],[-82.882414000024355,30.844885999958446],[-82.883956000430373,30.84531200007099],[-82.886650000356724,30.846029999799971],[-82.88889300019639,30.846674999999792],[-82.889746999790916,30.846907000061091],[-82.895439000315562,30.848452000315092],[-82.895943000105717,30.848594000169069],[-82.897594000291676,30.849057999703692],[-82.900937999598057,30.84999999962097],[-82.901298000346486,30.850092000140386],[-82.903540000361232,30.850675000182129],[-82.903632000422732,30.850699000224296],[-82.903668000407748,30.850708000238583],[-82.903809999799677,30.850744999774264],[-82.905523999734811,30.851235000116063],[-82.906852999705492,30.85161399966778],[-82.909189000329874,30.852251999956593],[-82.913351999969009,30.853388999800952],[-82.914192000218122,30.853647000351536],[-82.914618000190487,30.853761000050888],[-82.915080999972773,30.853885999781976],[-82.915620999747929,30.854030999975421],[-82.91615700022345,30.854174999727206],[-82.916587000393761,30.85429100001263],[-82.918441000070985,30.854789000162622],[-82.920233999648843,30.855326999983166],[-82.921653000031213,30.855692999959487],[-82.926521000200268,30.857055000255254],[-82.930273999760544,30.858077000212035],[-82.931221000139814,30.858335999897253],[-82.933545000170326,30.858988000295213],[-82.936454000181854,30.85980299995645],[-82.939370999690965,30.860597000223716],[-82.943321999617993,30.861672000164177],[-82.944160000217309,30.861941000036452],[-82.946473000377154,30.86255299982939],[-82.948363999864313,30.863104000184418],[-82.950179999906709,30.863573999666805],[-82.951704999695963,30.864028999677775],[-82.953346999661093,30.864442999748597],[-82.954745000127062,30.864849000227348],[-82.954879999846256,30.864887999926417],[-82.956695000063746,30.865368000202441],[-82.960461000042827,30.866415000287699],[-82.963158000342247,30.867164999812548],[-82.967414999692707,30.868315999687969],[-82.971215000006993,30.869358999702985],[-82.971336000380802,30.869392000269329],[-82.973183000385347,30.869781000364529],[-82.97747800026896,30.870983999819863],[-82.982154999743969,30.872249000177018],[-82.983072999810915,30.871727000329873],[-82.983098999750183,30.871703000153307],[-82.983128999887398,30.871671999691507],[-82.98373399995991,30.870931999669128],[-82.984282999955909,30.870078999946319],[-82.984399000306865,30.869887999749146],[-82.984718000149087,30.869366000151164],[-82.985442999872177,30.868827999682235],[-82.986107000394227,30.868346999693131],[-82.98628999979401,30.868223000383445],[-82.986969000384676,30.867521000035758],[-82.987556000015488,30.866806000308443],[-82.987867000360112,30.866332000095824],[-82.987952999675528,30.866200999813991],[-82.988799999597362,30.865069999854505],[-82.989166000193563,30.864420000177066],[-82.989853000281812,30.863766000229656],[-82.99066900024151,30.863052000385579],[-82.991240999803736,30.862415000368404],[-82.991997000387286,30.861728999887667],[-82.993026999708917,30.861201999840269],[-82.993866000133139,30.860786000118829],[-82.994330999565221,30.860697000296234],[-82.99495699955412,30.860799999953432],[-82.995651000213385,30.861207999963913],[-82.996406999898625,30.861517000041264],[-82.997146999690315,30.861538000017887],[-82.997725999823544,30.861433000088844],[-82.998496999577398,30.86116200003444],[-82.999069000037935,30.861231000305963],[-82.999489000162498,30.860933000208071],[-82.999824999723145,30.860356999624198],[-83.000197999992068,30.860063999928652],[-83.00048599987214,30.860109000224355],[-83.000771000277524,30.860153000338801],[-83.001070999853169,30.860205000167614],[-83.001157000066883,30.860220000246485],[-83.001245999755341,30.860235999711097],[-83.001563999772671,30.860290999970935],[-83.002357999991048,30.860206999715587],[-83.003676999915982,30.859928000294744],[-83.004523999837801,30.859624999946103],[-83.006035000281685,30.859553999728515],[-83.006576999706667,30.85947000036975],[-83.007118000205054,30.859140000138733],[-83.007720999729415,30.858451999776573],[-83.008063999861108,30.857600999654075],[-83.008213999648916,30.857375000373221],[-83.008341999695446,30.857180999739892],[-83.008919000178835,30.856308000130575],[-83.009757999704746,30.855084999648987],[-83.010422000226782,30.853641999982788],[-83.010424999701527,30.85360900016456],[-83.010505999892388,30.85278899989013],[-83.010529000356911,30.85168599984268],[-83.010534000379778,30.851441999845186],[-83.01054400042554,30.850935000062247],[-83.01054400042554,30.850414000106774],[-83.010604999626565,30.849795999898003],[-83.010720000152631,30.849432999828515],[-83.010962999826873,30.848669000365579],[-83.011428999982186,30.847472999837905],[-83.012870999930755,30.847030999943531],[-83.012884000349558,30.847006999754917],[-83.013809000089196,30.845259000335634],[-83.013962000250061,30.8447090003494],[-83.014487999781551,30.845105999771143],[-83.014717000110409,30.845448999920624],[-83.015113999770421,30.847330000344421],[-83.015183000265722,30.848605999680021],[-83.01558699959844,30.848785000368952],[-83.016585999856233,30.848701000061389],[-83.017412999686584,30.848463000332998],[-83.017791999803279,30.848354999892024],[-83.018333000301652,30.848354999892024],[-83.018813999627284,30.848657000091265],[-83.019266000437213,30.849130000254746],[-83.019418999699766,30.849452999865974],[-83.019485999646932,30.84945200036552],[-83.025659000395521,30.849342999993954],[-83.028688999882547,30.849287000122814],[-83.029032999839131,30.84928400007372],[-83.032392000112438,30.849248000248394],[-83.052940999965926,30.849021000288538],[-83.061240000378319,30.848937000187625],[-83.075237000264821,30.848793999791603],[-83.088081999732665,30.848658000371298],[-83.088099000349416,30.831265999871235],[-83.088099000349416,30.831193000109348],[-83.088376000358849,30.831195000262074],[-83.094025000327505,30.831240000216017],[-83.103235000235813,30.831426000264603],[-83.103220999992089,30.829636999802773],[-83.103222999641929,30.829581999709163],[-83.103284999566199,30.828138999852854],[-83.103441000100133,30.824611000000576],[-83.103442999749973,30.824566000025182],[-83.103759999942369,30.817379000207101],[-83.104123999990421,30.809143000225983],[-83.104365000014852,30.803703000072012],[-83.104435000335059,30.803702000095136],[-83.108216000382768,30.803672000013126],[-83.113834000389261,30.80363300012397],[-83.124865000362831,30.803654999628122],[-83.12566700007882,30.80343299977098],[-83.125763000338296,30.803406000316425],[-83.125796999775176,30.803305999955775],[-83.125758000315429,30.802577000254754],[-83.125759000140334,30.802457000008907],[-83.125815000216846,30.802165000225035],[-83.125893999859557,30.802007999675947],[-83.126000000164751,30.8018630003662],[-83.126035000324862,30.801833999706375],[-83.126056000241263,30.801803999812858],[-83.126110999594516,30.801681000151365],[-83.126163000371392,30.801257000111804],[-83.12629600044076,30.801011000002934],[-83.126494999734078,30.800709000375964],[-83.126662999963571,30.800444000205214],[-83.127143000362608,30.799920000084011],[-83.127184000370477,30.799865999965114],[-83.127274999708774,30.799784000098093],[-83.127380000189063,30.799547000258471],[-83.127381000013969,30.799401000300783],[-83.12735699972454,30.799187000067729],[-83.127411000151199,30.79905299986671],[-83.127489999793923,30.798928999744607],[-83.127622000038386,30.798781000335389],[-83.128773999558746,30.797677000054584],[-83.129473000240893,30.797016000192258],[-83.129631000424638,30.796340000385417],[-83.129941999870951,30.795756999861872],[-83.130104000252643,30.795452999806461],[-83.13066400011931,30.794874000351733],[-83.131110000183142,30.794601999798477],[-83.131254999948098,30.794479000180736],[-83.131439000071111,30.794246999984075],[-83.131507999668088,30.79419100038491],[-83.131613000148391,30.793931999692333],[-83.131519000437052,30.793793000254446],[-83.131345000359786,30.793671999764101],[-83.131299000329037,30.793473999685457],[-83.131346000184692,30.793118000248828],[-83.131494000322704,30.792405999735852],[-83.131572999965414,30.792004000310207],[-83.131564999569505,30.791593999924796],[-83.13156299991968,30.791479999710244],[-83.131666999676739,30.791271000123412],[-83.13186400021857,30.790874999700904],[-83.131967999975629,30.790776999644706],[-83.132186000433819,30.790597999614928],[-83.132532000040229,30.790143000285255],[-83.132898999563054,30.78996600008637],[-83.13300900006621,30.789649000184692],[-83.13306099994476,30.789071999989073],[-83.133051999723918,30.788775999917231],[-83.133045000051226,30.788629999806947],[-83.133034000180572,30.788414000019522],[-83.132979999753914,30.788236999724823],[-83.132855999905345,30.787720999805416],[-83.132839000186905,30.787140999940853],[-83.132881999844599,30.786816000310282],[-83.133306000167124,30.786061999653835],[-83.133322999885564,30.7860310000796],[-83.133337999954179,30.786004999756887],[-83.133496000137939,30.785489000208624],[-83.133351000372983,30.784974000378593],[-83.133086999884029,30.784578000262655],[-83.132771000414849,30.783585999798454],[-83.132830999790997,30.782881000287901],[-83.133070000165588,30.782366999811167],[-83.13310399960244,30.78197799964223],[-83.132855999905345,30.781257999855011],[-83.132839000186905,30.780994000306269],[-83.132958999837513,30.780692999758404],[-83.133223000326467,30.780391999812121],[-83.133862999660749,30.779951000092467],[-83.13406799970015,30.77970200035524],[-83.134102000035341,30.779481000209714],[-83.134189999898894,30.779339000029911],[-83.134768000207202,30.779320000283427],[-83.134912999972158,30.779202000027283],[-83.13487000031445,30.778680999841018],[-83.135092000072305,30.777770000242235],[-83.135620999976808,30.777072000014126],[-83.136236000095053,30.775228999978037],[-83.135980000002021,30.773466999845716],[-83.135528000090403,30.771924000276204],[-83.135467999815944,30.771461999952074],[-83.135425000158236,30.770911000031457],[-83.135348000165351,30.770440999980135],[-83.135492999930307,30.770161999824534],[-83.135784000183435,30.770066000156611],[-83.136124999766977,30.770161999824534],[-83.136193000437345,30.769904999911656],[-83.135412999564352,30.768911000286607],[-83.135328000073841,30.768679999729745],[-83.135318000028107,30.768650999867923],[-83.135313999830146,30.768639999971285],[-83.135306000332548,30.768618000174193],[-83.135291000263933,30.768577000047827],[-83.135273999647183,30.768530999734601],[-83.135159999844376,30.768183000277087],[-83.134929999690598,30.767812000001914],[-83.135211999722898,30.766923000338643],[-83.13515200034675,30.766343000115391],[-83.134947000307349,30.765020999687071],[-83.13457200038863,30.763030999637156],[-83.134229000256951,30.761715000198855],[-83.13375300005589,30.761135999888637],[-83.13347100002359,30.759990999833196],[-83.133095000279951,30.759198000291839],[-83.132829999966063,30.758532999741938],[-83.132777000262621,30.757753999960556],[-83.132856999730237,30.757455999877649],[-83.133193000189223,30.756987999890772],[-83.13365400032167,30.755692999635215],[-83.133691999956511,30.754753999633387],[-83.133716000245968,30.754143000384609],[-83.133734999614234,30.753653000376552],[-83.133754999705701,30.753034000148119],[-83.133835999896561,30.752416000310696],[-83.133923999760114,30.752216999723782],[-83.133969999790864,30.752112999668487],[-83.133954999722249,30.751653999990481],[-83.13381599980508,30.751248000342361],[-83.133603000268067,30.750995999646591],[-83.133039000203439,30.75044400015625],[-83.132797000354103,30.750206999949672],[-83.132495000230321,30.749590000265897],[-83.132469000291039,30.748947999963395],[-83.132655000063878,30.74833000015354],[-83.133265000159255,30.747299000102085],[-83.133651999773534,30.746259999863035],[-83.133941000376865,30.745483999817971],[-83.134170999632317,30.744866999987828],[-83.134425000075524,30.744240000292375],[-83.134672999772647,30.743520999804879],[-83.13468100016857,30.743254999757173],[-83.134687999841262,30.743007999716923],[-83.134695000412265,30.742807000088877],[-83.134700000435146,30.742626999766447],[-83.134594000129923,30.74237499967651],[-83.134706000282932,30.741757000158046],[-83.134779999902776,30.741343999967743],[-83.13515200034675,30.740290999941223],[-83.135149999798614,30.7399829996512],[-83.13515200034675,30.739579999835161],[-83.134594000129923,30.73877800006964],[-83.134501000243517,30.738392000186469],[-83.134647999658299,30.737679000182492],[-83.135229000339649,30.736840999789763],[-83.135208000423262,30.735648000010446],[-83.135126000407496,30.735100000261376],[-83.135066999957942,30.734828999752306],[-83.135020999927193,30.734539999856985],[-83.134173000180454,30.733692999798944],[-83.13406699987523,30.733395000166023],[-83.134040999935976,30.732409999944998],[-83.13424099995251,30.731804000024621],[-83.134174000005359,30.731195000279559],[-83.133958000095291,30.730858999784711],[-83.1338800002775,30.730738999655017],[-83.133775999622102,30.730577000092339],[-83.133702000002245,30.730391000287295],[-83.133471999848481,30.730402999887001],[-83.133326000258634,30.730280000058226],[-83.133286000075657,30.729993000362043],[-83.13346799965052,30.72978400005363],[-83.133485000267271,30.728973000004029],[-83.133650000123723,30.728273999648462],[-83.13406699987523,30.728087000041604],[-83.134364999801065,30.727929999843802],[-83.134798000344418,30.727702999794179],[-83.13482299956047,30.72756699966147],[-83.134754999788427,30.727406000170447],[-83.134497999870462,30.727281000380188],[-83.134354999755331,30.727215999653009],[-83.134341000409947,30.726998000256071],[-83.134579000061308,30.726605000250164],[-83.134594000129923,30.725784000335796],[-83.134078999570804,30.725523000058971],[-83.134163000134706,30.724929000362771],[-83.133992000430482,30.724775999754627],[-83.133838000444712,30.724648000336277],[-83.133670000215204,30.724503000277018],[-83.133510000381634,30.72436400017525],[-83.133207000432932,30.72452800019629],[-83.132804000026795,30.724538999726288],[-83.132626999576487,30.724375999753072],[-83.132521999994495,30.724109000106367],[-83.13228400034312,30.723934999808513],[-83.132183999885697,30.723795999659966],[-83.13149900034557,30.723520000382184],[-83.130757000005715,30.722878000113472],[-83.130413000049145,30.722396999833997],[-83.130276999606693,30.722234000100379],[-83.130212000207692,30.722097999974402],[-83.130275999781787,30.722100000079823],[-83.130339000429302,30.722102000185263],[-83.130546000118528,30.722099000027086],[-83.134269000439915,30.721949999778225],[-83.135065000308131,30.721964999818894],[-83.135776999612418,30.721965999873017],[-83.13578599983326,30.72045499972122],[-83.135482000059639,30.718435999874849],[-83.135594000212635,30.717355000005188],[-83.135609000281264,30.717180999874795],[-83.135626999824609,30.716954000000534],[-83.13564400044136,30.716729999917185],[-83.135686000274148,30.715973999945518],[-83.135696000319882,30.715864000223952],[-83.135692000121921,30.71556699965388],[-83.135668999657398,30.715175000286123],[-83.135584999991806,30.714072999623266],[-83.1355780003191,30.713987000248618],[-83.135497999953159,30.712686999696725],[-83.135461000143252,30.71112299979858],[-83.135273999647183,30.702796999973348],[-83.13510700014092,30.700346000159719],[-83.135154999821495,30.700338999756259],[-83.135153999996575,30.700269999834976],[-83.13515300017167,30.700236000381707],[-83.13515200034675,30.700172000242503],[-83.135143999950827,30.699780000105193],[-83.134950999606986,30.695934000042776],[-83.134948999957174,30.695901000158759],[-83.134938000086507,30.695697999757691],[-83.134856000070741,30.69569099978952],[-83.134994000163019,30.685057999757248],[-83.134999000185871,30.684661000152648],[-83.135013000429595,30.683559999842707],[-83.135063999584887,30.679750999818932],[-83.135071999980809,30.678994999825687],[-83.135103999767864,30.67694200006531],[-83.135184999958724,30.671197000186723],[-83.135267999799396,30.665440000227612],[-83.135103999767864,30.665442999829303],[-83.135338000119603,30.655487000012574],[-83.13539500002102,30.653199000118803],[-83.135450000272584,30.649433000028942],[-83.135517000219735,30.644845000194408],[-83.135545999633749,30.644845000194408],[-83.135570999748111,30.644352000318229],[-83.135574000121153,30.644299999728592],[-83.135723999908976,30.641508000083292],[-83.135737000327779,30.641455000167834],[-83.135755999696016,30.641372999949745],[-83.135745999650283,30.641114999771478],[-83.136620000234615,30.625235999858436]]]},"properties":{"GEOID":"13101","NAME":"Echols County","STATE":"13","COUNTY":"101","CENTLAT":"+30.7101283","CENTLON":"-082.8938538"}}]}