spot_id,name,category,latitude,longitude,area_m2,osm_type,osm_id
OSM-N10089669142,RaceTrac,FUEL_STATION,34.105834,-84.031189,,node,10089669142
OSM-N10089669238,Chevron,FUEL_STATION,34.005999,-83.988508,,node,10089669238
OSM-N10089669239,Kroger,FUEL_STATION,34.004622,-83.98773,,node,10089669239
OSM-N10089669263,Exxon,FUEL_STATION,33.934897,-83.979312,,node,10089669263
OSM-N10089669264,BP,FUEL_STATION,33.932904,-83.977987,,node,10089669264
OSM-N10090324933,Chevron,FUEL_STATION,33.840657,-83.894752,,node,10090324933
OSM-N10090324934,Mobil,FUEL_STATION,33.839254,-83.893631,,node,10090324934
OSM-N10090324937,Citgo,FUEL_STATION,33.834165,-83.88963,,node,10090324937
OSM-N10090324964,Citgo,FUEL_STATION,33.815242,-83.934488,,node,10090324964
OSM-N10106480004,Loganville Elementary School,SCHOOL,33.854249,-83.866949,,node,10106480004
OSM-N10106480005,Loganville Middle School,SCHOOL,33.855221,-83.865257,,node,10106480005
OSM-N10203217975,Foothills,SCHOOL,33.819248,-83.735538,,node,10203217975
OSM-N10264024498,Church lot,PLACE_OF_WORSHIP,34.453726,-83.940693,,node,10264024498
OSM-N10264024499,Gas station,FUEL_STATION,34.465975,-83.945621,,node,10264024499
OSM-N10264025020,Church lot,PLACE_OF_WORSHIP,34.112979,-83.765941,,node,10264025020
OSM-N10608292505,Grace baptist Church,PLACE_OF_WORSHIP,34.23974,-83.875952,,node,10608292505
OSM-N10652895905,Riverbend Church,PLACE_OF_WORSHIP,34.231987,-83.884203,,node,10652895905
OSM-N10659599205,Northeast Georgia Speech Center,SCHOOL,34.298883,-83.832246,,node,10659599205
OSM-N10660061605,Christ Luthern Church of God,PLACE_OF_WORSHIP,34.238478,-83.877494,,node,10660061605
OSM-N10676932405,Cedars Preschool,SCHOOL,34.243623,-83.878015,,node,10676932405
OSM-N10700877381,The Ministry of Prayer and the Word,PLACE_OF_WORSHIP,33.981241,-83.971435,,node,10700877381
OSM-N10769955209,G.I.V.E. Center East,SCHOOL,33.986395,-83.971758,,node,10769955209
OSM-N10776383033,Grace Baptist Church,PLACE_OF_WORSHIP,34.009253,-83.92569,,node,10776383033
OSM-N10909679130,Gas station,FUEL_STATION,34.378938,-83.679726,,node,10909679130
OSM-N10909800005,Gwinett Islamic Circle,PLACE_OF_WORSHIP,34.027118,-84.047183,,node,10909800005
OSM-N10966401970,City of Zion,PLACE_OF_WORSHIP,33.957964,-83.973101,,node,10966401970
OSM-N11040599229,StonePoint Church,PLACE_OF_WORSHIP,34.268038,-84.094147,,node,11040599229
OSM-N11053351086,The Revival Spiritfilled Church,PLACE_OF_WORSHIP,33.95001,-83.406169,,node,11053351086
OSM-N11183067633,Gas station,FUEL_STATION,33.941155,-84.081617,,node,11183067633
OSM-N11184226479,BP,FUEL_STATION,33.827177,-83.438025,,node,11184226479
OSM-N11547174208,Exxon,FUEL_STATION,34.049977,-83.929722,,node,11547174208
OSM-N11547340638,First Baptist Church of Carl,PLACE_OF_WORSHIP,33.99772,-83.806472,,node,11547340638
OSM-N11682596437,"Richard ""Buddy"" Brooks Fire Station #1",FIRE_STATION,34.448493,-83.598002,,node,11682596437
OSM-N11684386991,Love's,FUEL_STATION,34.22717,-83.499827,,node,11684386991
OSM-N11691436665,Sanctuary of Pentecost,PLACE_OF_WORSHIP,34.106063,-83.760126,,node,11691436665
OSM-N11691440313,Braselton Christian Academy,SCHOOL,34.118621,-83.756309,,node,11691440313
OSM-N11697867551,New Life Worship Center,PLACE_OF_WORSHIP,33.965255,-83.597044,,node,11697867551
OSM-N11699032475,Bogart Christian Church,PLACE_OF_WORSHIP,33.949652,-83.537024,,node,11699032475
OSM-N11699032481,Great Life Ministries,PLACE_OF_WORSHIP,33.949101,-83.533336,,node,11699032481
OSM-N11772513126,Life Church of Athens,PLACE_OF_WORSHIP,33.965188,-83.379335,,node,11772513126
OSM-N11776505745,12Stone Church,PLACE_OF_WORSHIP,34.121168,-83.824326,,node,11776505745
OSM-N11802390746,Church lot,PLACE_OF_WORSHIP,34.405727,-83.913076,,node,11802390746
OSM-N11802503836,Parking lot,PARKING,34.428836,-83.975334,,node,11802503836
OSM-N11811627201,Carrefour Market,FUEL_STATION,34.010555,-83.845992,,node,11811627201
OSM-N11811627213,Ingles Gas Express,FUEL_STATION,34.011347,-83.838948,,node,11811627213
OSM-N11811627222,Church lot,PLACE_OF_WORSHIP,34.010798,-83.830863,,node,11811627222
OSM-N11811627231,Marathon,FUEL_STATION,34.012088,-83.82585,,node,11811627231
OSM-N11811627241,Exxon,FUEL_STATION,34.010961,-83.822754,,node,11811627241
OSM-N11811631281,Church lot,PLACE_OF_WORSHIP,34.009287,-83.852436,,node,11811631281
OSM-N11811631285,Gas station,FUEL_STATION,34.009784,-83.853329,,node,11811631285
OSM-N11811631297,International Montessori School - Auburn,SCHOOL,34.011521,-83.854315,,node,11811631297
OSM-N11811631300,IGLESIA CRISTIANA BEERSEBA,PLACE_OF_WORSHIP,34.012627,-83.840345,,node,11811631300
OSM-N11966772770,University Church,PLACE_OF_WORSHIP,33.951277,-83.38392,,node,11966772770
OSM-N12105168789,Gas station,FUEL_STATION,34.119733,-83.761527,,node,12105168789
OSM-N12143249320,University Church of Christ,PLACE_OF_WORSHIP,33.887074,-83.412795,,node,12143249320
OSM-N12192878680,Gas station,FUEL_STATION,34.157294,-83.897421,,node,12192878680
OSM-N12192878969,Gas station,FUEL_STATION,34.141084,-84.018757,,node,12192878969
OSM-N12197721984,Chevron,FUEL_STATION,34.057799,-84.063805,,node,12197721984
OSM-N12245938290,Gas station,FUEL_STATION,34.347444,-83.322177,,node,12245938290
OSM-N12245938291,Gas station,FUEL_STATION,34.347227,-83.321404,,node,12245938291
OSM-N12249332600,Parking lot,PARKING,34.092118,-83.932,,node,12249332600
OSM-N12307403354,Gas station,FUEL_STATION,34.252313,-83.462938,,node,12307403354
OSM-N12353226230,Chevron,FUEL_STATION,33.940974,-84.080547,,node,12353226230
OSM-N12353226233,Sunoco,FUEL_STATION,33.942224,-84.076811,,node,12353226233
OSM-N12353226236,Texaco,FUEL_STATION,33.936979,-84.088981,,node,12353226236
OSM-N12365357184,QuikTrip,FUEL_STATION,34.279886,-83.879218,,node,12365357184
OSM-N12386580835,BP,FUEL_STATION,34.293691,-83.999516,,node,12386580835
OSM-N12610693542,Jackson County High School,SCHOOL,34.1131,-83.686711,,node,12610693542
OSM-N12610693543,Legacy Knoll Middle School,SCHOOL,34.112922,-83.690531,,node,12610693543
OSM-N12649872843,Gas station,FUEL_STATION,34.15394,-83.650304,,node,12649872843
OSM-N12649873808,Parking lot,PARKING,34.252111,-83.463743,,node,12649873808
OSM-N12649879531,Gas station,FUEL_STATION,34.186169,-83.590479,,node,12649879531
OSM-N12649879532,Gas station,FUEL_STATION,34.185625,-83.590665,,node,12649879532
OSM-N12649879543,Parking lot,PARKING,34.186666,-83.591146,,node,12649879543
OSM-N12649888125,Parking lot,PARKING,34.349605,-83.319916,,node,12649888125
OSM-N12649889912,Parking lot,PARKING,34.347672,-83.323161,,node,12649889912
OSM-N12649894267,Parking lot,PARKING,34.119907,-83.760959,,node,12649894267
OSM-N12696396478,Murphy Express,FUEL_STATION,34.293692,-83.847918,,node,12696396478
OSM-N12824395705,Parking lot,PARKING,33.981652,-83.38173,,node,12824395705
OSM-N12883951935,Parking lot,PARKING,33.922457,-83.341734,,node,12883951935
OSM-N12883951936,Parking lot,PARKING,33.922524,-83.343034,,node,12883951936
OSM-N13006551822,Parking lot,PARKING,34.350474,-83.76126,,node,13006551822
OSM-N13009754564,Dyer Elementary School,SCHOOL,33.99682,-83.937294,,node,13009754564
OSM-N13027464792,Lanier Church of God,PLACE_OF_WORSHIP,34.140853,-84.020968,,node,13027464792
OSM-N13047980101,Mountain View High School,SCHOOL,34.052009,-83.95207,,node,13047980101
OSM-N13049144116,Twin Rivers Middle School,SCHOOL,34.045651,-83.946384,,node,13049144116
OSM-N13072278741,Gas station,FUEL_STATION,34.003283,-84.039913,,node,13072278741
OSM-N13146697155,Bold Springs Baptist Church,PLACE_OF_WORSHIP,33.901498,-83.805061,,node,13146697155
OSM-N13146697230,Bold Springs United Methodist Church,PLACE_OF_WORSHIP,33.899057,-83.80347,,node,13146697230
OSM-N13151954124,Grace Pointe Community Church,PLACE_OF_WORSHIP,33.965604,-83.849317,,node,13151954124
OSM-N13156785048,Harbins Community Baptist Church,PLACE_OF_WORSHIP,33.957038,-83.86428,,node,13156785048
OSM-N13201381508,Macedonia Baptist Church,PLACE_OF_WORSHIP,33.854718,-83.700585,,node,13201381508
OSM-N13274818544,Grace Family International Church,PLACE_OF_WORSHIP,33.965935,-83.962607,,node,13274818544
OSM-N13372200443,Emmaus Church,PLACE_OF_WORSHIP,34.097369,-83.999904,,node,13372200443
OSM-N13389622024,Anchor Church of Ila,PLACE_OF_WORSHIP,34.2112,-83.3154,,node,13389622024
OSM-N13390417840,Bible Baptist Church,PLACE_OF_WORSHIP,34.090183,-83.245859,,node,13390417840
OSM-N13391377617,Canaan Baptist Church,PLACE_OF_WORSHIP,34.198186,-83.359385,,node,13391377617
OSM-N13395842205,Lighthouse Tabernacle Church,PLACE_OF_WORSHIP,34.171116,-83.297414,,node,13395842205
OSM-N13408730983,Kroger,FUEL_STATION,34.091032,-83.758277,,node,13408730983
OSM-N13409259776,Calvary Missionary Baptist Church,PLACE_OF_WORSHIP,34.211619,-83.46102,,node,13409259776
OSM-N13410945489,First Pentecostal Oneness Church of Arcade,PLACE_OF_WORSHIP,34.079034,-83.565091,,node,13410945489
OSM-N13410980384,Beyond Words Baptist Church,PLACE_OF_WORSHIP,34.079583,-83.56726,,node,13410980384
OSM-N13416568982,Parking lot,PARKING,33.874793,-83.446921,,node,13416568982
OSM-N13422241847,Solid Rock Baptist Church,PLACE_OF_WORSHIP,34.259331,-83.575467,,node,13422241847
OSM-N13423279957,The Church of God,PLACE_OF_WORSHIP,34.196069,-83.550186,,node,13423279957
OSM-N13423300278,The Potter's House,PLACE_OF_WORSHIP,34.069954,-83.512238,,node,13423300278
OSM-N13427351662,Springfield Missionary Baptist Church,PLACE_OF_WORSHIP,34.395327,-83.660522,,node,13427351662
OSM-N13428184179,Christian Baptist Church,PLACE_OF_WORSHIP,34.434494,-83.808629,,node,13428184179
OSM-N13429402705,Emmaus Baptist Church,PLACE_OF_WORSHIP,34.340268,-83.675258,,node,13429402705
OSM-N13429828325,First Presbyterian Church,PLACE_OF_WORSHIP,34.316108,-83.815057,,node,13429828325
OSM-N13478324266,The Church of Jesus Christ of Latter-day Saints,PLACE_OF_WORSHIP,34.083086,-84.071315,,node,13478324266
OSM-N13617597244,Parking lot,PARKING,34.350201,-83.760045,,node,13617597244
OSM-N13712687233,Parking lot,PARKING,33.923278,-83.444429,,node,13712687233
OSM-N13809523314,Damascus Baptist Church,PLACE_OF_WORSHIP,34.402379,-83.443623,,node,13809523314
OSM-N13809964315,Charity Baptist Church,PLACE_OF_WORSHIP,34.358297,-83.446349,,node,13809964315
OSM-N13825398022,Mount Pleasant Methodist Church,PLACE_OF_WORSHIP,34.3632,-83.441996,,node,13825398022
OSM-N13825690252,New Birth Baptist Church,PLACE_OF_WORSHIP,34.466302,-83.511268,,node,13825690252
OSM-N13836480394,Temple Baptist Church,PLACE_OF_WORSHIP,34.334873,-83.532928,,node,13836480394
OSM-N13916862262,Sims Temple,PLACE_OF_WORSHIP,34.494422,-83.263833,,node,13916862262
OSM-N13925574283,Crossroads Baptist Church,PLACE_OF_WORSHIP,34.444957,-83.621633,,node,13925574283
OSM-N13926848946,Friendly Mission Baptist Church,PLACE_OF_WORSHIP,34.490649,-83.639284,,node,13926848946
OSM-N13932046219,Pine Grove Holiness Church,PLACE_OF_WORSHIP,34.447062,-83.601756,,node,13932046219
OSM-N13956613762,Gas station,FUEL_STATION,33.988123,-83.729245,,node,13956613762
OSM-N14000386755,Parking lot,PARKING,34.061515,-83.983254,,node,14000386755
OSM-N14049686920,BP,FUEL_STATION,34.408832,-83.667904,,node,14049686920
OSM-N14068608801,Hall County Fire Station 11,FIRE_STATION,34.413839,-83.908131,,node,14068608801
OSM-N14068613401,Hall County Fire Station 16,FIRE_STATION,34.397596,-83.858118,,node,14068613401
OSM-N14084442878,RaceTrac,FUEL_STATION,34.283376,-84.075281,,node,14084442878
OSM-N14125865401,Hall County Fire Station 4,FIRE_STATION,34.274583,-83.882767,,node,14125865401
OSM-N14125869701,Hall County Fire Station 13,FIRE_STATION,34.341851,-83.902922,,node,14125869701
OSM-N14125870101,Hall County Fire Station 2,FIRE_STATION,34.469862,-83.776019,,node,14125870101
OSM-N1740403006,Commerce Primary School,SCHOOL,34.195515,-83.461946,,node,1740403006
OSM-N1740518767,East Jackson Middle School,SCHOOL,34.149118,-83.471624,,node,1740518767
OSM-N1913006874,Cornerstone Church,PLACE_OF_WORSHIP,34.003593,-83.928399,,node,1913006874
OSM-N1937205260,Bay Creek Middle School,SCHOOL,33.875514,-83.960179,,node,1937205260
OSM-N1937205261,Trip Elementary School,SCHOOL,33.872275,-83.960624,,node,1937205261
OSM-N1951885829,United Methodist Church of Oakwood,PLACE_OF_WORSHIP,34.226819,-83.883182,,node,1951885829
OSM-N1979471122,Mulberry River Walk Parking,PARKING,34.114185,-83.816066,,node,1979471122
OSM-N2260004771,Gasoline & Convenience,FUEL_STATION,34.228265,-83.865991,,node,2260004771
OSM-N2438112675,Georgia Gwinnett College,SCHOOL,33.97823,-84.002694,,node,2438112675
OSM-N2497892189,Buford High School,SCHOOL,34.132636,-83.986575,,node,2497892189
OSM-N2497898141,Buford Elementary School,SCHOOL,34.134741,-83.995874,,node,2497898141
OSM-N2497914596,Buford Academy,SCHOOL,34.129655,-83.991491,,node,2497914596
OSM-N2497916653,Buford Middle School,SCHOOL,34.127557,-83.991115,,node,2497916653
OSM-N2533894804,Parking lot,PARKING,33.927398,-83.384591,,node,2533894804
OSM-N2533894805,Parking lot,PARKING,33.927656,-83.385498,,node,2533894805
OSM-N2534029233,Parking lot,PARKING,33.927964,-83.384948,,node,2534029233
OSM-N2665915426,Fire station,FIRE_STATION,33.888521,-83.779689,,node,2665915426
OSM-N2665968727,Marathon,FUEL_STATION,33.880534,-83.848942,,node,2665968727
OSM-N2938271248,RaceTrac,FUEL_STATION,34.28071,-83.877457,,node,2938271248
OSM-N2971502435,Phoenix Community of Athens,PLACE_OF_WORSHIP,33.956245,-83.383596,,node,2971502435
OSM-N3090780791,Shell,FUEL_STATION,34.14182,-83.95353,,node,3090780791
OSM-N3090780796,Kroger,FUEL_STATION,34.107706,-83.874007,,node,3090780796
OSM-N322122745,R.L. Norton Elementary,SCHOOL,33.809898,-84.009831,,node,322122745
OSM-N3275408844,Oglethorpe Avenue Church of Christ,PLACE_OF_WORSHIP,33.961464,-83.417356,,node,3275408844
OSM-N358679181,Air Line School,SCHOOL,34.353157,-83.760732,,node,358679181
OSM-N358679535,Antioch United Methodist Church,PLACE_OF_WORSHIP,34.342335,-83.891238,,node,358679535
OSM-N358679538,Antioch Holiness Church,PLACE_OF_WORSHIP,34.372128,-83.637623,,node,358679538
OSM-N358679647,Arnolds Chapel C.M.E. Church,PLACE_OF_WORSHIP,34.325844,-83.357751,,node,358679647
OSM-N358680236,Bellton Baptist Church,PLACE_OF_WORSHIP,34.399803,-83.657032,,node,358680236
OSM-N358680317,Benton School,SCHOOL,34.107888,-83.434604,,node,358680317
OSM-N358681323,Brenau Academy,SCHOOL,34.303435,-83.8224,,node,358681323
OSM-N358682136,Candler Street School,SCHOOL,34.307601,-83.824067,,node,358682136
OSM-N358682533,Central Gwinnett High School,SCHOOL,33.948993,-83.99963,,node,358682533
OSM-N358684047,Davis Academy,SCHOOL,34.280662,-83.417661,,node,358684047
OSM-N358684463,Dove Creek Church,PLACE_OF_WORSHIP,33.91562,-83.624345,,node,358684463
OSM-N358684646,East View Church,PLACE_OF_WORSHIP,34.312602,-83.783509,,node,358684646
OSM-N358685301,Faith Church,PLACE_OF_WORSHIP,34.323337,-83.794509,,node,358685301
OSM-N358685804,Friendship Church,PLACE_OF_WORSHIP,34.288991,-83.829344,,node,358685804
OSM-N358685848,Full Gospel Tabernacle,PLACE_OF_WORSHIP,34.143721,-83.438771,,node,358685848
OSM-N358685850,Full Gospel Tabernacle,PLACE_OF_WORSHIP,34.398627,-83.776015,,node,358685850
OSM-N358685875,Gainesville Mill School,SCHOOL,34.282324,-83.820455,,node,358685875
OSM-N358686208,Gordon Church,PLACE_OF_WORSHIP,34.272273,-83.272645,,node,358686208
OSM-N358687072,Harmony Elementary School,SCHOOL,34.097182,-83.979611,,node,358687072
OSM-N358687811,Holly Heights Chapel,PLACE_OF_WORSHIP,33.996225,-83.352379,,node,358687811
OSM-N358687832,Holly Springs United Methodist Church,PLACE_OF_WORSHIP,34.234418,-83.638142,,node,358687832
OSM-N358687834,Holly Springs Baptist Church,PLACE_OF_WORSHIP,34.469639,-83.734242,,node,358687834
OSM-N358688068,Hopewell Presbyterian Church,PLACE_OF_WORSHIP,34.409917,-83.238646,,node,358688068
OSM-N358688291,Hudson River Baptist Church,PLACE_OF_WORSHIP,34.25307,-83.337961,,node,358688291
OSM-N358688300,Huff Grove Baptist Church,PLACE_OF_WORSHIP,34.07064,-83.368497,,node,358688300
OSM-N358688394,Hurricane Grove Baptist Church,PLACE_OF_WORSHIP,34.208301,-83.551557,,node,358688394
OSM-N358688463,Indian Creek Baptist Church,PLACE_OF_WORSHIP,34.350802,-83.335245,,node,358688463
OSM-N358688624,Jacks Creek Primitive Baptist Church,PLACE_OF_WORSHIP,33.806246,-83.599003,,node,358688624
OSM-N358689805,Lakewood Church,PLACE_OF_WORSHIP,34.320379,-83.833234,,node,358689805
OSM-N358690206,Liberty Church,PLACE_OF_WORSHIP,34.246449,-83.272455,,node,358690206
OSM-N358690747,Lost City Miracle Church,PLACE_OF_WORSHIP,33.893443,-83.806288,,node,358690747
OSM-N358690916,Lyman Hall School,SCHOOL,34.283157,-83.842122,,node,358690916
OSM-N358692085,Melvin Hill Christian Methodist Episcopal Church,PLACE_OF_WORSHIP,34.271445,-83.294905,,node,358692085
OSM-N358692129,Memorial Park Church,PLACE_OF_WORSHIP,34.273157,-83.862123,,node,358692129
OSM-N358692241,Middle River Baptist Church,PLACE_OF_WORSHIP,34.328307,-83.270901,,node,358692241
OSM-N358692538,Miller Park School,SCHOOL,34.286213,-83.832122,,node,358692538
OSM-N358692852,Moons Grove Baptist Church,PLACE_OF_WORSHIP,34.094976,-83.268574,,node,358692852
OSM-N358692926,Moriah Church,PLACE_OF_WORSHIP,34.072021,-83.246411,,node,358692926
OSM-N358693336,Mount Carmel Baptist Church,PLACE_OF_WORSHIP,34.348257,-83.575224,,node,358693336
OSM-N358693379,Mount Enon Baptist Church,PLACE_OF_WORSHIP,33.850671,-83.611835,,node,358693379
OSM-N358693852,Mount Olive Baptist Church,PLACE_OF_WORSHIP,34.21982,-83.483099,,node,358693852
OSM-N358694322,Mount Vernon Church,PLACE_OF_WORSHIP,34.437763,-83.85213,,node,358694322
OSM-N358694681,Mount Zion Church,PLACE_OF_WORSHIP,34.038168,-83.335434,,node,358694681
OSM-N358694703,Mount Zion Baptist Church,PLACE_OF_WORSHIP,34.202418,-83.333877,,node,358694703
OSM-N358694757,Mountain Creek Baptist Church,PLACE_OF_WORSHIP,33.848857,-83.7286,,node,358694757
OSM-N358694965,Nails Creek Baptist Church,PLACE_OF_WORSHIP,34.372254,-83.406197,,node,358694965
OSM-N358695041,Neals Grove Baptist Church,PLACE_OF_WORSHIP,34.274943,-83.394302,,node,358695041
OSM-N358695180,New Bridge Baptist Church,PLACE_OF_WORSHIP,34.359401,-83.813629,,node,358695180
OSM-N358695300,New Haven Holiness Church,PLACE_OF_WORSHIP,34.17814,-83.234288,,node,358695300
OSM-N358695747,New Liberty Church,PLACE_OF_WORSHIP,34.115939,-83.79573,,node,358695747
OSM-N358696009,New Salem United Methodist Church,PLACE_OF_WORSHIP,34.283162,-83.415994,,node,358696009
OSM-N358698281,Pilgrim Church,PLACE_OF_WORSHIP,34.26538,-83.853233,,node,358698281
OSM-N358698491,Pine Grove Baptist Church,PLACE_OF_WORSHIP,34.311979,-83.64654,,node,358698491
OSM-N358698744,Pinecrest Church,PLACE_OF_WORSHIP,34.255658,-83.853511,,node,358698744
OSM-N358699230,Pleasant Grove Baptist Church,PLACE_OF_WORSHIP,34.074475,-83.313541,,node,358699230
OSM-N358699477,Pleasant Hill Full Gospel Church,PLACE_OF_WORSHIP,34.401528,-84.000547,,node,358699477
OSM-N358699523,Pleasant Union Church,PLACE_OF_WORSHIP,34.301769,-83.807955,,node,358699523
OSM-N358699638,Pond Fork Baptist Church,PLACE_OF_WORSHIP,34.209641,-83.684962,,node,358699638
OSM-N358699987,Prospect Church,PLACE_OF_WORSHIP,33.836503,-83.682116,,node,358699987
OSM-N358699990,Prospect AME Zion Church,PLACE_OF_WORSHIP,33.8496,-83.694622,,node,358699990
OSM-N358699994,Prospect United Methodist Church,PLACE_OF_WORSHIP,33.99655,-83.489713,,node,358699994
OSM-N358700004,Prospect Baptist Church,PLACE_OF_WORSHIP,34.361434,-83.958925,,node,358700004
OSM-N358700096,New Life Baptist Church,PLACE_OF_WORSHIP,33.985427,-83.551711,,node,358700096
OSM-N358700103,Providence Baptist Church,PLACE_OF_WORSHIP,34.210317,-83.285309,,node,358700103
OSM-N358700804,Ridgeway Baptist Church,PLACE_OF_WORSHIP,34.258035,-83.490498,,node,358700804
OSM-N358700858,River Bend Church,PLACE_OF_WORSHIP,34.330299,-83.814027,,node,358700858
OSM-N358700864,River Bend School,SCHOOL,34.333441,-83.812139,,node,358700864
OSM-N358700898,Riverside Academy,SCHOOL,34.332323,-83.832679,,node,358700898
OSM-N358701090,Rock Hill Family Center,PLACE_OF_WORSHIP,34.376997,-83.898009,,node,358701090
OSM-N358701367,Rogers Chapel,PLACE_OF_WORSHIP,34.160618,-83.34205,,node,358701367
OSM-N358702181,Saint Marks Church,PLACE_OF_WORSHIP,33.955393,-83.355157,,node,358702181
OSM-N358702997,Sardis Church,PLACE_OF_WORSHIP,33.806865,-83.796766,,node,358702997
OSM-N358703022,Sardis Baptist Church,PLACE_OF_WORSHIP,34.340274,-83.900153,,node,358703022
OSM-N358703043,Sardis School,SCHOOL,34.342599,-83.894904,,node,358703043
OSM-N358703050,Tyrus Baptist Church,PLACE_OF_WORSHIP,34.139388,-83.527983,,node,358703050
OSM-N358703271,Settingdown Church,PLACE_OF_WORSHIP,34.283228,-84.077569,,node,358703271
OSM-N358703759,Shiloh School,SCHOOL,33.82455,-84.073525,,node,358703759
OSM-N358703947,Silver Shoals Baptist Church,PLACE_OF_WORSHIP,34.373925,-83.539336,,node,358703947
OSM-N358703950,Silver Shoals Church,PLACE_OF_WORSHIP,34.245698,-84.02105,,node,358703950
OSM-N358704080,Skitts Mountain Baptist Church,PLACE_OF_WORSHIP,34.491145,-83.692392,,node,358704080
OSM-N358704449,Sorrells Springs Primitive Baptist Church,PLACE_OF_WORSHIP,33.867201,-83.756041,,node,358704449
OSM-N358704452,Fresh Anointing Church,PLACE_OF_WORSHIP,34.440869,-83.984471,,node,358704452
OSM-N358704485,Academies of Discovery,SCHOOL,34.223158,-83.859344,,node,358704485
OSM-N358704492,South Jackson School,SCHOOL,34.039001,-83.500162,,node,358704492
OSM-N358704829,Spring Hill A.M.E. Zion Church,PLACE_OF_WORSHIP,33.863405,-83.719399,,node,358704829
OSM-N358705719,Tabor's Chapel CME Church,PLACE_OF_WORSHIP,34.224889,-83.264559,,node,358705719
OSM-N358705725,Tadmore School,SCHOOL,34.272326,-83.728228,,node,358705725
OSM-N358705917,Temple Church,PLACE_OF_WORSHIP,34.282324,-83.842678,,node,358705917
OSM-N358706365,Toney Hill Church,PLACE_OF_WORSHIP,34.147053,-83.567388,,node,358706365
OSM-N358706624,Trinity Church,PLACE_OF_WORSHIP,34.280391,-83.265956,,node,358706624
OSM-N358706628,Trinity United Methodist Church,PLACE_OF_WORSHIP,34.457321,-83.77694,,node,358706628
OSM-N358707179,Union Grove CME Church,PLACE_OF_WORSHIP,34.368523,-83.251689,,node,358707179
OSM-N358707585,Victory Church,PLACE_OF_WORSHIP,34.114276,-83.580166,,node,358707585
OSM-N358708161,Webbs Creek Baptist Church,PLACE_OF_WORSHIP,34.300546,-83.460156,,node,358708161
OSM-N358708451,Wesley Chapel Community Church,PLACE_OF_WORSHIP,34.197886,-83.324878,,node,358708451
OSM-N358708781,Whitehall Baptist Church,PLACE_OF_WORSHIP,34.362471,-83.714994,,node,358708781
OSM-N358709402,Windsor Universalist Church,PLACE_OF_WORSHIP,33.87941,-83.838923,,node,358709402
OSM-N358709521,Woodlawn Church,PLACE_OF_WORSHIP,34.274546,-83.874623,,node,358709521
OSM-N358711524,Broad River Baptist Church,PLACE_OF_WORSHIP,34.461443,-83.271028,,node,358711524
OSM-N358711728,Cleveland Grove Holiness Church,PLACE_OF_WORSHIP,34.413739,-83.314337,,node,358711728
OSM-N358711979,Ellis Chapel,PLACE_OF_WORSHIP,34.461584,-83.287036,,node,358711979
OSM-N358712570,Hunters Creek Baptist Church,PLACE_OF_WORSHIP,34.419462,-83.294854,,node,358712570
OSM-N358712717,King Branch Baptist Church,PLACE_OF_WORSHIP,34.39154,-83.375201,,node,358712717
OSM-N358712788,Lamar Christian Church,PLACE_OF_WORSHIP,34.455179,-83.431262,,node,358712788
OSM-N358712885,Liberty Hill Baptist Church,PLACE_OF_WORSHIP,34.436624,-83.506496,,node,358712885
OSM-N358713328,Rehoboth Congregational Holiness Church,PLACE_OF_WORSHIP,34.388658,-83.569663,,node,358713328
OSM-N358713394,Mount Zion Church,PLACE_OF_WORSHIP,34.388624,-83.348679,,node,358713394
OSM-N358713452,Mountain View Baptist Church,PLACE_OF_WORSHIP,34.477058,-83.508525,,node,358713452
OSM-N358713469,Mud Creek School,SCHOOL,34.509265,-83.591008,,node,358713469
OSM-N358713530,New Bethel Baptist Church,PLACE_OF_WORSHIP,34.394486,-83.326291,,node,358713530
OSM-N358713575,New Hope Church,PLACE_OF_WORSHIP,34.48077,-83.338657,,node,358713575
OSM-N358713628,Ruhamah Pentacostal Holiness Church,PLACE_OF_WORSHIP,34.391228,-83.278241,,node,358713628
OSM-N358713903,Pine Grove Church,PLACE_OF_WORSHIP,34.502601,-83.271271,,node,358713903
OSM-N358714087,Prospect Church,PLACE_OF_WORSHIP,34.44427,-83.387335,,node,358714087
OSM-N358714300,Rock Springs Baptist Church,PLACE_OF_WORSHIP,34.404057,-83.545584,,node,358714300
OSM-N358714517,Shady Church,PLACE_OF_WORSHIP,34.465065,-83.300673,,node,358714517
OSM-N358714713,State Industrial Institute,SCHOOL,34.451767,-83.59434,,node,358714713
OSM-N358714845,Tates Creek Baptist Church,PLACE_OF_WORSHIP,34.460948,-83.395143,,node,358714845
OSM-N358714878,Line Baptist Church,PLACE_OF_WORSHIP,34.409843,-83.507029,,node,358714878
OSM-N358714969,Travelers Church,PLACE_OF_WORSHIP,34.45038,-83.302938,,node,358714969
OSM-N358715053,Union Ground Christian Church,PLACE_OF_WORSHIP,34.389071,-83.34973,,node,358715053
OSM-N358715067,Union Hill Missionary Baptist Church,PLACE_OF_WORSHIP,34.425889,-83.467867,,node,358715067
OSM-N358715200,Welcome Church,PLACE_OF_WORSHIP,34.465723,-83.298777,,node,358715200
OSM-N358719047,Gwinnett Community Church,PLACE_OF_WORSHIP,33.899271,-84.0488,,node,358719047
OSM-N358719054,Unitarian Universalist Congregation of Gwinnett,PLACE_OF_WORSHIP,33.90631,-84.081705,,node,358719054
OSM-N358719058,Gloster Baptist Church,PLACE_OF_WORSHIP,33.911215,-84.075468,,node,358719058
OSM-N358719060,Lilburn Outreach Church,PLACE_OF_WORSHIP,33.915937,-84.072968,,node,358719060
OSM-N358719096,Sola Fide Lutheran Church,PLACE_OF_WORSHIP,33.916091,-84.001339,,node,358719096
OSM-N358719124,Believers Baptist Church,PLACE_OF_WORSHIP,33.934548,-84.070745,,node,358719124
OSM-N358719128,Amazing Grace Baptist Church,PLACE_OF_WORSHIP,33.93927,-84.074079,,node,358719128
OSM-N358719136,Maxwell High School of Technology,SCHOOL,33.95424,-84.059534,,node,358719136
OSM-N358719143,Amazing Grace Lutheran Church,PLACE_OF_WORSHIP,33.917881,-84.093525,,node,358719143
OSM-N358719146,Oak Hill Baptist Church,PLACE_OF_WORSHIP,33.922048,-84.086024,,node,358719146
OSM-N358719156,McKendree School,SCHOOL,33.977603,-84.025742,,node,358719156
OSM-N358719171,Faith Baptist Church,PLACE_OF_WORSHIP,33.97038,-84.067411,,node,358719171
OSM-N358719174,Woodland Hills Assembly of God Church,PLACE_OF_WORSHIP,33.979863,-84.055259,,node,358719174
OSM-N358719177,Bible Methodist Church,PLACE_OF_WORSHIP,33.977602,-84.096857,,node,358719177
OSM-N358719187,Church of God,PLACE_OF_WORSHIP,33.985128,-83.887626,,node,358719187
OSM-N358719194,Gwinnett Online Campus,SCHOOL,33.984125,-83.971712,,node,358719194
OSM-N358719238,Grace Bible Church,PLACE_OF_WORSHIP,33.935938,-83.978518,,node,358719238
OSM-N358719255,New Canaan Baptist Church,PLACE_OF_WORSHIP,33.991247,-83.975168,,node,358719255
OSM-N358719260,Mountain View Tabernacle,PLACE_OF_WORSHIP,33.867605,-84.036856,,node,358719260
OSM-N358719305,W.C. Britt Elementary School,SCHOOL,33.85203,-84.010134,,node,358719305
OSM-N358719326,Evangel Community Church,PLACE_OF_WORSHIP,33.806496,-84.043246,,node,358719326
OSM-N358719335,Faith Outreach Academy,SCHOOL,33.835978,-84.084471,,node,358719335
OSM-N358719341,Church of Redeemer,PLACE_OF_WORSHIP,33.809551,-84.042135,,node,358719341
OSM-N358719346,Shiloh School,SCHOOL,33.82705,-84.073803,,node,358719346
OSM-N358719349,Caleb Road Church,PLACE_OF_WORSHIP,33.800385,-84.016301,,node,358719349
OSM-N358719352,Anchor Church,PLACE_OF_WORSHIP,33.805006,-84.066333,,node,358719352
OSM-N358719356,Annistown Church,PLACE_OF_WORSHIP,33.804686,-84.071112,,node,358719356
OSM-N358719362,Centerville School,SCHOOL,33.831217,-84.037134,,node,358719362
OSM-N358719367,Norton School,SCHOOL,33.809551,-84.010189,,node,358719367
OSM-N358719370,Annistown School,SCHOOL,33.802961,-84.068737,,node,358719370
OSM-N358719375,Trinity Church,PLACE_OF_WORSHIP,34.044273,-83.839899,,node,358719375
OSM-N358719378,Auburn Park Chapel,PLACE_OF_WORSHIP,34.020385,-83.806008,,node,358719378
OSM-N358719410,Johnson Comprehensive High School,SCHOOL,34.223436,-83.854344,,node,358719410
OSM-N358719436,Shadowbrook Church,PLACE_OF_WORSHIP,34.061182,-84.069105,,node,358719436
OSM-N358719453,Heritage Church,PLACE_OF_WORSHIP,34.004321,-84.041461,,node,358719453
OSM-N358719472,Mount Sinai Church,PLACE_OF_WORSHIP,34.019825,-83.97523,,node,358719472
OSM-N358719476,Northbrook Church,PLACE_OF_WORSHIP,34.034546,-83.992962,,node,358719476
OSM-N358719480,Rolling Hills Church,PLACE_OF_WORSHIP,34.037325,-83.952682,,node,358719480
OSM-N358719484,Bogan Road Church,PLACE_OF_WORSHIP,34.087326,-83.89629,,node,358719484
OSM-N358719488,New Covenant Church,PLACE_OF_WORSHIP,34.031011,-83.907343,,node,358719488
OSM-N358723021,Community Church,PLACE_OF_WORSHIP,34.202886,-83.252097,,node,358723021
OSM-N358723047,Erastus Christian Church,PLACE_OF_WORSHIP,34.14881,-83.359983,,node,358723047
OSM-N358723071,Ila Baptist Church,PLACE_OF_WORSHIP,34.171104,-83.292852,,node,358723071
OSM-N358723074,Ila Elementary School,SCHOOL,34.175387,-83.293488,,node,358723074
OSM-N358723132,Rogers Baptist Church,PLACE_OF_WORSHIP,34.15395,-83.34034,,node,358723132
OSM-N358744322,Campton United Methodist Church,PLACE_OF_WORSHIP,33.873332,-83.714307,,node,358744322
OSM-N358744398,Kingdom Hall Church,PLACE_OF_WORSHIP,33.826418,-83.660903,,node,358744398
OSM-N358744416,Love Tabernacle Church,PLACE_OF_WORSHIP,33.827551,-83.652722,,node,358744416
OSM-N358744454,Mount Vernon Christian Church,PLACE_OF_WORSHIP,33.836233,-83.645279,,node,358744454
OSM-N358744507,Walker Park School,SCHOOL,33.836779,-83.731285,,node,358744507
OSM-N358744514,Walton Tabernacle,PLACE_OF_WORSHIP,33.805386,-83.95102,,node,358744514
OSM-N358759015,Baldwin Elementary School,SCHOOL,34.489129,-83.539971,,node,358759015
OSM-N358759017,Banks County Elementary School,SCHOOL,34.331216,-83.507944,,node,358759017
OSM-N358759022,Banks County Primary School,SCHOOL,34.324272,-83.498221,,node,358759022
OSM-N358759032,Black Spring Baptist Church,PLACE_OF_WORSHIP,34.214783,-83.396137,,node,358759032
OSM-N358759061,Gillsville Baptist Church,PLACE_OF_WORSHIP,34.310642,-83.635884,,node,358759061
OSM-N358759093,Liberty Baptist Church,PLACE_OF_WORSHIP,34.340936,-83.649616,,node,358759093
OSM-N358759133,Temple Church,PLACE_OF_WORSHIP,34.365103,-83.531835,,node,358759133
OSM-N358759141,Bold Spring United Methodist Church,PLACE_OF_WORSHIP,34.294893,-83.334784,,node,358759141
OSM-N358759155,Cross Roads Baptist Church,PLACE_OF_WORSHIP,34.363818,-83.247636,,node,358759155
OSM-N358759341,Apple Valley Baptist Church,PLACE_OF_WORSHIP,34.156776,-83.510719,,node,358759341
OSM-N358759345,Arcade Mission,PLACE_OF_WORSHIP,34.071222,-83.551275,,node,358759345
OSM-N358759348,Arcade Presbyterian Church,PLACE_OF_WORSHIP,34.075666,-83.563776,,node,358759348
OSM-N358759356,Brockton Road Church,PLACE_OF_WORSHIP,34.117888,-83.528497,,node,358759356
OSM-N358759361,Calvary Church,PLACE_OF_WORSHIP,34.22483,-83.461551,,node,358759361
OSM-N358759374,Commerce Elementary School,SCHOOL,34.193412,-83.461871,,node,358759374
OSM-N358759376,Commerce High School,SCHOOL,34.198127,-83.463879,,node,358759376
OSM-N358759401,First Methodist Church,PLACE_OF_WORSHIP,34.120942,-83.573499,,node,358759401
OSM-N358759419,Hope Haven Mission,PLACE_OF_WORSHIP,34.087609,-83.64489,,node,358759419
OSM-N358759429,Jackson Trail School,SCHOOL,34.087053,-83.64489,,node,358759429
OSM-N358759440,Jones Chapel Baptist Church,PLACE_OF_WORSHIP,34.127697,-83.468334,,node,358759440
OSM-N358759444,Liberty Church,PLACE_OF_WORSHIP,34.154272,-83.784063,,node,358759444
OSM-N358759450,Maysville Elementary School,SCHOOL,34.244829,-83.556555,,node,358759450
OSM-N358759506,Thyatira Church,PLACE_OF_WORSHIP,34.143786,-83.530254,,node,358759506
OSM-N358759509,Thyatira Church,PLACE_OF_WORSHIP,34.208164,-83.420993,,node,358759509
OSM-N358759511,Thyatira Presbyterian Church,PLACE_OF_WORSHIP,34.138804,-83.536874,,node,358759511
OSM-N358759518,Unity Christian Church,PLACE_OF_WORSHIP,34.250481,-83.606293,,node,358759518
OSM-N358759535,Archers Grove Church,PLACE_OF_WORSHIP,34.018446,-83.45766,,node,358759535
OSM-N358759554,First Baptist Church,PLACE_OF_WORSHIP,34.120387,-83.575721,,node,358759554
OSM-N358759557,First Presbyterian Church,PLACE_OF_WORSHIP,34.120387,-83.576277,,node,358759557
OSM-N358760109,Tom's Creek Baptist Church,PLACE_OF_WORSHIP,34.478783,-83.242287,,node,358760109
OSM-N358762393,Kilough Church,PLACE_OF_WORSHIP,34.373709,-84.025527,,node,358762393
OSM-N358762413,Alto Baptist Church,PLACE_OF_WORSHIP,34.46917,-83.574867,,node,358762413
OSM-N358762427,Baldwin Baptist Church,PLACE_OF_WORSHIP,34.493461,-83.540036,,node,358762427
OSM-N358762471,Cornelia Christian Church,PLACE_OF_WORSHIP,34.505143,-83.525669,,node,358762471
OSM-N358762476,Cornelia Elementary School,SCHOOL,34.507322,-83.527394,,node,358762476
OSM-N358762526,Georgia State Industrial Institute,SCHOOL,34.451489,-83.594618,,node,358762526
OSM-N358767413,Allen's United Methodist Church,PLACE_OF_WORSHIP,34.439072,-83.264887,,node,358767413
OSM-N358767606,Antioch United Methodist Church,PLACE_OF_WORSHIP,34.078698,-83.4377,,node,358767606
OSM-N358767673,Arnold Chapel Baptist Church,PLACE_OF_WORSHIP,33.803985,-83.773835,,node,358767673
OSM-N358767925,Berea Baptist Church,PLACE_OF_WORSHIP,34.14269,-83.400665,,node,358767925
OSM-N358768001,Bethany Missionary Baptist Church,PLACE_OF_WORSHIP,33.821534,-83.651915,,node,358768001
OSM-N358768009,Bethany Methodist Church,PLACE_OF_WORSHIP,34.12031,-83.493358,,node,358768009
OSM-N358768015,Bethany Christian Church,PLACE_OF_WORSHIP,34.35979,-83.478292,,node,358768015
OSM-N358768113,Bethel Baptist Church,PLACE_OF_WORSHIP,33.808848,-83.601905,,node,358768113
OSM-N358768297,Bethlehem United Methodist Church,PLACE_OF_WORSHIP,33.926387,-83.705357,,node,358768297
OSM-N358768301,Bethlehem AME Zion Church,PLACE_OF_WORSHIP,33.944814,-83.683764,,node,358768301
OSM-N358768440,Blacks Creek Baptist Church,PLACE_OF_WORSHIP,34.197816,-83.395037,,node,358768440
OSM-N358768629,Broad River Baptist Church,PLACE_OF_WORSHIP,34.471308,-83.485976,,node,358768629
OSM-N358768745,Cabin Creek Baptist Church,PLACE_OF_WORSHIP,34.138934,-83.44805,,node,358768745
OSM-N358768790,Calvary Baptist Church,PLACE_OF_WORSHIP,34.259536,-83.817242,,node,358768790
OSM-N358768879,Carters Temple,PLACE_OF_WORSHIP,33.803742,-83.810648,,node,358768879
OSM-N358768924,Cave Springs Baptist Church,PLACE_OF_WORSHIP,34.195932,-83.611854,,node,358768924
OSM-N358769000,Foundation Church,PLACE_OF_WORSHIP,34.211217,-83.643502,,node,358769000
OSM-N358769112,Chestatee Baptist Church,PLACE_OF_WORSHIP,34.341012,-83.952536,,node,358769112
OSM-N358769568,Cross Road Church,PLACE_OF_WORSHIP,34.448987,-83.807959,,node,358769568
OSM-N358769738,Dewberry Baptist Church,PLACE_OF_WORSHIP,34.413893,-83.764897,,node,358769738
OSM-N358769742,Dewberry Baptist Church No. 2,PLACE_OF_WORSHIP,34.420947,-83.809481,,node,358769742
OSM-N358769744,Diamond Hill Baptist Church,PLACE_OF_WORSHIP,34.26961,-83.630986,,node,358769744
OSM-N358769903,Dunagan Chapel United Methodist Church,PLACE_OF_WORSHIP,34.317303,-83.715361,,node,358769903
OSM-N358769955,East Hall High School,SCHOOL,34.334546,-83.741564,,node,358769955
OSM-N358770367,Fair Play Baptist Church,PLACE_OF_WORSHIP,34.111992,-83.327813,,node,358770367
OSM-N358770669,Freedom Church of God,PLACE_OF_WORSHIP,34.129756,-83.348831,,node,358770669
OSM-N358770771,Friendship Baptist Church,PLACE_OF_WORSHIP,33.826092,-83.742912,,node,358770771
OSM-N358770789,Friendship Baptist Church,PLACE_OF_WORSHIP,34.15679,-83.254724,,node,358770789
OSM-N358770847,Galilee Holiness Church,PLACE_OF_WORSHIP,34.196604,-83.337959,,node,358770847
OSM-N358771044,Grady School,SCHOOL,34.416769,-83.440999,,node,358771044
OSM-N358771119,Grove Level Baptist Church,PLACE_OF_WORSHIP,34.283916,-83.522446,,node,358771119
OSM-N358771262,Harmony Baptist Church,PLACE_OF_WORSHIP,34.445858,-83.513106,,node,358771262
OSM-N358771419,Hickory Flat United Methodist Church,PLACE_OF_WORSHIP,34.369933,-83.595651,,node,358771419
OSM-N358771966,Oconee County Middle School,SCHOOL,33.874007,-83.444883,,node,358771966
OSM-N358771970,Oconee County Elementary School,SCHOOL,33.871784,-83.44405,,node,358771970
OSM-N358772354,Auburn Elementary School,SCHOOL,34.009829,-83.82462,,node,358772354
OSM-N358772367,Bethlehem African Methodist Episcopal Zion Church,PLACE_OF_WORSHIP,33.933445,-83.713505,,node,358772367
OSM-N358772368,Bethlehem Elementary School,SCHOOL,33.930111,-83.718227,,node,358772368
OSM-N358772401,Cornerstone Church,PLACE_OF_WORSHIP,33.98789,-83.582943,,node,358772401
OSM-N358772405,County Line Elementary School,SCHOOL,34.044274,-83.776562,,node,358772405
OSM-N358772432,Greater Barber Creek Missionary Baptist Church,PLACE_OF_WORSHIP,33.978465,-83.56182,,node,358772432
OSM-N358772445,Westside Middle School,SCHOOL,33.978052,-83.761563,,node,358772445
OSM-N358772448,Living Word Church,PLACE_OF_WORSHIP,34.02122,-83.762673,,node,358772448
OSM-N358772502,Temple of God,PLACE_OF_WORSHIP,33.975108,-83.793786,,node,358772502
OSM-N358772722,Maranantha Church,PLACE_OF_WORSHIP,34.465651,-83.946019,,node,358772722
OSM-N358772731,Mount Olive Church,PLACE_OF_WORSHIP,34.481207,-83.901018,,node,358772731
OSM-N358772753,Zion Hill Church,PLACE_OF_WORSHIP,34.432596,-84.002409,,node,358772753
OSM-N358776429,Athens Area Vocational School,SCHOOL,33.959559,-83.384877,,node,358776429
OSM-N358776523,Dorseys Tabernacle,PLACE_OF_WORSHIP,33.967892,-83.384602,,node,358776523
OSM-N358776535,Ebenezer Baptist Church West,PLACE_OF_WORSHIP,33.955115,-83.391547,,node,358776535
OSM-N358776554,Fowler Drive Elementary School,SCHOOL,33.989836,-83.362379,,node,358776554
OSM-N358776631,Saint Johns Holiness Church,PLACE_OF_WORSHIP,33.954643,-83.393789,,node,358776631
OSM-N358776648,Timothy Road Elementary School,SCHOOL,33.937422,-83.445812,,node,358776648
OSM-N358776678,Young Harris Methodist Church,PLACE_OF_WORSHIP,33.961226,-83.392658,,node,358776678
OSM-N358777309,Deer Creek Shores Presbyterian Church,PLACE_OF_WORSHIP,34.209821,-84.050743,,node,358777309
OSM-N358779021,Calvary Church,PLACE_OF_WORSHIP,34.396764,-83.914072,,node,358779021
OSM-N358779025,Calvary Cross Baptist Church,PLACE_OF_WORSHIP,34.462481,-83.742138,,node,358779025
OSM-N358779028,Canaan Church,PLACE_OF_WORSHIP,34.351766,-83.891571,,node,358779028
OSM-N358779032,Chattahoochee School,SCHOOL,34.48482,-83.768515,,node,358779032
OSM-N358779076,Gospel Assembly Church,PLACE_OF_WORSHIP,34.38121,-83.862126,,node,358779076
OSM-N358779098,Lighthouse Church,PLACE_OF_WORSHIP,34.402319,-83.947685,,node,358779098
OSM-N358779104,Living Word Tabernacle,PLACE_OF_WORSHIP,34.442044,-83.713234,,node,358779104
OSM-N358779109,Lula School,SCHOOL,34.39112,-83.662217,,node,358779109
OSM-N358779124,Murrayville Baptist Church,PLACE_OF_WORSHIP,34.416136,-83.899123,,node,358779124
OSM-N358779128,Living Waters Outreach Church,PLACE_OF_WORSHIP,34.412434,-83.910263,,node,358779128
OSM-N358779131,Northlake Church,PLACE_OF_WORSHIP,34.40098,-83.894654,,node,358779131
OSM-N358779134,Open Door Church,PLACE_OF_WORSHIP,34.330245,-83.919118,,node,358779134
OSM-N358779164,South Hall Church,PLACE_OF_WORSHIP,34.263095,-83.935169,,node,358779164
OSM-N358779168,Straightway Baptist Church,PLACE_OF_WORSHIP,34.421651,-83.787869,,node,358779168
OSM-N358779182,Wauka Mountain School,SCHOOL,34.445593,-83.803191,,node,358779182
OSM-N358779199,Antioch Baptist Church,PLACE_OF_WORSHIP,34.296518,-83.812522,,node,358779199
OSM-N358779230,Central Baptist Church,PLACE_OF_WORSHIP,34.291769,-83.821566,,node,358779230
OSM-N358779249,Chestnut Mountain School,SCHOOL,34.174548,-83.840455,,node,358779249
OSM-N358779263,Church of God,PLACE_OF_WORSHIP,34.28788,-83.831011,,node,358779263
OSM-N358779265,Church of God of Prophecy,PLACE_OF_WORSHIP,34.281768,-83.871012,,node,358779265
OSM-N358779278,East Hall Baptist Church,PLACE_OF_WORSHIP,34.310659,-83.729896,,node,358779278
OSM-N358779282,Faith Tabernacle,PLACE_OF_WORSHIP,34.219828,-83.709893,,node,358779282
OSM-N358779291,First Congregational Holiness Church,PLACE_OF_WORSHIP,34.293157,-83.821566,,node,358779291
OSM-N358779294,First United Methodist Church,PLACE_OF_WORSHIP,34.30149,-83.827122,,node,358779294
OSM-N358779322,Gainesville High School,SCHOOL,34.299455,-83.843922,,node,358779322
OSM-N358779327,Gainesville Junior High School,SCHOOL,34.299546,-83.829622,,node,358779327
OSM-N358779336,Grace Church,PLACE_OF_WORSHIP,34.262324,-83.8524,,node,358779336
OSM-N358779350,Harmony Street Baptist Church,PLACE_OF_WORSHIP,34.283713,-83.816288,,node,358779350
OSM-N358779358,Holiness Church,PLACE_OF_WORSHIP,34.297602,-83.820177,,node,358779358
OSM-N358779365,Jones Elementary School,SCHOOL,34.252047,-83.84101,,node,358779365
OSM-N358779395,Morningside Church,PLACE_OF_WORSHIP,34.333712,-83.802955,,node,358779395
OSM-N358779399,Mount Calvery Church,PLACE_OF_WORSHIP,34.179547,-83.906013,,node,358779399
OSM-N358779406,Myers Elementary School,SCHOOL,34.209827,-83.783785,,node,358779406
OSM-N358779417,New Holland Baptist Church,PLACE_OF_WORSHIP,34.308157,-83.802399,,node,358779417
OSM-N358779423,Northside Church,PLACE_OF_WORSHIP,34.373988,-83.872126,,node,358779423
OSM-N358779430,Oakwood Elementary School,SCHOOL,34.226213,-83.880457,,node,358779430
OSM-N358779432,Oakwood Gospel Tabernacle,PLACE_OF_WORSHIP,34.23586,-83.895289,,node,358779432
OSM-N358779450,R E Butler Mental Retardation School,SCHOOL,34.287325,-83.801287,,node,358779450
OSM-N358779461,Rucker Memorial Church,PLACE_OF_WORSHIP,34.292602,-83.789342,,node,358779461
OSM-N358779467,Saint Michaels Catholic Church,PLACE_OF_WORSHIP,34.302046,-83.818788,,node,358779467
OSM-N358779502,Welcome Home Church,PLACE_OF_WORSHIP,34.27066,-83.73295,,node,358779502
OSM-N358779505,West Hall High School,SCHOOL,34.217602,-83.91018,,node,358779505
OSM-N358779519,White Sulphur School,SCHOOL,34.310935,-83.775176,,node,358779519
OSM-N358780701,Auburn United Methodist Church,PLACE_OF_WORSHIP,34.012051,-83.827398,,node,358780701
OSM-N358780729,Bethesda Elementary School,SCHOOL,33.925381,-84.085469,,node,358780729
OSM-N358780769,Centerville Elementary School,SCHOOL,33.822884,-84.035746,,node,358780769
OSM-N358780782,Christ the Lord Church,PLACE_OF_WORSHIP,33.968992,-84.027964,,node,358780782
OSM-N358780796,Country Chapel,PLACE_OF_WORSHIP,34.148711,-84.046576,,node,358780796
OSM-N358780821,Faith Church,PLACE_OF_WORSHIP,33.974269,-84.0638,,node,358780821
OSM-N358780824,Faith Outreach Church,PLACE_OF_WORSHIP,33.835939,-84.084359,,node,358780824
OSM-N358780827,First Baptist Church of Buford,PLACE_OF_WORSHIP,34.11899,-84.005462,,node,358780827
OSM-N358780836,First United Methodist Church of Lawrenceville,PLACE_OF_WORSHIP,33.955104,-83.962683,,node,358780836
OSM-N358780853,First United Methodist Church of Buford,PLACE_OF_WORSHIP,34.122323,-84.001851,,node,358780853
OSM-N358780874,Grayson United Methodist Church,PLACE_OF_WORSHIP,33.892328,-83.960463,,node,358780874
OSM-N358780926,Lucerne Baptist Church,PLACE_OF_WORSHIP,33.828161,-84.079636,,node,358780926
OSM-N358781001,Shannondorah Church,PLACE_OF_WORSHIP,33.92927,-84.060745,,node,358781001
OSM-N358781012,Snellville Middle School,SCHOOL,33.833718,-84.003244,,node,358781012
OSM-N358781023,Suwanee Elementary School,SCHOOL,34.048712,-84.054632,,node,358781023
OSM-N358783237,Grove Creek Church,PLACE_OF_WORSHIP,34.370102,-83.629894,,node,358783237
OSM-N358783241,Words of Faith Church,PLACE_OF_WORSHIP,34.280106,-83.510165,,node,358783241
OSM-N358784741,Christ Our Light Church,PLACE_OF_WORSHIP,34.0263,-84.0996,,node,358784741
OSM-N358784744,Buford Church of Christ,PLACE_OF_WORSHIP,34.084229,-84.022531,,node,358784744
OSM-N358784747,Walnut Grove Elementary School,SCHOOL,34.017589,-84.023106,,node,358784747
OSM-N358784752,Collins Hill High School,SCHOOL,34.016332,-84.020773,,node,358784752
OSM-N358784762,Old Suwanee Baptist Church School,SCHOOL,34.0792,-84.029,,node,358784762
OSM-N358784838,East Hall Middle School,SCHOOL,34.3088,-83.7406,,node,358784838
OSM-N358784879,Dacula Elementary School,SCHOOL,33.999742,-83.90324,,node,358784879
OSM-N358784881,Grayson Area Elementary School,SCHOOL,33.891707,-83.913723,,node,358784881
OSM-N358784888,Hinton Methodist Church,PLACE_OF_WORSHIP,33.989956,-83.894068,,node,358784888
OSM-N358784895,McConnell Middle School,SCHOOL,33.893664,-83.915571,,node,358784895
OSM-N358784928,Collins Hill Christian School,SCHOOL,33.9988,-84.0143,,node,358784928
OSM-N358784943,Kanoheda Elementary School,SCHOOL,33.9463,-84.079,,node,358784943
OSM-N358785600,Anniston Road Baptist Church,PLACE_OF_WORSHIP,33.805,-84.0698,,node,358785600
OSM-N358785606,Ashbury Christian Academy,SCHOOL,33.8561,-84.016886,,node,358785606
OSM-N358785620,Snellville Christian Church,PLACE_OF_WORSHIP,33.8479,-84.028,,node,358785620
OSM-N358785624,Snellville Church of Christ,PLACE_OF_WORSHIP,33.8362,-84.0093,,node,358785624
OSM-N358785791,North Hall Middle School,SCHOOL,34.4222,-83.8564,,node,358785791
OSM-N358785811,Trinity Day School,SCHOOL,34.22,-83.8635,,node,358785811
OSM-N358785915,Harbins Elementary School,SCHOOL,33.9432,-83.8554,,node,358785915
OSM-N358785919,Harbins Elementary School,SCHOOL,33.943792,-83.857531,,node,358785919
OSM-N358786261,Christ Lutheran Church of God,PLACE_OF_WORSHIP,34.2377,-83.877,,node,358786261
OSM-N358786263,Riverbend Church,PLACE_OF_WORSHIP,34.232,-83.8842,,node,358786263
OSM-N358786278,Free Methodist Tabernacle,PLACE_OF_WORSHIP,34.236993,-83.908807,,node,358786278
OSM-N358786281,Manranatha Christian Academy Oakwood Extension,SCHOOL,34.2308,-83.899,,node,358786281
OSM-N358786285,Marantha Christian Academy,SCHOOL,34.2322,-83.8978,,node,358786285
OSM-N358786289,McEver Road Baptist Church,PLACE_OF_WORSHIP,34.2313,-83.8984,,node,358786289
OSM-N358786291,Oakwood Police Station,SCHOOL,34.2285,-83.883,,node,358786291
OSM-N358786294,Spout Springs Elementary School,SCHOOL,34.1488,-83.8887,,node,358786294
OSM-N358786303,West Hall Baptist Church,PLACE_OF_WORSHIP,34.225,-83.9062,,node,358786303
OSM-N358786307,West Hall Middle School,SCHOOL,34.221674,-83.90951,,node,358786307
OSM-N358786343,Bay Creek Christian Academy,SCHOOL,34.036,-83.9548,,node,358786343
OSM-N358786347,Fort Daniel Elementary School,SCHOOL,34.044846,-83.923893,,node,358786347
OSM-N358786350,Freemans Mill Elementary School,SCHOOL,34.030524,-83.938875,,node,358786350
OSM-N358786358,Geneva Academy,SCHOOL,34.0495,-83.9861,,node,358786358
OSM-N358786361,Hope Springs Christian Learning Center,SCHOOL,34.0081,-83.9655,,node,358786361
OSM-N358786370,Hebron Christian Academy,SCHOOL,34.00852,-83.927025,,node,358786370
OSM-N358786792,First Baptist Church,PLACE_OF_WORSHIP,34.3869,-83.67,,node,358786792
OSM-N358789129,The Rock Church Flowery Branch,PLACE_OF_WORSHIP,34.170278,-83.937778,,node,358789129
OSM-N358789138,Christ First Church,PLACE_OF_WORSHIP,34.29361,-83.824735,,node,358789138
OSM-N367913040,Gwinnett County Station 13 Fire Station,FIRE_STATION,34.059986,-84.070353,,node,367913040
OSM-N367913043,Gwinnett County Station 14 Fire Station,FIRE_STATION,34.0979,-84.0121,,node,367913043
OSM-N367913054,Fire Station Number 2,FIRE_STATION,34.312399,-83.832305,,node,367913054
OSM-N367913067,Gwinnett County Station 16 Fire Station,FIRE_STATION,33.9927,-83.8976,,node,367913067
OSM-N367913069,Gwinnett County Station 8 Fire Station,FIRE_STATION,33.892546,-83.950041,,node,367913069
OSM-N367913077,Gwinnett County Station 20 Fire Station,FIRE_STATION,33.9545,-84.0584,,node,367913077
OSM-N367913258,Gwinnett County Station 22 Fire Station,FIRE_STATION,33.824417,-84.095449,,node,367913258
OSM-N367913264,Gwinnett County Station 3 Fire Station,FIRE_STATION,33.8574,-84.0986,,node,367913264
OSM-N367913280,Auburn Fire Station,FIRE_STATION,34.012871,-83.824455,,node,367913280
OSM-N367913441,Hall County Station 8 Fire Station,FIRE_STATION,34.1683,-83.9519,,node,367913441
OSM-N367913449,Gwinnett County Station 18 Fire Station,FIRE_STATION,34.0694,-83.9066,,node,367913449
OSM-N3925626773,Kroger,FUEL_STATION,34.314185,-83.796876,,node,3925626773
OSM-N3957474214,Shell,FUEL_STATION,34.288313,-83.811207,,node,3957474214
OSM-N3957479872,QuikTrip,FUEL_STATION,34.287675,-83.810388,,node,3957479872
OSM-N3957479875,Marathon,FUEL_STATION,34.17741,-83.912862,,node,3957479875
OSM-N3957480459,Exxon,FUEL_STATION,34.180411,-83.915977,,node,3957480459
OSM-N3966968543,RaceTrac,FUEL_STATION,34.119695,-83.763458,,node,3966968543
OSM-N3997557858,Jones Middle School,SCHOOL,34.103166,-83.937952,,node,3997557858
OSM-N3997567093,Exxon,FUEL_STATION,34.074632,-83.885995,,node,3997567093
OSM-N4110068789,76,FUEL_STATION,34.134091,-84.004864,,node,4110068789
OSM-N4110086390,Texaco,FUEL_STATION,34.260165,-83.846011,,node,4110086390
OSM-N4110462891,Johnson High School,SCHOOL,34.224939,-83.853596,,node,4110462891
OSM-N4145014989,Murphy USA,FUEL_STATION,34.038177,-84.050603,,node,4145014989
OSM-N4160070895,Davis Middle School,SCHOOL,34.185765,-83.902155,,node,4160070895
OSM-N4173299990,Citgo,FUEL_STATION,34.469165,-83.777015,,node,4173299990
OSM-N4173300189,Citgo,FUEL_STATION,34.368457,-83.810781,,node,4173300189
OSM-N4207150512,Colham Ferry Elementary School,SCHOOL,33.847853,-83.409649,,node,4207150512
OSM-N4316145364,Commerce Fire Station,FIRE_STATION,34.200487,-83.45505,,node,4316145364
OSM-N4322085795,Chevron,FUEL_STATION,34.031157,-84.04897,,node,4322085795
OSM-N4464161589,Chevron,FUEL_STATION,34.180397,-84.088703,,node,4464161589
OSM-N4608158289,BP,FUEL_STATION,33.977755,-84.092776,,node,4608158289
OSM-N4764470452,Gwinnett County Fire Station 12,FIRE_STATION,33.84235,-84.013016,,node,4764470452
OSM-N5018444722,Marathon,FUEL_STATION,34.11493,-83.99392,,node,5018444722
OSM-N5031189646,RaceTrac,FUEL_STATION,34.045129,-83.993153,,node,5031189646
OSM-N5031392821,Citgo,FUEL_STATION,34.035567,-83.988477,,node,5031392821
OSM-N5031397422,Exxon,FUEL_STATION,34.085262,-83.991635,,node,5031397422
OSM-N5049722621,Exxon,FUEL_STATION,34.193456,-83.858015,,node,5049722621
OSM-N5060544022,QuikTrip,FUEL_STATION,34.039161,-84.052867,,node,5060544022
OSM-N5063078654,"Gwinnett School of Mathematics, Science, and Technology",SCHOOL,33.952936,-84.060312,,node,5063078654
OSM-N5267726361,Shell,FUEL_STATION,34.035758,-83.910986,,node,5267726361
OSM-N5383612231,Chevron,FUEL_STATION,34.314281,-83.778528,,node,5383612231
OSM-N5383794121,BP,FUEL_STATION,34.313931,-83.779639,,node,5383794121
OSM-N5441657159,Couch Middle School,SCHOOL,33.900703,-83.966993,,node,5441657159
OSM-N5441657160,Starling Elementary School,SCHOOL,33.902589,-83.965669,,node,5441657160
OSM-N5625638366,Gwinnett County Fire Department: Station 18,FIRE_STATION,34.059977,-83.878411,,node,5625638366
OSM-N568489688,Exxon,FUEL_STATION,33.81386,-83.935295,,node,568489688
OSM-N5688887808,Parking lot,PARKING,34.094619,-83.878847,,node,5688887808
OSM-N5688887809,Parking lot,PARKING,34.094745,-83.87858,,node,5688887809
OSM-N5757376324,Fractal Grove Coven,PLACE_OF_WORSHIP,34.005977,-83.704464,,node,5757376324
OSM-N5782902946,Ravenwood Tree,PLACE_OF_WORSHIP,33.90866,-83.737612,,node,5782902946
OSM-N5940011705,Church lot,PLACE_OF_WORSHIP,34.503448,-83.526124,,node,5940011705
OSM-N5962854588,Gainesville Exploration Academy,SCHOOL,34.288623,-83.863684,,node,5962854588
OSM-N616936379,Mount Vernon Baptist Church,PLACE_OF_WORSHIP,34.443479,-83.855033,,node,616936379
OSM-N6297877286,Petro Express,FUEL_STATION,34.151863,-83.643505,,node,6297877286
OSM-N6313771458,Parking lot,PARKING,33.880982,-83.483112,,node,6313771458
OSM-N6705458859,Parking lot,PARKING,33.943921,-84.029477,,node,6705458859
OSM-N6802412144,St. Aelred Catholic Church,PLACE_OF_WORSHIP,33.818846,-83.438944,,node,6802412144
OSM-N7046026418,Kroger,FUEL_STATION,33.999937,-83.906557,,node,7046026418
OSM-N7175276007,Church lot,PLACE_OF_WORSHIP,34.296679,-83.818847,,node,7175276007
OSM-N7182872381,Salt Life Church,PLACE_OF_WORSHIP,34.250315,-84.057115,,node,7182872381
OSM-N730792710,Commerce Presbyterian Church,PLACE_OF_WORSHIP,34.20203,-83.466417,,node,730792710
OSM-N731104597,Hamilton Mill United Methodist Church,PLACE_OF_WORSHIP,34.056904,-83.886806,,node,731104597
OSM-N7364314432,Christ the Lord Lutheran Church,PLACE_OF_WORSHIP,33.96966,-84.02915,,node,7364314432
OSM-N739452530,Parking lot,PARKING,34.034706,-84.087285,,node,739452530
OSM-N739452656,Parking lot,PARKING,34.035075,-84.082966,,node,739452656
OSM-N739452659,Parking lot,PARKING,34.035439,-84.083522,,node,739452659
OSM-N739452660,Parking lot,PARKING,34.036024,-84.08455,,node,739452660
OSM-N739467055,Swuanee Creek Greenway McGinnis Ferry Parking,PARKING,34.03939,-84.075939,,node,739467055
OSM-N739468436,Suwanee Creek Greenway Martin Farm Parking,PARKING,34.044775,-84.063233,,node,739468436
OSM-N7431204717,Kennedy Elementary School,SCHOOL,33.976486,-83.758725,,node,7431204717
OSM-N7468238690,Circle K,FUEL_STATION,34.006146,-83.920304,,node,7468238690
OSM-N7486942091,Shell,FUEL_STATION,34.064746,-83.976177,,node,7486942091
OSM-N7530638286,RaceTrac,FUEL_STATION,34.093314,-83.80988,,node,7530638286
OSM-N7530638485,76,FUEL_STATION,34.094892,-83.809499,,node,7530638485
OSM-N7544874714,Atlanta AG Church,PLACE_OF_WORSHIP,33.88232,-84.061802,,node,7544874714
OSM-N761249964,Oconee County Primary School,SCHOOL,33.871946,-83.446919,,node,761249964
OSM-N761250454,Malcom Bridge Middle School,SCHOOL,33.911862,-83.505562,,node,761250454
OSM-N761250455,Malcom Bridge Elementary School,SCHOOL,33.914177,-83.506657,,node,761250455
OSM-N761496543,Oconee Presbyterian Church,PLACE_OF_WORSHIP,33.863676,-83.451142,,node,761496543
OSM-N7618405523,Bold Spring Fire & Rescue,FIRE_STATION,34.292828,-83.330704,,node,7618405523
OSM-N7618405524,Bold Spring Fire & Rescue Station 2,FIRE_STATION,34.331752,-83.341942,,node,7618405524
OSM-N7989164938,Christ Place Baptist Church,PLACE_OF_WORSHIP,34.220433,-83.86461,,node,7989164938
OSM-N827125828,QuikTrip,FUEL_STATION,33.825429,-84.09847,,node,827125828
OSM-N835019868,New Mercies Christian Church,PLACE_OF_WORSHIP,33.868883,-84.089584,,node,835019868
OSM-N852642309,Parking lot,PARKING,34.153796,-83.649647,,node,852642309
OSM-N852642342,RaceTrac,FUEL_STATION,34.152383,-83.640589,,node,852642342
OSM-N894860570,Shell,FUEL_STATION,33.976595,-84.079525,,node,894860570
OSM-N894860577,Shell,FUEL_STATION,33.977949,-84.093783,,node,894860577
OSM-N894860584,QuikTrip,FUEL_STATION,34.000811,-84.070094,,node,894860584
OSM-N894860620,Shell,FUEL_STATION,34.03083,-84.049553,,node,894860620
OSM-N895041484,Chevron,FUEL_STATION,34.081881,-83.92482,,node,895041484
OSM-N895041487,BP,FUEL_STATION,34.072881,-83.917251,,node,895041487
OSM-N895041489,QuikTrip,FUEL_STATION,34.072546,-83.918501,,node,895041489
OSM-N895041492,Shell,FUEL_STATION,34.093947,-83.809209,,node,895041492
OSM-N895041498,BP,FUEL_STATION,34.100985,-83.813386,,node,895041498
OSM-N895041543,Pilot,FUEL_STATION,34.119487,-83.762335,,node,895041543
OSM-N895095946,Love's,FUEL_STATION,34.227513,-83.498977,,node,895095946
OSM-N895095953,Citgo,FUEL_STATION,34.228749,-83.498817,,node,895095953
OSM-N895095955,Chevron,FUEL_STATION,34.230587,-83.499809,,node,895095955
OSM-N895095991,BP,FUEL_STATION,34.256631,-83.463474,,node,895095991
OSM-N895188621,Gas station,FUEL_STATION,34.257191,-83.463834,,node,895188621
OSM-N895188622,Gas station,FUEL_STATION,34.257038,-83.464573,,node,895188622
OSM-N895188626,Marathon,FUEL_STATION,34.3454,-83.317274,,node,895188626
OSM-N8986940150,Speedway,FUEL_STATION,34.15129,-83.640582,,node,8986940150
OSM-N8987855246,Speedway,FUEL_STATION,34.129232,-84.097773,,node,8987855246
OSM-N9025657905,RaceWay,FUEL_STATION,34.035065,-84.051648,,node,9025657905
OSM-N9084272805,Gas station,FUEL_STATION,33.962082,-83.41325,,node,9084272805
OSM-N922121571,Bolding Mill Park,PARKING,34.339069,-83.95102,,node,922121571
OSM-N9349813258,Parking lot,PARKING,34.471103,-83.96672,,node,9349813258
OSM-N9349813259,Parking lot,PARKING,34.471512,-83.967651,,node,9349813259
OSM-N9365449258,Oconee County Fire Department Station 4,FIRE_STATION,33.91242,-83.597187,,node,9365449258
OSM-N9434107880,Shell,FUEL_STATION,33.920884,-84.084934,,node,9434107880
OSM-N9435099744,Citgo,FUEL_STATION,33.978286,-83.713058,,node,9435099744
OSM-N9435669923,Heritage Baptist Church,PLACE_OF_WORSHIP,33.975936,-83.637959,,node,9435669923
OSM-N9446493331,Tabernacle of Christ Church International,PLACE_OF_WORSHIP,33.955439,-83.989349,,node,9446493331
OSM-N9483247542,Church lot,PLACE_OF_WORSHIP,33.827642,-83.864382,,node,9483247542
OSM-N9484498530,Living World Baptist Church,PLACE_OF_WORSHIP,33.916847,-83.524764,,node,9484498530
OSM-N9571106690,BP,FUEL_STATION,34.085489,-83.630896,,node,9571106690
OSM-N9571442667,Valero,FUEL_STATION,34.280525,-83.785379,,node,9571442667
OSM-N9571442668,Citgo,FUEL_STATION,34.28064,-83.784431,,node,9571442668
OSM-N9572201906,Valero,FUEL_STATION,34.302996,-83.812245,,node,9572201906
OSM-N9572244920,Valero,FUEL_STATION,34.327637,-83.813621,,node,9572244920
OSM-N9632211337,Oakland Meadow School,SCHOOL,33.925745,-84.000454,,node,9632211337
OSM-N9632211338,Margaret Winn Holt Elementary School,SCHOOL,33.926304,-83.999176,,node,9632211338
OSM-N9770212791,School of the Arts,SCHOOL,33.948418,-84.001599,,node,9770212791
OSM-N9770730069,Parking lot,PARKING,33.857027,-83.410371,,node,9770730069
OSM-N9796080121,Chevron,FUEL_STATION,34.048698,-83.406822,,node,9796080121
OSM-N9796251760,Exxon,FUEL_STATION,34.366435,-83.47635,,node,9796251760
OSM-N9796251824,Valero,FUEL_STATION,34.465016,-83.513681,,node,9796251824
OSM-N9813379056,Kingdom Living Ministry,PLACE_OF_WORSHIP,33.949402,-83.415187,,node,9813379056
OSM-N9919640454,Kingdom Minded Christian Ministries,PLACE_OF_WORSHIP,33.854821,-84.030905,,node,9919640454
OSM-R10885219,Parking lot,PARKING,34.128589,-83.986677,108969,relation,10885219
OSM-R11127231,Parking lot,PARKING,33.883072,-84.061447,28272,relation,11127231
OSM-R11152037,Five Forks Middle School,SCHOOL,33.883919,-84.069289,145215,relation,11152037
OSM-R11172375,Knight Elementary School,SCHOOL,33.885851,-84.100089,17702,relation,11172375
OSM-R12266964,Parking lot,PARKING,33.985504,-84.087569,22560,relation,12266964
OSM-R12266965,Parking lot,PARKING,33.984588,-84.088378,4015,relation,12266965
OSM-R12266966,Parking lot,PARKING,33.983817,-84.088232,15280,relation,12266966
OSM-R12987694,Parking lot,PARKING,33.911861,-83.378995,16910,relation,12987694
OSM-R13102265,Saint John Neumann School,SCHOOL,33.876554,-84.092786,1974,relation,13102265
OSM-R13102267,Saint John Neumann Catholic Church,PLACE_OF_WORSHIP,33.876289,-84.092067,7632,relation,13102267
OSM-R13369863,Parking lot,PARKING,34.179426,-83.691196,29788,relation,13369863
OSM-R13666634,Parking lot,PARKING,34.403368,-83.983948,2972,relation,13666634
OSM-R13754013,Al-Huda Islamic Center,PLACE_OF_WORSHIP,33.924573,-83.379032,1139,relation,13754013
OSM-R13812751,First Baptist Church of Lawrenceville,PLACE_OF_WORSHIP,33.95538,-83.987701,5384,relation,13812751
OSM-R13943721,Parking lot,PARKING,34.382756,-83.738488,3306,relation,13943721
OSM-R13943722,Parking lot,PARKING,34.388338,-83.747894,3338,relation,13943722
OSM-R13956947,Parking lot,PARKING,33.955325,-83.388104,3315,relation,13956947
OSM-R14212735,North Athens School,SCHOOL,33.974083,-83.387492,9298,relation,14212735
OSM-R14392932,Parking lot,PARKING,33.915062,-84.002966,56516,relation,14392932
OSM-R14397346,Parking lot,PARKING,33.949081,-83.987714,5594,relation,14397346
OSM-R14455529,Parking lot,PARKING,33.887835,-84.010341,4527,relation,14455529
OSM-R14701431,School lot,SCHOOL,33.85427,-83.865792,297239,relation,14701431
OSM-R14702496,Parking lot,PARKING,33.956941,-83.98633,7553,relation,14702496
OSM-R14873353,School lot,SCHOOL,33.839379,-83.877184,338693,relation,14873353
OSM-R15259809,Saint Lawrence Catholic Church,PLACE_OF_WORSHIP,33.943176,-83.985464,17469,relation,15259809
OSM-R15548117,Campus View Church of Christ,PLACE_OF_WORSHIP,33.943504,-83.383244,2832,relation,15548117
OSM-R15717363,N08A (Training & Development Center),PARKING,33.95425,-83.371363,16354,relation,15717363
OSM-R15717364,N08A (Training & Development Center),PARKING,33.952208,-83.371186,8368,relation,15717364
OSM-R15952829,Parking lot,PARKING,33.948163,-83.985925,12231,relation,15952829
OSM-R15952830,Parking lot,PARKING,33.948556,-83.985321,4663,relation,15952830
OSM-R15956268,Parking lot,PARKING,33.884555,-84.011215,33637,relation,15956268
OSM-R15969862,N05C (Gilbert),PARKING,33.955186,-83.375811,991,relation,15969862
OSM-R15971828,Parking lot,PARKING,33.897433,-84.004098,191734,relation,15971828
OSM-R15972777,Parking lot,PARKING,33.893352,-84.033125,6578,relation,15972777
OSM-R16025577,S03D (Myers),PARKING,33.946483,-83.37631,2599,relation,16025577
OSM-R16101508,Parking lot,PARKING,33.902317,-84.004036,8451,relation,16101508
OSM-R16101528,Parking lot,PARKING,33.900709,-84.005866,4599,relation,16101528
OSM-R16115651,Beech Haven Baptist Church,PLACE_OF_WORSHIP,33.949202,-83.416445,7418,relation,16115651
OSM-R16924421,Parking lot,PARKING,33.901447,-84.005612,8534,relation,16924421
OSM-R17002925,E07,PARKING,33.940747,-83.367487,16362,relation,17002925
OSM-R17057020,Parking lot,PARKING,33.949332,-83.386021,2783,relation,17057020
OSM-R17185882,Parking lot,PARKING,33.94097,-83.737545,3692,relation,17185882
OSM-R17185883,Parking lot,PARKING,33.946401,-83.75131,5346,relation,17185883
OSM-R17185908,Parking lot,PARKING,33.948492,-83.753478,7110,relation,17185908
OSM-R17203687,Parking lot,PARKING,33.944916,-83.410347,15444,relation,17203687
OSM-R17293779,Parking lot,PARKING,33.947226,-83.396614,4455,relation,17293779
OSM-R17401204,Parking lot,PARKING,33.987407,-83.382811,3330,relation,17401204
OSM-R17410415,UGA Park and Ride Lot (E23),PARKING,33.935119,-83.363153,60149,relation,17410415
OSM-R17410525,Parking lot,PARKING,33.947654,-83.356602,11929,relation,17410525
OSM-R17475803,Parking lot,PARKING,33.911211,-83.396996,22126,relation,17475803
OSM-R17479716,Parking lot,PARKING,33.910174,-83.395586,13408,relation,17479716
OSM-R17484669,Parking lot,PARKING,33.922397,-83.379332,2935,relation,17484669
OSM-R17484682,Parking lot,PARKING,33.923252,-83.378819,3403,relation,17484682
OSM-R17491611,Parking lot,PARKING,33.921238,-83.383372,2111,relation,17491611
OSM-R17495258,Parking lot,PARKING,33.94219,-83.740802,6161,relation,17495258
OSM-R17495259,Parking lot,PARKING,33.941921,-83.73991,10248,relation,17495259
OSM-R17548169,Bethlehem First United Methodist Church,PLACE_OF_WORSHIP,33.935469,-83.716091,12687,relation,17548169
OSM-R17565360,Parking lot,PARKING,33.921327,-83.382921,2598,relation,17565360
OSM-R17565468,Parking lot,PARKING,33.915773,-83.446461,7643,relation,17565468
OSM-R17565469,Parking lot,PARKING,33.915217,-83.447812,9532,relation,17565469
OSM-R17566168,Parking lot,PARKING,33.908735,-83.401033,4303,relation,17566168
OSM-R17566866,Parking lot,PARKING,33.922889,-83.377745,5667,relation,17566866
OSM-R17584112,Parking lot,PARKING,33.913138,-83.445361,133611,relation,17584112
OSM-R17614809,Parking lot,PARKING,33.910122,-83.394565,20426,relation,17614809
OSM-R17629768,Parking lot,PARKING,33.909591,-83.400328,6841,relation,17629768
OSM-R17629941,Parking lot,PARKING,33.907748,-83.396804,16907,relation,17629941
OSM-R17748509,Parking lot,PARKING,34.062845,-83.9808,4906,relation,17748509
OSM-R17785551,Parking lot,PARKING,33.955766,-83.383927,1464,relation,17785551
OSM-R17785944,Parking lot,PARKING,33.949335,-83.986649,34481,relation,17785944
OSM-R17857008,Parking lot,PARKING,33.908588,-83.402227,4154,relation,17857008
OSM-R17857197,Parking lot,PARKING,33.912234,-83.463638,17371,relation,17857197
OSM-R18036038,Turn 3 Parking,PARKING,34.144855,-83.814742,15914,relation,18036038
OSM-R18036039,Turn 9 Parking,PARKING,34.145168,-83.817524,16708,relation,18036039
OSM-R18079172,Parking lot,PARKING,33.918981,-83.442942,5641,relation,18079172
OSM-R18086557,Parking lot,PARKING,33.909671,-83.457404,31185,relation,18086557
OSM-R18086571,Parking lot,PARKING,33.914721,-83.445889,5671,relation,18086571
OSM-R18098732,Parking lot,PARKING,33.914899,-83.445258,8825,relation,18098732
OSM-R18098733,Parking lot,PARKING,33.914023,-83.444335,6170,relation,18098733
OSM-R18102825,Parking lot,PARKING,33.94862,-83.412577,4506,relation,18102825
OSM-R18132435,Parking lot,PARKING,33.920178,-83.442831,5139,relation,18132435
OSM-R18132436,Parking lot,PARKING,33.921942,-83.443385,63691,relation,18132436
OSM-R18132488,Parking lot,PARKING,33.91582,-83.443069,71522,relation,18132488
OSM-R18287968,Parking lot,PARKING,33.91983,-83.442465,5513,relation,18287968
OSM-R18287992,Parking lot,PARKING,33.921678,-83.441671,5110,relation,18287992
OSM-R18302463,Parking lot,PARKING,33.945165,-83.409305,1830,relation,18302463
OSM-R18405346,Parking lot,PARKING,33.915539,-83.447085,7219,relation,18405346
OSM-R18405351,Parking lot,PARKING,33.915588,-83.444518,7577,relation,18405351
OSM-R18430203,Parking lot,PARKING,33.915319,-83.449354,11356,relation,18430203
OSM-R18446099,Parking lot,PARKING,33.926014,-83.339514,4855,relation,18446099
OSM-R18446979,Parking lot,PARKING,33.926469,-83.339264,7127,relation,18446979
OSM-R18446980,Covenant Presbyterian Church,PLACE_OF_WORSHIP,33.925956,-83.338214,5178,relation,18446980
OSM-R18449335,Parking lot,PARKING,33.928891,-83.344525,19129,relation,18449335
OSM-R18454192,Parking lot,PARKING,33.925463,-83.340199,7495,relation,18454192
OSM-R18456439,Parking lot,PARKING,33.929767,-83.351191,7303,relation,18456439
OSM-R18524380,Parking lot,PARKING,33.947332,-83.399317,3868,relation,18524380
OSM-R18536574,Parking lot,PARKING,33.921976,-83.341823,4492,relation,18536574
OSM-R18536575,Parking lot,PARKING,33.922732,-83.340517,2366,relation,18536575
OSM-R18536576,Parking lot,PARKING,33.923722,-83.340978,4660,relation,18536576
OSM-R18542798,Parking lot,PARKING,33.930597,-83.335111,7844,relation,18542798
OSM-R18554666,Parking lot,PARKING,33.924092,-83.344836,87813,relation,18554666
OSM-R18783255,Parking lot,PARKING,33.91798,-83.44385,14283,relation,18783255
OSM-R18869846,Parking lot,PARKING,33.919564,-83.445175,116841,relation,18869846
OSM-R19151173,Parking lot,PARKING,33.952259,-83.362969,3296,relation,19151173
OSM-R19219567,Parking lot,PARKING,33.932948,-83.346911,19073,relation,19219567
OSM-R19272159,Parking lot,PARKING,33.926009,-83.340583,5071,relation,19272159
OSM-R19376007,Hebron Baptist Church,PLACE_OF_WORSHIP,33.998208,-83.910673,6275,relation,19376007
OSM-R19381765,Parking lot,PARKING,33.998389,-83.910168,134367,relation,19381765
OSM-R19508997,Monastery of the Visitation of Holy Mary,PLACE_OF_WORSHIP,33.875473,-83.998681,5214,relation,19508997
OSM-R19807768,Saint Gregory the Great Episcopal Church,PLACE_OF_WORSHIP,33.904315,-83.336535,3409,relation,19807768
OSM-R19982495,Parking lot,PARKING,33.921107,-83.349466,37254,relation,19982495
OSM-R20045896,Gainesville First United Methodist Church,PLACE_OF_WORSHIP,34.347449,-83.850683,20500,relation,20045896
OSM-R20047173,Grace Episcopal Church,PLACE_OF_WORSHIP,34.302187,-83.822992,4687,relation,20047173
OSM-R20071618,Riverside Elementary School,SCHOOL,34.093529,-84.09694,129723,relation,20071618
OSM-R20083801,S26,PARKING,33.930748,-83.377542,4515,relation,20083801
OSM-R20307482,Parking lot,PARKING,33.928341,-83.348322,7777,relation,20307482
OSM-R20320485,Parking lot,PARKING,33.96172,-83.384743,4364,relation,20320485
OSM-R20320755,Parking lot,PARKING,33.930946,-83.530753,7833,relation,20320755
OSM-R20320756,Parking lot,PARKING,33.920739,-83.516101,20405,relation,20320756
OSM-R20418633,Parking lot,PARKING,33.916785,-83.442155,10878,relation,20418633
OSM-R20418634,Parking lot,PARKING,33.917088,-83.444541,5930,relation,20418634
OSM-R20418635,Parking lot,PARKING,33.917265,-83.440951,22526,relation,20418635
OSM-R20418636,Parking lot,PARKING,33.92003,-83.441188,4595,relation,20418636
OSM-R20418700,Parking lot,PARKING,33.920447,-83.442234,7873,relation,20418700
OSM-R20418701,Parking lot,PARKING,33.920379,-83.45433,61346,relation,20418701
OSM-R20418718,Parking lot,PARKING,33.919179,-83.456434,12650,relation,20418718
OSM-R20421714,Parking lot,PARKING,33.924618,-83.339369,9940,relation,20421714
OSM-R20428705,Parking lot,PARKING,33.950103,-83.384959,1880,relation,20428705
OSM-R20430830,Parking lot,PARKING,33.947545,-83.414034,24756,relation,20430830
OSM-R20437374,Parking lot,PARKING,33.946967,-83.431098,39574,relation,20437374
OSM-R20449778,Parking lot,PARKING,33.953698,-83.390161,11298,relation,20449778
OSM-R20449793,Parking lot,PARKING,33.947498,-83.398794,3501,relation,20449793
OSM-R20498671,Parking lot,PARKING,33.870816,-83.439331,22335,relation,20498671
OSM-R20498672,Parking lot,PARKING,33.871941,-83.441278,22498,relation,20498672
OSM-R20498673,Parking lot,PARKING,33.872497,-83.440386,4901,relation,20498673
OSM-R21170333,Parking lot,PARKING,33.923172,-83.34133,6393,relation,21170333
OSM-R21233475,UGA Park and Ride Upper Lot (E23A),PARKING,33.938058,-83.362227,35576,relation,21233475
OSM-R21382287,Parking lot,PARKING,33.921594,-83.342032,3765,relation,21382287
OSM-R3191211,Parking lot,PARKING,33.931804,-83.393329,20288,relation,3191211
OSM-R3281076,Athens First United Methodist Church,PLACE_OF_WORSHIP,33.959246,-83.378176,7641,relation,3281076
OSM-R3281080,First Presbyterian Church,PLACE_OF_WORSHIP,33.960386,-83.376756,4213,relation,3281080
OSM-R3391944,Parking lot,PARKING,33.938148,-83.386757,3778,relation,3391944
OSM-R3391956,Parking lot,PARKING,33.937473,-83.386862,10736,relation,3391956
OSM-R3400175,Parking lot,PARKING,33.940206,-83.385688,4954,relation,3400175
OSM-R3902354,Parking lot,PARKING,33.922075,-83.380609,13300,relation,3902354
OSM-R4155095,S08,PARKING,33.942097,-83.37208,18209,relation,4155095
OSM-R4198972,Parking lot,PARKING,33.954625,-83.391481,6978,relation,4198972
OSM-R4237039,Parking lot,PARKING,33.950737,-83.403635,3948,relation,4237039
OSM-R6202877,Parking lot,PARKING,34.107299,-83.703044,34387,relation,6202877
OSM-R7088276,South Gwinnett High School,SCHOOL,33.854042,-84.007908,65578,relation,7088276
OSM-R7092909,First United Methodist Church of Lawrenceville,PLACE_OF_WORSHIP,33.95508,-83.996273,13224,relation,7092909
OSM-R7996627,Set Free Church Dawsonville,PLACE_OF_WORSHIP,34.35443,-84.072904,1742,relation,7996627
OSM-R8398170,N09A (Psychology),PARKING,33.952564,-83.372124,7185,relation,8398170
OSM-R8398171,N07B (Baldwin),PARKING,33.953709,-83.371858,2779,relation,8398171
OSM-R8400666,N03C (Hodgson Oil),PARKING,33.956731,-83.370878,8708,relation,8400666
OSM-R8400667,N04C (Human Resources),PARKING,33.95661,-83.373259,4315,relation,8400667
OSM-R8400668,N04A (Business Services),PARKING,33.957206,-83.373812,1946,relation,8400668
OSM-R8400669,N03B (Thomas Street Sculpture),PARKING,33.956476,-83.371858,2073,relation,8400669
OSM-R8400670,N03A (Business Services),PARKING,33.957674,-83.37221,4363,relation,8400670
OSM-R8407002,N07A (Main Library),PARKING,33.954259,-83.373287,4118,relation,8407002
OSM-R8407006,N12A (School of Social Work),PARKING,33.95379,-83.369293,16986,relation,8407006
OSM-R8407022,N01,PARKING,33.957807,-83.365472,11232,relation,8407022
OSM-R8407023,N01,PARKING,33.958368,-83.363997,8121,relation,8407023
OSM-R8407024,N01,PARKING,33.960177,-83.364978,11451,relation,8407024
OSM-R8408799,TSL,PARKING,33.950053,-83.375944,18303,relation,8408799
OSM-R8411645,S07,PARKING,33.942935,-83.371803,12278,relation,8411645
OSM-R8411646,S07,PARKING,33.943291,-83.373604,8840,relation,8411646
OSM-R8411647,S04,PARKING,33.946244,-83.37361,5616,relation,8411647
OSM-R8411648,S04,PARKING,33.947089,-83.373738,7749,relation,8411648
OSM-R8411649,S04,PARKING,33.945873,-83.371865,3883,relation,8411649
OSM-R8411841,Parking lot,PARKING,33.94587,-83.370543,18939,relation,8411841
OSM-R8426868,S05,PARKING,33.94559,-83.374897,1971,relation,8426868
OSM-R8426870,S05G (Snelling),PARKING,33.944164,-83.376394,1511,relation,8426870
OSM-R8428242,S10A (Science Learning Center),PARKING,33.943321,-83.377172,17437,relation,8428242
OSM-R8428250,S11,PARKING,33.945236,-83.378061,7644,relation,8428250
OSM-R8430923,S12A (Hoke Smith Annex),PARKING,33.943675,-83.379298,7929,relation,8430923
OSM-R8431013,S13,PARKING,33.94154,-83.381223,4474,relation,8431013
OSM-R8431014,S14,PARKING,33.941323,-83.379062,20904,relation,8431014
OSM-R8431015,S16E (Stegeman Coliseum),PARKING,33.941726,-83.376483,3806,relation,8431015
OSM-R8433389,S19E (University Village D),PARKING,33.936761,-83.37464,9906,relation,8433389
OSM-R8436346,E11,PARKING,33.942016,-83.368496,6280,relation,8436346
OSM-R8436347,E11,PARKING,33.942732,-83.368805,8996,relation,8436347
OSM-R8436362,E06,PARKING,33.939151,-83.366223,11617,relation,8436362
OSM-R8436363,E06,PARKING,33.939392,-83.367805,27924,relation,8436363
OSM-R8436540,Parking lot,PARKING,33.929226,-83.375125,11405,relation,8436540
OSM-R8436541,Parking lot,PARKING,33.930398,-83.375594,18413,relation,8436541
OSM-R8436542,E03,PARKING,33.937232,-83.369311,10550,relation,8436542
OSM-R8436543,E10,PARKING,33.936492,-83.372632,8626,relation,8436543
OSM-R8438863,W01C (Meigs),PARKING,33.955324,-83.378318,4926,relation,8438863
OSM-R8438864,W01B (Drawing and Painting Studio),PARKING,33.956262,-83.379342,1198,relation,8438864
OSM-R8438865,W01A (Environmental Design),PARKING,33.956683,-83.378415,1720,relation,8438865
OSM-R8441110,W07F (Creswell),PARKING,33.950601,-83.380198,3713,relation,8441110
OSM-R8443672,W10A (Russell),PARKING,33.948697,-83.381186,23603,relation,8443672
OSM-R8443673,W07A (Brumby),PARKING,33.949403,-83.383201,2484,relation,8443673
OSM-R8443725,Christus Victor Lutheran Church and Student Center,PLACE_OF_WORSHIP,33.947357,-83.378467,548,relation,8443725
OSM-R8445575,W12,PARKING,33.945117,-83.380611,10756,relation,8445575
OSM-R8445624,E13,PARKING,33.926952,-83.367568,7018,relation,8445624
OSM-R8445626,E13,PARKING,33.929625,-83.367705,4827,relation,8445626
OSM-R8445627,E13,PARKING,33.931095,-83.365454,31061,relation,8445627
OSM-R8445628,E14,PARKING,33.93135,-83.363314,12422,relation,8445628
OSM-R8445629,E15,PARKING,33.930618,-83.359638,10159,relation,8445629
OSM-R8447394,Parking lot,PARKING,33.918226,-83.344698,47762,relation,8447394
OSM-R8447395,Large Animal Hospital Client Parking,PARKING,33.918442,-83.348032,4940,relation,8447395
OSM-R8447396,Small Animal Emergency Room Parking,PARKING,33.919381,-83.34792,2959,relation,8447396
OSM-R8447397,Small Animal Hospital Client Parking,PARKING,33.919675,-83.34772,6528,relation,8447397
OSM-R9079587,North Gwinnett High School,SCHOOL,34.085418,-84.070974,51085,relation,9079587
OSM-W100089409,W. R. Cannon United Methodist Church,PLACE_OF_WORSHIP,33.886557,-84.036233,4987,way,100089409
OSM-W1001192163,RaceTrac,FUEL_STATION,33.920846,-83.514142,3388,way,1001192163
OSM-W1001192236,BP,FUEL_STATION,33.920631,-83.515823,1573,way,1001192236
OSM-W1001782562,Parking lot,PARKING,33.950404,-83.383608,1250,way,1001782562
OSM-W1004986774,Kroger,FUEL_STATION,33.913742,-83.443625,1841,way,1004986774
OSM-W100658020,Parking lot,PARKING,33.903068,-84.084908,1996,way,100658020
OSM-W100658030,Parking lot,PARKING,33.901313,-84.086483,45113,way,100658030
OSM-W100666934,Parking lot,PARKING,33.901935,-84.091611,9162,way,100666934
OSM-W100666994,Parking lot,PARKING,33.901876,-84.085317,4491,way,100666994
OSM-W100667075,Parking lot,PARKING,33.903612,-84.086855,2091,way,100667075
OSM-W100667124,Parking lot,PARKING,33.904235,-84.085896,4199,way,100667124
OSM-W100667127,Parking lot,PARKING,33.90396,-84.08712,7120,way,100667127
OSM-W100667136,Parking lot,PARKING,33.903902,-84.088835,8710,way,100667136
OSM-W100677879,Parking lot,PARKING,33.900466,-84.090001,10729,way,100677879
OSM-W100677907,Parking lot,PARKING,33.901925,-84.089571,5438,way,100677907
OSM-W1007527272,Gwinnett County Fire Station No. 9,FIRE_STATION,33.911209,-84.030751,1785,way,1007527272
OSM-W100753996,Parking lot,PARKING,33.89421,-84.056088,4364,way,100753996
OSM-W100760427,Oak Road Lutheran Church,PLACE_OF_WORSHIP,33.884705,-84.058061,3374,way,100760427
OSM-W1011041414,Parking lot,PARKING,33.981987,-83.897084,913,way,1011041414
OSM-W101219902,E01A (Intramural Fields),PARKING,33.933543,-83.370193,18769,way,101219902
OSM-W1013313936,Bethlehem United Methodist Church,PLACE_OF_WORSHIP,34.148458,-83.978573,1283,way,1013313936
OSM-W1013369862,Parking lot,PARKING,34.130492,-83.72732,683,way,1013369862
OSM-W1013369865,Parking lot,PARKING,34.131598,-83.727211,3342,way,1013369865
OSM-W1013369887,Parking lot,PARKING,34.071061,-83.846378,640,way,1013369887
OSM-W1013412755,Shell,FUEL_STATION,34.469332,-83.966665,613,way,1013412755
OSM-W1013743342,Church of Jesus Christ,PLACE_OF_WORSHIP,33.969186,-83.636375,470,way,1013743342
OSM-W1013835174,Midway Christian Church,PLACE_OF_WORSHIP,33.941991,-83.640989,2369,way,1013835174
OSM-W1013843972,New Pentecost United Methodist Church,PLACE_OF_WORSHIP,34.01677,-83.643501,362,way,1013843972
OSM-W1013845494,Hope Baptist Church,PLACE_OF_WORSHIP,33.99295,-83.63205,4692,way,1013845494
OSM-W1013845540,Pleasant Hill Presbyterian Church,PLACE_OF_WORSHIP,33.981961,-83.61787,565,way,1013845540
OSM-W1013928239,Pleasant Hill Baptist Church,PLACE_OF_WORSHIP,34.102731,-83.970484,801,way,1013928239
OSM-W1014117483,Mount Salem Baptist Church,PLACE_OF_WORSHIP,34.157695,-83.945988,723,way,1014117483
OSM-W1014924372,Northside Presbyterian Church,PLACE_OF_WORSHIP,34.012542,-83.700986,1005,way,1014924372
OSM-W1014925101,Freelife Church,PLACE_OF_WORSHIP,34.0132,-83.701733,533,way,1014925101
OSM-W1016757990,12Stone Church,PLACE_OF_WORSHIP,33.928252,-83.348423,600,way,1016757990
OSM-W1017508476,Walmart,FUEL_STATION,33.942679,-83.444172,864,way,1017508476
OSM-W1017587537,Parking lot,PARKING,33.951459,-83.414018,2464,way,1017587537
OSM-W1017587538,Parking lot,PARKING,33.951732,-83.41497,4752,way,1017587538
OSM-W1017587539,Parking lot,PARKING,33.951199,-83.414687,4176,way,1017587539
OSM-W1017587540,Parking lot,PARKING,33.949948,-83.415382,3605,way,1017587540
OSM-W1017674234,Parking lot,PARKING,34.085553,-83.844917,1420,way,1017674234
OSM-W1018279237,Appalachee Baptist Church,PLACE_OF_WORSHIP,33.99295,-83.922289,1665,way,1018279237
OSM-W1018292216,Walnut Grove Church,PLACE_OF_WORSHIP,33.99266,-83.978735,1096,way,1018292216
OSM-W1018293097,Parking lot,PARKING,34.034458,-83.956799,1263,way,1018293097
OSM-W1020324675,Parking lot,PARKING,33.95752,-83.381333,2371,way,1020324675
OSM-W1020644417,Parking lot,PARKING,34.403277,-83.983129,972,way,1020644417
OSM-W1020644418,Parking lot,PARKING,34.403782,-83.983656,10799,way,1020644418
OSM-W1022225733,Prince Avenue Christian School,SCHOOL,33.911335,-83.552743,314780,way,1022225733
OSM-W1022945629,BP,FUEL_STATION,33.986294,-83.89291,356,way,1022945629
OSM-W1023066298,Mobil,FUEL_STATION,33.987622,-83.718203,1794,way,1023066298
OSM-W1023066313,BP,FUEL_STATION,33.973683,-83.689698,469,way,1023066313
OSM-W1023117137,Speedway,FUEL_STATION,33.851327,-84.044768,2803,way,1023117137
OSM-W1023130194,Chevron,FUEL_STATION,33.977014,-83.649722,653,way,1023130194
OSM-W1023403380,River Hills Church,PLACE_OF_WORSHIP,33.966021,-83.680865,3683,way,1023403380
OSM-W1023436598,Oconee County Fire Station #8,FIRE_STATION,33.912161,-83.474482,1833,way,1023436598
OSM-W1023541498,Ingles Gas Express,FUEL_STATION,34.029754,-83.316273,1994,way,1023541498
OSM-W1023552947,Attica Baptist Church,PLACE_OF_WORSHIP,34.017843,-83.496409,2389,way,1023552947
OSM-W1023553519,Calvary Baptist Church,PLACE_OF_WORSHIP,34.004391,-83.576305,4121,way,1023553519
OSM-W1023553525,Fairfield Missionary Baptist Church,PLACE_OF_WORSHIP,34.015703,-83.575914,1105,way,1023553525
OSM-W1023553687,Austin Chapel Baptist Church,PLACE_OF_WORSHIP,34.025384,-83.613712,840,way,1023553687
OSM-W1023554176,Barrow County Emergency Headquarters and Fire Station Number 6,FIRE_STATION,34.005825,-83.644243,1327,way,1023554176
OSM-W1023554329,Cedar Grove Baptist Church,PLACE_OF_WORSHIP,34.059128,-83.613715,350,way,1023554329
OSM-W1023554553,Ebenezer United Methodist Church,PLACE_OF_WORSHIP,34.059514,-83.640506,644,way,1023554553
OSM-W1023554619,Poplar Spring Baptist Church,PLACE_OF_WORSHIP,34.064108,-83.546587,938,way,1023554619
OSM-W1023555207,Lebanon United Methodist Church,PLACE_OF_WORSHIP,34.036513,-83.560216,432,way,1023555207
OSM-W1023555476,Summer Hill Baptist Church,PLACE_OF_WORSHIP,34.067055,-83.491674,607,way,1023555476
OSM-W1023555492,New Grove Baptist Church,PLACE_OF_WORSHIP,34.036572,-83.504112,646,way,1023555492
OSM-W1023555956,Little Valley Church,PLACE_OF_WORSHIP,34.057857,-83.422863,1005,way,1023555956
OSM-W1023556022,Jefferson Pentacostal Church,PLACE_OF_WORSHIP,34.047728,-83.458647,316,way,1023556022
OSM-W1023556160,Crooked Creek Baptist Church,PLACE_OF_WORSHIP,34.053699,-83.476271,2256,way,1023556160
OSM-W1023556736,Church lot,PLACE_OF_WORSHIP,34.053492,-83.419112,815,way,1023556736
OSM-W1023556744,Nimno A.M.E. Church,PLACE_OF_WORSHIP,34.051129,-83.403265,844,way,1023556744
OSM-W1023556821,Center United Methodist Church,PLACE_OF_WORSHIP,34.053046,-83.414576,859,way,1023556821
OSM-W1023557168,Diamond Hill Baptist Church,PLACE_OF_WORSHIP,34.063211,-83.280214,397,way,1023557168
OSM-W1024405271,Parking lot,PARKING,33.977836,-83.999145,6010,way,1024405271
OSM-W1024438812,Parking lot,PARKING,33.950915,-83.987076,6383,way,1024438812
OSM-W1024601316,Parking lot,PARKING,33.954772,-83.986903,5704,way,1024601316
OSM-W1024668184,Parking lot,PARKING,33.959726,-83.974997,2440,way,1024668184
OSM-W1024668198,Parking lot,PARKING,33.963494,-83.980565,9221,way,1024668198
OSM-W1026265299,Parking lot,PARKING,33.96447,-83.981016,4734,way,1026265299
OSM-W1026878427,Parking lot,PARKING,33.964586,-83.977746,3321,way,1026878427
OSM-W1027106979,Parking lot,PARKING,33.957615,-83.378137,1880,way,1027106979
OSM-W1027238911,Parking lot,PARKING,33.96624,-83.977057,12782,way,1027238911
OSM-W1027238932,Parking lot,PARKING,33.965291,-83.975731,8071,way,1027238932
OSM-W1027579153,Parking lot,PARKING,33.961165,-83.977413,10322,way,1027579153
OSM-W1027579167,Parking lot,PARKING,33.962707,-83.976249,6640,way,1027579167
OSM-W1027579168,Parking lot,PARKING,33.962835,-83.975958,6647,way,1027579168
OSM-W1028201906,Jesus El Camino la Verdad y la Vida,PLACE_OF_WORSHIP,33.957968,-83.983638,845,way,1028201906
OSM-W1028201929,Parking lot,PARKING,33.963527,-83.986867,409,way,1028201929
OSM-W1028273395,The Salvation Army Center for Worship and Service,PLACE_OF_WORSHIP,33.925293,-84.01794,4412,way,1028273395
OSM-W1028273398,First Christian Church,PLACE_OF_WORSHIP,33.926075,-84.018432,2006,way,1028273398
OSM-W1028273400,Emmanuel Church of South India,PLACE_OF_WORSHIP,33.927209,-84.017658,557,way,1028273400
OSM-W1028616332,Kroger,FUEL_STATION,33.860254,-83.954164,1295,way,1028616332
OSM-W1028676453,Parking lot,PARKING,34.259006,-83.464486,1926,way,1028676453
OSM-W1028676454,Parking lot,PARKING,34.258736,-83.464291,2346,way,1028676454
OSM-W1028715947,Marathon,FUEL_STATION,33.813118,-83.680488,962,way,1028715947
OSM-W1028754516,Valero,FUEL_STATION,33.899722,-83.573731,839,way,1028754516
OSM-W1028754517,Pure,FUEL_STATION,33.900514,-83.574534,171,way,1028754517
OSM-W1028801245,RaceTrac,FUEL_STATION,33.924275,-84.017652,2900,way,1028801245
OSM-W1028801250,QuikTrip,FUEL_STATION,33.967779,-84.036176,1993,way,1028801250
OSM-W1029063193,RaceTrac,FUEL_STATION,33.945886,-83.42723,942,way,1029063193
OSM-W1029063207,Oconee Street Park and Ride,PARKING,33.946762,-83.357568,17169,way,1029063207
OSM-W1029856604,Parking lot,PARKING,33.963227,-83.981938,6911,way,1029856604
OSM-W1030166956,Marathon,FUEL_STATION,33.957093,-83.975877,796,way,1030166956
OSM-W1030207496,Parking lot,PARKING,33.963897,-83.978614,1520,way,1030207496
OSM-W1030533213,Parking lot,PARKING,34.167539,-83.686188,1031,way,1030533213
OSM-W1030533214,Parking lot,PARKING,34.167156,-83.686339,422,way,1030533214
OSM-W1030969086,Chevron,FUEL_STATION,33.902489,-84.005267,1281,way,1030969086
OSM-W1034659549,Gwin Oaks Elementary School,SCHOOL,33.895796,-84.074116,71734,way,1034659549
OSM-W1034660880,Parking lot,PARKING,33.883232,-84.041902,3528,way,1034660880
OSM-W1035241336,Parking lot,PARKING,33.89466,-84.024658,1670,way,1035241336
OSM-W1035241337,Parking lot,PARKING,33.894059,-84.024513,676,way,1035241337
OSM-W103526245,Parking lot,PARKING,33.884672,-84.060205,35647,way,103526245
OSM-W1035480810,Parking lot,PARKING,33.882636,-84.03238,21825,way,1035480810
OSM-W1036541130,Parking lot,PARKING,33.920079,-84.007273,5808,way,1036541130
OSM-W1036541136,Parking lot,PARKING,33.925067,-84.020368,3368,way,1036541136
OSM-W1036541138,Parking lot,PARKING,33.924762,-84.019634,2763,way,1036541138
OSM-W1036541139,Parking lot,PARKING,33.924633,-84.020388,1347,way,1036541139
OSM-W1036991507,Zotung Christian Church,PLACE_OF_WORSHIP,33.870356,-84.016848,569,way,1036991507
OSM-W1037212633,Parking lot,PARKING,33.87853,-84.020476,10278,way,1037212633
OSM-W1037718967,Parking lot,PARKING,33.910796,-84.030576,687,way,1037718967
OSM-W1037718968,Parking lot,PARKING,33.911076,-84.031006,1623,way,1037718968
OSM-W1037718971,Parking lot,PARKING,33.911367,-84.030405,1915,way,1037718971
OSM-W1037822782,Parking lot,PARKING,33.909218,-84.034898,485,way,1037822782
OSM-W1037822783,Parking lot,PARKING,33.909311,-84.035198,1280,way,1037822783
OSM-W1037822786,Parking lot,PARKING,33.908325,-84.034753,1083,way,1037822786
OSM-W1039230342,Parking lot,PARKING,33.954554,-83.989955,5198,way,1039230342
OSM-W1039302218,Chevron,FUEL_STATION,33.832735,-83.732529,596,way,1039302218
OSM-W1039302228,Texaco,FUEL_STATION,33.939899,-83.716034,552,way,1039302228
OSM-W1039362753,Texaco,FUEL_STATION,33.995468,-83.714973,438,way,1039362753
OSM-W1039362763,Ingles Gas,FUEL_STATION,34.00397,-83.70663,1589,way,1039362763
OSM-W1039362767,Chevron,FUEL_STATION,34.02507,-83.675667,291,way,1039362767
OSM-W1039362768,Exxon,FUEL_STATION,34.024802,-83.676544,370,way,1039362768
OSM-W1039362780,Exxon,FUEL_STATION,34.091517,-83.616126,536,way,1039362780
OSM-W1039362783,Exxon,FUEL_STATION,34.10571,-83.592676,1137,way,1039362783
OSM-W1039407791,BP,FUEL_STATION,34.223543,-83.73261,641,way,1039407791
OSM-W1039407805,RaceTrac,FUEL_STATION,34.286689,-83.811325,3561,way,1039407805
OSM-W1039503171,Chevron,FUEL_STATION,34.326131,-83.814577,682,way,1039503171
OSM-W1039675469,Shoal Creek Baptist Church,PLACE_OF_WORSHIP,34.139373,-84.011488,984,way,1039675469
OSM-W1040377914,Parking lot,PARKING,34.204715,-84.034982,2553,way,1040377914
OSM-W1040969465,Parking lot,PARKING,34.210237,-84.085669,517,way,1040969465
OSM-W1040969472,Parking lot,PARKING,34.205903,-84.086464,1490,way,1040969472
OSM-W1040969473,Parking lot,PARKING,34.205875,-84.086362,1616,way,1040969473
OSM-W1040969474,Parking lot,PARKING,34.20486,-84.086938,671,way,1040969474
OSM-W1040973869,Parking lot,PARKING,34.209904,-84.036767,1241,way,1040973869
OSM-W1041261480,Parking lot,PARKING,34.175087,-84.077391,656,way,1041261480
OSM-W1041717620,Parking lot,PARKING,34.302913,-83.939161,1217,way,1041717620
OSM-W1041717624,Parking lot,PARKING,34.302792,-83.939255,896,way,1041717624
OSM-W1041717626,Parking lot,PARKING,34.304373,-83.9369,1406,way,1041717626
OSM-W1041717627,Parking lot,PARKING,34.304483,-83.936826,637,way,1041717627
OSM-W1041717629,Parking lot,PARKING,34.306615,-83.932836,2927,way,1041717629
OSM-W1041717630,Parking lot,PARKING,34.307599,-83.931131,1099,way,1041717630
OSM-W1041717631,Parking lot,PARKING,34.307457,-83.930964,1637,way,1041717631
OSM-W1041717632,Parking lot,PARKING,34.307328,-83.930779,2356,way,1041717632
OSM-W1041717634,Parking lot,PARKING,34.301161,-83.939208,707,way,1041717634
OSM-W1041717635,Parking lot,PARKING,34.301087,-83.939082,494,way,1041717635
OSM-W1041717636,Parking lot,PARKING,34.300464,-83.939784,2799,way,1041717636
OSM-W1041721620,Parking lot,PARKING,34.395027,-83.98092,3303,way,1041721620
OSM-W1041726595,Parking lot,PARKING,34.338923,-83.953813,10643,way,1041726595
OSM-W1041726596,Parking lot,PARKING,34.338846,-83.953652,8355,way,1041726596
OSM-W1041726597,Parking lot,PARKING,34.338615,-83.953071,1612,way,1041726597
OSM-W1041726599,Parking lot,PARKING,34.338535,-83.952981,2182,way,1041726599
OSM-W1041726600,Parking lot,PARKING,34.338425,-83.952943,1845,way,1041726600
OSM-W1041729132,Parking lot,PARKING,34.338877,-83.951076,2105,way,1041729132
OSM-W1041729133,Parking lot,PARKING,34.338744,-83.951084,2488,way,1041729133
OSM-W1041729134,Parking lot,PARKING,34.338978,-83.951019,1678,way,1041729134
OSM-W1041729135,Parking lot,PARKING,34.339088,-83.950956,1865,way,1041729135
OSM-W1041729136,Parking lot,PARKING,34.339197,-83.950929,1513,way,1041729136
OSM-W1041729137,Parking lot,PARKING,34.339324,-83.950905,1736,way,1041729137
OSM-W1041729138,Parking lot,PARKING,34.339435,-83.950856,1775,way,1041729138
OSM-W1041729139,Parking lot,PARKING,34.339587,-83.950877,3748,way,1041729139
OSM-W1041814632,Parking lot,PARKING,34.335654,-83.948577,610,way,1041814632
OSM-W1041814637,Parking lot,PARKING,34.336617,-83.948374,580,way,1041814637
OSM-W1041814639,Parking lot,PARKING,34.33457,-83.951283,711,way,1041814639
OSM-W1041814640,Parking lot,PARKING,34.334834,-83.951216,465,way,1041814640
OSM-W1041825708,Parking lot,PARKING,34.28656,-83.901396,1173,way,1041825708
OSM-W1041825714,Parking lot,PARKING,34.287952,-83.905495,1932,way,1041825714
OSM-W1041825718,Parking lot,PARKING,34.289572,-83.905356,415,way,1041825718
OSM-W1041825732,Parking lot,PARKING,34.290997,-83.906686,1933,way,1041825732
OSM-W1041829178,Parking lot,PARKING,34.334493,-83.963686,11220,way,1041829178
OSM-W1041829179,Parking lot,PARKING,34.332578,-83.96435,14337,way,1041829179
OSM-W1041829180,Parking lot,PARKING,34.333345,-83.964399,37754,way,1041829180
OSM-W1042052637,Parking lot,PARKING,34.389378,-83.741287,1643,way,1042052637
OSM-W1042052659,Parking lot,PARKING,34.390199,-83.739417,9812,way,1042052659
OSM-W104214320,Chevron,FUEL_STATION,33.887957,-84.058258,348,way,104214320
OSM-W1043285844,Parking lot,PARKING,33.955954,-83.388319,2231,way,1043285844
OSM-W1044415372,Texaco,FUEL_STATION,34.182486,-83.926259,409,way,1044415372
OSM-W1044415383,QuikTrip,FUEL_STATION,34.222674,-83.862786,2548,way,1044415383
OSM-W1044415401,Valero,FUEL_STATION,34.266579,-83.841633,123,way,1044415401
OSM-W1045532507,Parking lot,PARKING,33.9374,-83.519209,109907,way,1045532507
OSM-W1046059110,Parking lot,PARKING,33.812059,-83.675144,19048,way,1046059110
OSM-W1046059111,Parking lot,PARKING,33.810939,-83.67567,14918,way,1046059111
OSM-W1046059112,Parking lot,PARKING,33.811203,-83.677148,11225,way,1046059112
OSM-W1046503639,Parking lot,PARKING,33.822952,-84.069288,674,way,1046503639
OSM-W1046503641,Parking lot,PARKING,33.823044,-84.068409,3752,way,1046503641
OSM-W1046503642,Parking lot,PARKING,33.823206,-84.068658,846,way,1046503642
OSM-W1046503643,Parking lot,PARKING,33.823125,-84.069173,495,way,1046503643
OSM-W1046503645,Parking lot,PARKING,33.823408,-84.071673,17136,way,1046503645
OSM-W1046503646,Parking lot,PARKING,33.824236,-84.071903,601,way,1046503646
OSM-W1046503648,Parking lot,PARKING,33.824479,-84.070038,723,way,1046503648
OSM-W1046503649,Parking lot,PARKING,33.821815,-84.069253,404,way,1046503649
OSM-W1047114444,Parking lot,PARKING,34.372063,-84.03662,840,way,1047114444
OSM-W1047303557,Sam's Club,FUEL_STATION,33.890403,-84.007084,343,way,1047303557
OSM-W1047526225,Parking lot,PARKING,34.393993,-83.986257,848,way,1047526225
OSM-W1047526226,Parking lot,PARKING,34.393617,-83.986284,4592,way,1047526226
OSM-W1050038440,1PP,PARKING,33.95861,-83.372348,1186,way,1050038440
OSM-W1052491371,Parking lot,PARKING,33.961023,-83.371487,4039,way,1052491371
OSM-W1052499761,Parking lot,PARKING,33.96251,-83.374497,438,way,1052499761
OSM-W1052849442,Parking lot,PARKING,33.927276,-84.019443,12661,way,1052849442
OSM-W1052849443,Parking lot,PARKING,33.92833,-84.018834,3420,way,1052849443
OSM-W1052849444,Parking lot,PARKING,33.928056,-84.018634,2575,way,1052849444
OSM-W1052849446,Parking lot,PARKING,33.926957,-84.021695,11385,way,1052849446
OSM-W1052849447,Parking lot,PARKING,33.92769,-84.022942,2566,way,1052849447
OSM-W1053420162,Parking lot,PARKING,33.875987,-83.959926,904,way,1053420162
OSM-W1053420163,Parking lot,PARKING,33.876058,-83.959499,1961,way,1053420163
OSM-W1053420164,Parking lot,PARKING,33.874427,-83.959787,8227,way,1053420164
OSM-W1053420170,Parking lot,PARKING,33.864757,-83.959675,2002,way,1053420170
OSM-W1053420171,Parking lot,PARKING,33.864994,-83.960634,4772,way,1053420171
OSM-W1053420172,Parking lot,PARKING,33.86542,-83.960297,588,way,1053420172
OSM-W1053420173,Parking lot,PARKING,33.864853,-83.960182,1055,way,1053420173
OSM-W1053420175,Parking lot,PARKING,33.864474,-83.959442,1259,way,1053420175
OSM-W1053420176,Parking lot,PARKING,33.864654,-83.95902,2051,way,1053420176
OSM-W1053420178,Parking lot,PARKING,33.864302,-83.958917,441,way,1053420178
OSM-W1053420179,Parking lot,PARKING,33.864508,-83.958587,1788,way,1053420179
OSM-W1053420182,Parking lot,PARKING,33.864106,-83.9585,642,way,1053420182
OSM-W1053420183,Parking lot,PARKING,33.864295,-83.958183,2526,way,1053420183
OSM-W1053420184,Parking lot,PARKING,33.864453,-83.957523,1099,way,1053420184
OSM-W1053425022,Parking lot,PARKING,33.865855,-83.959697,2088,way,1053425022
OSM-W1053425061,Parking lot,PARKING,33.914502,-83.88987,1335,way,1053425061
OSM-W1053425062,Parking lot,PARKING,33.914272,-83.889231,1338,way,1053425062
OSM-W1053425063,Parking lot,PARKING,33.916496,-83.891771,9282,way,1053425063
OSM-W1053425064,Parking lot,PARKING,33.91544,-83.893121,1031,way,1053425064
OSM-W1053425066,Parking lot,PARKING,33.916122,-83.89584,24551,way,1053425066
OSM-W1053425067,Parking lot,PARKING,33.917069,-83.893754,1726,way,1053425067
OSM-W1053669518,Parking lot,PARKING,34.111779,-83.785758,8792,way,1053669518
OSM-W1053968106,Parking lot,PARKING,34.106506,-83.773849,58960,way,1053968106
OSM-W1053968108,Parking lot,PARKING,34.107547,-83.772028,5941,way,1053968108
OSM-W1053968112,Parking lot,PARKING,34.102769,-83.782827,7899,way,1053968112
OSM-W1053968113,Parking lot,PARKING,34.103571,-83.779008,15353,way,1053968113
OSM-W1054100335,Parking lot,PARKING,33.8411,-83.87671,21404,way,1054100335
OSM-W1054100336,Parking lot,PARKING,33.840066,-83.87557,12183,way,1054100336
OSM-W1054214592,Parking lot,PARKING,33.942086,-83.750761,113775,way,1054214592
OSM-W1054214611,Parking lot,PARKING,33.940979,-83.749463,10145,way,1054214611
OSM-W1054214612,Parking lot,PARKING,33.940746,-83.748109,7360,way,1054214612
OSM-W1054214613,Parking lot,PARKING,33.943019,-83.754654,30052,way,1054214613
OSM-W1054221141,Parking lot,PARKING,33.95968,-83.876193,2529,way,1054221141
OSM-W1054221142,Parking lot,PARKING,33.960123,-83.87688,2891,way,1054221142
OSM-W1054230075,Parking lot,PARKING,33.946403,-84.002079,8950,way,1054230075
OSM-W1054230076,Parking lot,PARKING,33.948,-84.001906,31512,way,1054230076
OSM-W1054230078,Parking lot,PARKING,33.94794,-84.00051,1508,way,1054230078
OSM-W1054230079,Parking lot,PARKING,33.947466,-84.000348,5133,way,1054230079
OSM-W1054237170,Parking lot,PARKING,34.035666,-83.952888,3802,way,1054237170
OSM-W1054237171,Parking lot,PARKING,34.034815,-83.952791,6779,way,1054237171
OSM-W1054239668,Parking lot,PARKING,34.077114,-83.872692,2707,way,1054239668
OSM-W1054387658,Parking lot,PARKING,33.993959,-84.035094,1717,way,1054387658
OSM-W1054537891,Parking lot,PARKING,34.485389,-83.548178,6658,way,1054537891
OSM-W1054721346,Parking lot,PARKING,33.941734,-83.386014,460,way,1054721346
OSM-W1054721347,Parking lot,PARKING,33.941209,-83.386162,3302,way,1054721347
OSM-W1054721349,Parking lot,PARKING,33.941828,-83.386007,8544,way,1054721349
OSM-W1054721365,Parking lot,PARKING,33.939185,-83.385337,3400,way,1054721365
OSM-W1054731818,Parking lot,PARKING,33.952644,-83.386384,3755,way,1054731818
OSM-W1054790485,Parking lot,PARKING,34.336737,-83.863591,6611,way,1054790485
OSM-W1054790486,Parking lot,PARKING,34.337603,-83.864095,16029,way,1054790486
OSM-W1054790489,Parking lot,PARKING,34.333387,-83.832623,3203,way,1054790489
OSM-W1054790490,Parking lot,PARKING,34.336638,-83.817796,541,way,1054790490
OSM-W1054887122,Parking lot,PARKING,33.952688,-83.366117,2275,way,1054887122
OSM-W1054890770,Gordon's Chapel Methodist Church,PLACE_OF_WORSHIP,34.07686,-83.352129,1201,way,1054890770
OSM-W1054891805,New Harmony Baptist Church,PLACE_OF_WORSHIP,34.083128,-83.387113,1346,way,1054891805
OSM-W1054896766,Parking lot,PARKING,34.211399,-83.898226,10667,way,1054896766
OSM-W1054904164,Parking lot,PARKING,34.15634,-83.892528,5118,way,1054904164
OSM-W1054904165,Parking lot,PARKING,34.156334,-83.892154,6522,way,1054904165
OSM-W1054904168,Parking lot,PARKING,34.154842,-83.89299,5475,way,1054904168
OSM-W1054904169,Parking lot,PARKING,34.154535,-83.892778,4957,way,1054904169
OSM-W1054934391,Parking lot,PARKING,34.077551,-83.920924,61832,way,1054934391
OSM-W1054934392,Parking lot,PARKING,34.079308,-83.921492,939,way,1054934392
OSM-W1055364502,Commerce First Baptist Church,PLACE_OF_WORSHIP,34.198515,-83.453937,3874,way,1055364502
OSM-W1055413969,Parking lot,PARKING,34.31481,-84.035378,10242,way,1055413969
OSM-W1055413972,Parking lot,PARKING,34.314552,-84.034359,958,way,1055413972
OSM-W1055415846,Parking lot,PARKING,34.295666,-83.99642,12860,way,1055415846
OSM-W1055415847,Parking lot,PARKING,34.29571,-83.997826,761,way,1055415847
OSM-W1055415848,Parking lot,PARKING,34.296735,-83.997669,1095,way,1055415848
OSM-W1055449031,Parking lot,PARKING,34.266834,-84.088693,32777,way,1055449031
OSM-W1055449032,Parking lot,PARKING,34.260866,-84.085067,47096,way,1055449032
OSM-W1055449033,Parking lot,PARKING,34.259118,-84.085875,85060,way,1055449033
OSM-W1055449035,Parking lot,PARKING,34.259158,-84.088052,16589,way,1055449035
OSM-W1055449037,Parking lot,PARKING,34.258021,-84.072114,12581,way,1055449037
OSM-W1055449039,Parking lot,PARKING,34.258901,-84.072331,1982,way,1055449039
OSM-W1055449040,Parking lot,PARKING,34.257103,-84.071612,657,way,1055449040
OSM-W1055808617,Parking lot,PARKING,34.329247,-83.777742,3473,way,1055808617
OSM-W1055808618,Parking lot,PARKING,34.329545,-83.777119,2868,way,1055808618
OSM-W1055808619,Parking lot,PARKING,34.329181,-83.77733,3086,way,1055808619
OSM-W1055808621,Parking lot,PARKING,34.329969,-83.779029,4771,way,1055808621
OSM-W1055808622,Parking lot,PARKING,34.330229,-83.779219,2816,way,1055808622
OSM-W1055808623,Parking lot,PARKING,34.329679,-83.778706,5536,way,1055808623
OSM-W1055808624,Parking lot,PARKING,34.329491,-83.778305,6186,way,1055808624
OSM-W1055808625,Parking lot,PARKING,34.330327,-83.778656,4605,way,1055808625
OSM-W1055808626,Parking lot,PARKING,34.330749,-83.779933,5161,way,1055808626
OSM-W1055808627,Parking lot,PARKING,34.330951,-83.776603,10283,way,1055808627
OSM-W1055808628,Parking lot,PARKING,34.330691,-83.776962,1831,way,1055808628
OSM-W1055808632,Parking lot,PARKING,34.331897,-83.776039,10767,way,1055808632
OSM-W1055808633,Parking lot,PARKING,34.332127,-83.7766,448,way,1055808633
OSM-W1055975247,Parking lot,PARKING,34.185217,-83.585528,10205,way,1055975247
OSM-W1055975248,Parking lot,PARKING,34.184486,-83.586721,3682,way,1055975248
OSM-W1055975253,Parking lot,PARKING,34.185526,-83.584277,4749,way,1055975253
OSM-W1055975256,Parking lot,PARKING,34.190437,-83.593881,18542,way,1055975256
OSM-W1055975259,Parking lot,PARKING,34.191354,-83.588265,6250,way,1055975259
OSM-W1055975260,Parking lot,PARKING,34.189486,-83.598132,54921,way,1055975260
OSM-W1055975270,Parking lot,PARKING,34.195053,-83.605294,32253,way,1055975270
OSM-W1055980087,Parking lot,PARKING,34.159104,-83.630309,9032,way,1055980087
OSM-W1055980088,Parking lot,PARKING,34.160396,-83.627983,40076,way,1055980088
OSM-W1055980102,Parking lot,PARKING,34.160405,-83.625214,999,way,1055980102
OSM-W1055980110,Parking lot,PARKING,34.135048,-83.596005,3242,way,1055980110
OSM-W1055980115,Parking lot,PARKING,34.134883,-83.595499,2187,way,1055980115
OSM-W1055999599,Parking lot,PARKING,33.937534,-83.736246,22679,way,1055999599
OSM-W1055999600,Parking lot,PARKING,33.93887,-83.737156,2143,way,1055999600
OSM-W1055999601,Parking lot,PARKING,33.938684,-83.736641,2986,way,1055999601
OSM-W1055999602,Parking lot,PARKING,33.938416,-83.735805,2777,way,1055999602
OSM-W1055999603,Parking lot,PARKING,33.937927,-83.734957,4885,way,1055999603
OSM-W1056005642,Parking lot,PARKING,33.949129,-83.386738,1888,way,1056005642
OSM-W1056006171,Parking lot,PARKING,33.835427,-83.642571,13752,way,1056006171
OSM-W1056006172,Parking lot,PARKING,33.835897,-83.641764,1312,way,1056006172
OSM-W1056138940,Parking lot,PARKING,33.946299,-83.659052,23428,way,1056138940
OSM-W1056195812,Parking lot,PARKING,33.94562,-83.657731,972,way,1056195812
OSM-W1056195815,Parking lot,PARKING,33.946864,-83.655975,22767,way,1056195815
OSM-W1056195818,Parking lot,PARKING,33.944442,-83.656646,1190,way,1056195818
OSM-W1056195820,Parking lot,PARKING,33.943785,-83.658276,3186,way,1056195820
OSM-W1056195821,Parking lot,PARKING,33.943506,-83.657773,11716,way,1056195821
OSM-W1056195822,Parking lot,PARKING,33.944191,-83.657941,434,way,1056195822
OSM-W1056195823,Parking lot,PARKING,33.944139,-83.657267,784,way,1056195823
OSM-W1056198352,Parking lot,PARKING,33.940518,-83.539952,3310,way,1056198352
OSM-W1056198353,Parking lot,PARKING,33.939608,-83.540659,2126,way,1056198353
OSM-W1056203362,Parking lot,PARKING,33.848363,-83.410098,1061,way,1056203362
OSM-W1056203365,Parking lot,PARKING,33.847936,-83.408673,7831,way,1056203365
OSM-W1056203366,Parking lot,PARKING,33.848491,-83.408526,421,way,1056203366
OSM-W1056203373,Parking lot,PARKING,33.848989,-83.429573,2576,way,1056203373
OSM-W1056218037,Parking lot,PARKING,33.963055,-83.422534,3955,way,1056218037
OSM-W1056218038,Parking lot,PARKING,33.963768,-83.42109,540,way,1056218038
OSM-W1056232567,Parking lot,PARKING,33.979861,-83.35267,15422,way,1056232567
OSM-W1056232568,Parking lot,PARKING,33.981537,-83.355039,29359,way,1056232568
OSM-W1056267024,The Church of Jesus Christ,PLACE_OF_WORSHIP,33.945979,-83.514439,395,way,1056267024
OSM-W1056267071,Mount Sinai Baptist Church,PLACE_OF_WORSHIP,33.945629,-83.518266,789,way,1056267071
OSM-W1056642948,Bethabra Baptist Church,PLACE_OF_WORSHIP,34.064225,-83.78494,374,way,1056642948
OSM-W1056778940,BP,FUEL_STATION,34.111085,-83.875386,741,way,1056778940
OSM-W1056902465,Open Door Baptist Church,PLACE_OF_WORSHIP,34.149234,-83.927192,962,way,1056902465
OSM-W1057485605,Parking lot,PARKING,34.124701,-84.091563,1742,way,1057485605
OSM-W1057626871,Parking lot,PARKING,34.249334,-83.959838,3251,way,1057626871
OSM-W1057913087,New Prospect United Methodist Church,PLACE_OF_WORSHIP,34.145397,-84.026185,196,way,1057913087
OSM-W1057964336,QuikTrip,FUEL_STATION,34.051255,-83.994868,848,way,1057964336
OSM-W1058399173,Chevron,FUEL_STATION,33.920055,-83.342126,269,way,1058399173
OSM-W1058589976,Parking lot,PARKING,34.045046,-83.865938,3118,way,1058589976
OSM-W1059320757,Shell,FUEL_STATION,33.93929,-83.386335,192,way,1059320757
OSM-W1059931933,Shell,FUEL_STATION,33.920553,-83.341839,334,way,1059931933
OSM-W1060081092,Sugar Hill Baptist Church,PLACE_OF_WORSHIP,34.229802,-83.744531,581,way,1060081092
OSM-W1060292265,Circle K,FUEL_STATION,33.962261,-83.392924,1045,way,1060292265
OSM-W1060293652,Shell,FUEL_STATION,33.955297,-83.388153,172,way,1060293652
OSM-W1060354856,Walmart,FUEL_STATION,34.266323,-84.090577,328,way,1060354856
OSM-W1060355228,Coal Mountain Baptist Church,PLACE_OF_WORSHIP,34.269611,-84.100241,2186,way,1060355228
OSM-W1060651550,Parking lot,PARKING,34.323147,-84.051167,1452,way,1060651550
OSM-W1060651551,Parking lot,PARKING,34.322893,-84.050903,517,way,1060651551
OSM-W1061088392,Parking lot,PARKING,34.29489,-84.092761,731,way,1061088392
OSM-W1061090187,Trinity Baptist Church,PLACE_OF_WORSHIP,34.37741,-84.088337,430,way,1061090187
OSM-W1061832057,Parking lot,PARKING,34.217916,-83.912463,881,way,1061832057
OSM-W1061832062,Parking lot,PARKING,34.242301,-83.890228,754,way,1061832062
OSM-W1061835484,Iglesia Bethel,PLACE_OF_WORSHIP,34.285829,-83.838122,1421,way,1061835484
OSM-W1061894897,Parking lot,PARKING,34.011018,-83.915787,2095,way,1061894897
OSM-W1061894930,Parking lot,PARKING,34.072469,-83.891781,2168,way,1061894930
OSM-W1061896295,White Plains Baptist Church,PLACE_OF_WORSHIP,34.099805,-83.669055,1184,way,1061896295
OSM-W1061897710,Maxey Hill Baptist Church,PLACE_OF_WORSHIP,34.078885,-83.614998,566,way,1061897710
OSM-W1061937979,Parking lot,PARKING,33.899895,-84.007349,1568,way,1061937979
OSM-W1062056441,Parking lot,PARKING,34.026478,-83.888048,2994,way,1062056441
OSM-W1062056443,Parking lot,PARKING,34.020306,-83.878583,7271,way,1062056443
OSM-W1062056449,Parking lot,PARKING,34.032013,-83.862679,11254,way,1062056449
OSM-W1062056450,Parking lot,PARKING,34.032074,-83.863888,4183,way,1062056450
OSM-W1062063411,Rockwell Universalist Church,PLACE_OF_WORSHIP,34.035442,-83.713762,348,way,1062063411
OSM-W1062113646,Grace Fellowship Church,PLACE_OF_WORSHIP,33.873999,-83.502782,4235,way,1062113646
OSM-W1062114362,Ross Chapel,PLACE_OF_WORSHIP,33.872859,-83.531242,329,way,1062114362
OSM-W1062115624,Rays Chapel Methodist Church,PLACE_OF_WORSHIP,33.856324,-83.504471,1077,way,1062115624
OSM-W1062116099,Brown Chapel,PLACE_OF_WORSHIP,33.822655,-83.452129,2903,way,1062116099
OSM-W1062116736,Bishop Methodist Church,PLACE_OF_WORSHIP,33.821078,-83.436834,893,way,1062116736
OSM-W1062116738,Bishop Baptist Church,PLACE_OF_WORSHIP,33.821593,-83.435879,2767,way,1062116738
OSM-W1062118046,BP,FUEL_STATION,33.872306,-83.439368,699,way,1062118046
OSM-W1062118060,New Life Apostolic Church,PLACE_OF_WORSHIP,33.874818,-83.440724,4051,way,1062118060
OSM-W1062118066,Gas station,FUEL_STATION,33.876058,-83.437594,1320,way,1062118066
OSM-W1062118083,Shady Grove Baptist Church,PLACE_OF_WORSHIP,33.875158,-83.443792,1349,way,1062118083
OSM-W1062199581,Watkinsville First Methodist Church,PLACE_OF_WORSHIP,33.84972,-83.420997,4606,way,1062199581
OSM-W1063595998,Parking lot,PARKING,34.311072,-83.828675,404,way,1063595998
OSM-W1063605209,RaceTrac,FUEL_STATION,33.88807,-83.414366,1074,way,1063605209
OSM-W1064339964,Poplar Springs Church,PLACE_OF_WORSHIP,33.811018,-83.401341,483,way,1064339964
OSM-W1065208638,Parking lot,PARKING,33.981731,-83.977809,50478,way,1065208638
OSM-W1065211283,Parking lot,PARKING,34.065195,-83.936469,837,way,1065211283
OSM-W1065211294,Parking lot,PARKING,34.115922,-83.939649,1645,way,1065211294
OSM-W1065211297,Parking lot,PARKING,34.122921,-83.936694,913,way,1065211297
OSM-W1065557940,Parking lot,PARKING,34.158331,-83.908785,3904,way,1065557940
OSM-W1065703529,Gainesville Tabernacle,PLACE_OF_WORSHIP,34.286388,-83.837769,2319,way,1065703529
OSM-W1065747551,Parking lot,PARKING,34.087014,-84.045574,20973,way,1065747551
OSM-W1065747552,Parking lot,PARKING,34.089105,-84.043333,76493,way,1065747552
OSM-W1065747553,Parking lot,PARKING,34.088399,-84.042178,26588,way,1065747553
OSM-W1065748616,Parking lot,PARKING,33.866727,-83.965072,2948,way,1065748616
OSM-W1065924794,Harmony Baptist Church,PLACE_OF_WORSHIP,34.117108,-83.966427,1154,way,1065924794
OSM-W1065925356,Parking lot,PARKING,34.102533,-83.94346,1176,way,1065925356
OSM-W1065925358,Parking lot,PARKING,34.098749,-83.939154,1675,way,1065925358
OSM-W1065925362,Parking lot,PARKING,34.083914,-83.932286,2000,way,1065925362
OSM-W1065932354,Parking lot,PARKING,34.223375,-83.865866,1391,way,1065932354
OSM-W1066207691,Eastside Church,PLACE_OF_WORSHIP,33.971893,-83.682925,5211,way,1066207691
OSM-W1066734893,Parking lot,PARKING,34.167813,-84.003197,3067,way,1066734893
OSM-W1066736099,New Bethany Baptist Church,PLACE_OF_WORSHIP,34.158248,-83.994215,5754,way,1066736099
OSM-W1068279460,Parking lot,PARKING,34.269672,-84.083977,2426,way,1068279460
OSM-W1068699042,Mount Carmel Church,PLACE_OF_WORSHIP,33.827003,-83.569866,203,way,1068699042
OSM-W1068699113,Hillsboro Baptist Church,PLACE_OF_WORSHIP,33.827857,-83.50728,1702,way,1068699113
OSM-W1068699114,Oconee County Fire Station,FIRE_STATION,33.826942,-83.505891,988,way,1068699114
OSM-W1068699201,Shell,FUEL_STATION,33.825012,-83.440403,674,way,1068699201
OSM-W1069660221,Parking lot,PARKING,34.049439,-84.004634,2473,way,1069660221
OSM-W1069660224,Parking lot,PARKING,34.085798,-83.979943,3401,way,1069660224
OSM-W1069660243,Parking lot,PARKING,34.105929,-83.953436,1182,way,1069660243
OSM-W1069660255,Parking lot,PARKING,34.129842,-83.90291,2216,way,1069660255
OSM-W1069660256,Parking lot,PARKING,34.129242,-83.902356,1535,way,1069660256
OSM-W1070986839,High Shoals United Methodist Church,PLACE_OF_WORSHIP,33.813373,-83.509334,348,way,1070986839
OSM-W1071023734,Parking lot,PARKING,34.104935,-83.9989,38510,way,1071023734
OSM-W1071023735,Parking lot,PARKING,34.105827,-84.000326,27788,way,1071023735
OSM-W1071026313,Parking lot,PARKING,34.148055,-83.904066,699,way,1071026313
OSM-W1071026315,Parking lot,PARKING,34.152091,-83.894977,15579,way,1071026315
OSM-W1071026319,Parking lot,PARKING,34.125498,-83.83235,1511,way,1071026319
OSM-W1071026321,Parking lot,PARKING,34.124362,-83.824796,16081,way,1071026321
OSM-W1071026323,Parking lot,PARKING,34.130832,-83.811941,724,way,1071026323
OSM-W1072133442,Parking lot,PARKING,33.903828,-83.968416,9591,way,1072133442
OSM-W1072133443,Parking lot,PARKING,33.90124,-83.96776,12947,way,1072133443
OSM-W1072470395,Parking lot,PARKING,33.958289,-83.436086,7448,way,1072470395
OSM-W1072477106,Sheriff's Office Overflow Parking,PARKING,33.982223,-83.981154,3959,way,1072477106
OSM-W1073221634,Parking lot,PARKING,33.87025,-83.443484,5362,way,1073221634
OSM-W1073221635,Parking lot,PARKING,33.869947,-83.443827,5946,way,1073221635
OSM-W1073221636,Parking lot,PARKING,33.870938,-83.442934,10939,way,1073221636
OSM-W1074217458,Parking lot,PARKING,34.131689,-84.072685,3011,way,1074217458
OSM-W1074334731,Parking lot,PARKING,33.873908,-83.440554,1392,way,1074334731
OSM-W1074334733,Parking lot,PARKING,33.873238,-83.440794,1590,way,1074334733
OSM-W1075187527,Marathon,FUEL_STATION,33.833319,-83.882556,246,way,1075187527
OSM-W1075187552,Chevron,FUEL_STATION,33.805372,-83.874018,327,way,1075187552
OSM-W1075223016,Parking lot,PARKING,34.073393,-83.959203,421,way,1075223016
OSM-W1075223042,Parking lot,PARKING,34.072874,-83.936639,1687,way,1075223042
OSM-W1075434684,Church lot,PLACE_OF_WORSHIP,33.807419,-83.798338,908,way,1075434684
OSM-W1076364534,Saint Anna Catholic Church,PLACE_OF_WORSHIP,33.800242,-83.700892,1267,way,1076364534
OSM-W1076424741,Parking lot,PARKING,33.958164,-83.373587,529,way,1076424741
OSM-W1076424745,Parking lot,PARKING,33.958888,-83.378367,660,way,1076424745
OSM-W1076424746,Parking lot,PARKING,33.959018,-83.377786,781,way,1076424746
OSM-W1076424753,Parking lot,PARKING,33.959382,-83.375473,454,way,1076424753
OSM-W1076424792,Parking lot,PARKING,33.961576,-83.376131,7309,way,1076424792
OSM-W1076723160,Parking lot,PARKING,33.911458,-83.974493,3091,way,1076723160
OSM-W1076723161,Parking lot,PARKING,33.9109,-83.974823,1361,way,1076723161
OSM-W1076890515,Parking lot,PARKING,34.15104,-83.814017,6833,way,1076890515
OSM-W1077422500,Parking lot,PARKING,34.262917,-84.003949,1522,way,1077422500
OSM-W1077422501,Parking lot,PARKING,34.262477,-84.005129,5973,way,1077422501
OSM-W1077422502,Parking lot,PARKING,34.263998,-84.000891,65646,way,1077422502
OSM-W1077422503,Parking lot,PARKING,34.263819,-83.998811,1916,way,1077422503
OSM-W1077422541,Forsyth County Fire Station #9,FIRE_STATION,34.251651,-84.003689,436,way,1077422541
OSM-W1077961244,Parking lot,PARKING,33.949523,-83.801168,1126,way,1077961244
OSM-W1078286940,Enon Baptist Church,PLACE_OF_WORSHIP,34.488173,-83.971693,456,way,1078286940
OSM-W1081569827,Parking lot,PARKING,34.250278,-84.074218,777,way,1081569827
OSM-W1082155242,Parking lot,PARKING,33.951355,-83.988201,1215,way,1082155242
OSM-W1082155243,Parking lot,PARKING,33.950683,-83.98812,2183,way,1082155243
OSM-W1082155248,Parking lot,PARKING,33.951641,-83.987116,5054,way,1082155248
OSM-W1082155249,Parking lot,PARKING,33.952198,-83.986474,1081,way,1082155249
OSM-W1082155252,Parking lot,PARKING,33.95201,-83.98743,1515,way,1082155252
OSM-W1082155253,Parking lot,PARKING,33.951507,-83.986286,525,way,1082155253
OSM-W1082155259,Parking lot,PARKING,33.948602,-83.987501,4677,way,1082155259
OSM-W1082155260,Parking lot,PARKING,33.948505,-83.99035,1134,way,1082155260
OSM-W1082155273,Parking lot,PARKING,33.955461,-83.991029,1430,way,1082155273
OSM-W1082157430,Parking lot,PARKING,33.954901,-83.988845,498,way,1082157430
OSM-W1082157431,Parking lot,PARKING,33.954076,-83.990013,1428,way,1082157431
OSM-W1082157432,Parking lot,PARKING,33.953723,-83.989911,753,way,1082157432
OSM-W1082157433,Parking lot,PARKING,33.952911,-83.988679,2407,way,1082157433
OSM-W1082157434,Parking lot,PARKING,33.955089,-83.98859,1075,way,1082157434
OSM-W1082157435,Parking lot,PARKING,33.957715,-83.987063,1082,way,1082157435
OSM-W1082157436,Parking lot,PARKING,33.95842,-83.986274,490,way,1082157436
OSM-W1082157437,Parking lot,PARKING,33.957562,-83.989456,1511,way,1082157437
OSM-W1082157438,Parking lot,PARKING,33.957674,-83.989776,440,way,1082157438
OSM-W1082160890,Parking lot,PARKING,33.956829,-83.987042,492,way,1082160890
OSM-W1082160893,Parking lot,PARKING,33.9578,-83.988939,2969,way,1082160893
OSM-W1082160894,Parking lot,PARKING,33.957534,-83.990208,1277,way,1082160894
OSM-W1082160895,Parking lot,PARKING,33.957474,-83.990477,830,way,1082160895
OSM-W1082160896,Parking lot,PARKING,33.957714,-83.991086,501,way,1082160896
OSM-W1082210574,Parking lot,PARKING,33.91894,-83.999189,1746,way,1082210574
OSM-W1082210575,Parking lot,PARKING,33.918884,-83.998709,729,way,1082210575
OSM-W1082210576,Parking lot,PARKING,33.923995,-83.998288,1152,way,1082210576
OSM-W1082358528,Parking lot,PARKING,33.872394,-84.015917,4067,way,1082358528
OSM-W1082358530,Parking lot,PARKING,33.8659,-84.016299,642,way,1082358530
OSM-W1082372912,Chevron,FUEL_STATION,33.851305,-84.043413,817,way,1082372912
OSM-W1082760454,Parking lot,PARKING,34.077666,-83.907551,2863,way,1082760454
OSM-W1082760455,Parking lot,PARKING,34.078104,-83.905782,4556,way,1082760455
OSM-W1082760456,Parking lot,PARKING,34.079486,-83.912911,15618,way,1082760456
OSM-W1082760457,Parking lot,PARKING,34.079387,-83.910673,10456,way,1082760457
OSM-W1082766579,Parking lot,PARKING,34.081809,-83.910704,4697,way,1082766579
OSM-W1082790359,Citgo,FUEL_STATION,33.85601,-84.020556,276,way,1082790359
OSM-W1082993662,Gas station,FUEL_STATION,33.850856,-84.044175,1059,way,1082993662
OSM-W1082993671,Texaco,FUEL_STATION,33.854183,-84.033121,489,way,1082993671
OSM-W1083564993,QuikTrip,FUEL_STATION,34.061565,-83.944065,2153,way,1083564993
OSM-W1084242314,Parking lot,PARKING,33.952803,-83.385177,1189,way,1084242314
OSM-W1085230184,Brookwood Elementary School,SCHOOL,33.880727,-84.041768,111980,way,1085230184
OSM-W1085369133,Chevron,FUEL_STATION,33.972963,-83.786513,4227,way,1085369133
OSM-W1085893105,Parking lot,PARKING,33.805173,-83.811742,9021,way,1085893105
OSM-W1086478567,Parking lot,PARKING,34.095439,-83.688065,10169,way,1086478567
OSM-W1088132142,Parking lot,PARKING,34.423664,-83.848105,13841,way,1088132142
OSM-W1089028743,Enon Baptist Church,PLACE_OF_WORSHIP,34.419986,-83.62638,1249,way,1089028743
OSM-W1089029324,Yonah Congregational Holiness Church,PLACE_OF_WORSHIP,34.425541,-83.617899,852,way,1089029324
OSM-W1089750497,Chevron,FUEL_STATION,33.926974,-83.997455,665,way,1089750497
OSM-W1090784266,Parking lot,PARKING,33.948472,-83.408961,3223,way,1090784266
OSM-W1090784268,Parking lot,PARKING,33.947846,-83.40894,3283,way,1090784268
OSM-W1090784269,Parking lot,PARKING,33.948609,-83.409956,8114,way,1090784269
OSM-W1090784270,Parking lot,PARKING,33.948921,-83.410622,1530,way,1090784270
OSM-W1090784280,Parking lot,PARKING,33.946272,-83.41131,511,way,1090784280
OSM-W1090784281,Parking lot,PARKING,33.946128,-83.411842,1060,way,1090784281
OSM-W1090784282,Parking lot,PARKING,33.946546,-83.411666,2289,way,1090784282
OSM-W1090784283,Parking lot,PARKING,33.947402,-83.411634,3291,way,1090784283
OSM-W1090784284,Parking lot,PARKING,33.947326,-83.411992,3315,way,1090784284
OSM-W1090784285,Parking lot,PARKING,33.947642,-83.412889,462,way,1090784285
OSM-W1090784287,Parking lot,PARKING,33.948117,-83.413945,2398,way,1090784287
OSM-W1090784288,Parking lot,PARKING,33.9484,-83.413842,644,way,1090784288
OSM-W1091374807,Parking lot,PARKING,33.95962,-83.374421,955,way,1091374807
OSM-W1091394459,Parking lot,PARKING,33.9653,-83.373515,4167,way,1091394459
OSM-W1091660282,New Faith Christian Center,PLACE_OF_WORSHIP,34.213384,-83.457593,2451,way,1091660282
OSM-W1091660286,Parking lot,PARKING,34.175187,-83.43058,2230,way,1091660286
OSM-W1092040239,Flat Creek Baptist Church,PLACE_OF_WORSHIP,34.260978,-83.482199,277,way,1092040239
OSM-W1092042376,Beaverdam Baptist Church,PLACE_OF_WORSHIP,34.269958,-83.422435,646,way,1092042376
OSM-W1095756308,New Rock Springs Baptist Church,PLACE_OF_WORSHIP,33.977142,-83.868617,361,way,1095756308
OSM-W1095774435,Parking lot,PARKING,33.979319,-83.734914,1469,way,1095774435
OSM-W1095774436,Parking lot,PARKING,33.980035,-83.734678,4155,way,1095774436
OSM-W1095948621,Candler United Methodist Church,PLACE_OF_WORSHIP,34.212381,-83.781631,546,way,1095948621
OSM-W1095955740,Oak Grove Baptist Church,PLACE_OF_WORSHIP,34.26415,-83.775062,1233,way,1095955740
OSM-W1095955763,Greater Timber Ridge Church,PLACE_OF_WORSHIP,34.2736,-83.780712,690,way,1095955763
OSM-W1095990099,Bethel Church of the Nazarene,PLACE_OF_WORSHIP,34.291603,-83.79185,1247,way,1095990099
OSM-W1096059991,New Life Missionary Baptist Church,PLACE_OF_WORSHIP,34.289165,-83.799718,1915,way,1096059991
OSM-W1096063211,Harmony Christian Church,PLACE_OF_WORSHIP,34.222924,-83.495239,755,way,1096063211
OSM-W1097854871,Parking lot,PARKING,33.956701,-83.990622,10204,way,1097854871
OSM-W1099359665,Parking lot,PARKING,33.83457,-83.896997,1785,way,1099359665
OSM-W1099359700,Parking lot,PARKING,33.835917,-83.899272,5601,way,1099359700
OSM-W1099466394,Parking lot,PARKING,33.957952,-83.990086,784,way,1099466394
OSM-W1099466395,Parking lot,PARKING,33.958009,-83.990823,1497,way,1099466395
OSM-W1100698069,Clermont Pentacostal Lighthouse Church,PLACE_OF_WORSHIP,34.464204,-83.816703,1078,way,1100698069
OSM-W1101546455,Parking lot,PARKING,33.961944,-83.987407,1285,way,1101546455
OSM-W1101546456,Parking lot,PARKING,33.961876,-83.987932,909,way,1101546456
OSM-W1101546463,Parking lot,PARKING,33.960662,-83.989424,4221,way,1101546463
OSM-W1101747170,Bethel United Methodist Church,PLACE_OF_WORSHIP,34.466817,-83.849601,669,way,1101747170
OSM-W1102141376,Parking lot,PARKING,33.841314,-83.908248,1797,way,1102141376
OSM-W1102141377,Parking lot,PARKING,33.841212,-83.908169,487,way,1102141377
OSM-W1102141378,Parking lot,PARKING,33.840911,-83.908213,1030,way,1102141378
OSM-W1102141379,Parking lot,PARKING,33.840599,-83.909188,785,way,1102141379
OSM-W1102141381,Parking lot,PARKING,33.840496,-83.908994,545,way,1102141381
OSM-W1102141382,Parking lot,PARKING,33.840576,-83.908772,937,way,1102141382
OSM-W1102141384,Parking lot,PARKING,33.840938,-83.90848,439,way,1102141384
OSM-W1102141385,Parking lot,PARKING,33.840545,-83.908585,2073,way,1102141385
OSM-W1102141387,Parking lot,PARKING,33.840679,-83.907692,525,way,1102141387
OSM-W1102141388,Parking lot,PARKING,33.840592,-83.907809,854,way,1102141388
OSM-W1102141389,Parking lot,PARKING,33.840738,-83.907566,1213,way,1102141389
OSM-W1102141390,Parking lot,PARKING,33.840354,-83.907224,445,way,1102141390
OSM-W1102141391,Parking lot,PARKING,33.840109,-83.906894,946,way,1102141391
OSM-W1102141392,Parking lot,PARKING,33.839326,-83.90717,1391,way,1102141392
OSM-W1102141394,Parking lot,PARKING,33.840133,-83.908261,5748,way,1102141394
OSM-W1102141395,Parking lot,PARKING,33.839821,-83.907436,15500,way,1102141395
OSM-W1102141399,Parking lot,PARKING,33.839729,-83.906314,953,way,1102141399
OSM-W1102141400,Parking lot,PARKING,33.83939,-83.906378,906,way,1102141400
OSM-W1102141401,Parking lot,PARKING,33.839341,-83.90629,622,way,1102141401
OSM-W1102141403,Parking lot,PARKING,33.839457,-83.905819,722,way,1102141403
OSM-W1102141404,Parking lot,PARKING,33.839174,-83.905814,1399,way,1102141404
OSM-W1102141405,Parking lot,PARKING,33.839058,-83.906191,554,way,1102141405
OSM-W1102141408,Parking lot,PARKING,33.839121,-83.905537,530,way,1102141408
OSM-W1102141410,Parking lot,PARKING,33.838579,-83.90399,1078,way,1102141410
OSM-W1102141411,Parking lot,PARKING,33.838859,-83.904108,453,way,1102141411
OSM-W1102141415,Parking lot,PARKING,33.838628,-83.903304,555,way,1102141415
OSM-W1102141416,Parking lot,PARKING,33.839118,-83.905728,2047,way,1102141416
OSM-W1102141423,Parking lot,PARKING,33.838626,-83.903751,618,way,1102141423
OSM-W1102141424,Parking lot,PARKING,33.838498,-83.903535,1441,way,1102141424
OSM-W1102141425,Parking lot,PARKING,33.838315,-83.903497,1203,way,1102141425
OSM-W1102141427,Parking lot,PARKING,33.837987,-83.903226,521,way,1102141427
OSM-W1102141428,Parking lot,PARKING,33.837788,-83.903557,3105,way,1102141428
OSM-W1102141429,Parking lot,PARKING,33.837331,-83.900893,1899,way,1102141429
OSM-W1102141432,Parking lot,PARKING,33.837639,-83.901437,2095,way,1102141432
OSM-W1102141433,Parking lot,PARKING,33.837815,-83.902191,4546,way,1102141433
OSM-W1102150024,Parking lot,PARKING,33.838501,-83.907346,455,way,1102150024
OSM-W1102150027,Parking lot,PARKING,33.838469,-83.906169,696,way,1102150027
OSM-W1102150029,Parking lot,PARKING,33.838744,-83.906448,602,way,1102150029
OSM-W1102150030,Parking lot,PARKING,33.83888,-83.906893,735,way,1102150030
OSM-W1102150031,Parking lot,PARKING,33.839143,-83.906608,704,way,1102150031
OSM-W1102150032,Parking lot,PARKING,33.839194,-83.907011,803,way,1102150032
OSM-W1102161795,Parking lot,PARKING,33.844997,-83.910514,554,way,1102161795
OSM-W1102161803,Parking lot,PARKING,33.843605,-83.909494,718,way,1102161803
OSM-W1102161804,Parking lot,PARKING,33.843521,-83.909175,690,way,1102161804
OSM-W1102161805,Parking lot,PARKING,33.843253,-83.909286,883,way,1102161805
OSM-W1102161806,Parking lot,PARKING,33.84337,-83.909775,518,way,1102161806
OSM-W1102161807,Parking lot,PARKING,33.843997,-83.910219,1719,way,1102161807
OSM-W1102161809,Parking lot,PARKING,33.844436,-83.910134,1074,way,1102161809
OSM-W1102161810,Parking lot,PARKING,33.844329,-83.910073,531,way,1102161810
OSM-W1102161811,Parking lot,PARKING,33.844107,-83.909914,650,way,1102161811
OSM-W1102161812,Parking lot,PARKING,33.843983,-83.909834,938,way,1102161812
OSM-W1102161813,Parking lot,PARKING,33.844269,-83.909662,2395,way,1102161813
OSM-W1102161814,Parking lot,PARKING,33.843897,-83.909654,664,way,1102161814
OSM-W1102161817,Parking lot,PARKING,33.842945,-83.908978,634,way,1102161817
OSM-W1102161818,Parking lot,PARKING,33.843081,-83.909306,1054,way,1102161818
OSM-W1102161819,Parking lot,PARKING,33.841846,-83.911218,1118,way,1102161819
OSM-W1102161820,Parking lot,PARKING,33.842035,-83.911537,2988,way,1102161820
OSM-W1102161821,Parking lot,PARKING,33.841872,-83.911536,4623,way,1102161821
OSM-W1102161822,Parking lot,PARKING,33.842466,-83.9106,3937,way,1102161822
OSM-W1102161823,Parking lot,PARKING,33.839883,-83.91061,1243,way,1102161823
OSM-W1102161824,Parking lot,PARKING,33.839667,-83.910276,5363,way,1102161824
OSM-W1102161825,Parking lot,PARKING,33.839795,-83.910369,5801,way,1102161825
OSM-W1102161828,Parking lot,PARKING,33.842359,-83.908869,717,way,1102161828
OSM-W1102161830,Parking lot,PARKING,33.842217,-83.908534,488,way,1102161830
OSM-W1102161831,Parking lot,PARKING,33.841914,-83.908669,2005,way,1102161831
OSM-W1102161834,Parking lot,PARKING,33.842236,-83.910296,12850,way,1102161834
OSM-W1102161836,Parking lot,PARKING,33.84138,-83.9098,33888,way,1102161836
OSM-W1102161838,Parking lot,PARKING,33.838221,-83.9028,461,way,1102161838
OSM-W1102161839,Parking lot,PARKING,33.838124,-83.902687,742,way,1102161839
OSM-W1102161844,Parking lot,PARKING,33.836722,-83.899823,568,way,1102161844
OSM-W1102210799,Parking lot,PARKING,33.848803,-83.912991,516,way,1102210799
OSM-W1102210802,Parking lot,PARKING,33.848017,-83.913534,1762,way,1102210802
OSM-W1102210803,Parking lot,PARKING,33.847914,-83.912144,890,way,1102210803
OSM-W1102210804,Parking lot,PARKING,33.847571,-83.912341,2317,way,1102210804
OSM-W1102210805,Parking lot,PARKING,33.848278,-83.912521,1535,way,1102210805
OSM-W1102210806,Parking lot,PARKING,33.847848,-83.912708,8617,way,1102210806
OSM-W1102210807,Parking lot,PARKING,33.849685,-83.910274,2903,way,1102210807
OSM-W1102210808,Parking lot,PARKING,33.849513,-83.909758,1504,way,1102210808
OSM-W1102210810,Parking lot,PARKING,33.849215,-83.909463,1590,way,1102210810
OSM-W1102210812,Parking lot,PARKING,33.847129,-83.912019,2230,way,1102210812
OSM-W1102210823,Parking lot,PARKING,33.847879,-83.910462,42754,way,1102210823
OSM-W1102210824,Parking lot,PARKING,33.846864,-83.913451,473,way,1102210824
OSM-W1102210825,Parking lot,PARKING,33.846796,-83.913582,602,way,1102210825
OSM-W1102210831,Parking lot,PARKING,33.846147,-83.912156,719,way,1102210831
OSM-W1102210833,Parking lot,PARKING,33.845886,-83.911843,1088,way,1102210833
OSM-W1102210835,Parking lot,PARKING,33.843932,-83.911842,1622,way,1102210835
OSM-W1102210836,Parking lot,PARKING,33.844078,-83.911867,617,way,1102210836
OSM-W1102210837,Parking lot,PARKING,33.844323,-83.911754,632,way,1102210837
OSM-W1102210838,Parking lot,PARKING,33.84472,-83.91135,2469,way,1102210838
OSM-W1102210839,Parking lot,PARKING,33.843988,-83.910328,1569,way,1102210839
OSM-W1102210840,Parking lot,PARKING,33.844492,-83.911242,4866,way,1102210840
OSM-W1102210841,Parking lot,PARKING,33.843622,-83.910715,23158,way,1102210841
OSM-W1102470722,Parking lot,PARKING,33.955292,-83.990002,4433,way,1102470722
OSM-W1102470727,Parking lot,PARKING,33.953904,-83.987488,1683,way,1102470727
OSM-W1102470732,Parking lot,PARKING,33.950643,-83.984771,958,way,1102470732
OSM-W1102470756,Exxon,FUEL_STATION,33.952067,-83.98136,467,way,1102470756
OSM-W1102606873,QuikTrip,FUEL_STATION,34.05136,-83.994574,1773,way,1102606873
OSM-W1102672631,Union Baptist Church,PLACE_OF_WORSHIP,34.028543,-83.677181,6805,way,1102672631
OSM-W1102695753,Parking lot,PARKING,33.847162,-83.913602,410,way,1102695753
OSM-W1102695757,Parking lot,PARKING,33.847374,-83.913876,1181,way,1102695757
OSM-W1102724363,Parking lot,PARKING,33.951837,-83.98881,1764,way,1102724363
OSM-W1102724364,Parking lot,PARKING,33.951277,-83.9887,548,way,1102724364
OSM-W1102724365,Parking lot,PARKING,33.948935,-83.990808,4853,way,1102724365
OSM-W1102724366,Parking lot,PARKING,33.949081,-83.990425,1087,way,1102724366
OSM-W1102724379,Parking lot,PARKING,33.955811,-83.988889,4162,way,1102724379
OSM-W1102821886,Homer Methodist Church,PLACE_OF_WORSHIP,34.332416,-83.499706,730,way,1102821886
OSM-W1102821894,Berean Baptist Church,PLACE_OF_WORSHIP,34.332713,-83.497805,465,way,1102821894
OSM-W1102821923,Homer First Baptist Church,PLACE_OF_WORSHIP,34.325939,-83.497934,762,way,1102821923
OSM-W1102828400,Bethlehem Baptist Church,PLACE_OF_WORSHIP,34.380369,-83.511311,632,way,1102828400
OSM-W1102885780,Parking lot,PARKING,33.861852,-83.914308,2183,way,1102885780
OSM-W1102962861,W. R. Coile Middle School,SCHOOL,33.988486,-83.297893,183900,way,1102962861
OSM-W1102966480,Colbert Elementary School,SCHOOL,34.039396,-83.22834,82336,way,1102966480
OSM-W1103083612,Parking lot,PARKING,34.163075,-83.67755,628,way,1103083612
OSM-W1103088083,Parking lot,PARKING,34.122107,-83.601132,4937,way,1103088083
OSM-W1103088087,Parking lot,PARKING,34.122182,-83.608639,3850,way,1103088087
OSM-W1103138437,Lift Worship,PLACE_OF_WORSHIP,34.371258,-83.233817,731,way,1103138437
OSM-W1103834106,Mount Bethel Methodist Church,PLACE_OF_WORSHIP,34.237598,-83.443531,185,way,1103834106
OSM-W1103843791,Parking lot,PARKING,33.822117,-83.736446,11892,way,1103843791
OSM-W1103843792,Parking lot,PARKING,33.823245,-83.736129,15513,way,1103843792
OSM-W1103843797,Parking lot,PARKING,33.818946,-83.73443,1654,way,1103843797
OSM-W1103843798,Parking lot,PARKING,33.818817,-83.738101,7382,way,1103843798
OSM-W1103843817,Monroe Elementary School,SCHOOL,33.823041,-83.737183,113316,way,1103843817
OSM-W1103843818,Parking lot,PARKING,33.818832,-83.735395,806,way,1103843818
OSM-W1103843819,Parking lot,PARKING,33.818841,-83.734886,9615,way,1103843819
OSM-W1103843821,Parking lot,PARKING,33.817988,-83.735785,3715,way,1103843821
OSM-W1103886962,Parking lot,PARKING,33.825139,-83.864553,405,way,1103886962
OSM-W1103886963,Parking lot,PARKING,33.824936,-83.864178,7729,way,1103886963
OSM-W1103888017,Parking lot,PARKING,33.82883,-83.866374,1425,way,1103888017
OSM-W1103888020,Parking lot,PARKING,33.829076,-83.86631,401,way,1103888020
OSM-W1103888021,Parking lot,PARKING,33.828764,-83.865612,7033,way,1103888021
OSM-W1104101232,Parking lot,PARKING,33.834509,-83.882254,948,way,1104101232
OSM-W1104101233,Parking lot,PARKING,33.834425,-83.882608,673,way,1104101233
OSM-W1104101235,Parking lot,PARKING,33.834011,-83.882324,753,way,1104101235
OSM-W1104101236,Parking lot,PARKING,33.833966,-83.881962,1101,way,1104101236
OSM-W1104101237,Parking lot,PARKING,33.83431,-83.881403,1690,way,1104101237
OSM-W1104101238,Parking lot,PARKING,33.834556,-83.881157,402,way,1104101238
OSM-W1104101239,Parking lot,PARKING,33.835131,-83.881216,771,way,1104101239
OSM-W1104101241,Parking lot,PARKING,33.834668,-83.881075,1859,way,1104101241
OSM-W1104101242,Parking lot,PARKING,33.834508,-83.881553,1871,way,1104101242
OSM-W1104101243,Parking lot,PARKING,33.834664,-83.88156,2255,way,1104101243
OSM-W1104101244,Parking lot,PARKING,33.834778,-83.881666,2631,way,1104101244
OSM-W1104153626,Parking lot,PARKING,33.91503,-83.866101,1066,way,1104153626
OSM-W1104153627,Parking lot,PARKING,33.915132,-83.866184,764,way,1104153627
OSM-W1104153628,Parking lot,PARKING,33.914886,-83.866976,487,way,1104153628
OSM-W1104424222,Parking lot,PARKING,33.835667,-83.869361,1349,way,1104424222
OSM-W1104424224,Parking lot,PARKING,33.835805,-83.869579,2220,way,1104424224
OSM-W1104424225,Parking lot,PARKING,33.835744,-83.869456,1744,way,1104424225
OSM-W1104424226,Parking lot,PARKING,33.836914,-83.869947,5135,way,1104424226
OSM-W1104424227,Parking lot,PARKING,33.835081,-83.869609,506,way,1104424227
OSM-W1104424228,Parking lot,PARKING,33.835285,-83.869184,1069,way,1104424228
OSM-W1104424230,Parking lot,PARKING,33.832664,-83.867873,11749,way,1104424230
OSM-W1104424233,Parking lot,PARKING,33.833623,-83.867851,1167,way,1104424233
OSM-W1104424234,Parking lot,PARKING,33.833218,-83.868674,4186,way,1104424234
OSM-W1104424237,Parking lot,PARKING,33.833015,-83.86812,26025,way,1104424237
OSM-W1104448874,Parking lot,PARKING,33.830484,-83.902466,496,way,1104448874
OSM-W1104462625,Parking lot,PARKING,34.149234,-83.899344,1002,way,1104462625
OSM-W1104478906,Parking lot,PARKING,33.958703,-83.986189,1453,way,1104478906
OSM-W1104548062,Parking lot,PARKING,33.905566,-84.022043,5962,way,1104548062
OSM-W1104548063,Parking lot,PARKING,33.905321,-84.02274,1747,way,1104548063
OSM-W1104845090,Parking lot,PARKING,33.860887,-84.001423,1788,way,1104845090
OSM-W1104845091,Parking lot,PARKING,33.860817,-84.001095,506,way,1104845091
OSM-W1105011050,Parking lot,PARKING,33.844381,-84.013161,412,way,1105011050
OSM-W1105011051,Parking lot,PARKING,33.844211,-84.013458,1050,way,1105011051
OSM-W1105011053,Parking lot,PARKING,33.84429,-84.013313,1153,way,1105011053
OSM-W1105011054,Parking lot,PARKING,33.844704,-84.012329,2017,way,1105011054
OSM-W1105011055,Parking lot,PARKING,33.844657,-84.012891,472,way,1105011055
OSM-W1105080305,Gwinnett County Nash Street Parking Lot,PARKING,33.948776,-83.992552,21414,way,1105080305
OSM-W1105080306,Parking lot,PARKING,33.94634,-83.991307,859,way,1105080306
OSM-W1105080311,Parking lot,PARKING,33.949728,-83.988667,12758,way,1105080311
OSM-W1105104750,Zoar United Methodist Church,PLACE_OF_WORSHIP,33.810075,-84.045367,907,way,1105104750
OSM-W1105403920,Parking lot,PARKING,33.937368,-83.467171,56491,way,1105403920
OSM-W1105403921,Parking lot,PARKING,33.936077,-83.468178,8200,way,1105403921
OSM-W1105406038,Fire Station #2,FIRE_STATION,33.944885,-83.474038,2677,way,1105406038
OSM-W1105681200,Parking lot,PARKING,33.860613,-83.924291,4089,way,1105681200
OSM-W1105682786,Parking lot,PARKING,33.822334,-83.808374,26468,way,1105682786
OSM-W1105682787,Parking lot,PARKING,33.823223,-83.807101,6844,way,1105682787
OSM-W1105941088,Parking lot,PARKING,33.921126,-83.340239,1315,way,1105941088
OSM-W1105941089,Parking lot,PARKING,33.921064,-83.340019,933,way,1105941089
OSM-W1105941090,Parking lot,PARKING,33.921874,-83.340255,2066,way,1105941090
OSM-W1105941108,Parking lot,PARKING,33.934784,-83.326774,888,way,1105941108
OSM-W1105941117,Parking lot,PARKING,33.934102,-83.312266,6744,way,1105941117
OSM-W1106972983,Parking lot,PARKING,33.921233,-84.015649,3180,way,1106972983
OSM-W1106972984,Parking lot,PARKING,33.922057,-84.015887,18245,way,1106972984
OSM-W1106972987,Parking lot,PARKING,33.927595,-84.017374,2430,way,1106972987
OSM-W1106972988,Parking lot,PARKING,33.927211,-84.017861,1995,way,1106972988
OSM-W1106972993,Parking lot,PARKING,33.926735,-84.021057,14372,way,1106972993
OSM-W1106984998,Parking lot,PARKING,33.923422,-84.016918,3720,way,1106984998
OSM-W1106985021,Parking lot,PARKING,33.927014,-83.99884,3296,way,1106985021
OSM-W1107769628,Parking lot,PARKING,34.181921,-83.923327,406,way,1107769628
OSM-W1107770952,Parking lot,PARKING,34.181583,-83.922136,400,way,1107770952
OSM-W1107975569,Parking lot,PARKING,33.952351,-83.984039,962,way,1107975569
OSM-W1107975570,Parking lot,PARKING,33.952297,-83.983971,962,way,1107975570
OSM-W1110305860,Parking lot,PARKING,34.065613,-84.042841,861,way,1110305860
OSM-W1110395890,Parking lot,PARKING,33.950374,-83.363957,1228,way,1110395890
OSM-W1110395898,Parking lot,PARKING,33.952424,-83.365372,1274,way,1110395898
OSM-W1112400536,Parking lot,PARKING,33.829064,-83.852954,4061,way,1112400536
OSM-W1112545615,Parking lot,PARKING,33.955467,-83.986962,2827,way,1112545615
OSM-W1112802530,Parking lot,PARKING,33.836164,-83.888346,2666,way,1112802530
OSM-W1112802531,Parking lot,PARKING,33.836586,-83.888841,553,way,1112802531
OSM-W1112802532,Parking lot,PARKING,33.835933,-83.887676,2910,way,1112802532
OSM-W1112802533,Parking lot,PARKING,33.837187,-83.887152,5811,way,1112802533
OSM-W1113165856,QuikTrip,FUEL_STATION,34.294605,-83.828641,1502,way,1113165856
OSM-W1113165875,Parking lot,PARKING,34.293483,-83.826278,2454,way,1113165875
OSM-W1113180272,Parking lot,PARKING,34.306295,-83.810193,4150,way,1113180272
OSM-W1113180273,Parking lot,PARKING,34.307294,-83.80997,26225,way,1113180273
OSM-W1113230322,Parking lot,PARKING,33.842578,-83.908016,722,way,1113230322
OSM-W1113230324,Parking lot,PARKING,33.842199,-83.907757,1446,way,1113230324
OSM-W1113230326,Parking lot,PARKING,33.842526,-83.907091,1347,way,1113230326
OSM-W1113230327,Parking lot,PARKING,33.842437,-83.90753,1014,way,1113230327
OSM-W1113239795,Shell,FUEL_STATION,33.808196,-83.724504,951,way,1113239795
OSM-W1113239811,Parking lot,PARKING,33.805369,-83.732966,5892,way,1113239811
OSM-W1113239812,Parking lot,PARKING,33.805119,-83.731619,17934,way,1113239812
OSM-W1113239813,Parking lot,PARKING,33.805782,-83.729598,69296,way,1113239813
OSM-W1114767165,Church lot,PLACE_OF_WORSHIP,33.833516,-83.818335,1200,way,1114767165
OSM-W1114773178,Parking lot,PARKING,33.852586,-83.862893,532,way,1114773178
OSM-W1114773180,Shell,FUEL_STATION,33.853785,-83.875284,854,way,1114773180
OSM-W1115393124,Monroe Church of Christ,PLACE_OF_WORSHIP,33.811009,-83.726693,1493,way,1115393124
OSM-W1115393129,Valero,FUEL_STATION,33.813199,-83.726903,320,way,1115393129
OSM-W1115393131,Graystone Church,PLACE_OF_WORSHIP,33.808917,-83.725226,2910,way,1115393131
OSM-W1115620451,Parking lot,PARKING,33.83591,-83.898127,574,way,1115620451
OSM-W1115620452,Parking lot,PARKING,33.835845,-83.898444,731,way,1115620452
OSM-W1117153212,Parking lot,PARKING,33.953562,-83.365301,818,way,1117153212
OSM-W1117243077,Parking lot,PARKING,33.957333,-83.998189,2789,way,1117243077
OSM-W1117243079,Exxon,FUEL_STATION,33.957761,-84.000073,301,way,1117243079
OSM-W1117259475,Parking lot,PARKING,34.162949,-83.934057,916,way,1117259475
OSM-W1117405248,Parking lot,PARKING,34.185713,-83.92455,1561,way,1117405248
OSM-W1117405249,Parking lot,PARKING,34.185635,-83.92518,2949,way,1117405249
OSM-W1119216904,Parking lot,PARKING,33.966219,-83.399745,1913,way,1119216904
OSM-W1119216933,Parking lot,PARKING,33.966158,-83.410684,2114,way,1119216933
OSM-W1119216948,Parking lot,PARKING,33.963132,-83.399447,2759,way,1119216948
OSM-W1119216949,Parking lot,PARKING,33.962903,-83.399039,862,way,1119216949
OSM-W1119216950,Parking lot,PARKING,33.963942,-83.395347,452,way,1119216950
OSM-W1119216951,Parking lot,PARKING,33.963599,-83.394939,7678,way,1119216951
OSM-W1119216952,Parking lot,PARKING,33.964425,-83.393448,619,way,1119216952
OSM-W1119913499,Chevron,FUEL_STATION,33.956058,-83.998348,520,way,1119913499
OSM-W1119913519,Exxon,FUEL_STATION,33.938081,-84.018685,466,way,1119913519
OSM-W1120314355,Concord Baptist Church,PLACE_OF_WORSHIP,34.48569,-83.769031,3036,way,1120314355
OSM-W1120848273,Shell,FUEL_STATION,33.938491,-84.034577,752,way,1120848273
OSM-W1120848286,Chevron,FUEL_STATION,33.952604,-84.051259,506,way,1120848286
OSM-W1120848287,Shell,FUEL_STATION,33.952412,-84.050285,1164,way,1120848287
OSM-W1122513287,Shell,FUEL_STATION,33.945852,-83.985736,920,way,1122513287
OSM-W1123474298,Gilead Baptist Church,PLACE_OF_WORSHIP,34.110249,-83.232404,2670,way,1123474298
OSM-W1123610998,Appalachee Shoals Baptist Church,PLACE_OF_WORSHIP,33.898664,-83.756593,2043,way,1123610998
OSM-W1123662295,Parking lot,PARKING,33.890562,-84.004986,630,way,1123662295
OSM-W1123662296,Parking lot,PARKING,33.889579,-84.005495,5071,way,1123662296
OSM-W1123662297,Parking lot,PARKING,33.890376,-84.006191,530,way,1123662297
OSM-W1123662306,Parking lot,PARKING,33.89708,-84.006859,3303,way,1123662306
OSM-W1128122620,J. C. Magill Elementary School,SCHOOL,33.838854,-83.941658,118142,way,1128122620
OSM-W1128122625,Grace Snell Middle School,SCHOOL,33.841645,-83.943337,173666,way,1128122625
OSM-W1128137476,Chevron,FUEL_STATION,33.880788,-83.938719,1474,way,1128137476
OSM-W1133356266,Chevron,FUEL_STATION,33.931447,-84.041298,1019,way,1133356266
OSM-W1133609574,Shell,FUEL_STATION,33.926153,-84.062106,510,way,1133609574
OSM-W1133961011,RaceTrac,FUEL_STATION,33.991279,-83.340774,2949,way,1133961011
OSM-W1134149250,Parking lot,PARKING,34.247943,-83.898703,515,way,1134149250
OSM-W1135923153,Parking lot,PARKING,33.951275,-83.369773,616,way,1135923153
OSM-W1135923154,Parking lot,PARKING,33.951209,-83.370167,1217,way,1135923154
OSM-W1135942226,Parking lot,PARKING,33.953662,-83.988426,1074,way,1135942226
OSM-W1139095579,Parking lot,PARKING,33.958166,-83.984025,4739,way,1139095579
OSM-W1139100390,Parking lot,PARKING,33.948861,-83.991568,2674,way,1139100390
OSM-W1139334355,Lebanon United Methodist Church,PLACE_OF_WORSHIP,34.280066,-83.710813,397,way,1139334355
OSM-W1150154947,Pleasant Hill Church,PLACE_OF_WORSHIP,34.288188,-83.673443,422,way,1150154947
OSM-W1150186375,Madison Street Baptist Church,PLACE_OF_WORSHIP,34.19188,-83.443672,1400,way,1150186375
OSM-W1150513336,Saint Paul 1st Baptist Church,PLACE_OF_WORSHIP,34.110548,-83.568359,1268,way,1150513336
OSM-W1150601992,Circle K,FUEL_STATION,33.942511,-83.38335,1637,way,1150601992
OSM-W1153057441,Parking lot,PARKING,33.981091,-83.968784,1017,way,1153057441
OSM-W1153386662,Parking lot,PARKING,34.122292,-83.764313,672,way,1153386662
OSM-W1153386664,Parking lot,PARKING,34.12214,-83.764302,785,way,1153386664
OSM-W1153386666,Parking lot,PARKING,34.121871,-83.764234,849,way,1153386666
OSM-W1153386667,Parking lot,PARKING,34.121809,-83.763839,680,way,1153386667
OSM-W1153637372,Parking lot,PARKING,33.972452,-83.969337,3938,way,1153637372
OSM-W1153637373,Parking lot,PARKING,33.972998,-83.968397,2624,way,1153637373
OSM-W1153637374,Parking lot,PARKING,33.973072,-83.967982,2652,way,1153637374
OSM-W1153637375,Parking lot,PARKING,33.974729,-83.963736,1672,way,1153637375
OSM-W1153852336,Murphy USA,FUEL_STATION,34.087547,-83.991126,1071,way,1153852336
OSM-W1154085899,Charlie Eberhart Fire Station,FIRE_STATION,33.970376,-83.743012,2404,way,1154085899
OSM-W1154244443,Parking lot,PARKING,34.209914,-83.858359,1075,way,1154244443
OSM-W1154244444,Parking lot,PARKING,34.210057,-83.857944,960,way,1154244444
OSM-W1154250116,Poplar Springs Baptist Church,PLACE_OF_WORSHIP,34.216934,-83.838001,1453,way,1154250116
OSM-W1155964431,Parking lot,PARKING,34.141943,-83.604922,2159,way,1155964431
OSM-W1156515214,Parking lot,PARKING,34.121404,-83.605331,712,way,1156515214
OSM-W1156515216,Parking lot,PARKING,34.122096,-83.608783,1760,way,1156515216
OSM-W1156515217,Parking lot,PARKING,34.122428,-83.608754,476,way,1156515217
OSM-W1156515220,Parking lot,PARKING,34.123991,-83.607211,1678,way,1156515220
OSM-W1156515221,Parking lot,PARKING,34.12406,-83.606592,841,way,1156515221
OSM-W1156515222,Parking lot,PARKING,34.124472,-83.60681,991,way,1156515222
OSM-W1156841302,Shell,FUEL_STATION,34.115984,-83.762018,433,way,1156841302
OSM-W1157804415,Chevron,FUEL_STATION,33.968453,-83.820177,497,way,1157804415
OSM-W1158796733,School lot,SCHOOL,34.008325,-83.92679,140573,way,1158796733
OSM-W1159751475,Hebron Christian Academy,SCHOOL,34.007167,-83.911896,338378,way,1159751475
OSM-W1160055082,Carmel Retreat Center,PLACE_OF_WORSHIP,34.061553,-83.684402,1331,way,1160055082
OSM-W1160063048,Pentecost United Methodist Church,PLACE_OF_WORSHIP,33.996477,-83.648454,605,way,1160063048
OSM-W1160540313,Faith Baptist Church,PLACE_OF_WORSHIP,34.137032,-83.599664,2126,way,1160540313
OSM-W1160993699,Parking lot,PARKING,34.126479,-84.080239,10293,way,1160993699
OSM-W1161148928,Center Hill Baptist Church,PLACE_OF_WORSHIP,33.882255,-83.66558,1714,way,1161148928
OSM-W1162523605,Parking lot,PARKING,34.101476,-84.0762,1098,way,1162523605
OSM-W1163477368,Parking lot,PARKING,34.020761,-83.908578,5298,way,1163477368
OSM-W1163477372,Parking lot,PARKING,34.021528,-83.908429,2203,way,1163477372
OSM-W1163672309,Parking lot,PARKING,34.024911,-83.908378,1728,way,1163672309
OSM-W1163711870,First Christian Church of Winder,PLACE_OF_WORSHIP,34.005488,-83.72679,6330,way,1163711870
OSM-W1164134922,Hopewell United Methodist Church,PLACE_OF_WORSHIP,34.403458,-83.889149,1470,way,1164134922
OSM-W1165357258,Parking lot,PARKING,33.955619,-83.381857,22373,way,1165357258
OSM-W1165986223,Yellow Creek Baptist Church,PLACE_OF_WORSHIP,34.430073,-83.92855,754,way,1165986223
OSM-W1165986224,Yellow Creek Baptist Church,PLACE_OF_WORSHIP,34.430629,-83.928854,1033,way,1165986224
OSM-W1172468101,The River Community,PLACE_OF_WORSHIP,34.406504,-83.896511,2011,way,1172468101
OSM-W1172468581,Restoration Worship Center,PLACE_OF_WORSHIP,34.424156,-83.909747,678,way,1172468581
OSM-W1174150122,Parking lot,PARKING,33.957699,-83.374854,1666,way,1174150122
OSM-W1174150134,Parking lot,PARKING,33.958724,-83.375027,1171,way,1174150134
OSM-W1174584718,Parking lot,PARKING,33.958127,-83.387563,2082,way,1174584718
OSM-W1176611157,Union Baptist Church,PLACE_OF_WORSHIP,34.132204,-83.304444,3429,way,1176611157
OSM-W1176611375,Mount Hermon Presbyterian Church,PLACE_OF_WORSHIP,34.173973,-83.296793,486,way,1176611375
OSM-W1176611686,Bethel Holiness Church,PLACE_OF_WORSHIP,34.180806,-83.293917,1007,way,1176611686
OSM-W1178601773,Parking lot,PARKING,33.885756,-84.061623,2907,way,1178601773
OSM-W1179641639,Parking lot,PARKING,33.953018,-83.985735,1366,way,1179641639
OSM-W1179641640,Parking lot,PARKING,33.952974,-83.985791,1318,way,1179641640
OSM-W1179641643,Parking lot,PARKING,33.952467,-83.98602,442,way,1179641643
OSM-W1179791102,Parking lot,PARKING,33.950783,-83.983796,944,way,1179791102
OSM-W1179791103,Parking lot,PARKING,33.950823,-83.983735,1033,way,1179791103
OSM-W1179791117,Parking lot,PARKING,33.949791,-83.984469,1713,way,1179791117
OSM-W1179893715,Parking lot,PARKING,33.958102,-83.986568,3071,way,1179893715
OSM-W1180491520,Bethel Tabernacle,PLACE_OF_WORSHIP,34.356481,-83.894965,548,way,1180491520
OSM-W1180492685,Cool Springs Baptist Church,PLACE_OF_WORSHIP,34.38133,-83.937228,914,way,1180492685
OSM-W1180776216,Parking lot,PARKING,33.961535,-83.972367,1259,way,1180776216
OSM-W1180776217,Parking lot,PARKING,33.958917,-83.972872,875,way,1180776217
OSM-W1180776218,Parking lot,PARKING,33.958404,-83.973092,5683,way,1180776218
OSM-W1181037024,Shell,FUEL_STATION,33.960861,-83.384505,665,way,1181037024
OSM-W1181037027,Parking lot,PARKING,33.961273,-83.383944,608,way,1181037027
OSM-W1181037035,Parking lot,PARKING,33.960119,-83.378416,1993,way,1181037035
OSM-W1181037045,Parking lot,PARKING,33.959769,-83.376082,823,way,1181037045
OSM-W1181037046,Parking lot,PARKING,33.959786,-83.37593,1217,way,1181037046
OSM-W1181037056,Parking lot,PARKING,33.959249,-83.376636,1712,way,1181037056
OSM-W1181167875,Parking lot,PARKING,33.960049,-83.376897,1301,way,1181167875
OSM-W1181167890,Parking lot,PARKING,33.96002,-83.37665,496,way,1181167890
OSM-W1181167911,Parking lot,PARKING,33.959721,-83.378023,621,way,1181167911
OSM-W1181190362,Parking lot,PARKING,33.959039,-83.375641,917,way,1181190362
OSM-W1181404216,Parking lot,PARKING,33.899676,-84.006286,3758,way,1181404216
OSM-W1181404217,Parking lot,PARKING,33.899987,-84.006132,3097,way,1181404217
OSM-W1181404218,Parking lot,PARKING,33.900312,-84.006034,2659,way,1181404218
OSM-W1181503765,Parking lot,PARKING,33.895699,-84.016102,2142,way,1181503765
OSM-W1181503766,Parking lot,PARKING,33.896491,-84.017601,1249,way,1181503766
OSM-W1181892464,Parking lot,PARKING,33.953799,-83.324905,1004,way,1181892464
OSM-W1182610228,Parking lot,PARKING,33.946877,-83.378705,5545,way,1182610228
OSM-W1183710197,QT,FUEL_STATION,34.265376,-84.091613,1584,way,1183710197
OSM-W1184010577,Parking lot,PARKING,34.35331,-83.487247,5007,way,1184010577
OSM-W1184010578,Parking lot,PARKING,34.353876,-83.486718,4376,way,1184010578
OSM-W1184098185,Exxon,FUEL_STATION,33.944129,-83.75746,1075,way,1184098185
OSM-W1184098191,Omer Christian Church,PLACE_OF_WORSHIP,33.952926,-83.764303,189,way,1184098191
OSM-W1184764777,Parking lot,PARKING,33.958006,-83.378216,520,way,1184764777
OSM-W1185324758,Parking lot,PARKING,33.95721,-83.377856,1163,way,1185324758
OSM-W1185329591,Parking lot,PARKING,33.958344,-83.372098,1498,way,1185329591
OSM-W1185329594,Parking lot,PARKING,33.957925,-83.373831,632,way,1185329594
OSM-W1187638462,Parking lot,PARKING,33.940207,-83.386429,988,way,1187638462
OSM-W1188361654,Ebenezer Methodist Church,PLACE_OF_WORSHIP,34.249592,-84.063465,637,way,1188361654
OSM-W1188361658,Parking lot,PARKING,34.248911,-84.062392,945,way,1188361658
OSM-W1188487400,Parking lot,PARKING,34.257048,-84.072423,1138,way,1188487400
OSM-W1188487401,Parking lot,PARKING,34.257095,-84.072115,430,way,1188487401
OSM-W1188491180,RaceTrac,FUEL_STATION,34.25852,-84.074808,1369,way,1188491180
OSM-W1188491184,Exxon,FUEL_STATION,34.258516,-84.07434,421,way,1188491184
OSM-W1188945084,Parking lot,PARKING,33.956815,-83.380174,1329,way,1188945084
OSM-W1189195359,Parking lot,PARKING,33.942163,-83.641537,6565,way,1189195359
OSM-W1189195361,Parking lot,PARKING,33.941843,-83.640763,2666,way,1189195361
OSM-W1189247315,BP,FUEL_STATION,33.953253,-83.652662,769,way,1189247315
OSM-W1189532711,Parking lot,PARKING,34.253834,-84.088733,23080,way,1189532711
OSM-W1189680890,Parking lot,PARKING,34.049672,-83.99251,10864,way,1189680890
OSM-W1189693259,Parking lot,PARKING,34.050867,-83.992483,16711,way,1189693259
OSM-W1189703574,School lot,SCHOOL,33.945423,-83.660032,729819,way,1189703574
OSM-W1190204446,Midway Church,PLACE_OF_WORSHIP,34.306147,-83.631262,727,way,1190204446
OSM-W1190288544,Parking lot,PARKING,34.269248,-84.100234,2815,way,1190288544
OSM-W1190426351,Chevron,FUEL_STATION,33.940637,-83.48876,255,way,1190426351
OSM-W1190426355,Shell,FUEL_STATION,33.940655,-83.48614,518,way,1190426355
OSM-W1190426359,76,FUEL_STATION,33.940884,-83.476341,435,way,1190426359
OSM-W1190437805,Marathon,FUEL_STATION,33.951343,-83.401791,553,way,1190437805
OSM-W1190437807,West Broad School,SCHOOL,33.952285,-83.397224,2034,way,1190437807
OSM-W1190506048,Parking lot,PARKING,34.000569,-83.925185,2457,way,1190506048
OSM-W1190952689,Chevron,FUEL_STATION,33.938879,-83.453998,633,way,1190952689
OSM-W1191255695,Parking lot,PARKING,33.95057,-83.386709,1504,way,1191255695
OSM-W1193781027,Chevron,FUEL_STATION,33.923389,-83.378744,266,way,1193781027
OSM-W1193795561,Parking lot,PARKING,33.939464,-83.387198,1140,way,1193795561
OSM-W1194026615,Bethel Baptist Church,PLACE_OF_WORSHIP,33.929682,-83.76441,500,way,1194026615
OSM-W1194092034,Parking lot,PARKING,33.949314,-83.396344,1097,way,1194092034
OSM-W1195667982,Timber Ridge Baptist Church,PLACE_OF_WORSHIP,34.342045,-83.698997,1098,way,1195667982
OSM-W1204163666,Parking lot,PARKING,33.928924,-83.790138,537,way,1204163666
OSM-W1204164306,Ebenezer Baptist Church,PLACE_OF_WORSHIP,33.952066,-83.830694,1829,way,1204164306
OSM-W1205239696,Hickory Grove Church,PLACE_OF_WORSHIP,33.87252,-83.767272,727,way,1205239696
OSM-W1205241485,Double Springs Baptist Church,PLACE_OF_WORSHIP,33.841935,-83.780548,398,way,1205241485
OSM-W1214109859,Parking lot,PARKING,33.95584,-83.3855,1175,way,1214109859
OSM-W1216020800,Parking lot,PARKING,33.926208,-83.350441,1313,way,1216020800
OSM-W1216602144,The WAY,PLACE_OF_WORSHIP,33.991471,-83.721701,1588,way,1216602144
OSM-W1216602155,Amor y Vida En Cristo,PLACE_OF_WORSHIP,33.992167,-83.720116,719,way,1216602155
OSM-W1217925194,Parking lot,PARKING,33.945327,-83.750031,3701,way,1217925194
OSM-W1217925195,Parking lot,PARKING,33.945752,-83.749925,5509,way,1217925195
OSM-W1222013230,Parking lot,PARKING,33.998947,-84.062464,1450,way,1222013230
OSM-W1223896150,Parking lot,PARKING,34.127671,-84.099922,2616,way,1223896150
OSM-W1223896151,Parking lot,PARKING,34.128255,-84.100001,1093,way,1223896151
OSM-W1223896152,Parking lot,PARKING,34.128454,-84.099518,2028,way,1223896152
OSM-W1227173760,Parking lot,PARKING,34.106726,-84.034853,508,way,1227173760
OSM-W1227689674,Parking lot,PARKING,33.94647,-83.379381,16582,way,1227689674
OSM-W1228748589,Parking lot,PARKING,34.305352,-84.026853,3306,way,1228748589
OSM-W1228976504,Parking lot,PARKING,34.05415,-83.993255,15846,way,1228976504
OSM-W1228976529,Parking lot,PARKING,34.057452,-84.040476,22463,way,1228976529
OSM-W1228976539,Parking lot,PARKING,34.062922,-84.008994,12785,way,1228976539
OSM-W1230984907,Parking lot,PARKING,33.899274,-83.490528,1386,way,1230984907
OSM-W1232483855,Kroger,FUEL_STATION,33.946589,-83.399317,844,way,1232483855
OSM-W1232526718,Chevron,FUEL_STATION,33.946021,-83.402318,192,way,1232526718
OSM-W1233021671,Marathon,FUEL_STATION,33.946308,-83.351618,531,way,1233021671
OSM-W1236454694,Parking lot,PARKING,33.902907,-84.005222,14175,way,1236454694
OSM-W1241228452,Parking lot,PARKING,33.958891,-83.374263,475,way,1241228452
OSM-W1241440640,Parking lot,PARKING,33.950281,-83.384017,1034,way,1241440640
OSM-W1241440641,Parking lot,PARKING,33.949782,-83.384219,1313,way,1241440641
OSM-W1241440643,Parking lot,PARKING,33.949664,-83.384696,2705,way,1241440643
OSM-W1241440644,Parking lot,PARKING,33.949285,-83.385392,4845,way,1241440644
OSM-W1245707531,Exxon,FUEL_STATION,33.96094,-83.797933,1163,way,1245707531
OSM-W1245865786,Parking lot,PARKING,33.960938,-83.386999,552,way,1245865786
OSM-W1246150134,Johnson United Methodist Church,PLACE_OF_WORSHIP,33.835835,-83.353997,539,way,1246150134
OSM-W1246150436,Oak Hill Church,PLACE_OF_WORSHIP,33.84098,-83.331792,806,way,1246150436
OSM-W1248318408,Parking lot,PARKING,33.958897,-83.373756,608,way,1248318408
OSM-W1248318409,Parking lot,PARKING,33.958616,-83.375007,1478,way,1248318409
OSM-W1248318410,Parking lot,PARKING,33.958487,-83.376089,864,way,1248318410
OSM-W1248318411,Parking lot,PARKING,33.958355,-83.376679,827,way,1248318411
OSM-W1248318412,Parking lot,PARKING,33.95826,-83.376639,672,way,1248318412
OSM-W1248318413,Parking lot,PARKING,33.958388,-83.376063,872,way,1248318413
OSM-W1248637167,Parking lot,PARKING,33.957954,-83.377996,697,way,1248637167
OSM-W1248637171,Parking lot,PARKING,33.958607,-83.377264,1158,way,1248637171
OSM-W1248637172,Parking lot,PARKING,33.959089,-83.376827,1658,way,1248637172
OSM-W1248637175,Parking lot,PARKING,33.959458,-83.377559,1044,way,1248637175
OSM-W1248637178,Parking lot,PARKING,33.960212,-83.377694,875,way,1248637178
OSM-W1248637181,Parking lot,PARKING,33.960956,-83.37691,776,way,1248637181
OSM-W1248637182,Parking lot,PARKING,33.960852,-83.376868,559,way,1248637182
OSM-W1248637185,Parking lot,PARKING,33.960605,-83.374426,3221,way,1248637185
OSM-W1248637186,Parking lot,PARKING,33.960428,-83.3747,745,way,1248637186
OSM-W1248637193,Parking lot,PARKING,33.959891,-83.37382,906,way,1248637193
OSM-W1248637194,Parking lot,PARKING,33.959749,-83.374478,680,way,1248637194
OSM-W1248689415,Parking lot,PARKING,33.9466,-83.751748,4647,way,1248689415
OSM-W1248689418,RaceTrac,FUEL_STATION,33.94887,-83.752308,2947,way,1248689418
OSM-W1249705131,Parking lot,PARKING,33.947917,-83.394936,642,way,1249705131
OSM-W1249705139,Parking lot,PARKING,33.947744,-83.396589,1647,way,1249705139
OSM-W1249709366,Parking lot,PARKING,33.943899,-83.409737,552,way,1249709366
OSM-W1250871908,Parking lot,PARKING,34.066995,-83.491891,1859,way,1250871908
OSM-W1251167739,Gas station,FUEL_STATION,33.804374,-84.04246,6816,way,1251167739
OSM-W1254484835,Parking lot,PARKING,33.961887,-83.37285,534,way,1254484835
OSM-W1254484839,Parking lot,PARKING,33.962541,-83.37346,2753,way,1254484839
OSM-W1254484843,Parking lot,PARKING,33.963978,-83.371499,1113,way,1254484843
OSM-W1256620632,Parking lot,PARKING,33.946532,-83.399753,3000,way,1256620632
OSM-W1256621816,Parking lot,PARKING,33.946616,-83.39931,3210,way,1256621816
OSM-W1256630144,Parking lot,PARKING,33.947027,-83.398168,11011,way,1256630144
OSM-W1256634370,Parking lot,PARKING,33.947602,-83.398375,2083,way,1256634370
OSM-W1256717880,Parking lot,PARKING,34.45297,-83.596134,2806,way,1256717880
OSM-W1256974298,Parking lot,PARKING,34.097771,-83.76264,506,way,1256974298
OSM-W1256974300,Parking lot,PARKING,34.097453,-83.762304,585,way,1256974300
OSM-W1256974301,Parking lot,PARKING,34.0975,-83.762203,701,way,1256974301
OSM-W1256974302,Parking lot,PARKING,34.096911,-83.762067,1819,way,1256974302
OSM-W1256974304,Parking lot,PARKING,34.096819,-83.761905,653,way,1256974304
OSM-W1256974332,Mobil,FUEL_STATION,34.096499,-83.761353,64,way,1256974332
OSM-W1256976270,West Jackson Elementary School,SCHOOL,34.102934,-83.759634,128808,way,1256976270
OSM-W1257232995,Parking lot,PARKING,34.109445,-83.761567,2029,way,1257232995
OSM-W1257233017,Parking lot,PARKING,34.109968,-83.761647,5699,way,1257233017
OSM-W1257233037,Parking lot,PARKING,34.109741,-83.760963,2803,way,1257233037
OSM-W1257233038,Parking lot,PARKING,34.109573,-83.762425,1079,way,1257233038
OSM-W1257242553,Parking lot,PARKING,34.108896,-83.762076,904,way,1257242553
OSM-W1257541616,QuikTrip,FUEL_STATION,34.114589,-83.762486,1661,way,1257541616
OSM-W1257567447,South Jackson Volunteer Fire Department,FIRE_STATION,34.00135,-83.49987,271,way,1257567447
OSM-W1257567453,Bear Creek Reservoir Boat Ramp Parking,PARKING,33.993287,-83.525093,8072,way,1257567453
OSM-W1257567456,Mt. Tabor Baptist Church,PLACE_OF_WORSHIP,34.001536,-83.547565,633,way,1257567456
OSM-W1258439113,BP,FUEL_STATION,33.963695,-83.596218,618,way,1258439113
OSM-W1259145621,Harmony Hall Church,PLACE_OF_WORSHIP,34.241633,-83.705416,3881,way,1259145621
OSM-W1259145622,Parking lot,PARKING,34.241517,-83.704968,4736,way,1259145622
OSM-W1259145623,Parking lot,PARKING,34.242038,-83.705978,6152,way,1259145623
OSM-W1263239312,Parking lot,PARKING,33.911618,-83.395875,14126,way,1263239312
OSM-W1263398038,Parking lot,PARKING,33.861463,-83.395579,4713,way,1263398038
OSM-W1263398039,Parking lot,PARKING,33.861368,-83.394173,38320,way,1263398039
OSM-W1263398040,Parking lot,PARKING,33.859974,-83.394202,2066,way,1263398040
OSM-W1263400265,Lot C,PARKING,33.865307,-83.426051,5404,way,1263400265
OSM-W1263400266,Lot D,PARKING,33.864929,-83.426344,1074,way,1263400266
OSM-W1266344400,Parking lot,PARKING,33.929599,-83.352685,4023,way,1266344400
OSM-W1266855758,Parking lot,PARKING,33.962365,-83.368634,1738,way,1266855758
OSM-W1266857451,Parking lot,PARKING,33.964708,-83.369531,2196,way,1266857451
OSM-W1266884313,Parking lot,PARKING,33.956871,-83.369639,556,way,1266884313
OSM-W1267185518,Gas station,FUEL_STATION,33.967016,-83.371425,1182,way,1267185518
OSM-W1267228699,Parking lot,PARKING,33.987516,-83.382254,718,way,1267228699
OSM-W1267560043,Valero,FUEL_STATION,33.99306,-83.379115,314,way,1267560043
OSM-W1267578525,Parking lot,PARKING,33.960895,-83.375059,1121,way,1267578525
OSM-W1267578540,Parking lot,PARKING,33.962058,-83.373722,826,way,1267578540
OSM-W1267578542,Parking lot,PARKING,33.961638,-83.373515,716,way,1267578542
OSM-W1267578543,Parking lot,PARKING,33.96183,-83.371937,3227,way,1267578543
OSM-W1267580045,1PP,PARKING,33.959408,-83.37194,2076,way,1267580045
OSM-W1267580046,1PP,PARKING,33.958878,-83.371783,4260,way,1267580046
OSM-W1267755999,Parking lot,PARKING,33.958539,-83.371755,480,way,1267755999
OSM-W1267756018,Parking lot,PARKING,33.960105,-83.380103,840,way,1267756018
OSM-W1267756028,Parking lot,PARKING,33.960533,-83.377508,1620,way,1267756028
OSM-W1267759412,Parking lot,PARKING,33.958415,-83.37988,846,way,1267759412
OSM-W1270898253,School lot,SCHOOL,34.201505,-83.927946,141717,way,1270898253
OSM-W1270907202,School lot,SCHOOL,34.288738,-83.863965,96090,way,1270907202
OSM-W1271635561,Wauka Mountain Baptist Church,PLACE_OF_WORSHIP,34.482106,-83.801712,664,way,1271635561
OSM-W1272924871,Parking lot,PARKING,33.940986,-83.359143,629,way,1272924871
OSM-W1272981658,Parking lot,PARKING,34.372955,-84.042633,2916,way,1272981658
OSM-W1273190532,Parking lot,PARKING,33.912353,-83.396779,11765,way,1273190532
OSM-W1273190537,Parking lot,PARKING,33.913587,-83.396805,1225,way,1273190537
OSM-W1273195048,Parking lot,PARKING,33.913447,-83.397879,2075,way,1273195048
OSM-W1273195056,Parking lot,PARKING,33.912406,-83.399055,430,way,1273195056
OSM-W1273538648,Parking lot,PARKING,33.92256,-83.378819,4229,way,1273538648
OSM-W1273540847,Parking lot,PARKING,33.920512,-83.383488,1543,way,1273540847
OSM-W1273540848,Parking lot,PARKING,33.920567,-83.383173,2393,way,1273540848
OSM-W1274283027,Parking lot,PARKING,33.919357,-83.385802,17497,way,1274283027
OSM-W1274283040,Parking lot,PARKING,33.920563,-83.385625,2597,way,1274283040
OSM-W1274283043,BP,FUEL_STATION,33.920699,-83.385068,603,way,1274283043
OSM-W1274283044,Parking lot,PARKING,33.920578,-83.38508,3397,way,1274283044
OSM-W1274522483,Parking lot,PARKING,33.9393,-83.386302,1964,way,1274522483
OSM-W1275451556,QuikTrip,FUEL_STATION,33.938728,-83.323218,1452,way,1275451556
OSM-W1277327427,Shell,FUEL_STATION,33.916698,-83.999779,1098,way,1277327427
OSM-W1277461234,Parking lot,PARKING,33.955721,-83.987897,1682,way,1277461234
OSM-W1277944001,Parking lot,PARKING,33.838505,-83.472816,482,way,1277944001
OSM-W1278942513,Parking lot,PARKING,33.935315,-83.717151,2248,way,1278942513
OSM-W1278942516,Parking lot,PARKING,33.935993,-83.715826,8450,way,1278942516
OSM-W1278942517,Parking lot,PARKING,33.935044,-83.715643,7433,way,1278942517
OSM-W1278960692,Parking lot,PARKING,33.899192,-84.00665,531,way,1278960692
OSM-W1278960693,Parking lot,PARKING,33.899134,-84.006217,687,way,1278960693
OSM-W1279113123,Parking lot,PARKING,33.949471,-83.987114,3303,way,1279113123
OSM-W1279113124,Parking lot,PARKING,33.951481,-83.982714,12190,way,1279113124
OSM-W1279113125,Parking lot,PARKING,33.95772,-83.987878,472,way,1279113125
OSM-W1279193224,Parking lot,PARKING,33.920261,-83.550837,1154,way,1279193224
OSM-W1280261786,Parking lot,PARKING,33.909137,-83.400867,1883,way,1280261786
OSM-W1280924080,Amoco,FUEL_STATION,33.975715,-83.364296,490,way,1280924080
OSM-W1281351437,Parking lot,PARKING,33.927766,-83.386455,4567,way,1281351437
OSM-W1281986523,Parking lot,PARKING,33.928587,-83.367371,7425,way,1281986523
OSM-W1281986526,Parking lot,PARKING,33.922928,-83.372592,1908,way,1281986526
OSM-W1281986527,Parking lot,PARKING,33.923332,-83.371998,5592,way,1281986527
OSM-W1282076523,Pleasant Hill Baptist Church,PLACE_OF_WORSHIP,34.482232,-83.66369,1577,way,1282076523
OSM-W1282717056,Hebron Presbyterian Church,PLACE_OF_WORSHIP,34.286241,-83.364712,395,way,1282717056
OSM-W1282947463,Parking lot,PARKING,33.958158,-83.989215,589,way,1282947463
OSM-W1283356529,Parking lot,PARKING,33.99138,-83.72038,2371,way,1283356529
OSM-W1283356530,Parking lot,PARKING,33.99114,-83.720613,741,way,1283356530
OSM-W1283356531,Parking lot,PARKING,33.990876,-83.72054,1321,way,1283356531
OSM-W1283356532,Parking lot,PARKING,33.990622,-83.719921,14042,way,1283356532
OSM-W1283356533,Parking lot,PARKING,33.990631,-83.719108,1799,way,1283356533
OSM-W1283356534,Parking lot,PARKING,33.990108,-83.718955,8141,way,1283356534
OSM-W1283356535,Parking lot,PARKING,33.991642,-83.720789,2539,way,1283356535
OSM-W1283356536,Parking lot,PARKING,33.992558,-83.718809,20626,way,1283356536
OSM-W1283356537,Parking Lot,PARKING,33.993451,-83.721257,6982,way,1283356537
OSM-W1283356538,Parking lot,PARKING,33.993415,-83.721296,4733,way,1283356538
OSM-W1283356539,Parking lot,PARKING,33.993448,-83.719995,3371,way,1283356539
OSM-W1283356540,Parking lot,PARKING,33.992466,-83.719927,1889,way,1283356540
OSM-W1283356541,Parking lot,PARKING,33.992694,-83.720939,1082,way,1283356541
OSM-W1283356542,Parking lot,PARKING,33.992627,-83.721809,2866,way,1283356542
OSM-W1283356543,Parking lot,PARKING,33.992071,-83.722473,11207,way,1283356543
OSM-W1283356544,Parking lot,PARKING,33.991827,-83.722807,5882,way,1283356544
OSM-W1283668822,Parking lot,PARKING,33.956299,-83.985098,1245,way,1283668822
OSM-W1283668823,Parking lot,PARKING,33.956163,-83.984271,2448,way,1283668823
OSM-W1284145571,Texaco,FUEL_STATION,33.96562,-84.00989,688,way,1284145571
OSM-W1286030391,Parking lot,PARKING,33.987383,-83.725368,948,way,1286030391
OSM-W1286043410,Boat Ramp Parking,PARKING,33.966721,-83.723212,874,way,1286043410
OSM-W1286085402,BP,FUEL_STATION,33.948518,-83.751494,659,way,1286085402
OSM-W1288559958,Harmony Grove Baptist Church,PLACE_OF_WORSHIP,34.286011,-84.031661,2334,way,1288559958
OSM-W1288560098,Forsyth County Fire Station #8,FIRE_STATION,34.291407,-84.018025,1363,way,1288560098
OSM-W1288561480,Living Mission United Methodist Church,PLACE_OF_WORSHIP,34.429492,-83.675111,724,way,1288561480
OSM-W1288561873,Saint Thomas the Apostle Anglican Church,PLACE_OF_WORSHIP,34.481262,-83.62752,400,way,1288561873
OSM-W1288562320,Mud Creek Baptist Church,PLACE_OF_WORSHIP,34.494418,-83.608753,617,way,1288562320
OSM-W1288562921,Alto Congregational Holiness Church,PLACE_OF_WORSHIP,34.467982,-83.568827,1603,way,1288562921
OSM-W1289747764,Parking lot,PARKING,34.481026,-83.338875,3703,way,1289747764
OSM-W1293537768,Parking lot,PARKING,33.922581,-83.372973,1143,way,1293537768
OSM-W1294851578,Parking lot,PARKING,34.064505,-83.988935,3772,way,1294851578
OSM-W1294859992,Parking lot,PARKING,34.062761,-83.992087,2988,way,1294859992
OSM-W1294859993,Parking lot,PARKING,34.062883,-83.991333,10613,way,1294859993
OSM-W1295069163,Parking lot,PARKING,34.063979,-83.989142,8731,way,1295069163
OSM-W1295351838,BP,FUEL_STATION,33.993802,-83.633635,481,way,1295351838
OSM-W1295725628,Marathon,FUEL_STATION,33.97234,-83.688458,215,way,1295725628
OSM-W1295739936,BP,FUEL_STATION,33.981375,-83.711841,692,way,1295739936
OSM-W1295739941,Chevron,FUEL_STATION,33.982723,-83.712222,433,way,1295739941
OSM-W1297682663,Parking lot,PARKING,33.9559,-83.383574,537,way,1297682663
OSM-W1297682664,Parking lot,PARKING,33.95549,-83.384863,3753,way,1297682664
OSM-W1297682668,Parking lot,PARKING,33.956158,-83.383729,2904,way,1297682668
OSM-W1297690257,Parking lot,PARKING,33.956404,-83.382968,825,way,1297690257
OSM-W1297690259,Parking lot,PARKING,33.956295,-83.383979,3299,way,1297690259
OSM-W1297690261,Parking lot,PARKING,33.955603,-83.384399,1707,way,1297690261
OSM-W1297690262,Parking lot,PARKING,33.955947,-83.384659,1805,way,1297690262
OSM-W1297690263,Parking lot,PARKING,33.956181,-83.38503,2096,way,1297690263
OSM-W1297690265,Parking lot,PARKING,33.955785,-83.386119,2978,way,1297690265
OSM-W1297703267,Parking lot,PARKING,33.951784,-83.98829,3078,way,1297703267
OSM-W1297703273,Parking lot,PARKING,33.956442,-83.991454,1846,way,1297703273
OSM-W1297718530,Parking lot,PARKING,33.950261,-83.985972,2713,way,1297718530
OSM-W1299381923,Friendship Church,PLACE_OF_WORSHIP,33.902938,-83.407964,3207,way,1299381923
OSM-W1301309784,Parking lot,PARKING,33.9447,-83.409309,1721,way,1301309784
OSM-W1301309785,Parking lot,PARKING,33.948386,-83.404893,3205,way,1301309785
OSM-W1301309786,Parking lot,PARKING,33.948779,-83.405756,5797,way,1301309786
OSM-W1302579684,Parking lot,PARKING,33.907203,-83.463913,8931,way,1302579684
OSM-W1302791759,Parking lot,PARKING,33.925556,-83.410902,411,way,1302791759
OSM-W1302950836,Springway Baptist Church,PLACE_OF_WORSHIP,34.315712,-83.761976,1088,way,1302950836
OSM-W1303146928,Corinth Methodist Church,PLACE_OF_WORSHIP,33.95525,-83.703178,458,way,1303146928
OSM-W1304730285,Parking lot,PARKING,33.838785,-83.902018,2787,way,1304730285
OSM-W1304730287,Parking lot,PARKING,33.838967,-83.900306,750,way,1304730287
OSM-W1307774064,Sunshine United Methodist Church,PLACE_OF_WORSHIP,34.471037,-83.340521,1496,way,1307774064
OSM-W1309498267,Parking lot,PARKING,33.919085,-83.387927,3090,way,1309498267
OSM-W1312079252,QuikTrip,FUEL_STATION,33.939468,-83.459785,644,way,1312079252
OSM-W1312708402,Parking lot,PARKING,34.177095,-84.027018,71929,way,1312708402
OSM-W1312875711,Parking lot,PARKING,34.135518,-83.991061,3977,way,1312875711
OSM-W1313298349,Parking lot,PARKING,33.949756,-83.785853,7909,way,1313298349
OSM-W1313301651,Barrow County Schools,SCHOOL,33.948347,-83.786324,739079,way,1313301651
OSM-W1313301654,Parking lot,PARKING,33.949173,-83.784065,14621,way,1313301654
OSM-W1313302683,Apalachee High School,SCHOOL,33.948968,-83.785642,147202,way,1313302683
OSM-W1313304471,Parking lot,PARKING,34.007279,-83.70764,3874,way,1313304471
OSM-W1313304472,Parking lot,PARKING,34.006932,-83.707471,1687,way,1313304472
OSM-W1313304473,Parking lot,PARKING,34.007861,-83.707136,5270,way,1313304473
OSM-W1313304474,Parking lot,PARKING,34.008754,-83.707498,4085,way,1313304474
OSM-W1313320618,Parking lot,PARKING,34.157976,-83.946074,3959,way,1313320618
OSM-W1313882423,Chattahoochee Elementary School,SCHOOL,34.238335,-84.086906,67630,way,1313882423
OSM-W1313882792,Chestatee Elementary School,SCHOOL,34.296502,-83.996006,132881,way,1313882792
OSM-W1313883917,Haw Creek Elementary School,SCHOOL,34.163568,-84.09909,71186,way,1313883917
OSM-W1313883918,Lakeside Middle School,SCHOOL,34.165775,-84.09848,125158,way,1313883918
OSM-W1313888585,Little Mill Middle School,SCHOOL,34.249181,-84.020681,137148,way,1313888585
OSM-W1313890906,Bethel Baptist Church,PLACE_OF_WORSHIP,34.225963,-84.005347,470,way,1313890906
OSM-W1313892505,Pleasant Grove Baptist Church,PLACE_OF_WORSHIP,34.253478,-83.980793,1019,way,1313892505
OSM-W1313893052,Mayfield Baptist Church,PLACE_OF_WORSHIP,34.285986,-83.952292,1115,way,1313893052
OSM-W1313894425,Salem Baptist Church,PLACE_OF_WORSHIP,34.293008,-84.007452,1446,way,1313894425
OSM-W1313895900,Crossroads Church,PLACE_OF_WORSHIP,34.32445,-84.051274,980,way,1313895900
OSM-W1314077839,Level Creek Elementary School,SCHOOL,34.070704,-84.071582,124967,way,1314077839
OSM-W1314078467,Sycamore Elementary School,SCHOOL,34.125754,-84.044452,79577,way,1314078467
OSM-W1314092200,Shady Grove Baptist Church,PLACE_OF_WORSHIP,34.220219,-84.041795,642,way,1314092200
OSM-W1314533434,Church lot,PLACE_OF_WORSHIP,34.252188,-84.07012,3764,way,1314533434
OSM-W1315208989,Parking lot,PARKING,33.934561,-83.624429,6391,way,1315208989
OSM-W1315629061,Parking lot,PARKING,34.120768,-83.604863,5882,way,1315629061
OSM-W1315629062,Hope Crossings Church,PLACE_OF_WORSHIP,34.122945,-83.613588,1809,way,1315629062
OSM-W1315629063,Parking lot,PARKING,34.123274,-83.620833,5393,way,1315629063
OSM-W1315629068,Parking lot,PARKING,34.149707,-83.636163,12438,way,1315629068
OSM-W1315629069,Parking lot,PARKING,34.148033,-83.640076,21650,way,1315629069
OSM-W1317397934,Texaco,FUEL_STATION,34.150218,-83.973396,1300,way,1317397934
OSM-W1317408082,Parking lot,PARKING,33.919488,-83.443338,3339,way,1317408082
OSM-W1317408085,Parking lot,PARKING,33.916632,-83.444933,7790,way,1317408085
OSM-W1317729725,Parking lot,PARKING,33.918059,-83.441691,11707,way,1317729725
OSM-W1317962158,Parking lot,PARKING,33.912426,-83.456037,4755,way,1317962158
OSM-W1317962161,Parking lot,PARKING,33.912046,-83.459836,16469,way,1317962161
OSM-W1317969709,Parking lot,PARKING,34.050885,-84.070905,856,way,1317969709
OSM-W1317969725,Parking lot,PARKING,34.057161,-84.062522,586,way,1317969725
OSM-W1317969727,Parking lot,PARKING,34.056914,-84.062289,666,way,1317969727
OSM-W1317969728,Parking lot,PARKING,34.056983,-84.062195,469,way,1317969728
OSM-W1319011117,Parking lot,PARKING,33.915909,-83.449237,3148,way,1319011117
OSM-W1319011118,Parking lot,PARKING,33.914871,-83.448398,5027,way,1319011118
OSM-W1319015040,Parking lot,PARKING,33.914523,-83.44488,3925,way,1319015040
OSM-W1319016151,Parking lot,PARKING,33.913742,-83.443772,7227,way,1319016151
OSM-W1319708913,Parking lot,PARKING,34.107374,-84.03379,2741,way,1319708913
OSM-W1319708914,Parking lot,PARKING,34.107842,-84.033829,1069,way,1319708914
OSM-W1319711237,Parking lot,PARKING,34.081536,-84.033414,1142,way,1319711237
OSM-W1321928842,Gaines Elementary School,SCHOOL,33.92961,-83.337447,120128,way,1321928842
OSM-W1321928851,Patti Hilsman Middle School,SCHOOL,33.931109,-83.336079,113533,way,1321928851
OSM-W1322727098,Parking lot,PARKING,33.906712,-83.400159,1113,way,1322727098
OSM-W1322727099,Parking lot,PARKING,33.906758,-83.398609,547,way,1322727099
OSM-W1322727100,Parking lot,PARKING,33.906952,-83.398152,772,way,1322727100
OSM-W1322727101,Parking lot,PARKING,33.907775,-83.400428,849,way,1322727101
OSM-W1322727102,Parking lot,PARKING,33.908423,-83.400125,595,way,1322727102
OSM-W1322727103,Parking lot,PARKING,33.907549,-83.397869,590,way,1322727103
OSM-W1322727104,Parking lot,PARKING,33.907109,-83.402936,12164,way,1322727104
OSM-W1322979341,Walmart,FUEL_STATION,34.279957,-83.875965,2162,way,1322979341
OSM-W1322987262,Walmart,FUEL_STATION,34.321346,-83.834238,3819,way,1322987262
OSM-W1329256192,Parking lot,PARKING,33.929986,-83.343017,1311,way,1329256192
OSM-W1330586518,Parking lot,PARKING,34.342609,-83.699498,1463,way,1330586518
OSM-W1331161523,Clemons Chapel United Methodist Church,PLACE_OF_WORSHIP,34.429133,-83.717529,373,way,1331161523
OSM-W1331513178,Parking lot,PARKING,34.278316,-83.874254,3138,way,1331513178
OSM-W1331513179,Parking lot,PARKING,34.277773,-83.873328,9973,way,1331513179
OSM-W1331513180,Parking lot,PARKING,34.280065,-83.876549,2572,way,1331513180
OSM-W1331513181,Parking lot,PARKING,34.280479,-83.875973,1174,way,1331513181
OSM-W1331513185,Parking lot,PARKING,34.276174,-83.875456,6256,way,1331513185
OSM-W1331513186,Parking lot,PARKING,34.277661,-83.875296,15779,way,1331513186
OSM-W1331513187,Parking lot,PARKING,34.278595,-83.877675,9634,way,1331513187
OSM-W1331513196,Parking lot,PARKING,34.280713,-83.879015,2497,way,1331513196
OSM-W1331513201,Parking lot,PARKING,34.27188,-83.882382,28585,way,1331513201
OSM-W1331513202,Parking lot,PARKING,34.275953,-83.879174,44983,way,1331513202
OSM-W1331513203,Parking lot,PARKING,34.273466,-83.878212,32566,way,1331513203
OSM-W1331513204,Parking lot,PARKING,34.274561,-83.881451,31103,way,1331513204
OSM-W1331513205,Parking lot,PARKING,34.273344,-83.882312,3097,way,1331513205
OSM-W1331513206,Parking lot,PARKING,34.275186,-83.885791,3409,way,1331513206
OSM-W1331513258,Parking lot,PARKING,34.285142,-83.881894,13189,way,1331513258
OSM-W1331513264,Parking lot,PARKING,34.286943,-83.881448,1152,way,1331513264
OSM-W1331513311,Pleasant Hill Church,PLACE_OF_WORSHIP,34.280006,-83.900236,4112,way,1331513311
OSM-W1331513316,Parking lot,PARKING,34.280979,-83.899797,4321,way,1331513316
OSM-W1331513318,Parking lot,PARKING,34.28101,-83.898718,7017,way,1331513318
OSM-W1331513319,Parking lot,PARKING,34.27975,-83.900255,8919,way,1331513319
OSM-W1331513321,Parking lot,PARKING,34.280218,-83.901712,20602,way,1331513321
OSM-W1331513322,Parking lot,PARKING,34.279063,-83.900571,1938,way,1331513322
OSM-W1334532616,Parking lot,PARKING,33.926869,-83.411458,3443,way,1334532616
OSM-W1334537604,Parking lot,PARKING,33.928836,-83.346018,2431,way,1334537604
OSM-W1335190615,Parking lot,PARKING,33.953739,-83.388815,440,way,1335190615
OSM-W1335190616,Parking lot,PARKING,33.952596,-83.388668,2374,way,1335190616
OSM-W1335190617,Parking lot,PARKING,33.952207,-83.388536,5216,way,1335190617
OSM-W1335190619,Parking lot,PARKING,33.951772,-83.38841,3288,way,1335190619
OSM-W1335190620,Parking lot,PARKING,33.951837,-83.389231,1419,way,1335190620
OSM-W1335190621,Parking lot,PARKING,33.947791,-83.392111,3694,way,1335190621
OSM-W1335190627,Parking lot,PARKING,33.948043,-83.391242,2368,way,1335190627
OSM-W1335190628,Parking lot,PARKING,33.948078,-83.391541,612,way,1335190628
OSM-W1335190640,Parking lot,PARKING,33.943501,-83.388372,2826,way,1335190640
OSM-W1335713470,Parking lot,PARKING,33.94139,-83.40796,9397,way,1335713470
OSM-W1335735289,Parking lot,PARKING,33.940682,-83.385479,1702,way,1335735289
OSM-W1335735291,Parking lot,PARKING,33.939775,-83.386632,1035,way,1335735291
OSM-W1335735294,Parking lot,PARKING,33.941151,-83.387004,6098,way,1335735294
OSM-W1339153173,Parking lot,PARKING,33.950691,-83.407839,9435,way,1339153173
OSM-W1339749166,New Hope United Methodist Church,PLACE_OF_WORSHIP,34.30369,-83.972434,851,way,1339749166
OSM-W1339752683,Hall County Fire Station 13,FIRE_STATION,34.341878,-83.902923,583,way,1339752683
OSM-W1339915057,Parking lot,PARKING,33.947359,-83.408894,2263,way,1339915057
OSM-W1340006758,Parking lot,PARKING,34.286331,-84.035632,10023,way,1340006758
OSM-W1341116900,Parking lot,PARKING,33.959011,-83.379542,1693,way,1341116900
OSM-W1341888265,Parking lot,PARKING,33.914714,-83.449043,9774,way,1341888265
OSM-W1342434900,Parking lot,PARKING,34.2243,-83.549434,1060,way,1342434900
OSM-W1342434901,Riverside Baptist Church,PLACE_OF_WORSHIP,34.224359,-83.54925,243,way,1342434901
OSM-W1343027098,Parking lot,PARKING,33.930829,-83.340705,2232,way,1343027098
OSM-W1344388586,Parking lot,PARKING,33.926359,-83.339778,2754,way,1344388586
OSM-W1344422710,Parking lot,PARKING,33.931058,-83.33453,4795,way,1344422710
OSM-W1344583957,Parking lot,PARKING,33.932003,-83.33487,6999,way,1344583957
OSM-W1344619542,Parking lot,PARKING,33.929575,-83.343663,3876,way,1344619542
OSM-W1344680482,Parking lot,PARKING,33.927873,-83.338074,8255,way,1344680482
OSM-W1344680483,Parking lot,PARKING,33.928407,-83.337928,1377,way,1344680483
OSM-W1344884192,Parking lot,PARKING,33.925205,-83.340444,2615,way,1344884192
OSM-W1345163017,Parking lot,PARKING,33.929682,-83.352151,7399,way,1345163017
OSM-W1346458263,Chevron,FUEL_STATION,34.410819,-83.897553,458,way,1346458263
OSM-W1346458266,Shell,FUEL_STATION,34.413564,-83.900731,494,way,1346458266
OSM-W1346458274,Texaco,FUEL_STATION,34.415774,-83.903216,875,way,1346458274
OSM-W1346458281,Valero,FUEL_STATION,34.419744,-83.906382,325,way,1346458281
OSM-W1348161134,Parking lot,PARKING,34.195098,-84.065266,1305,way,1348161134
OSM-W1348161135,Parking lot,PARKING,34.194935,-84.0644,5931,way,1348161135
OSM-W1349199905,Gwinnett County Fire Station 31,FIRE_STATION,33.985437,-84.00245,13999,way,1349199905
OSM-W1349285013,Parking lot,PARKING,33.931475,-83.333826,1675,way,1349285013
OSM-W1349285014,Parking lot,PARKING,33.932204,-83.33117,5698,way,1349285014
OSM-W1349336407,Parking lot,PARKING,33.930733,-83.35051,8776,way,1349336407
OSM-W1350381598,Parking lot,PARKING,33.922187,-83.340387,10902,way,1350381598
OSM-W1350384082,Parking lot,PARKING,33.929094,-83.333294,1956,way,1350384082
OSM-W1350384083,Parking lot,PARKING,33.929856,-83.33462,488,way,1350384083
OSM-W1350384085,Parking lot,PARKING,33.929086,-83.335409,494,way,1350384085
OSM-W1350384087,Parking lot,PARKING,33.928888,-83.335628,478,way,1350384087
OSM-W1350384089,Parking lot,PARKING,33.929659,-83.334833,454,way,1350384089
OSM-W1350384091,Parking lot,PARKING,33.929469,-83.334059,500,way,1350384091
OSM-W1350711427,Parking lot,PARKING,33.931916,-83.335849,1558,way,1350711427
OSM-W1351022714,Parking lot,PARKING,33.928099,-83.349652,3600,way,1351022714
OSM-W1351368014,Parking lot,PARKING,33.928488,-83.357574,6565,way,1351368014
OSM-W1351622278,Cornith Church,PLACE_OF_WORSHIP,34.371413,-83.868925,1982,way,1351622278
OSM-W1351641454,Parking lot,PARKING,33.933121,-83.329807,801,way,1351641454
OSM-W1352156232,Parking lot,PARKING,34.509384,-83.975784,925,way,1352156232
OSM-W1353434092,Parking lot,PARKING,33.946213,-83.351377,5133,way,1353434092
OSM-W1355660699,QuikTrip,FUEL_STATION,34.349809,-83.760287,2034,way,1355660699
OSM-W1355660700,Gas station,FUEL_STATION,34.349864,-83.760971,492,way,1355660700
OSM-W1357854680,Parking lot,PARKING,33.95263,-83.317315,12094,way,1357854680
OSM-W1359352549,Parking lot,PARKING,34.047292,-83.994554,25522,way,1359352549
OSM-W1359352550,Parking lot,PARKING,34.04748,-83.995425,5571,way,1359352550
OSM-W1359441025,Saint Paul's United Methodist Church,PLACE_OF_WORSHIP,34.4504,-83.936681,1238,way,1359441025
OSM-W1359442278,Mount Olive Baptist Church,PLACE_OF_WORSHIP,34.480576,-83.900153,731,way,1359442278
OSM-W1359442296,Hickory Grove CME Church,PLACE_OF_WORSHIP,34.488,-83.904213,383,way,1359442296
OSM-W1359442591,Community Chapel Congregational Holiness Church,PLACE_OF_WORSHIP,34.493879,-83.913236,1689,way,1359442591
OSM-W1359772731,East Forsyth High School,SCHOOL,34.2633,-84.002423,400014,way,1359772731
OSM-W1361547120,North Oconee High School,SCHOOL,33.878578,-83.52536,524535,way,1361547120
OSM-W1364638709,Parking lot,PARKING,33.913274,-83.46081,3564,way,1364638709
OSM-W1364638710,Parking lot,PARKING,33.913452,-83.461438,3435,way,1364638710
OSM-W1368805354,Parking lot,PARKING,34.246391,-83.832773,2413,way,1368805354
OSM-W1369829777,Parking lot,PARKING,33.94459,-83.344807,7855,way,1369829777
OSM-W1369829778,Parking lot,PARKING,33.944514,-83.343959,2317,way,1369829778
OSM-W1370116243,Parking lot,PARKING,33.929373,-83.350041,5625,way,1370116243
OSM-W1370116244,Parking lot,PARKING,33.928447,-83.350478,4802,way,1370116244
OSM-W1372038182,Parking lot,PARKING,33.967311,-83.953083,6987,way,1372038182
OSM-W1375064864,RESA Overflow Parking,PARKING,33.971988,-83.284077,3298,way,1375064864
OSM-W1376566090,Parking lot,PARKING,33.950215,-83.384542,2683,way,1376566090
OSM-W1377221032,Parking lot,PARKING,33.946012,-83.407328,3313,way,1377221032
OSM-W1380574655,Parking lot,PARKING,34.080529,-84.058915,458,way,1380574655
OSM-W1380574656,Parking lot,PARKING,34.080729,-84.058639,437,way,1380574656
OSM-W1380574659,Parking lot,PARKING,34.080176,-84.058031,3560,way,1380574659
OSM-W1383576631,Parking lot,PARKING,34.111364,-84.061894,2006,way,1383576631
OSM-W1384098950,Parking lot,PARKING,34.057555,-84.0658,2168,way,1384098950
OSM-W1384098952,Parking lot,PARKING,34.056807,-84.06766,1259,way,1384098952
OSM-W1384098953,Parking lot,PARKING,34.056734,-84.068187,4830,way,1384098953
OSM-W1384098955,Parking lot,PARKING,34.058838,-84.068235,500,way,1384098955
OSM-W1384098956,Parking lot,PARKING,34.058779,-84.068353,435,way,1384098956
OSM-W1385168410,Parking lot,PARKING,33.987839,-83.382784,720,way,1385168410
OSM-W1385342182,QuikTrip,FUEL_STATION,33.969938,-83.88786,2599,way,1385342182
OSM-W1385342184,QuikTrip,FUEL_STATION,33.943739,-83.758679,16426,way,1385342184
OSM-W1385342194,Exxon,FUEL_STATION,33.95535,-83.806685,15915,way,1385342194
OSM-W1388441848,Parking lot,PARKING,34.11731,-83.966224,2287,way,1388441848
OSM-W1388621650,SOLO,FUEL_STATION,33.92635,-84.058898,689,way,1388621650
OSM-W1388621669,Parking lot,PARKING,33.918173,-83.990107,127746,way,1388621669
OSM-W1391898235,Parking lot,PARKING,34.181872,-84.029538,12507,way,1391898235
OSM-W1391934497,Parking lot,PARKING,33.926467,-83.355926,1852,way,1391934497
OSM-W1391934498,Parking lot,PARKING,33.926764,-83.356581,3148,way,1391934498
OSM-W1391934499,Parking lot,PARKING,33.922558,-83.371383,3432,way,1391934499
OSM-W1391934500,Parking lot,PARKING,33.916472,-83.375016,1409,way,1391934500
OSM-W1393158036,Parking lot,PARKING,33.812611,-84.043206,59535,way,1393158036
OSM-W1393222023,Parking lot,PARKING,33.891647,-83.93717,2022,way,1393222023
OSM-W1393558638,Parking lot,PARKING,33.858144,-84.039997,762,way,1393558638
OSM-W1393669777,Parking lot,PARKING,34.144109,-84.074835,2432,way,1393669777
OSM-W1393669780,Island Ford Baptist Church,PLACE_OF_WORSHIP,34.144318,-84.075,308,way,1393669780
OSM-W1408916095,Parking lot,PARKING,34.005267,-84.06185,429,way,1408916095
OSM-W1408916096,Parking lot,PARKING,34.006099,-84.061509,909,way,1408916096
OSM-W1408916097,Parking lot,PARKING,34.006161,-84.061755,701,way,1408916097
OSM-W1410176366,Parking lot,PARKING,33.94795,-83.409837,3103,way,1410176366
OSM-W1412623278,High Shoals Baptist Church,PLACE_OF_WORSHIP,33.813537,-83.50993,1043,way,1412623278
OSM-W1415721039,Dyer Elementary School,SCHOOL,33.997044,-83.936702,190438,way,1415721039
OSM-W1415738920,Parking lot,PARKING,34.113587,-84.016377,2676,way,1415738920
OSM-W1415738921,Parking lot,PARKING,34.113803,-84.013284,7567,way,1415738921
OSM-W1415738931,Parking lot,PARKING,34.114028,-84.016036,1992,way,1415738931
OSM-W1416370219,Parking lot,PARKING,33.997802,-83.908966,1521,way,1416370219
OSM-W1416514394,Parking lot,PARKING,34.283161,-83.864555,977,way,1416514394
OSM-W1418125186,School lot,SCHOOL,33.998022,-83.90332,15377,way,1418125186
OSM-W1418181704,Saint Joseph Catholic Church,PLACE_OF_WORSHIP,33.925787,-83.443802,1600,way,1418181704
OSM-W1418471325,Parking lot,PARKING,34.075735,-83.872679,5009,way,1418471325
OSM-W1418471327,Parking lot,PARKING,34.075068,-83.871301,2276,way,1418471327
OSM-W1418471328,Parking lot,PARKING,34.072828,-83.849941,2492,way,1418471328
OSM-W1418471330,Parking lot,PARKING,34.063846,-83.853963,561,way,1418471330
OSM-W1418738585,Parking lot,PARKING,34.078097,-83.91066,20397,way,1418738585
OSM-W1418943175,Parking lot,PARKING,34.00365,-83.810801,1910,way,1418943175
OSM-W1420012745,School lot,SCHOOL,33.984469,-83.971245,76187,way,1420012745
OSM-W1420012747,School lot,SCHOOL,33.986671,-83.97146,65309,way,1420012747
OSM-W1420068242,International Montessori School - Auburn Campus,SCHOOL,34.011527,-83.854506,26657,way,1420068242
OSM-W1420068243,Mountain View High School Campus,SCHOOL,34.050313,-83.951609,463206,way,1420068243
OSM-W1420068244,Twin Rivers Middle School Campus,SCHOOL,34.046198,-83.947303,199062,way,1420068244
OSM-W1420070810,Parking lot,PARKING,33.999291,-83.868931,1008,way,1420070810
OSM-W1420082236,Parking lot,PARKING,34.252312,-84.070182,47773,way,1420082236
OSM-W1420088678,Christ the Redeemer Catholic Church,PLACE_OF_WORSHIP,34.368087,-84.017251,1585,way,1420088678
OSM-W1420088680,Parking lot,PARKING,34.367764,-84.017303,1660,way,1420088680
OSM-W1420088681,Parking lot,PARKING,34.368189,-84.017963,1668,way,1420088681
OSM-W1420448157,Mulberry Elementary School,SCHOOL,34.031484,-83.863098,119664,way,1420448157
OSM-W1420512234,School lot,SCHOOL,34.032545,-83.907431,11740,way,1420512234
OSM-W1420965318,Parking lot,PARKING,33.971869,-83.937308,2059,way,1420965318
OSM-W1421356157,Parking lot,PARKING,34.315634,-83.816625,1387,way,1421356157
OSM-W1421356158,Parking lot,PARKING,34.314512,-83.816485,9191,way,1421356158
OSM-W1421356159,Parking lot,PARKING,34.313873,-83.815913,740,way,1421356159
OSM-W1421356160,Parking lot,PARKING,34.313606,-83.816188,430,way,1421356160
OSM-W1421560921,Parking lot,PARKING,34.07445,-83.867206,2982,way,1421560921
OSM-W1421560924,BP,FUEL_STATION,34.073205,-83.867328,5095,way,1421560924
OSM-W1421645725,Parking lot,PARKING,34.139444,-83.544066,15384,way,1421645725
OSM-W1422114249,Parking lot,PARKING,34.043741,-83.929349,3204,way,1422114249
OSM-W1422125261,Ft Daniel Children's Academy,SCHOOL,34.051541,-83.928367,13820,way,1422125261
OSM-W1422327442,Puckett's Mill Elementary School,SCHOOL,34.064732,-83.931957,97106,way,1422327442
OSM-W1422774020,Parking lot,PARKING,33.943987,-83.985123,19825,way,1422774020
OSM-W1422774021,Parking lot,PARKING,33.94287,-83.986418,17558,way,1422774021
OSM-W1422774022,Parking lot,PARKING,33.942148,-83.987784,1070,way,1422774022
OSM-W1422774563,Parking lot,PARKING,33.916818,-84.071574,16465,way,1422774563
OSM-W1422959505,Parking lot,PARKING,33.800278,-83.701171,1546,way,1422959505
OSM-W1423394410,School lot,SCHOOL,34.075908,-83.871514,113460,way,1423394410
OSM-W1423924733,Fire station,FIRE_STATION,34.059987,-83.878041,32131,way,1423924733
OSM-W1423952714,Fire station,FIRE_STATION,34.071569,-83.907058,96055,way,1423952714
OSM-W1424036220,Parking lot,PARKING,33.854015,-83.961361,5686,way,1424036220
OSM-W1424036223,Parking lot,PARKING,33.854267,-83.960453,504,way,1424036223
OSM-W1424036224,Parking lot,PARKING,33.854747,-83.961706,11002,way,1424036224
OSM-W1424037418,Parking lot,PARKING,33.875573,-83.99835,1267,way,1424037418
OSM-W1424316630,Parking lot,PARKING,33.990113,-83.779387,600,way,1424316630
OSM-W1424316631,Parking lot,PARKING,33.989622,-83.779428,1911,way,1424316631
OSM-W1424316632,Parking lot,PARKING,33.990811,-83.780035,5114,way,1424316632
OSM-W1424455877,Saint Alphonsa Syro-Malabar Catholic Church,PLACE_OF_WORSHIP,33.800961,-83.96799,1367,way,1424455877
OSM-W1424455878,Parking lot,PARKING,33.801481,-83.967563,2442,way,1424455878
OSM-W1424455881,Parking lot,PARKING,33.802044,-83.967705,2601,way,1424455881
OSM-W1426700345,Believers Baptist Church,PLACE_OF_WORSHIP,33.934605,-84.079697,1184,way,1426700345
OSM-W1429863491,Parking lot,PARKING,34.106055,-84.083725,4699,way,1429863491
OSM-W1430384298,Alcova Elementary School,SCHOOL,33.968154,-83.898644,137555,way,1430384298
OSM-W1431416770,Parking lot,PARKING,34.375269,-84.028462,5293,way,1431416770
OSM-W1433295038,Parking lot,PARKING,34.075539,-83.87059,466,way,1433295038
OSM-W1433295039,Parking lot,PARKING,34.0758,-83.870225,1797,way,1433295039
OSM-W1433422019,Harbins Elementary School,SCHOOL,33.94391,-83.857704,180635,way,1433422019
OSM-W1433422022,Fire station,FIRE_STATION,33.947397,-83.859636,7393,way,1433422022
OSM-W144102944,Athens Academy,SCHOOL,33.899109,-83.402559,1110861,way,144102944
OSM-W1441514030,School lot,SCHOOL,34.078478,-83.908828,423236,way,1441514030
OSM-W1442212274,Parking lot,PARKING,33.957008,-83.379739,1177,way,1442212274
OSM-W1442484608,Calvary Baptist Church,PLACE_OF_WORSHIP,34.010452,-83.577248,343,way,1442484608
OSM-W1442878204,Parking lot,PARKING,34.30117,-83.846846,888,way,1442878204
OSM-W1443997992,Westminster Christian Academy,SCHOOL,33.850668,-83.428494,365826,way,1443997992
OSM-W1445630105,Athens Christian School,SCHOOL,34.007386,-83.32676,300447,way,1445630105
OSM-W1445630109,Gas station,FUEL_STATION,34.010547,-83.328137,336,way,1445630109
OSM-W1445659912,Valero,FUEL_STATION,34.021221,-83.320186,1650,way,1445659912
OSM-W1446665014,Dove Creek Elementary School,SCHOOL,33.918725,-83.607509,115128,way,1446665014
OSM-W1446665015,Dove Creek Middle School,SCHOOL,33.916332,-83.606403,146820,way,1446665015
OSM-W1446816481,Parking lot,PARKING,33.961455,-83.970231,18746,way,1446816481
OSM-W1447272770,South Bend Church,PLACE_OF_WORSHIP,34.365354,-83.788151,620,way,1447272770
OSM-W1449540989,Parking lot,PARKING,34.297254,-83.824141,1101,way,1449540989
OSM-W1449540990,Parking lot,PARKING,34.297025,-83.824485,1154,way,1449540990
OSM-W1449540991,Parking lot,PARKING,34.297607,-83.824118,1413,way,1449540991
OSM-W1451276388,Fire station,FIRE_STATION,33.980542,-83.230144,1760,way,1451276388
OSM-W1459389447,Clarke Middle School,SCHOOL,33.944125,-83.404308,31511,way,1459389447
OSM-W1461324417,Parking lot,PARKING,34.209952,-83.285456,2968,way,1461324417
OSM-W1462488000,Parking lot,PARKING,34.047375,-83.459074,4939,way,1462488000
OSM-W1462770676,Valero,FUEL_STATION,34.507479,-83.524166,259,way,1462770676
OSM-W1463180785,Parking lot,PARKING,34.227294,-83.82496,4087,way,1463180785
OSM-W1464414427,Parking lot,PARKING,33.920465,-83.387624,613,way,1464414427
OSM-W1464432356,Lanier School,SCHOOL,34.400534,-83.890499,120453,way,1464432356
OSM-W1466087956,Lakeview Academy,SCHOOL,34.32184,-83.806434,182994,way,1466087956
OSM-W1471797765,Parking lot,PARKING,34.272076,-84.089644,1562,way,1471797765
OSM-W1471836371,Center Pointe Methodist Church,PLACE_OF_WORSHIP,34.080346,-83.713656,337,way,1471836371
OSM-W1472062489,Exxon,FUEL_STATION,33.941238,-83.500147,496,way,1472062489
OSM-W1474295798,Monsignor Donovan Catholic High School,SCHOOL,33.99165,-83.449767,144708,way,1474295798
OSM-W1476330878,Valero,FUEL_STATION,34.031612,-83.241208,704,way,1476330878
OSM-W1480444168,Parking lot,PARKING,34.248452,-84.090533,907,way,1480444168
OSM-W1480799565,Parking lot,PARKING,34.163375,-84.09822,2752,way,1480799565
OSM-W1480799566,Parking lot,PARKING,34.163403,-84.098012,4379,way,1480799566
OSM-W1480799567,Parking lot,PARKING,34.162917,-84.098784,469,way,1480799567
OSM-W1480799568,Parking lot,PARKING,34.162679,-84.099596,672,way,1480799568
OSM-W1482017690,Groome Customer Parking,PARKING,33.941384,-83.44833,2618,way,1482017690
OSM-W1482108134,Gas station,FUEL_STATION,34.199589,-83.284008,134,way,1482108134
OSM-W1483500919,Parking lot,PARKING,33.957723,-83.802922,27129,way,1483500919
OSM-W1483987197,First Presbyterian Church,PLACE_OF_WORSHIP,34.002109,-83.728311,2338,way,1483987197
OSM-W1485527044,Carnesville Elementary School,SCHOOL,34.364785,-83.233715,74201,way,1485527044
OSM-W1487304794,Parking lot,PARKING,33.931231,-83.341685,1404,way,1487304794
OSM-W1487304795,Parking lot,PARKING,33.931057,-83.341655,1399,way,1487304795
OSM-W1487304796,Parking lot,PARKING,33.930965,-83.341319,544,way,1487304796
OSM-W1487304798,Parking lot,PARKING,33.931369,-83.34089,586,way,1487304798
OSM-W1487304799,Parking lot,PARKING,33.931641,-83.341268,1457,way,1487304799
OSM-W1487304800,Parking lot,PARKING,33.931559,-83.341361,1327,way,1487304800
OSM-W1487304801,Parking lot,PARKING,33.931295,-83.340993,508,way,1487304801
OSM-W1487813310,Chevron,FUEL_STATION,34.282025,-83.789492,780,way,1487813310
OSM-W1488716110,Parking lot,PARKING,33.961138,-83.38482,444,way,1488716110
OSM-W1488716117,Parking lot,PARKING,33.960988,-83.383564,1016,way,1488716117
OSM-W1488716119,Parking lot,PARKING,33.960788,-83.383133,410,way,1488716119
OSM-W1488717737,Parking lot,PARKING,33.955921,-83.38048,1950,way,1488717737
OSM-W1488717738,Parking lot,PARKING,33.955242,-83.37987,443,way,1488717738
OSM-W1488717739,Parking lot,PARKING,33.955053,-83.379739,790,way,1488717739
OSM-W1488717741,Parking lot,PARKING,33.954684,-83.380302,555,way,1488717741
OSM-W1488719509,Parking lot,PARKING,33.962979,-83.37697,2660,way,1488719509
OSM-W1488719517,Parking lot,PARKING,33.962906,-83.377694,2074,way,1488719517
OSM-W1488720334,Parking lot,PARKING,33.963603,-83.37896,3250,way,1488720334
OSM-W1494096153,Parking lot,PARKING,34.343988,-83.894008,6050,way,1494096153
OSM-W1497168599,Parking lot,PARKING,33.96254,-83.376349,2779,way,1497168599
OSM-W1497168600,Parking lot,PARKING,33.961831,-83.382756,2705,way,1497168600
OSM-W1497168601,Parking lot,PARKING,33.96108,-83.382656,3238,way,1497168601
OSM-W1497168606,Parking lot,PARKING,33.961461,-83.379044,1741,way,1497168606
OSM-W1497168607,Parking lot,PARKING,33.961758,-83.377871,8601,way,1497168607
OSM-W1497168609,Parking lot,PARKING,33.961225,-83.378407,1292,way,1497168609
OSM-W1497168612,Parking lot,PARKING,33.959219,-83.372596,1085,way,1497168612
OSM-W1497173363,Parking lot,PARKING,33.96601,-83.372446,792,way,1497173363
OSM-W1497176908,Parking lot,PARKING,33.957443,-83.36922,625,way,1497176908
OSM-W1497176909,Parking lot,PARKING,33.957939,-83.369684,596,way,1497176909
OSM-W1497176913,Parking lot,PARKING,33.956743,-83.369522,770,way,1497176913
OSM-W1497176915,Parking lot,PARKING,33.957843,-83.369791,580,way,1497176915
OSM-W1497176916,Parking lot,PARKING,33.957401,-83.369379,1097,way,1497176916
OSM-W1497176917,Parking lot,PARKING,33.960036,-83.379766,486,way,1497176917
OSM-W1497176918,Parking lot,PARKING,33.960223,-83.377911,2601,way,1497176918
OSM-W1497176919,Parking lot,PARKING,33.956655,-83.377406,16085,way,1497176919
OSM-W1497176920,Parking lot,PARKING,33.95617,-83.379659,922,way,1497176920
OSM-W1497176921,Parking lot,PARKING,33.956369,-83.379723,714,way,1497176921
OSM-W1497176922,Parking lot,PARKING,33.956515,-83.379779,415,way,1497176922
OSM-W1497178016,Parking lot,PARKING,33.958363,-83.368601,1390,way,1497178016
OSM-W1497197782,Parking lot,PARKING,33.917015,-83.442895,6068,way,1497197782
OSM-W1497197783,Parking lot,PARKING,33.917406,-83.442546,5743,way,1497197783
OSM-W1497197784,Parking lot,PARKING,33.914136,-83.44289,15122,way,1497197784
OSM-W1497197785,Parking lot,PARKING,33.917389,-83.444403,4139,way,1497197785
OSM-W1497204547,Parking lot,PARKING,33.921031,-83.441995,6853,way,1497204547
OSM-W1497204548,Parking lot,PARKING,33.921377,-83.441821,6201,way,1497204548
OSM-W1497204549,Parking lot,PARKING,33.922191,-83.441481,12622,way,1497204549
OSM-W1497204550,Parking lot,PARKING,33.921019,-83.440891,1433,way,1497204550
OSM-W1497205325,Parking lot,PARKING,33.92075,-83.443867,1304,way,1497205325
OSM-W1497817300,Parking lot,PARKING,33.957115,-83.385608,1479,way,1497817300
OSM-W1497817303,Parking lot,PARKING,33.95731,-83.384069,1204,way,1497817303
OSM-W1497817306,Parking lot,PARKING,33.957392,-83.383867,598,way,1497817306
OSM-W1497830383,Parking lot,PARKING,33.958158,-83.382971,1771,way,1497830383
OSM-W1497830384,Parking lot,PARKING,33.958318,-83.382322,1474,way,1497830384
OSM-W1497830385,Parking lot,PARKING,33.954286,-83.381783,2742,way,1497830385
OSM-W1497830386,Parking lot,PARKING,33.952398,-83.382663,2069,way,1497830386
OSM-W1497830388,Parking lot,PARKING,33.950833,-83.382338,2173,way,1497830388
OSM-W1497830389,Parking lot,PARKING,33.950747,-83.382556,709,way,1497830389
OSM-W1497830390,Parking lot,PARKING,33.950753,-83.382954,4122,way,1497830390
OSM-W1498089665,Parking lot,PARKING,33.948098,-83.388067,2694,way,1498089665
OSM-W1498240461,Parking lot,PARKING,33.948442,-83.413292,3545,way,1498240461
OSM-W1498993730,Liberty Baptist Church,PLACE_OF_WORSHIP,34.349462,-84.010498,1204,way,1498993730
OSM-W1499166747,Parking lot,PARKING,33.944729,-83.451159,2598,way,1499166747
OSM-W1499467416,Parking lot,PARKING,33.955641,-83.386874,3066,way,1499467416
OSM-W1499467417,Parking lot,PARKING,33.955349,-83.385842,1193,way,1499467417
OSM-W1499467418,Parking lot,PARKING,33.955728,-83.387807,10734,way,1499467418
OSM-W1499467419,Parking lot,PARKING,33.956059,-83.387868,1897,way,1499467419
OSM-W1499467420,Parking lot,PARKING,33.955489,-83.387386,3099,way,1499467420
OSM-W1499467421,Parking lot,PARKING,33.954193,-83.38894,14196,way,1499467421
OSM-W1499467422,Parking lot,PARKING,33.953587,-83.389461,835,way,1499467422
OSM-W1499467423,Parking lot,PARKING,33.954342,-83.389744,850,way,1499467423
OSM-W1499487753,Parking lot,PARKING,33.954245,-83.390164,2625,way,1499487753
OSM-W1499487756,Parking lot,PARKING,33.954137,-83.392229,650,way,1499487756
OSM-W1499491089,Parking lot,PARKING,33.953114,-83.388816,5311,way,1499491089
OSM-W1499783584,Parking lot,PARKING,33.948609,-83.408115,4594,way,1499783584
OSM-W1500124720,Parking lot,PARKING,33.866841,-83.418991,5894,way,1500124720
OSM-W1500124721,Parking lot,PARKING,33.866452,-83.419438,598,way,1500124721
OSM-W1500124754,Parking lot,PARKING,33.879349,-83.41471,16678,way,1500124754
OSM-W1500124780,Parking lot,PARKING,33.878376,-83.413186,1299,way,1500124780
OSM-W1500124781,Parking lot,PARKING,33.877681,-83.413261,2023,way,1500124781
OSM-W1500310254,Parking lot,PARKING,33.866277,-83.42687,2034,way,1500310254
OSM-W1500310255,Lot A,PARKING,33.866832,-83.425964,18750,way,1500310255
OSM-W1500310256,Lot B,PARKING,33.866202,-83.425181,17383,way,1500310256
OSM-W1500624032,Parking lot,PARKING,33.870554,-83.428105,788,way,1500624032
OSM-W1501615777,Parking lot,PARKING,33.868136,-83.399171,1643,way,1501615777
OSM-W1501615778,Parking lot,PARKING,33.868019,-83.398751,2075,way,1501615778
OSM-W1501618351,Parking lot,PARKING,33.867675,-83.402189,2235,way,1501618351
OSM-W1505310742,Parking lot,PARKING,34.173309,-84.025787,44079,way,1505310742
OSM-W1505400711,Parking lot,PARKING,34.164889,-83.679734,4633,way,1505400711
OSM-W1505400712,Parking lot,PARKING,34.164548,-83.680223,1794,way,1505400712
OSM-W1505400713,Parking lot,PARKING,34.165175,-83.681156,964,way,1505400713
OSM-W1505400714,Parking lot,PARKING,34.165553,-83.681138,8951,way,1505400714
OSM-W1505400728,Parking lot,PARKING,34.165221,-83.677948,1446,way,1505400728
OSM-W1505400729,Parking lot,PARKING,34.165677,-83.677794,6346,way,1505400729
OSM-W1505402373,QuikTrip,FUEL_STATION,34.122436,-83.603837,2192,way,1505402373
OSM-W1505402374,Parking lot,PARKING,34.122527,-83.603827,5651,way,1505402374
OSM-W1505402378,Parking lot,PARKING,34.085028,-83.730362,1762,way,1505402378
OSM-W150551081,Parking lot,PARKING,34.24687,-83.460062,1482,way,150551081
OSM-W150551086,Parking lot,PARKING,34.247097,-83.459661,1145,way,150551086
OSM-W150555236,Faith Pentecostal Church,PLACE_OF_WORSHIP,34.029144,-83.326072,460,way,150555236
OSM-W150573696,Calvary Church,PLACE_OF_WORSHIP,34.025869,-83.324044,457,way,150573696
OSM-W1506032391,Texaco,FUEL_STATION,33.802889,-83.717574,294,way,1506032391
OSM-W1506051103,Grace Monroe,PLACE_OF_WORSHIP,33.800086,-83.713058,69969,way,1506051103
OSM-W1507582921,Parking lot,PARKING,33.871673,-83.478125,28665,way,1507582921
OSM-W1507937027,Chevron,FUEL_STATION,33.97417,-83.414048,212,way,1507937027
OSM-W1508657175,Athens Church,PLACE_OF_WORSHIP,33.937701,-83.467287,194094,way,1508657175
OSM-W1508698656,Leatherwood Baptist Church,PLACE_OF_WORSHIP,34.465257,-83.459435,936,way,1508698656
OSM-W1510160001,Parking lot,PARKING,34.255488,-83.944976,5129,way,1510160001
OSM-W1510695601,Parking lot,PARKING,33.951842,-83.362458,4590,way,1510695601
OSM-W1510769299,Parking lot,PARKING,33.859538,-83.454209,3961,way,1510769299
OSM-W1510769308,Parking lot,PARKING,33.875177,-83.446742,5810,way,1510769308
OSM-W1510769313,Parking lot,PARKING,33.86797,-83.447633,4167,way,1510769313
OSM-W1510769314,Parking lot,PARKING,33.86808,-83.448479,13220,way,1510769314
OSM-W1510769317,Parking lot,PARKING,33.870019,-83.44783,3385,way,1510769317
OSM-W1510769318,Parking lot,PARKING,33.869797,-83.44677,6039,way,1510769318
OSM-W1510769319,Parking lot,PARKING,33.868889,-83.446664,1840,way,1510769319
OSM-W1510769320,Parking lot,PARKING,33.868637,-83.446801,1494,way,1510769320
OSM-W1510769321,Parking lot,PARKING,33.869032,-83.445996,1475,way,1510769321
OSM-W1510769322,Parking lot,PARKING,33.869143,-83.446398,1429,way,1510769322
OSM-W1510769323,Parking lot,PARKING,33.869092,-83.44696,997,way,1510769323
OSM-W1510769324,Parking lot,PARKING,33.869218,-83.447497,4213,way,1510769324
OSM-W1510769325,Parking lot,PARKING,33.869529,-83.447176,3303,way,1510769325
OSM-W1510769326,Parking lot,PARKING,33.869402,-83.446647,968,way,1510769326
OSM-W1510769330,Parking lot,PARKING,33.873165,-83.442805,12764,way,1510769330
OSM-W1511854665,Parking lot,PARKING,34.312826,-84.033838,2818,way,1511854665
OSM-W1511860531,Parking lot,PARKING,34.317377,-84.031852,4453,way,1511860531
OSM-W1511860532,Parking lot,PARKING,34.319128,-84.032119,3381,way,1511860532
OSM-W1511860533,Parking lot,PARKING,34.315246,-84.033834,884,way,1511860533
OSM-W1512192069,Parking lot,PARKING,33.929084,-83.306331,7048,way,1512192069
OSM-W1512192070,Parking lot,PARKING,33.928012,-83.30621,9813,way,1512192070
OSM-W1512192073,Parking lot,PARKING,33.927711,-83.301622,28316,way,1512192073
OSM-W1512306750,Parking lot,PARKING,33.859582,-83.395635,3191,way,1512306750
OSM-W1512306757,Parking lot,PARKING,33.859376,-83.394208,2368,way,1512306757
OSM-W1512306768,Parking lot,PARKING,33.859394,-83.397482,1529,way,1512306768
OSM-W1512306769,Parking lot,PARKING,33.859699,-83.398164,1960,way,1512306769
OSM-W1513138824,Mount Olivet United Methodist Church,PLACE_OF_WORSHIP,34.386355,-83.43023,289,way,1513138824
OSM-W1513256542,Parking lot,PARKING,33.869358,-83.391367,4810,way,1513256542
OSM-W1513256543,Parking lot,PARKING,33.870396,-83.390349,16785,way,1513256543
OSM-W1513256544,Parking lot,PARKING,33.870603,-83.389417,5271,way,1513256544
OSM-W1513256546,Parking lot,PARKING,33.868854,-83.390751,569,way,1513256546
OSM-W1513256547,Parking lot,PARKING,33.869054,-83.390441,524,way,1513256547
OSM-W1513256548,Parking lot,PARKING,33.868207,-83.391359,11341,way,1513256548
OSM-W1513889189,Parking lot,PARKING,34.249557,-83.997066,33109,way,1513889189
OSM-W1517274692,Parking lot,PARKING,34.244801,-84.047268,2322,way,1517274692
OSM-W1517897837,Parking lot,PARKING,34.368899,-84.029398,1835,way,1517897837
OSM-W1517897846,Parking lot,PARKING,34.368455,-84.038392,1251,way,1517897846
OSM-W1521089675,North Hall High School,SCHOOL,34.425456,-83.851603,474365,way,1521089675
OSM-W1521092522,Parking lot,PARKING,34.460471,-83.971868,3905,way,1521092522
OSM-W1521092523,Parking lot,PARKING,34.459641,-83.971467,3226,way,1521092523
OSM-W1521092524,Parking lot,PARKING,34.460475,-83.970549,543,way,1521092524
OSM-W1523079239,Parking lot,PARKING,34.313803,-83.801397,62494,way,1523079239
OSM-W1524473001,Parking lot,PARKING,34.01203,-83.833563,651,way,1524473001
OSM-W1525955889,Parking lot,PARKING,34.387396,-83.667119,462,way,1525955889
OSM-W1525955890,Parking lot,PARKING,34.38717,-83.667546,1209,way,1525955890
OSM-W1526112703,Shell,FUEL_STATION,33.855983,-83.904607,1205,way,1526112703
OSM-W1526112707,Chevron,FUEL_STATION,33.855482,-83.905383,891,way,1526112707
OSM-W1526147832,Grayson High School,SCHOOL,33.868235,-83.92347,750361,way,1526147832
OSM-W1526147854,Chevron,FUEL_STATION,33.871624,-83.92001,1084,way,1526147854
OSM-W1526198071,Kroger,FUEL_STATION,33.948048,-83.926031,1907,way,1526198071
OSM-W1529894377,Wilson Chapel Church,PLACE_OF_WORSHIP,34.241016,-83.521409,306,way,1529894377
OSM-W1536671562,Howard B. Stroud Elementary School,SCHOOL,33.973108,-83.359336,152757,way,1536671562
OSM-W1536904728,QuikTrip,FUEL_STATION,33.880343,-83.416563,1313,way,1536904728
OSM-W1536934102,Kroger,FUEL_STATION,33.92138,-83.343079,1206,way,1536934102
OSM-W1538490695,Shiloh High School,SCHOOL,33.822496,-84.069426,299822,way,1538490695
OSM-W154066534,Baptist Collegiate Ministries,PLACE_OF_WORSHIP,33.953286,-83.376953,1469,way,154066534
OSM-W1540681692,School lot,SCHOOL,34.301001,-83.843355,491186,way,1540681692
OSM-W1545175073,Parking lot,PARKING,33.965236,-83.597659,4883,way,1545175073
OSM-W1547313992,School lot,SCHOOL,34.025233,-83.988364,128052,way,1547313992
OSM-W1548493591,Parking lot,PARKING,34.091885,-84.057103,958,way,1548493591
OSM-W1548493592,Parking lot,PARKING,34.092242,-84.057209,697,way,1548493592
OSM-W1550441435,Parking lot,PARKING,34.016318,-84.019437,926,way,1550441435
OSM-W1550944899,Parking lot,PARKING,34.038662,-83.878071,34009,way,1550944899
OSM-W1551818719,Monroe Primary School,SCHOOL,33.801641,-83.703468,87542,way,1551818719
OSM-W1552406598,Buford Family Seventh-day Adventist Church,PLACE_OF_WORSHIP,34.128137,-83.924131,3079,way,1552406598
OSM-W1559224639,Parking lot,PARKING,33.95754,-83.385411,717,way,1559224639
OSM-W1559353520,Parking lot,PARKING,33.940061,-83.745829,1164,way,1559353520
OSM-W1560018936,Parking lot,PARKING,33.979105,-83.734554,963,way,1560018936
OSM-W1561246761,Parking lot,PARKING,33.891554,-84.083817,2113,way,1561246761
OSM-W1562089818,Parking lot,PARKING,34.00154,-83.853056,2375,way,1562089818
OSM-W178716031,Oconee County High School,SCHOOL,33.860985,-83.453867,537247,way,178716031
OSM-W178717338,Parking lot,PARKING,33.862362,-83.454723,3434,way,178717338
OSM-W178717339,Parking lot,PARKING,33.859659,-83.455448,10281,way,178717339
OSM-W178717340,Parking lot,PARKING,33.86082,-83.457236,22200,way,178717340
OSM-W178717341,Parking lot,PARKING,33.862802,-83.455579,5384,way,178717341
OSM-W178717342,Parking lot,PARKING,33.861817,-83.45632,2272,way,178717342
OSM-W178730353,School lot,SCHOOL,33.87317,-83.445707,533307,way,178730353
OSM-W178732768,Parking lot,PARKING,33.873006,-83.44504,2885,way,178732768
OSM-W178732769,Parking lot,PARKING,33.874114,-83.445234,3315,way,178732769
OSM-W178732770,Parking lot,PARKING,33.873103,-83.444346,1230,way,178732770
OSM-W180742767,Parking Lot J,PARKING,34.237228,-83.86768,7632,way,180742767
OSM-W180743133,Parking Lot I,PARKING,34.236942,-83.867604,6462,way,180743133
OSM-W180743297,Parking Lot K,PARKING,34.236285,-83.867531,10294,way,180743297
OSM-W180743409,Parking Lot N,PARKING,34.236202,-83.866449,4168,way,180743409
OSM-W180743910,Parking Lot O,PARKING,34.235793,-83.866046,7589,way,180743910
OSM-W180744499,Parking Lot Q,PARKING,34.235481,-83.865775,2209,way,180744499
OSM-W180744906,Parking Lot R,PARKING,34.23379,-83.86683,4297,way,180744906
OSM-W180744909,Parking Lot S,PARKING,34.233434,-83.86517,37985,way,180744909
OSM-W180746520,UNG A Parking Lot,PARKING,34.233832,-83.867632,2189,way,180746520
OSM-W180746541,Parking Lot B,PARKING,34.233649,-83.86832,6666,way,180746541
OSM-W180746647,Parking Lot C,PARKING,34.234272,-83.869022,6391,way,180746647
OSM-W180746876,GSC M Parking Lot,PARKING,34.235258,-83.867502,1013,way,180746876
OSM-W180747928,Parking Lot P,PARKING,34.231922,-83.868317,37399,way,180747928
OSM-W180748198,GSC Faculty/Staff Parking Lot,PARKING,34.232939,-83.866876,1833,way,180748198
OSM-W180748859,Parking Lot F,PARKING,34.235962,-83.871305,4734,way,180748859
OSM-W180749043,Parking Lot E,PARKING,34.235171,-83.871071,4487,way,180749043
OSM-W180749065,Parking Lot D,PARKING,34.235318,-83.870081,4745,way,180749065
OSM-W180749238,GSC L Parking Lot,PARKING,34.239597,-83.866743,879,way,180749238
OSM-W185145524,Burney-Harris-Lyons Middle School,SCHOOL,33.989693,-83.473729,203859,way,185145524
OSM-W185321266,Whitehead Road Elementary School,SCHOOL,33.981124,-83.436971,106072,way,185321266
OSM-W186160239,Oglethorpe Avenue Elementary School,SCHOOL,33.965719,-83.421374,480242,way,186160239
OSM-W219429368,Petro Stopping Centers #377,FUEL_STATION,34.349927,-83.32112,10319,way,219429368
OSM-W219429371,BP,FUEL_STATION,34.348329,-83.320654,1225,way,219429371
OSM-W226930085,Amoco,FUEL_STATION,34.253017,-83.462903,1119,way,226930085
OSM-W228991443,Dry Pond United Methodist Church,PLACE_OF_WORSHIP,34.19185,-83.577048,881,way,228991443
OSM-W228991444,Church lot,PLACE_OF_WORSHIP,34.191759,-83.577331,565,way,228991444
OSM-W228991452,Dry Pond Country Store,FUEL_STATION,34.188075,-83.563505,382,way,228991452
OSM-W228991453,Oconee Baptist Church,PLACE_OF_WORSHIP,34.186424,-83.562667,2470,way,228991453
OSM-W236661119,Five Points Fire Station #3,FIRE_STATION,33.939244,-83.387041,1980,way,236661119
OSM-W237170288,Saint James United Methodist Church,PLACE_OF_WORSHIP,33.932175,-83.392819,3178,way,237170288
OSM-W237170430,Parking lot,PARKING,33.932522,-83.392494,1295,way,237170430
OSM-W237170707,Murphy USA,FUEL_STATION,33.919487,-83.443354,835,way,237170707
OSM-W237171376,Bettye H. Holston Elementary School,SCHOOL,33.944008,-83.407568,9898,way,237171376
OSM-W242284248,Parking lot,PARKING,34.115253,-83.997101,16407,way,242284248
OSM-W242751443,Redeemer Presbyterian Church,PLACE_OF_WORSHIP,33.957192,-83.380499,3117,way,242751443
OSM-W242751454,First African Methodist Episcopal Church,PLACE_OF_WORSHIP,33.961013,-83.379385,797,way,242751454
OSM-W242751543,First Baptist Church,PLACE_OF_WORSHIP,33.959514,-83.381308,8784,way,242751543
OSM-W242754819,Classic City Church,PLACE_OF_WORSHIP,33.957984,-83.389833,667,way,242754819
OSM-W242754821,Historic Hill First Baptist Church,PLACE_OF_WORSHIP,33.957232,-83.38438,686,way,242754821
OSM-W242756570,Texaco,FUEL_STATION,33.964397,-83.402023,376,way,242756570
OSM-W242756832,West End Baptist Church,PLACE_OF_WORSHIP,33.966592,-83.396454,1777,way,242756832
OSM-W242756963,Fast Trac,FUEL_STATION,33.964087,-83.401716,130,way,242756963
OSM-W242757041,Chevron,FUEL_STATION,33.96578,-83.393075,225,way,242757041
OSM-W242757264,Emmanuel Episcopal Church,PLACE_OF_WORSHIP,33.961418,-83.38529,7337,way,242757264
OSM-W245811939,Parking lot,PARKING,33.951754,-83.363479,1714,way,245811939
OSM-W246900948,Parking lot,PARKING,34.26323,-84.095812,8456,way,246900948
OSM-W248163567,Parking lot,PARKING,33.984191,-83.733283,1398,way,248163567
OSM-W248163572,Parking lot,PARKING,33.978358,-83.728585,11887,way,248163572
OSM-W248164813,Parking lot,PARKING,33.979575,-83.734147,1547,way,248164813
OSM-W248164816,Parking lot,PARKING,33.967579,-83.731404,1639,way,248164816
OSM-W248164844,Parking lot,PARKING,33.968373,-83.730397,5546,way,248164844
OSM-W248166679,Parking lot,PARKING,33.980739,-83.718241,1708,way,248166679
OSM-W248166681,Parking lot,PARKING,33.979967,-83.717544,5834,way,248166681
OSM-W248166682,Parking lot,PARKING,33.980674,-83.717359,11336,way,248166682
OSM-W248169273,Parking lot,PARKING,33.964839,-83.740486,1659,way,248169273
OSM-W248169274,Parking lot,PARKING,33.966415,-83.740829,2674,way,248169274
OSM-W248171608,Parking lot,PARKING,33.977336,-83.729677,999,way,248171608
OSM-W248403484,Parking lot,PARKING,33.983555,-83.719598,3347,way,248403484
OSM-W248403486,Parking lot,PARKING,33.982709,-83.7208,12632,way,248403486
OSM-W248404360,Pentecostal Deliverance Church of Faith,PLACE_OF_WORSHIP,33.97321,-83.742381,1263,way,248404360
OSM-W248404386,Bush Chapel AME Zion Church,PLACE_OF_WORSHIP,33.984027,-83.735323,741,way,248404386
OSM-W248607338,Parking lot,PARKING,33.949767,-83.727348,7378,way,248607338
OSM-W248608723,Carter Hill Christian Church,PLACE_OF_WORSHIP,33.95082,-83.74886,818,way,248608723
OSM-W248608734,Parking lot,PARKING,33.950528,-83.748791,2000,way,248608734
OSM-W248609985,Parking lot,PARKING,33.971595,-83.749213,3539,way,248609985
OSM-W251062924,Forsyth County Fire Station #5,FIRE_STATION,34.235568,-84.086474,838,way,251062924
OSM-W252549781,Parking lot,PARKING,34.088316,-84.014098,965,way,252549781
OSM-W252695544,Parking lot,PARKING,33.909734,-83.910045,968,way,252695544
OSM-W252695708,Parking lot,PARKING,33.910669,-83.909308,1940,way,252695708
OSM-W252945713,Parking lot,PARKING,33.938533,-83.386494,2874,way,252945713
OSM-W252945822,Parking lot,PARKING,33.937616,-83.386145,6962,way,252945822
OSM-W252948747,Parking lot,PARKING,33.938333,-83.387147,1852,way,252948747
OSM-W252948748,Parking lot,PARKING,33.938835,-83.386595,745,way,252948748
OSM-W252948928,Parking lot,PARKING,33.938896,-83.385903,2400,way,252948928
OSM-W252949615,Parking lot,PARKING,33.939067,-83.386029,3712,way,252949615
OSM-W252949616,Parking lot,PARKING,33.939507,-83.385972,4321,way,252949616
OSM-W252977436,Parking lot,PARKING,33.93853,-83.459578,3483,way,252977436
OSM-W252977954,Parking lot,PARKING,33.941571,-83.471703,27152,way,252977954
OSM-W253730919,Parking lot,PARKING,33.937681,-83.387966,737,way,253730919
OSM-W253730920,Parking lot,PARKING,33.93815,-83.387766,751,way,253730920
OSM-W253730921,Parking lot,PARKING,33.937831,-83.387895,703,way,253730921
OSM-W253730922,Parking lot,PARKING,33.937518,-83.388026,859,way,253730922
OSM-W253730923,Parking lot,PARKING,33.937998,-83.387833,758,way,253730923
OSM-W253730924,Parking lot,PARKING,33.938363,-83.387636,1608,way,253730924
OSM-W253731262,Parking lot,PARKING,33.942255,-83.383784,4508,way,253731262
OSM-W253731435,Rohr Chabad House,PLACE_OF_WORSHIP,33.942068,-83.384251,439,way,253731435
OSM-W261093622,QuikTrip,FUEL_STATION,33.83322,-83.889095,697,way,261093622
OSM-W261094933,Bay Creek Elementary,SCHOOL,33.836677,-83.888189,24200,way,261094933
OSM-W261164139,Parking lot,PARKING,34.076434,-83.982585,5164,way,261164139
OSM-W265424992,First Baptist Church of Snellville Parking Lot,PARKING,33.85396,-84.014295,46984,way,265424992
OSM-W265439423,Hamilton Mill Park & Ride,PARKING,34.07507,-83.922079,60086,way,265439423
OSM-W265439900,Dacula Park & Ride,PARKING,33.996561,-83.909255,8782,way,265439900
OSM-W265440693,Mall of Georgia Park & Ride,PARKING,34.067382,-83.983163,10657,way,265440693
OSM-W265443512,Buford Park and Ride,PARKING,34.085552,-83.995689,85504,way,265443512
OSM-W270161669,Parking lot,PARKING,34.063436,-84.072739,20426,way,270161669
OSM-W271613407,Parking lot,PARKING,33.923123,-83.905329,7446,way,271613407
OSM-W273772786,Parking lot,PARKING,34.470042,-83.966779,6022,way,273772786
OSM-W276081119,Parking lot,PARKING,34.357483,-84.049789,77746,way,276081119
OSM-W276081120,Parking lot,PARKING,34.357128,-84.046237,178818,way,276081120
OSM-W278357120,Sugarloaf Mills Park & Ride,PARKING,33.983484,-84.084929,214579,way,278357120
OSM-W278746136,Fire station,FIRE_STATION,33.833254,-83.734115,1098,way,278746136
OSM-W279159648,Shell,FUEL_STATION,33.920312,-83.342506,594,way,279159648
OSM-W279160363,Parking lot,PARKING,33.923934,-83.341849,4094,way,279160363
OSM-W279160414,Parking lot,PARKING,33.924941,-83.341522,22390,way,279160414
OSM-W284310978,Parking lot,PARKING,34.107274,-83.79092,1317,way,284310978
OSM-W285357989,Parking lot,PARKING,33.910231,-83.852308,8625,way,285357989
OSM-W286133172,Parking lot,PARKING,34.356873,-84.044716,827,way,286133172
OSM-W286133173,Parking lot,PARKING,34.35659,-84.044602,1020,way,286133173
OSM-W286133174,Parking lot,PARKING,34.356931,-84.044331,1223,way,286133174
OSM-W286133175,Parking lot,PARKING,34.357024,-84.0443,1429,way,286133175
OSM-W286133176,Parking lot,PARKING,34.357092,-84.044149,728,way,286133176
OSM-W286133177,Parking lot,PARKING,34.357315,-84.044438,918,way,286133177
OSM-W286133179,Parking lot,PARKING,34.357616,-84.044175,891,way,286133179
OSM-W286133181,Parking lot,PARKING,34.357597,-84.04375,774,way,286133181
OSM-W286133184,Parking lot,PARKING,34.357514,-84.043908,735,way,286133184
OSM-W286133185,Parking lot,PARKING,34.357325,-84.044257,722,way,286133185
OSM-W286133186,Parking lot,PARKING,34.357347,-84.043935,783,way,286133186
OSM-W288895933,Parking lot,PARKING,33.916115,-84.001007,2971,way,288895933
OSM-W290273018,Parking lot,PARKING,34.177743,-84.031978,23739,way,290273018
OSM-W290274010,76,FUEL_STATION,34.231963,-84.085633,106,way,290274010
OSM-W290274013,Marathon,FUEL_STATION,34.232398,-84.085281,849,way,290274013
OSM-W290275423,Chevron,FUEL_STATION,34.264275,-83.933241,336,way,290275423
OSM-W290275425,Kroger,FUEL_STATION,34.25131,-84.090186,781,way,290275425
OSM-W290275426,Shell,FUEL_STATION,34.248794,-84.060163,3140,way,290275426
OSM-W290275427,Shell,FUEL_STATION,34.251539,-83.999851,248,way,290275427
OSM-W290275429,Valero,FUEL_STATION,34.274572,-83.908211,1090,way,290275429
OSM-W290275430,Valero,FUEL_STATION,34.257976,-84.073919,1809,way,290275430
OSM-W290275431,Gas station,FUEL_STATION,34.25034,-83.972363,285,way,290275431
OSM-W290275433,Parking lot,PARKING,34.246531,-84.039761,2842,way,290275433
OSM-W290276295,BP,FUEL_STATION,34.279894,-83.853848,320,way,290276295
OSM-W290276296,Citgo,FUEL_STATION,34.283981,-83.847317,662,way,290276296
OSM-W290276298,Exxon,FUEL_STATION,34.277312,-83.856445,316,way,290276298
OSM-W290471813,Chevron,FUEL_STATION,34.348801,-83.759273,942,way,290471813
OSM-W290471814,Exxon,FUEL_STATION,34.394855,-83.689823,792,way,290471814
OSM-W290471815,Shell,FUEL_STATION,34.435538,-83.631112,845,way,290471815
OSM-W290471817,Racetrac,FUEL_STATION,34.331424,-83.781353,2848,way,290471817
OSM-W290471818,Chevron,FUEL_STATION,34.39439,-83.690975,459,way,290471818
OSM-W290471884,BP,FUEL_STATION,34.485637,-83.582362,416,way,290471884
OSM-W291008216,Parking lot,PARKING,34.038947,-83.877808,2123,way,291008216
OSM-W291008217,Parking lot,PARKING,34.038968,-83.877393,3946,way,291008217
OSM-W291020370,Parking lot,PARKING,34.054509,-83.885748,7502,way,291020370
OSM-W291020373,Parking lot,PARKING,34.054612,-83.885355,6789,way,291020373
OSM-W292008167,Peachtree Ridge High School,SCHOOL,34.014041,-84.085948,148396,way,292008167
OSM-W292008170,Peachtree Ridge High School,PARKING,34.012314,-84.089655,87110,way,292008170
OSM-W292666318,Overflow parking,PARKING,33.909862,-83.851571,4813,way,292666318
OSM-W292666846,Equestrian parking,PARKING,33.912045,-83.848222,4962,way,292666846
OSM-W293217364,Shell,FUEL_STATION,33.92255,-83.378734,332,way,293217364
OSM-W293423327,Parking lot,PARKING,33.922176,-83.379804,2543,way,293423327
OSM-W293423328,Parking lot,PARKING,33.920911,-83.383909,2255,way,293423328
OSM-W293539768,Central Presbyterian Church,PLACE_OF_WORSHIP,33.942059,-83.409157,6253,way,293539768
OSM-W293546025,Parking lot,PARKING,33.960604,-83.382359,1072,way,293546025
OSM-W293712411,Parking lot,PARKING,33.923546,-83.379927,24826,way,293712411
OSM-W293712413,Parking lot,PARKING,33.92304,-83.379429,1937,way,293712413
OSM-W293836625,Milledge Avenue Baptist Church,PLACE_OF_WORSHIP,33.93151,-83.383134,7371,way,293836625
OSM-W294816708,Parking lot,PARKING,33.97034,-83.413748,21644,way,294816708
OSM-W295810207,First Christian Church,PLACE_OF_WORSHIP,33.960325,-83.380722,1088,way,295810207
OSM-W296008707,Marathon,FUEL_STATION,33.950846,-83.38134,146,way,296008707
OSM-W296886817,Parking lot,PARKING,33.959205,-83.378732,3292,way,296886817
OSM-W296891238,Presbyterian Student Center Parking Lot,PARKING,33.944666,-83.380736,2729,way,296891238
OSM-W296905940,E01B (Intramural Fields),PARKING,33.933888,-83.372,8253,way,296905940
OSM-W296954561,Parking lot,PARKING,33.958073,-83.371481,532,way,296954561
OSM-W301009396,Victory Baptist Church,PLACE_OF_WORSHIP,33.956889,-83.972866,418,way,301009396
OSM-W301588900,Exxon,FUEL_STATION,34.380117,-84.023201,707,way,301588900
OSM-W302010816,Exxon,FUEL_STATION,34.364419,-84.036882,928,way,302010816
OSM-W302010819,Shell,FUEL_STATION,34.363085,-84.035231,1119,way,302010819
OSM-W302010820,Chevron,FUEL_STATION,34.363185,-84.038349,1308,way,302010820
OSM-W302298561,Parking lot,PARKING,34.405259,-84.004352,638,way,302298561
OSM-W302298565,Parking lot,PARKING,34.405217,-84.004043,761,way,302298565
OSM-W302321035,Chevron,FUEL_STATION,34.469032,-83.968223,1319,way,302321035
OSM-W303238967,Mount Zion Primitive Baptist Church,PLACE_OF_WORSHIP,33.940338,-83.470566,342,way,303238967
OSM-W303239224,Athens Freewill Baptist Church,PLACE_OF_WORSHIP,33.93899,-83.495728,744,way,303239224
OSM-W303239377,Chestnut Grove Baptist Church,PLACE_OF_WORSHIP,33.932768,-83.438526,3140,way,303239377
OSM-W303239501,Sam's Club,FUEL_STATION,33.939909,-83.486493,529,way,303239501
OSM-W303240539,Bethel Deliverance Temple,PLACE_OF_WORSHIP,33.940229,-83.497435,1482,way,303240539
OSM-W303361776,Christian Campus Fellowship,PLACE_OF_WORSHIP,33.941211,-83.388028,570,way,303361776
OSM-W303362019,Catholic Student Center,PLACE_OF_WORSHIP,33.943768,-83.382427,1125,way,303362019
OSM-W303362024,The Table,PLACE_OF_WORSHIP,33.94454,-83.380936,2571,way,303362024
OSM-W303362179,Valero’s,FUEL_STATION,33.949709,-83.384706,145,way,303362179
OSM-W303403959,Thankful Baptist Church,PLACE_OF_WORSHIP,33.930565,-83.379883,343,way,303403959
OSM-W303954480,Springfield Baptist Church,PLACE_OF_WORSHIP,33.969524,-83.363504,1274,way,303954480
OSM-W303954514,Kingdom Hall of Jehovah’s Witnesses,PLACE_OF_WORSHIP,33.968019,-83.368749,921,way,303954514
OSM-W303954985,Chevron,FUEL_STATION,33.975216,-83.364508,604,way,303954985
OSM-W303955295,St. Paul C.M.E. Church,PLACE_OF_WORSHIP,33.964894,-83.369755,462,way,303955295
OSM-W304020758,The Church of Christ,PLACE_OF_WORSHIP,33.950923,-83.353543,756,way,304020758
OSM-W304020953,New Faith Tabernacle Church,PLACE_OF_WORSHIP,33.955997,-83.362121,662,way,304020953
OSM-W304021092,Friendship Church,PLACE_OF_WORSHIP,33.950903,-83.352145,1669,way,304021092
OSM-W304021105,Oconee Street United Methodist Church,PLACE_OF_WORSHIP,33.953154,-83.365804,1522,way,304021105
OSM-W304021130,New Dorsey Tabernacle Baptist Church,PLACE_OF_WORSHIP,33.957582,-83.363785,650,way,304021130
OSM-W304022133,Full Gospel Tabernacle,PLACE_OF_WORSHIP,33.955326,-83.362577,327,way,304022133
OSM-W304022449,Shell,FUEL_STATION,33.948071,-83.358901,815,way,304022449
OSM-W304022525,Church lot,PLACE_OF_WORSHIP,33.956154,-83.348833,587,way,304022525
OSM-W304295364,Parking lot,PARKING,33.884859,-84.05835,11849,way,304295364
OSM-W306284487,Parking lot,PARKING,33.958912,-83.979025,11415,way,306284487
OSM-W306561529,Parking lot,PARKING,33.959674,-83.376693,1475,way,306561529
OSM-W306886726,Parking lot,PARKING,33.959621,-83.377157,2367,way,306886726
OSM-W307393759,Parking lot,PARKING,34.250776,-83.473417,203475,way,307393759
OSM-W307458608,Parking lot,PARKING,33.959931,-83.375645,3066,way,307458608
OSM-W307458610,Parking lot,PARKING,33.960794,-83.375437,2386,way,307458610
OSM-W309934616,Parking lot,PARKING,34.107868,-83.698878,4025,way,309934616
OSM-W309934618,Parking lot,PARKING,34.108103,-83.699664,4379,way,309934618
OSM-W310746313,Parking lot,PARKING,33.925144,-83.379646,4039,way,310746313
OSM-W310746314,Parking lot,PARKING,33.925077,-83.378956,1960,way,310746314
OSM-W310746315,Parking lot,PARKING,33.924594,-83.379207,3594,way,310746315
OSM-W310746678,Parking lot,PARKING,33.91378,-83.447789,2019,way,310746678
OSM-W310746773,Parking lot,PARKING,33.917091,-83.445537,28349,way,310746773
OSM-W310803885,S08,PARKING,33.942427,-83.372855,2046,way,310803885
OSM-W310805292,Parking lot,PARKING,33.942301,-83.374224,6976,way,310805292
OSM-W310805806,S09,PARKING,33.942865,-83.374525,445,way,310805806
OSM-W310805807,S25,PARKING,33.94161,-83.374575,7221,way,310805807
OSM-W310819766,Parking lot,PARKING,33.945186,-83.381205,447,way,310819766
OSM-W310819767,S12B (Stegeman Coliseum),PARKING,33.944211,-83.379366,5375,way,310819767
OSM-W310892002,S13C (Stegeman Coliseum),PARKING,33.94185,-83.378962,6395,way,310892002
OSM-W310892140,Parking lot,PARKING,33.94141,-83.384808,8263,way,310892140
OSM-W310892141,Parking lot,PARKING,33.939934,-83.384276,1153,way,310892141
OSM-W310892965,Holy Cross Lutheran Church,PLACE_OF_WORSHIP,33.941235,-83.407852,1998,way,310892965
OSM-W310894591,Athens-Clarke County Fire Station #1,FIRE_STATION,33.963092,-83.376532,2531,way,310894591
OSM-W311052470,Ebenezer Baptist Church West,PLACE_OF_WORSHIP,33.954505,-83.391371,833,way,311052470
OSM-W311052902,Back To The Bible Deliverance Church,PLACE_OF_WORSHIP,33.949019,-83.401411,164,way,311052902
OSM-W311053143,Soul Winners Ministries,PLACE_OF_WORSHIP,33.952916,-83.390771,272,way,311053143
OSM-W311053189,Chevron,FUEL_STATION,33.951309,-83.410237,575,way,311053189
OSM-W311053394,Mount Pleasant Baptist Church,PLACE_OF_WORSHIP,33.953188,-83.409512,940,way,311053394
OSM-W312993222,Unitarian Universalist Fellowship of Athens,PLACE_OF_WORSHIP,33.927912,-83.41209,2689,way,312993222
OSM-W312993252,Timothy Baptist Church,PLACE_OF_WORSHIP,33.919749,-83.403953,2569,way,312993252
OSM-W312993549,Chevron,FUEL_STATION,33.946232,-83.424917,559,way,312993549
OSM-W312993675,St. Stephen Anglican Catholic Church,PLACE_OF_WORSHIP,33.929769,-83.413644,2083,way,312993675
OSM-W313019901,Whitehall Church of the Lord Jesus Christ,PLACE_OF_WORSHIP,33.902847,-83.362727,894,way,313019901
OSM-W313020235,Morton Chapel,PLACE_OF_WORSHIP,33.874443,-83.28735,905,way,313020235
OSM-W313020602,Edward's Chapel Baptist Church,PLACE_OF_WORSHIP,33.915324,-83.398935,1717,way,313020602
OSM-W313020621,Billups Grove Baptist Church,PLACE_OF_WORSHIP,33.920446,-83.27229,1074,way,313020621
OSM-W313025925,Parking lot,PARKING,33.945485,-83.403433,16715,way,313025925
OSM-W313026330,Parking lot,PARKING,33.946807,-83.401011,1924,way,313026330
OSM-W313026331,Parking lot,PARKING,33.946464,-83.403177,2213,way,313026331
OSM-W313026332,Parking lot,PARKING,33.94654,-83.402806,2212,way,313026332
OSM-W313026333,Parking lot,PARKING,33.946238,-83.401065,5652,way,313026333
OSM-W313026334,Parking lot,PARKING,33.946176,-83.401792,2081,way,313026334
OSM-W313026335,Parking lot,PARKING,33.946732,-83.401912,13267,way,313026335
OSM-W313026337,Parking lot,PARKING,33.945828,-83.402366,1235,way,313026337
OSM-W313026766,Parking lot,PARKING,33.954702,-83.39351,828,way,313026766
OSM-W313026926,Parking lot,PARKING,33.953856,-83.391262,3376,way,313026926
OSM-W313026927,Parking lot,PARKING,33.953372,-83.393022,2015,way,313026927
OSM-W313028310,W06D (Legion Pool),PARKING,33.9501,-83.377876,8011,way,313028310
OSM-W313028518,W08A (Brumby),PARKING,33.949487,-83.38371,4749,way,313028518
OSM-W313028519,W08B (Brumby),PARKING,33.94893,-83.38274,5949,way,313028519
OSM-W313029119,Parking lot,PARKING,33.949244,-83.389679,11833,way,313029119
OSM-W313029840,W08C (Brumby),PARKING,33.948699,-83.383586,2540,way,313029840
OSM-W313029841,Parking lot,PARKING,33.949269,-83.384282,6551,way,313029841
OSM-W313194027,Bottleworks Parking,PARKING,33.95931,-83.382536,5681,way,313194027
OSM-W313194028,Parking lot,PARKING,33.958877,-83.380883,1424,way,313194028
OSM-W313194030,Parking lot,PARKING,33.959419,-83.381896,9332,way,313194030
OSM-W313194171,Parking lot,PARKING,33.958419,-83.381509,5028,way,313194171
OSM-W313194172,Parking lot,PARKING,33.959718,-83.380249,6669,way,313194172
OSM-W313194402,Parking lot,PARKING,33.956885,-83.380659,6118,way,313194402
OSM-W313194403,Parking lot,PARKING,33.957424,-83.380812,6629,way,313194403
OSM-W313194405,Parking lot,PARKING,33.956647,-83.380788,2965,way,313194405
OSM-W313194407,Parking lot,PARKING,33.957365,-83.37961,717,way,313194407
OSM-W313194645,Parking lot,PARKING,33.959826,-83.379435,895,way,313194645
OSM-W313194759,Parking lot,PARKING,33.960876,-83.379055,2180,way,313194759
OSM-W313194760,Parking lot,PARKING,33.96066,-83.379306,1358,way,313194760
OSM-W313194761,Parking lot,PARKING,33.961338,-83.379925,2830,way,313194761
OSM-W313194762,Parking lot,PARKING,33.960714,-83.380532,6988,way,313194762
OSM-W313194867,Parking lot,PARKING,33.958681,-83.380072,692,way,313194867
OSM-W313196299,New Grove Baptist Church,PLACE_OF_WORSHIP,33.987904,-83.301111,2245,way,313196299
OSM-W313197392,East Athens Baptist Church,PLACE_OF_WORSHIP,33.935817,-83.312143,2540,way,313197392
OSM-W313197401,Temple Baptist Church,PLACE_OF_WORSHIP,33.941587,-83.314258,1012,way,313197401
OSM-W313197619,Winterville UMC,PLACE_OF_WORSHIP,33.966291,-83.278565,1206,way,313197619
OSM-W313197629,Winterville First Baptist Church,PLACE_OF_WORSHIP,33.970621,-83.281491,3386,way,313197629
OSM-W313197924,Shell,FUEL_STATION,33.973703,-83.288706,272,way,313197924
OSM-W313198328,Church lot,PLACE_OF_WORSHIP,33.976723,-83.289377,1752,way,313198328
OSM-W313199282,Tuckston United Methodist Church,PLACE_OF_WORSHIP,33.936909,-83.317612,12344,way,313199282
OSM-W313199515,Kingdom Hall of Jehovah’s Witnesses,PLACE_OF_WORSHIP,33.986584,-83.299414,908,way,313199515
OSM-W313320619,Parking lot,PARKING,33.911039,-83.89983,1823,way,313320619
OSM-W313320784,Parking lot,PARKING,33.911384,-83.901508,6709,way,313320784
OSM-W313321011,Parking lot,PARKING,33.909834,-83.899955,12185,way,313321011
OSM-W313321012,Parking lot,PARKING,33.909951,-83.900211,11421,way,313321012
OSM-W313321013,Parking lot,PARKING,33.908638,-83.900953,8712,way,313321013
OSM-W313321016,Parking lot,PARKING,33.908638,-83.902822,7234,way,313321016
OSM-W313321017,Parking lot,PARKING,33.90878,-83.902761,4463,way,313321017
OSM-W313321294,Parking lot,PARKING,33.91191,-83.907267,2010,way,313321294
OSM-W313321299,Parking lot,PARKING,33.910827,-83.908353,702,way,313321299
OSM-W313321462,Boat Ramp Parking,PARKING,33.911851,-83.911957,4765,way,313321462
OSM-W313325403,Parking lot,PARKING,33.908227,-83.912304,5149,way,313325403
OSM-W31375639,School lot,SCHOOL,34.196353,-83.462684,447603,way,31375639
OSM-W31384531,Cedar Shoals High School,SCHOOL,33.921715,-83.330488,569538,way,31384531
OSM-W313879479,Parking lot,PARKING,34.101256,-83.597994,35018,way,313879479
OSM-W313879481,EMPOWER College and Career Center,SCHOOL,34.103239,-83.597332,537535,way,313879481
OSM-W313879482,Parking lot,PARKING,34.103739,-83.596189,5613,way,313879482
OSM-W314058923,First Pentecostal Church,PLACE_OF_WORSHIP,33.955309,-83.32589,1304,way,314058923
OSM-W314058953,Shiloh Baptist Church,PLACE_OF_WORSHIP,33.952405,-83.317439,1787,way,314058953
OSM-W314059679,Chevron,FUEL_STATION,33.998112,-83.324869,325,way,314059679
OSM-W314059693,Circle K,FUEL_STATION,33.982073,-83.347589,1074,way,314059693
OSM-W314059770,Gas station,FUEL_STATION,33.956211,-83.325793,59,way,314059770
OSM-W314060229,Marathon,FUEL_STATION,33.993817,-83.33447,1349,way,314060229
OSM-W317699483,Parking lot,PARKING,34.403363,-83.592073,3315,way,317699483
OSM-W319301998,Parking lot,PARKING,34.287937,-83.828612,947,way,319301998
OSM-W320998408,Faith Presbyterian Church,PLACE_OF_WORSHIP,33.89862,-83.463655,5180,way,320998408
OSM-W321508113,Parking lot,PARKING,33.985531,-84.082752,70308,way,321508113
OSM-W323703462,Oconee Heights Baptist Church,PLACE_OF_WORSHIP,33.990888,-83.429195,1904,way,323703462
OSM-W326762549,Craig Elementary School,SCHOOL,33.902129,-84.017792,219877,way,326762549
OSM-W326772151,Parking lot,PARKING,33.901617,-84.018362,6024,way,326772151
OSM-W326772154,Parking lot,PARKING,33.90131,-84.017621,5460,way,326772154
OSM-W326786213,Exxon,FUEL_STATION,33.885981,-84.060057,412,way,326786213
OSM-W327307734,Parking lot,PARKING,34.051167,-83.917941,1861,way,327307734
OSM-W327322927,Parking lot,PARKING,34.468252,-83.968773,1894,way,327322927
OSM-W329894066,Apalachee Baptist Church,PLACE_OF_WORSHIP,34.011461,-83.848215,344,way,329894066
OSM-W330553070,Parking lot,PARKING,33.950516,-83.383358,1523,way,330553070
OSM-W331160610,Mobil,FUEL_STATION,34.504192,-83.756442,70,way,331160610
OSM-W331160613,Texaco,FUEL_STATION,34.502635,-83.756294,265,way,331160613
OSM-W331160614,County Line Baptist Church,PLACE_OF_WORSHIP,34.508022,-83.753077,701,way,331160614
OSM-W331323994,Parking lot,PARKING,34.246729,-84.098368,33710,way,331323994
OSM-W336747637,Mount Zion United Methodist Church,PLACE_OF_WORSHIP,34.454053,-83.602399,524,way,336747637
OSM-W339268058,Parking lot,PARKING,34.234097,-83.311082,2904,way,339268058
OSM-W343004614,Parking lot,PARKING,34.312915,-83.477838,11460,way,343004614
OSM-W343004615,Parking lot,PARKING,34.313106,-83.478385,8424,way,343004615
OSM-W344029413,Equestrian Parking,PARKING,33.911389,-83.906207,9205,way,344029413
OSM-W344216261,Parking lot,PARKING,33.979197,-84.000976,76216,way,344216261
OSM-W344216262,Parking lot,PARKING,33.979849,-84.00185,31524,way,344216262
OSM-W344216263,Parking lot,PARKING,33.978801,-83.999822,8858,way,344216263
OSM-W34767534,Grace Snellville,PLACE_OF_WORSHIP,33.882185,-84.03121,231155,way,34767534
OSM-W34768624,County Line Elementary School,SCHOOL,34.025878,-83.738634,210074,way,34768624
OSM-W34820426,Archer High School,SCHOOL,33.915702,-83.893056,377220,way,34820426
OSM-W34820586,School lot,SCHOOL,33.954977,-84.033501,901106,way,34820586
OSM-W34821091,North Gwinnett Middle School,SCHOOL,34.076153,-84.06062,847883,way,34821091
OSM-W34821836,Camden Academy,SCHOOL,34.307213,-84.067045,15518,way,34821836
OSM-W34821850,Gainesville Middle School,SCHOOL,34.311148,-83.806872,275761,way,34821850
OSM-W34831370,Taylor Elementary School,SCHOOL,34.010263,-83.995846,131322,way,34831370
OSM-W34843260,Bethlehem Christian Academy,SCHOOL,33.946679,-83.71633,208710,way,34843260
OSM-W34843314,Fair Street School,SCHOOL,34.30029,-83.813498,104088,way,34843314
OSM-W34845421,Monroe Area High School,SCHOOL,33.819934,-83.736825,262578,way,34845421
OSM-W34845443,Loganville Middle School,SCHOOL,33.829488,-83.883925,192406,way,34845443
OSM-W34845468,Loganville High School,SCHOOL,33.835204,-83.869537,470767,way,34845468
OSM-W34845820,Grayson Elementary School,SCHOOL,33.891682,-83.957271,110084,way,34845820
OSM-W34845958,Statham Elementary School,SCHOOL,33.96517,-83.591638,99278,way,34845958
OSM-W34846010,Dacula Middle School,SCHOOL,33.991654,-83.895236,128575,way,34846010
OSM-W34846012,Dacula High School,SCHOOL,33.991491,-83.899705,199634,way,34846012
OSM-W34846040,Creekland Middle School,SCHOOL,34.000959,-84.008415,326384,way,34846040
OSM-W34846071,School lot,SCHOOL,34.015039,-83.687455,86300,way,34846071
OSM-W34846102,Freemans Mill Elementary School,SCHOOL,34.030437,-83.938737,119787,way,34846102
OSM-W34846136,School lot,SCHOOL,34.044554,-83.924404,179609,way,34846136
OSM-W34846142,Gwinnett County School,SCHOOL,34.047083,-84.072952,177268,way,34846142
OSM-W34846182,School lot,SCHOOL,34.078937,-83.875374,494909,way,34846182
OSM-W34846361,McEver School,SCHOOL,34.275546,-83.885194,88675,way,34846361
OSM-W355291717,Parking lot,PARKING,34.172803,-84.013788,10488,way,355291717
OSM-W355291718,Parking lot,PARKING,34.172911,-84.011279,10650,way,355291718
OSM-W355347004,Parking lot,PARKING,33.97638,-83.395881,1984,way,355347004
OSM-W355350822,Parking lot,PARKING,33.97559,-83.395516,1093,way,355350822
OSM-W355531827,Parking lot,PARKING,33.802681,-83.701709,33684,way,355531827
OSM-W355531829,Parking lot,PARKING,33.802716,-83.699747,24867,way,355531829
OSM-W355531834,Parking lot,PARKING,33.802714,-83.704936,1739,way,355531834
OSM-W355531835,Parking lot,PARKING,33.801622,-83.702555,1918,way,355531835
OSM-W355531836,Parking lot,PARKING,33.802013,-83.698703,3671,way,355531836
OSM-W356241652,Parking lot,PARKING,33.971974,-84.01738,7161,way,356241652
OSM-W356241654,Parking lot,PARKING,33.967247,-84.023742,9456,way,356241654
OSM-W356241656,Parking lot,PARKING,33.970019,-84.021121,5742,way,356241656
OSM-W356241658,Parking lot,PARKING,33.970977,-84.019092,4314,way,356241658
OSM-W356241661,Parking lot,PARKING,33.968842,-84.023635,31471,way,356241661
OSM-W356241663,Parking lot,PARKING,33.968209,-84.023085,3741,way,356241663
OSM-W356241665,Parking lot,PARKING,33.970793,-84.016952,218684,way,356241665
OSM-W356241668,Parking lot,PARKING,33.969667,-84.021894,8675,way,356241668
OSM-W356241670,Parking lot,PARKING,33.973869,-84.016168,25192,way,356241670
OSM-W356241673,Parking lot,PARKING,33.970323,-84.0204,8046,way,356241673
OSM-W356241677,Parking lot,PARKING,33.971592,-84.016819,2463,way,356241677
OSM-W356241679,Parking lot,PARKING,33.966246,-84.023977,3643,way,356241679
OSM-W356241681,Parking lot,PARKING,33.968418,-84.020085,5599,way,356241681
OSM-W356241683,Parking lot,PARKING,33.966788,-84.00853,46996,way,356241683
OSM-W356241685,Parking lot,PARKING,33.97101,-84.01742,1630,way,356241685
OSM-W356241687,Parking lot,PARKING,33.968267,-84.028426,8189,way,356241687
OSM-W356241689,Parking lot,PARKING,33.967979,-84.018623,3261,way,356241689
OSM-W356241692,Parking lot,PARKING,33.970626,-84.019587,5069,way,356241692
OSM-W356241693,Parking lot,PARKING,33.971246,-84.017557,4818,way,356241693
OSM-W356241696,Parking lot,PARKING,33.967811,-84.020107,3030,way,356241696
OSM-W356241698,Parking lot,PARKING,33.971326,-84.018691,4760,way,356241698
OSM-W356257607,Parking lot,PARKING,33.970629,-83.28948,1915,way,356257607
OSM-W359830724,Jefferson Elementary School,SCHOOL,34.123567,-83.585986,117064,way,359830724
OSM-W360893123,Jefferson Middle School,SCHOOL,34.119658,-83.589535,111902,way,360893123
OSM-W360893764,Jefferson Academy,SCHOOL,34.120409,-83.586346,90475,way,360893764
OSM-W360898867,Jefferson High School,SCHOOL,34.122923,-83.581019,187772,way,360898867
OSM-W361038339,Saint Catherine Labouré Catholic Church,PLACE_OF_WORSHIP,34.13964,-83.544298,2199,way,361038339
OSM-W361065560,School lot,SCHOOL,34.113725,-83.591389,104493,way,361065560
OSM-W364985031,Shell,FUEL_STATION,33.976416,-83.944599,1088,way,364985031
OSM-W365028239,Parking lot,PARKING,33.974065,-83.965931,5511,way,365028239
OSM-W365114111,Parking lot,PARKING,33.978404,-83.955843,6713,way,365114111
OSM-W365151274,Valero,FUEL_STATION,33.957671,-83.977298,468,way,365151274
OSM-W365220395,RaceTrac,FUEL_STATION,33.960528,-84.005268,2943,way,365220395
OSM-W376338940,Parking lot,PARKING,34.09152,-84.001899,18212,way,376338940
OSM-W37766921,Parking lot,PARKING,33.966693,-83.357115,4629,way,37766921
OSM-W37766922,Parking lot,PARKING,33.967276,-83.355393,7752,way,37766922
OSM-W384749329,Parking lot,PARKING,34.142129,-83.46621,1840,way,384749329
OSM-W384749333,Parking lot,PARKING,34.143054,-83.466225,1749,way,384749333
OSM-W384749337,Parking lot,PARKING,34.1423,-83.463305,94896,way,384749337
OSM-W384749341,Parking lot,PARKING,34.142841,-83.461818,5747,way,384749341
OSM-W384749352,Parking lot,PARKING,34.14427,-83.463423,4569,way,384749352
OSM-W384749356,Parking lot,PARKING,34.143643,-83.464788,1023,way,384749356
OSM-W384749405,Parking lot,PARKING,34.145568,-83.466599,1823,way,384749405
OSM-W384749412,East Jackson High School,SCHOOL,34.143263,-83.46469,514997,way,384749412
OSM-W384749414,East Jackson Elementary School,SCHOOL,34.145542,-83.467687,129837,way,384749414
OSM-W387339529,Lighthouse Baptist Church,PLACE_OF_WORSHIP,34.110995,-84.070472,340,way,387339529
OSM-W387339535,Kroger,FUEL_STATION,34.121048,-84.078351,1316,way,387339535
OSM-W387378772,Buford Church of God,PLACE_OF_WORSHIP,34.115336,-84.00867,3041,way,387378772
OSM-W387378920,Chevron,FUEL_STATION,34.065744,-84.071054,1195,way,387378920
OSM-W387378986,Chevron,FUEL_STATION,34.145372,-83.95866,362,way,387378986
OSM-W387379004,QuikTrip,FUEL_STATION,34.145296,-83.963755,1785,way,387379004
OSM-W387379058,Exxon,FUEL_STATION,34.10978,-84.004107,899,way,387379058
OSM-W387379139,Suwanee Parish United Methodist Church,PLACE_OF_WORSHIP,34.076732,-84.055041,1283,way,387379139
OSM-W387379222,Exxon,FUEL_STATION,34.079201,-84.057444,1457,way,387379222
OSM-W387411919,Riverside Baptist Church,PLACE_OF_WORSHIP,34.123038,-84.075042,689,way,387411919
OSM-W387411921,Gwinnett Fire Station #26,FIRE_STATION,34.126345,-84.074864,1528,way,387411921
OSM-W387525896,Gravel Springs Church,PLACE_OF_WORSHIP,34.074192,-83.981802,444,way,387525896
OSM-W387525931,Costco Gasoline,FUEL_STATION,34.062099,-83.994872,575,way,387525931
OSM-W387525936,QuikTrip,FUEL_STATION,34.089236,-83.997858,2975,way,387525936
OSM-W387525951,Chevron,FUEL_STATION,34.123501,-83.985562,1131,way,387525951
OSM-W387525978,Chevron,FUEL_STATION,34.08644,-83.991612,527,way,387525978
OSM-W387582221,Marathon,FUEL_STATION,34.099451,-84.009081,1220,way,387582221
OSM-W387582229,Shell,FUEL_STATION,34.106035,-84.029634,656,way,387582229
OSM-W387598790,QuikTrip,FUEL_STATION,33.948037,-83.98575,2197,way,387598790
OSM-W387624189,"Community of Bosniaks, Georgia",PLACE_OF_WORSHIP,33.925529,-83.973503,3808,way,387624189
OSM-W387624210,Tabernacle International Church,PLACE_OF_WORSHIP,33.934284,-83.975617,6351,way,387624210
OSM-W387624213,Central Baptist Church,PLACE_OF_WORSHIP,33.944433,-83.995749,4431,way,387624213
OSM-W387624237,Kroger,FUEL_STATION,33.939625,-83.982365,791,way,387624237
OSM-W387624245,Chevron,FUEL_STATION,33.94295,-83.990934,366,way,387624245
OSM-W387624255,Citgo,FUEL_STATION,33.924512,-83.973508,383,way,387624255
OSM-W387624258,World Life Church,PLACE_OF_WORSHIP,33.951569,-83.988862,278,way,387624258
OSM-W387624275,Manantial de Vida,PLACE_OF_WORSHIP,33.941191,-83.981792,637,way,387624275
OSM-W387624280,Citgo,FUEL_STATION,33.943583,-83.993304,368,way,387624280
OSM-W387728377,Chevron,FUEL_STATION,34.135497,-83.997822,3105,way,387728377
OSM-W387748830,Chevron,FUEL_STATION,34.076448,-84.046613,817,way,387748830
OSM-W387749116,Exxon,FUEL_STATION,34.08455,-84.028601,657,way,387749116
OSM-W387816993,Chevron,FUEL_STATION,34.17541,-83.910363,339,way,387816993
OSM-W387820408,BP,FUEL_STATION,34.143232,-83.952887,1318,way,387820408
OSM-W387837466,BP,FUEL_STATION,34.18205,-83.926475,756,way,387837466
OSM-W387837555,RaceTrac,FUEL_STATION,34.276831,-83.822265,2852,way,387837555
OSM-W387854263,Mobil,FUEL_STATION,33.950564,-83.978547,719,way,387854263
OSM-W387887314,Shell,FUEL_STATION,34.096749,-84.014588,353,way,387887314
OSM-W388106423,Shell,FUEL_STATION,34.28247,-83.800849,654,way,388106423
OSM-W388109788,Gas station,FUEL_STATION,34.29728,-83.845749,781,way,388109788
OSM-W388228372,Shell,FUEL_STATION,34.165553,-83.942921,1184,way,388228372
OSM-W388299158,BP,FUEL_STATION,34.026928,-84.045818,1211,way,388299158
OSM-W388299703,Peachtree Road Baptist Church,PLACE_OF_WORSHIP,34.024232,-84.048132,3417,way,388299703
OSM-W388301177,Texaco,FUEL_STATION,34.027512,-84.044818,108,way,388301177
OSM-W388301309,Texaco,FUEL_STATION,34.02739,-84.04519,484,way,388301309
OSM-W388308518,Gwinnett County Station 21 Fire Station,FIRE_STATION,34.013503,-84.055833,1560,way,388308518
OSM-W388421999,Sam's Club Gas,FUEL_STATION,34.232588,-83.871889,639,way,388421999
OSM-W388462351,Chevron,FUEL_STATION,34.102617,-84.021662,935,way,388462351
OSM-W388467735,New City Church,PLACE_OF_WORSHIP,33.960226,-83.986566,1453,way,388467735
OSM-W388471083,Citgo,FUEL_STATION,33.969416,-83.985495,370,way,388471083
OSM-W388473000,Gas station,FUEL_STATION,33.970373,-83.964446,472,way,388473000
OSM-W388487906,QuikTrip,FUEL_STATION,33.982126,-83.984514,926,way,388487906
OSM-W388488516,Amoco,FUEL_STATION,33.985054,-83.984923,92,way,388488516
OSM-W388499303,Mobil,FUEL_STATION,33.975089,-83.986377,361,way,388499303
OSM-W388499306,HDA Church,PLACE_OF_WORSHIP,33.974125,-83.985667,303,way,388499306
OSM-W388499307,RaceTrac,FUEL_STATION,33.974968,-83.987113,2694,way,388499307
OSM-W388509704,QuikTrip,FUEL_STATION,33.967028,-84.014092,1219,way,388509704
OSM-W388532462,QuikTrip,FUEL_STATION,34.153091,-83.650622,1134,way,388532462
OSM-W388538401,Journey Church,PLACE_OF_WORSHIP,34.158864,-83.666046,2582,way,388538401
OSM-W388538711,North Jackson Fire Department,FIRE_STATION,34.16221,-83.677973,436,way,388538711
OSM-W388539306,Pendergrass Baptist Church,PLACE_OF_WORSHIP,34.162764,-83.680155,758,way,388539306
OSM-W388539316,Sunoco,FUEL_STATION,34.168919,-83.686451,237,way,388539316
OSM-W388591144,BP,FUEL_STATION,34.18373,-83.441131,353,way,388591144
OSM-W388591148,Ingles Gas Express,FUEL_STATION,34.181581,-83.440458,1035,way,388591148
OSM-W388591545,Chevron,FUEL_STATION,34.19376,-83.432523,355,way,388591545
OSM-W388591550,Kingdom Hall of Jehovah’s Witnesses,PLACE_OF_WORSHIP,34.19434,-83.428751,734,way,388591550
OSM-W388602880,Parking lot,PARKING,34.096598,-84.040841,2732,way,388602880
OSM-W388602881,Parking lot,PARKING,34.095712,-84.040881,6382,way,388602881
OSM-W388602882,Parking lot,PARKING,34.095588,-84.040627,5744,way,388602882
OSM-W388602883,Parking lot,PARKING,34.097652,-84.043154,1643,way,388602883
OSM-W388602885,Parking lot,PARKING,34.097597,-84.04342,7145,way,388602885
OSM-W388602886,Parking lot,PARKING,34.097839,-84.044579,12945,way,388602886
OSM-W388602887,Parking lot,PARKING,34.097991,-84.045934,7475,way,388602887
OSM-W388602888,Parking lot,PARKING,34.097197,-84.045954,3665,way,388602888
OSM-W388673965,Union Baptist Church,PLACE_OF_WORSHIP,34.122041,-84.010852,928,way,388673965
OSM-W388681841,Harmony Grove United Methodist Church,PLACE_OF_WORSHIP,34.037846,-83.828589,1845,way,388681841
OSM-W388756466,Grace Baptist Church,PLACE_OF_WORSHIP,33.871018,-84.014245,463,way,388756466
OSM-W388756468,QuikTrip,FUEL_STATION,33.869842,-84.014825,2063,way,388756468
OSM-W388757993,RaceTrac,FUEL_STATION,33.860075,-84.019482,2096,way,388757993
OSM-W388760833,Westside Baptist Church,PLACE_OF_WORSHIP,33.854514,-84.034789,3847,way,388760833
OSM-W388764905,Citgo,FUEL_STATION,33.856144,-83.996543,138,way,388764905
OSM-W388764908,QuikTrip,FUEL_STATION,33.855707,-83.99312,1488,way,388764908
OSM-W388765998,Chevron,FUEL_STATION,33.855287,-84.010932,293,way,388765998
OSM-W388802632,12Stone Church,PLACE_OF_WORSHIP,33.996879,-83.993843,10239,way,388802632
OSM-W388803895,Atlanta Church of God,PLACE_OF_WORSHIP,33.958388,-83.999666,1008,way,388803895
OSM-W388804405,Kingdom Hall of Jehovah’s Witnesses,PLACE_OF_WORSHIP,34.076181,-84.071602,2964,way,388804405
OSM-W388805174,Hopewell Baptist Church,PLACE_OF_WORSHIP,34.213169,-83.786334,4881,way,388805174
OSM-W388863833,Marathon,FUEL_STATION,34.285717,-83.825928,1797,way,388863833
OSM-W388878006,First Baptist Church,PLACE_OF_WORSHIP,34.293546,-83.816085,1263,way,388878006
OSM-W388878010,Saint John Baptist Church,PLACE_OF_WORSHIP,34.295349,-83.81651,2702,way,388878010
OSM-W388878034,Church lot,PLACE_OF_WORSHIP,34.295682,-83.818983,1205,way,388878034
OSM-W388897667,Chevron,FUEL_STATION,34.300105,-83.823936,424,way,388897667
OSM-W388914383,Citgo,FUEL_STATION,34.296937,-83.820226,293,way,388914383
OSM-W388932679,Fire station,FIRE_STATION,34.312407,-83.832307,1442,way,388932679
OSM-W388933559,Parking lot,PARKING,34.064464,-84.004208,3791,way,388933559
OSM-W388933560,Parking lot,PARKING,34.064445,-84.003932,4257,way,388933560
OSM-W388933561,Parking lot,PARKING,34.064488,-84.003653,3379,way,388933561
OSM-W389223341,Texaco,FUEL_STATION,34.286016,-83.841173,202,way,389223341
OSM-W389287732,Saint Michael Catholic Church,PLACE_OF_WORSHIP,34.315292,-83.816626,2368,way,389287732
OSM-W389302626,Saint Paul United Methodist Church,PLACE_OF_WORSHIP,34.299121,-83.830336,5591,way,389302626
OSM-W389303482,76,FUEL_STATION,34.509281,-83.545833,273,way,389303482
OSM-W389390804,QuikTrip,FUEL_STATION,34.312381,-83.796042,2831,way,389390804
OSM-W389412845,Parking lot,PARKING,34.132581,-84.063754,49208,way,389412845
OSM-W389413218,Parking lot,PARKING,34.130101,-84.066503,8953,way,389413218
OSM-W389413296,Parking lot,PARKING,34.132919,-84.069046,4765,way,389413296
OSM-W389413297,Parking lot,PARKING,34.133572,-84.068738,4536,way,389413297
OSM-W389456171,Parking lot,PARKING,34.099165,-84.041122,5796,way,389456171
OSM-W389456172,Parking lot,PARKING,34.099135,-84.040779,4937,way,389456172
OSM-W389456173,Parking lot,PARKING,34.100104,-84.040602,4511,way,389456173
OSM-W389456174,Parking lot,PARKING,34.100743,-84.040319,2787,way,389456174
OSM-W389550935,Shell,FUEL_STATION,33.968781,-84.035911,1991,way,389550935
OSM-W389590987,Zion Hill Baptist Church,PLACE_OF_WORSHIP,34.20033,-83.887613,1761,way,389590987
OSM-W389603866,Chicopee Baptist Church,PLACE_OF_WORSHIP,34.252604,-83.844094,2547,way,389603866
OSM-W389605032,Chevron,FUEL_STATION,34.265649,-83.842266,851,way,389605032
OSM-W389704507,Parking lot,PARKING,34.302625,-83.817701,13490,way,389704507
OSM-W389704885,Parking lot,PARKING,34.303118,-83.817104,621,way,389704885
OSM-W389704886,Parking lot,PARKING,34.303098,-83.816418,439,way,389704886
OSM-W389704887,Parking lot,PARKING,34.303019,-83.81635,1585,way,389704887
OSM-W389704889,Parking lot,PARKING,34.302776,-83.816761,483,way,389704889
OSM-W389704890,Parking lot,PARKING,34.303133,-83.815919,1094,way,389704890
OSM-W389704892,Parking lot,PARKING,34.30285,-83.816303,3361,way,389704892
OSM-W389704893,Parking lot,PARKING,34.30276,-83.816184,3627,way,389704893
OSM-W389704894,Parking lot,PARKING,34.302437,-83.816322,4441,way,389704894
OSM-W389705385,Parking lot,PARKING,34.305726,-83.818077,10582,way,389705385
OSM-W389705386,Parking lot,PARKING,34.305291,-83.817526,444,way,389705386
OSM-W389705390,North Deck,PARKING,34.304573,-83.815421,8659,way,389705390
OSM-W389705391,Wisteria Deck,PARKING,34.303562,-83.815482,5143,way,389705391
OSM-W389734457,Chevron,FUEL_STATION,34.252155,-83.891699,146,way,389734457
OSM-W389737993,Free Chapel North Campus,PLACE_OF_WORSHIP,34.28309,-83.86983,8890,way,389737993
OSM-W389744130,Gainesville Church,PLACE_OF_WORSHIP,34.280745,-83.878699,1271,way,389744130
OSM-W389765854,Air Line Baptist Church,PLACE_OF_WORSHIP,34.35411,-83.762337,3484,way,389765854
OSM-W389803316,Shell,FUEL_STATION,34.049201,-84.091245,1577,way,389803316
OSM-W389803317,QuikTrip,FUEL_STATION,34.050103,-84.09211,2824,way,389803317
OSM-W389921250,First Baptist Church of Dacula,PLACE_OF_WORSHIP,33.98779,-83.896097,1336,way,389921250
OSM-W389921267,First Baptist Church of Dacula,PLACE_OF_WORSHIP,33.987459,-83.896732,1326,way,389921267
OSM-W389921711,Chevron,FUEL_STATION,34.292526,-84.075144,360,way,389921711
OSM-W389925037,Shell,FUEL_STATION,34.328433,-84.056256,1720,way,389925037
OSM-W389926150,RaceTrac,FUEL_STATION,34.34446,-84.052719,4161,way,389926150
OSM-W389927590,Mobil,FUEL_STATION,34.359396,-84.040619,187,way,389927590
OSM-W389927593,Mobil,FUEL_STATION,34.359721,-84.040553,1015,way,389927593
OSM-W389931668,Gas station,FUEL_STATION,34.362325,-84.035853,312,way,389931668
OSM-W389932006,Amoco,FUEL_STATION,34.403537,-84.003322,97,way,389932006
OSM-W389932924,Chevron,FUEL_STATION,34.445591,-83.98834,455,way,389932924
OSM-W390225847,Bethlehem Baptist Church,PLACE_OF_WORSHIP,34.396628,-83.69144,762,way,390225847
OSM-W390225854,Lula Worship Center,PLACE_OF_WORSHIP,34.387625,-83.686246,1781,way,390225854
OSM-W390227372,Chevron,FUEL_STATION,34.428347,-83.645392,647,way,390227372
OSM-W390227374,Chevron,FUEL_STATION,34.428607,-83.645268,316,way,390227374
OSM-W390228999,B C Grant Baptist Church,PLACE_OF_WORSHIP,34.481687,-83.581562,1460,way,390228999
OSM-W390229004,Circle K,FUEL_STATION,34.488047,-83.5824,354,way,390229004
OSM-W390238998,Marathon,FUEL_STATION,34.499918,-83.543456,391,way,390238998
OSM-W390239004,Citgo,FUEL_STATION,34.467344,-83.574184,195,way,390239004
OSM-W390307211,Kroger,FUEL_STATION,34.063361,-84.073447,810,way,390307211
OSM-W390900260,New Jerusalem Baptist Church,PLACE_OF_WORSHIP,33.955987,-83.983681,2916,way,390900260
OSM-W390900320,Jordan Middle School,SCHOOL,33.961857,-83.969605,21323,way,390900320
OSM-W390904497,Jenkins Elementary School,SCHOOL,33.959884,-83.966726,19347,way,390904497
OSM-W390904502,Chevron,FUEL_STATION,33.964838,-83.967392,904,way,390904502
OSM-W390907584,Discovery High School,SCHOOL,33.95557,-84.034996,56631,way,390907584
OSM-W390969401,Lawrenceville Elementary School,SCHOOL,33.945889,-83.995251,17326,way,390969401
OSM-W390971236,Cornerstone Baptist Church,PLACE_OF_WORSHIP,33.912197,-83.968384,3395,way,390971236
OSM-W390971250,Shell,FUEL_STATION,33.911696,-83.969802,614,way,390971250
OSM-W390971252,RaceTrac,FUEL_STATION,33.912612,-83.970344,1781,way,390971252
OSM-W390975770,Kroger,FUEL_STATION,33.897788,-83.960932,802,way,390975770
OSM-W390977639,First Baptist Church of Grayson,PLACE_OF_WORSHIP,33.893912,-83.953534,2270,way,390977639
OSM-W390977641,Mobil,FUEL_STATION,33.892312,-83.9527,2030,way,390977641
OSM-W390979349,Shell,FUEL_STATION,33.881274,-83.939494,1013,way,390979349
OSM-W391000010,Kroger,FUEL_STATION,33.832901,-83.88494,833,way,391000010
OSM-W391023275,City On a Hill Church,PLACE_OF_WORSHIP,33.828341,-83.833518,879,way,391023275
OSM-W391024573,Church lot,PLACE_OF_WORSHIP,33.820851,-83.814139,1005,way,391024573
OSM-W391024585,The Baptist Church of Between,PLACE_OF_WORSHIP,33.821709,-83.812957,604,way,391024585
OSM-W391024586,Chevron,FUEL_STATION,33.823134,-83.817687,1631,way,391024586
OSM-W391025769,New Hope United Methodist Church,PLACE_OF_WORSHIP,33.819286,-83.806868,755,way,391025769
OSM-W391025775,Marathon,FUEL_STATION,33.818332,-83.807568,197,way,391025775
OSM-W391026202,Chevron,FUEL_STATION,33.806683,-83.788932,332,way,391026202
OSM-W391026204,76,FUEL_STATION,33.807007,-83.775197,795,way,391026204
OSM-W391254970,Montgomery Memorial Baptist Church,PLACE_OF_WORSHIP,34.278918,-83.819431,2118,way,391254970
OSM-W391923660,Parking lot,PARKING,34.038165,-84.07636,20816,way,391923660
OSM-W392174583,Parking lot,PARKING,34.073016,-83.982157,19658,way,392174583
OSM-W392174588,Parking lot,PARKING,34.073239,-83.983343,2948,way,392174588
OSM-W392174672,Parking lot,PARKING,34.072671,-83.983101,807,way,392174672
OSM-W392174706,Parking lot,PARKING,34.072692,-83.98459,2354,way,392174706
OSM-W392174770,Parking lot,PARKING,34.072746,-83.985192,3978,way,392174770
OSM-W392174922,Parking lot,PARKING,34.073888,-83.983281,497,way,392174922
OSM-W392175062,Parking lot,PARKING,34.074339,-83.98354,1267,way,392175062
OSM-W392175063,Parking lot,PARKING,34.074335,-83.982937,646,way,392175063
OSM-W392175071,Parking lot,PARKING,34.074523,-83.984486,722,way,392175071
OSM-W392175207,Parking lot,PARKING,34.074818,-83.984753,550,way,392175207
OSM-W392175208,Parking lot,PARKING,34.074616,-83.985092,683,way,392175208
OSM-W392175385,Parking lot,PARKING,34.074102,-83.984833,682,way,392175385
OSM-W392175386,Parking lot,PARKING,34.073897,-83.984606,565,way,392175386
OSM-W392175506,Parking lot,PARKING,34.107423,-84.03635,723,way,392175506
OSM-W392175507,Parking lot,PARKING,34.107207,-84.036203,3936,way,392175507
OSM-W392175508,Parking lot,PARKING,34.108149,-84.035874,578,way,392175508
OSM-W392175510,Parking lot,PARKING,34.107689,-84.036967,636,way,392175510
OSM-W392175512,Parking lot,PARKING,34.106508,-84.037722,556,way,392175512
OSM-W392175753,Parking lot,PARKING,34.105871,-84.033227,1319,way,392175753
OSM-W392175835,Parking lot,PARKING,34.106828,-84.035486,1448,way,392175835
OSM-W392274669,BP,FUEL_STATION,34.062239,-84.074802,1140,way,392274669
OSM-W392281530,Parking lot,PARKING,34.085063,-84.070389,738,way,392281530
OSM-W392281546,Faculty Parking Lot,PARKING,34.087536,-84.070264,4004,way,392281546
OSM-W392282198,Parking lot,PARKING,34.086926,-84.068147,520,way,392282198
OSM-W392282199,Parking lot,PARKING,34.087511,-84.068215,9773,way,392282199
OSM-W392282403,Student Parking Lot,PARKING,34.083983,-84.070549,25214,way,392282403
OSM-W392282697,Parking lot,PARKING,34.083893,-84.072039,9025,way,392282697
OSM-W392284693,Parking lot,PARKING,34.079613,-84.058831,3692,way,392284693
OSM-W392286036,Parking lot,PARKING,34.078092,-84.061998,9384,way,392286036
OSM-W392286497,Parking lot,PARKING,34.078647,-84.060428,8008,way,392286497
OSM-W392287881,BusParking,PARKING,34.076905,-84.063158,16530,way,392287881
OSM-W392288315,Faculty Parking,PARKING,34.085718,-84.072781,2155,way,392288315
OSM-W392288316,Faculty Parking,PARKING,34.086179,-84.072389,1763,way,392288316
OSM-W392295654,Parking lot,PARKING,34.077661,-84.075462,992,way,392295654
OSM-W392296280,Parking lot,PARKING,34.066789,-84.073725,3892,way,392296280
OSM-W392297812,Parking lot,PARKING,34.111204,-84.066359,1415,way,392297812
OSM-W392297814,Parking lot,PARKING,34.111234,-84.070563,1933,way,392297814
OSM-W392298136,Parking lot,PARKING,34.11318,-84.073515,14739,way,392298136
OSM-W392298323,Parking lot,PARKING,34.117312,-84.075469,3517,way,392298323
OSM-W392304079,Parking lot,PARKING,34.085863,-83.991045,406,way,392304079
OSM-W392304081,Parking lot,PARKING,34.08573,-83.990444,2848,way,392304081
OSM-W392304082,Parking lot,PARKING,34.086263,-83.990228,1372,way,392304082
OSM-W392304086,Parking lot,PARKING,34.086607,-83.990208,989,way,392304086
OSM-W392304087,Parking lot,PARKING,34.086813,-83.990808,1250,way,392304087
OSM-W392304089,Parking lot,PARKING,34.086886,-83.99115,790,way,392304089
OSM-W392304091,Parking lot,PARKING,34.086174,-83.988926,12005,way,392304091
OSM-W392304706,Parking lot,PARKING,34.087445,-83.98789,46709,way,392304706
OSM-W392306454,Parking lot,PARKING,34.087722,-83.990278,51930,way,392306454
OSM-W392306985,Parking lot,PARKING,34.08705,-83.991921,3634,way,392306985
OSM-W392306986,Parking lot,PARKING,34.087302,-83.991436,1734,way,392306986
OSM-W392306988,Parking lot,PARKING,34.086911,-83.991533,407,way,392306988
OSM-W392306989,Parking lot,PARKING,34.086813,-83.991491,4030,way,392306989
OSM-W392307373,Parking lot,PARKING,34.085489,-83.989276,2528,way,392307373
OSM-W392307374,Parking lot,PARKING,34.085098,-83.989262,3123,way,392307374
OSM-W392307375,Parking lot,PARKING,34.085314,-83.989602,1966,way,392307375
OSM-W392313029,Parking lot,PARKING,34.063165,-83.995853,15685,way,392313029
OSM-W392313030,Parking lot,PARKING,34.062928,-83.996431,984,way,392313030
OSM-W392313031,Parking lot,PARKING,34.062032,-83.996104,57283,way,392313031
OSM-W392313032,Parking lot,PARKING,34.062246,-83.994597,1589,way,392313032
OSM-W392313586,Parking lot,PARKING,34.063536,-83.993543,37538,way,392313586
OSM-W392313587,Parking lot,PARKING,34.06269,-83.994115,9766,way,392313587
OSM-W392318235,Parking lot,PARKING,34.086384,-83.990887,882,way,392318235
OSM-W392318237,Parking lot,PARKING,34.086154,-83.991446,601,way,392318237
OSM-W392318743,Parking lot,PARKING,34.10181,-84.02254,8857,way,392318743
OSM-W392318745,Parking lot,PARKING,34.101239,-84.022264,2366,way,392318745
OSM-W392318967,Parking lot,PARKING,34.101642,-84.020174,2972,way,392318967
OSM-W392319513,Parking lot,PARKING,34.10133,-84.019513,1103,way,392319513
OSM-W392319514,Parking lot,PARKING,34.101447,-84.019195,484,way,392319514
OSM-W392319515,Parking lot,PARKING,34.10102,-84.019649,872,way,392319515
OSM-W392462639,Lucerne Baptist Church,PLACE_OF_WORSHIP,33.828173,-84.096111,5094,way,392462639
OSM-W392466278,RaceTrac,FUEL_STATION,33.840058,-84.0632,2640,way,392466278
OSM-W392466294,BP,FUEL_STATION,33.842629,-84.06005,1001,way,392466294
OSM-W392466307,Mobil,FUEL_STATION,33.841622,-84.060476,661,way,392466307
OSM-W392472087,Shell,FUEL_STATION,33.861222,-83.956796,242,way,392472087
OSM-W392472090,BP,FUEL_STATION,33.861828,-83.956732,1465,way,392472090
OSM-W392475245,Chevron,FUEL_STATION,33.856721,-83.942996,1977,way,392475245
OSM-W392475249,Citgo,FUEL_STATION,33.857309,-83.944152,404,way,392475249
OSM-W392476658,RaceTrac,FUEL_STATION,33.849383,-83.915646,4277,way,392476658
OSM-W392482701,Epiphany Lutheran Church,PLACE_OF_WORSHIP,34.040433,-84.097164,1853,way,392482701
OSM-W392489330,Parking lot,PARKING,34.059872,-84.051318,5239,way,392489330
OSM-W392489331,Parking lot,PARKING,34.060596,-84.053674,48823,way,392489331
OSM-W392489333,Parking lot,PARKING,34.058152,-84.053851,6925,way,392489333
OSM-W392489334,Parking lot,PARKING,34.056959,-84.054372,22031,way,392489334
OSM-W392489336,Parking lot,PARKING,34.059357,-84.060397,1397,way,392489336
OSM-W392489341,Parking lot,PARKING,34.059289,-84.058036,3821,way,392489341
OSM-W392489344,Parking lot,PARKING,34.059902,-84.057863,2485,way,392489344
OSM-W392494709,Parking lot,PARKING,34.075321,-84.074964,16366,way,392494709
OSM-W392509108,Chevron,FUEL_STATION,34.115936,-83.762799,357,way,392509108
OSM-W392776645,QuikTrip,FUEL_STATION,34.252331,-84.08777,925,way,392776645
OSM-W392776680,Chevron,FUEL_STATION,34.264809,-84.089085,1021,way,392776680
OSM-W392777871,Bethel United Methodist Church,PLACE_OF_WORSHIP,34.366598,-84.042403,1173,way,392777871
OSM-W392779706,Kangaroo Express,FUEL_STATION,34.33203,-83.808191,271,way,392779706
OSM-W392780032,Pure,FUEL_STATION,34.357311,-83.820625,121,way,392780032
OSM-W392781199,Highlands United Methodist Church,PLACE_OF_WORSHIP,34.390788,-83.804309,1843,way,392781199
OSM-W392781201,Brookstone Church,PLACE_OF_WORSHIP,34.391453,-83.805954,1604,way,392781201
OSM-W392782698,Northside Family Worship Center,PLACE_OF_WORSHIP,34.406899,-83.805842,2415,way,392782698
OSM-W392782701,Texaco,FUEL_STATION,34.40583,-83.803677,464,way,392782701
OSM-W392784421,BP,FUEL_STATION,34.444196,-83.805773,1236,way,392784421
OSM-W392784433,Chevron,FUEL_STATION,34.445852,-83.805961,444,way,392784433
OSM-W392785896,Christian Hill Baptist Church,PLACE_OF_WORSHIP,34.464981,-83.782632,2669,way,392785896
OSM-W392786258,Pacific Pride,FUEL_STATION,34.47148,-83.772817,262,way,392786258
OSM-W393258615,Parking lot,PARKING,34.095062,-84.093908,12998,way,393258615
OSM-W393265591,Parking lot,PARKING,34.092807,-84.097099,1503,way,393265591
OSM-W393265592,Parking lot,PARKING,34.09302,-84.097003,4638,way,393265592
OSM-W393266335,Parking lot,PARKING,34.093481,-84.095877,2271,way,393266335
OSM-W393266338,Parking lot,PARKING,34.093648,-84.098022,1488,way,393266338
OSM-W393266339,Parking lot,PARKING,34.093666,-84.098261,930,way,393266339
OSM-W393381502,Parking lot,PARKING,34.07375,-83.986031,22622,way,393381502
OSM-W393437816,Parking lot,PARKING,34.070282,-84.070669,11085,way,393437816
OSM-W393441213,Parking lot,PARKING,34.071497,-84.071531,6115,way,393441213
OSM-W393441215,Parking lot,PARKING,34.072066,-84.070744,1141,way,393441215
OSM-W393471146,Hall County Station 5 Fire Station,FIRE_STATION,34.194038,-83.891203,1897,way,393471146
OSM-W393481948,Parking lot,PARKING,34.114497,-84.06449,1777,way,393481948
OSM-W393505546,Parking lot,PARKING,34.151435,-83.888191,21598,way,393505546
OSM-W393505547,Parking lot,PARKING,34.150875,-83.888631,13230,way,393505547
OSM-W393505548,Parking lot,PARKING,34.150065,-83.887827,1215,way,393505548
OSM-W393505550,Parking lot,PARKING,34.150157,-83.887732,705,way,393505550
OSM-W393505551,Parking lot,PARKING,34.149125,-83.88675,26693,way,393505551
OSM-W393505553,Parking lot,PARKING,34.148951,-83.885444,1809,way,393505553
OSM-W393505554,Parking lot,PARKING,34.149605,-83.88163,8493,way,393505554
OSM-W393567724,Parking lot,PARKING,34.07387,-83.90668,32813,way,393567724
OSM-W393894018,Parking lot,PARKING,34.167896,-84.074094,5482,way,393894018
OSM-W393894020,Parking lot,PARKING,34.167119,-84.072643,5560,way,393894020
OSM-W393894021,Parking lot,PARKING,34.166989,-84.071209,3034,way,393894021
OSM-W393894022,Parking lot,PARKING,34.167483,-84.071757,1456,way,393894022
OSM-W393894023,Parking lot,PARKING,34.167877,-84.072445,2162,way,393894023
OSM-W393894025,Parking lot,PARKING,34.168965,-84.075462,753,way,393894025
OSM-W393894026,Parking lot,PARKING,34.169298,-84.075069,1688,way,393894026
OSM-W393896669,Parking lot,PARKING,34.169537,-84.075635,5684,way,393896669
OSM-W394053006,Parking lot,PARKING,34.202334,-84.035545,3352,way,394053006
OSM-W394057667,Parking lot,PARKING,34.206807,-84.034801,638,way,394057667
OSM-W394733229,Parking lot,PARKING,34.20294,-83.926874,4870,way,394733229
OSM-W394733230,Parking lot,PARKING,34.202376,-83.926341,928,way,394733230
OSM-W394733231,Parking lot,PARKING,34.202008,-83.925346,9820,way,394733231
OSM-W394733244,Parking lot,PARKING,34.20037,-83.92575,673,way,394733244
OSM-W394907097,Gwinnett Church,PLACE_OF_WORSHIP,34.085041,-84.05501,14493,way,394907097
OSM-W394907635,Parking lot,PARKING,34.082,-84.056229,9400,way,394907635
OSM-W394907925,Parking lot,PARKING,34.117605,-84.07544,599,way,394907925
OSM-W394907926,Parking lot,PARKING,34.117604,-84.075872,1048,way,394907926
OSM-W394907927,Parking lot,PARKING,34.117956,-84.075648,943,way,394907927
OSM-W394908283,Parking lot,PARKING,34.118288,-84.076336,2671,way,394908283
OSM-W394908287,Parking lot,PARKING,34.119494,-84.076129,521,way,394908287
OSM-W394908289,Parking lot,PARKING,34.11917,-84.075862,3786,way,394908289
OSM-W394908291,Parking lot,PARKING,34.118732,-84.076152,1297,way,394908291
OSM-W394909163,Parking lot,PARKING,34.118409,-84.07574,12309,way,394909163
OSM-W394909165,Parking lot,PARKING,34.117854,-84.075049,5954,way,394909165
OSM-W394909570,Parking lot,PARKING,34.12008,-84.075988,1508,way,394909570
OSM-W394909571,Parking lot,PARKING,34.119815,-84.075678,699,way,394909571
OSM-W394912749,Parking lot,PARKING,34.119538,-84.075322,1410,way,394912749
OSM-W394912750,Parking lot,PARKING,34.119648,-84.075194,877,way,394912750
OSM-W394913335,Parking lot,PARKING,34.119774,-84.07722,776,way,394913335
OSM-W394913337,Parking lot,PARKING,34.11943,-84.077038,793,way,394913337
OSM-W394913345,Parking lot,PARKING,34.120137,-84.077696,1814,way,394913345
OSM-W394913346,Parking lot,PARKING,34.120425,-84.077355,538,way,394913346
OSM-W394913348,Parking lot,PARKING,34.120522,-84.07817,606,way,394913348
OSM-W395671399,Parking lot,PARKING,34.042582,-84.019742,5036,way,395671399
OSM-W395671401,Parking lot,PARKING,34.041828,-84.020006,11246,way,395671401
OSM-W395673659,Parking lot,PARKING,34.039476,-84.017642,2192,way,395673659
OSM-W395673660,Parking lot,PARKING,34.039808,-84.019081,1294,way,395673660
OSM-W395673661,Parking lot,PARKING,34.040125,-84.019791,4478,way,395673661
OSM-W395675382,Parking lot,PARKING,34.038831,-84.016087,787,way,395675382
OSM-W395678413,Parking lot,PARKING,34.017623,-84.077537,999,way,395678413
OSM-W395678420,Parking lot,PARKING,34.017066,-84.077742,989,way,395678420
OSM-W395678423,Parking lot,PARKING,34.015921,-84.080642,37078,way,395678423
OSM-W395679465,Parking lot,PARKING,34.015715,-84.075526,1304,way,395679465
OSM-W395679466,Parking lot,PARKING,34.01616,-84.075801,2612,way,395679466
OSM-W395680856,Parking lot,PARKING,34.019539,-84.081105,7366,way,395680856
OSM-W395680857,Parking lot,PARKING,34.017814,-84.082826,28081,way,395680857
OSM-W395716822,Parking lot,PARKING,34.332612,-83.839809,993,way,395716822
OSM-W395716823,Parking lot,PARKING,34.332588,-83.83998,2034,way,395716823
OSM-W395807698,Parking lot,PARKING,33.994324,-83.893582,2280,way,395807698
OSM-W395807699,Parking lot,PARKING,33.9937,-83.894981,4290,way,395807699
OSM-W395807702,Parking lot,PARKING,33.994309,-83.895649,14195,way,395807702
OSM-W395809733,Parking lot,PARKING,33.993575,-83.896849,5006,way,395809733
OSM-W395809736,Parking lot,PARKING,33.993572,-83.897796,523,way,395809736
OSM-W395809738,Parking lot,PARKING,33.993233,-83.897597,3786,way,395809738
OSM-W395809741,Parking lot,PARKING,33.992884,-83.896887,4409,way,395809741
OSM-W395809743,Parking lot,PARKING,33.992468,-83.896864,436,way,395809743
OSM-W395812102,Parking lot,PARKING,33.995139,-83.898224,5800,way,395812102
OSM-W395819873,Parking lot,PARKING,33.995558,-83.893532,589,way,395819873
OSM-W395819876,Parking lot,PARKING,33.99619,-83.892663,550,way,395819876
OSM-W395819877,Parking lot,PARKING,33.996526,-83.892539,3719,way,395819877
OSM-W395864344,Parking lot,PARKING,34.021532,-84.017778,12164,way,395864344
OSM-W395864345,Parking lot,PARKING,34.02258,-84.017594,6381,way,395864345
OSM-W395864354,Parking lot,PARKING,34.018541,-84.015714,1876,way,395864354
OSM-W395864356,Parking lot,PARKING,34.01944,-84.015693,6630,way,395864356
OSM-W395865917,Parking lot,PARKING,34.018102,-84.014343,3333,way,395865917
OSM-W396013531,Parking lot,PARKING,33.962113,-83.975223,6654,way,396013531
OSM-W396013532,Parking lot,PARKING,33.961701,-83.974964,6514,way,396013532
OSM-W396013548,Parking lot,PARKING,33.960038,-83.977243,4469,way,396013548
OSM-W396015375,Parking lot,PARKING,33.900708,-84.085046,3347,way,396015375
OSM-W396018446,Parking lot,PARKING,34.107861,-83.969678,2662,way,396018446
OSM-W396018447,Parking lot,PARKING,34.107529,-83.968454,18659,way,396018447
OSM-W396018448,Parking lot,PARKING,34.106407,-83.967673,10462,way,396018448
OSM-W396018455,Parking lot,PARKING,34.106002,-83.965882,11368,way,396018455
OSM-W396019103,Parking lot,PARKING,34.104407,-83.964682,30865,way,396019103
OSM-W396025171,Parking lot,PARKING,34.105425,-83.967834,1317,way,396025171
OSM-W396040881,Parking lot,PARKING,33.885817,-83.92469,7748,way,396040881
OSM-W396040882,Parking lot,PARKING,33.885662,-83.925295,11135,way,396040882
OSM-W396041767,Parking lot,PARKING,33.88382,-83.92211,7664,way,396041767
OSM-W396041768,Parking lot,PARKING,33.883546,-83.921025,4509,way,396041768
OSM-W396042662,Parking lot,PARKING,33.880411,-83.920564,8367,way,396042662
OSM-W396043380,Parking lot,PARKING,33.881032,-83.92149,10797,way,396043380
OSM-W396043381,Parking lot,PARKING,33.881931,-83.922117,7738,way,396043381
OSM-W396043382,Parking lot,PARKING,33.882651,-83.922738,7112,way,396043382
OSM-W396043383,Parking lot,PARKING,33.882997,-83.923623,2002,way,396043383
OSM-W396052381,Parking lot,PARKING,33.856234,-84.037196,7380,way,396052381
OSM-W396052382,Parking lot,PARKING,33.857731,-84.038355,6135,way,396052382
OSM-W396105548,Parking lot,PARKING,34.098991,-84.017951,2514,way,396105548
OSM-W396105550,Parking lot,PARKING,34.098782,-84.018217,434,way,396105550
OSM-W396105552,Parking lot,PARKING,34.099071,-84.018317,450,way,396105552
OSM-W396105800,Parking lot,PARKING,34.098509,-84.01737,2145,way,396105800
OSM-W396105802,Parking lot,PARKING,34.098224,-84.017535,517,way,396105802
OSM-W396105804,Parking lot,PARKING,34.098315,-84.017868,1987,way,396105804
OSM-W396107240,Parking lot,PARKING,34.09615,-84.013934,540,way,396107240
OSM-W396107241,Parking lot,PARKING,34.095849,-84.013999,839,way,396107241
OSM-W396107242,Parking lot,PARKING,34.095754,-84.013904,938,way,396107242
OSM-W396107249,Parking lot,PARKING,34.095193,-84.014601,3696,way,396107249
OSM-W396107250,Parking lot,PARKING,34.095133,-84.01486,735,way,396107250
OSM-W396107252,Parking lot,PARKING,34.095535,-84.015176,682,way,396107252
OSM-W396107253,Parking lot,PARKING,34.095961,-84.015266,9855,way,396107253
OSM-W396107254,Parking lot,PARKING,34.09643,-84.014952,4761,way,396107254
OSM-W396107255,Parking lot,PARKING,34.096314,-84.015717,2615,way,396107255
OSM-W396107256,Parking lot,PARKING,34.096787,-84.015909,9270,way,396107256
OSM-W396107257,Parking lot,PARKING,34.097075,-84.0154,854,way,396107257
OSM-W396107258,Parking lot,PARKING,34.097377,-84.015722,1286,way,396107258
OSM-W396107847,Parking lot,PARKING,34.094877,-84.01562,4006,way,396107847
OSM-W396107853,Parking lot,PARKING,34.094563,-84.013879,913,way,396107853
OSM-W396107854,Parking lot,PARKING,34.094664,-84.013959,2696,way,396107854
OSM-W396107856,Parking lot,PARKING,34.09418,-84.013826,1995,way,396107856
OSM-W396107860,Parking lot,PARKING,34.095274,-84.013339,1153,way,396107860
OSM-W396107867,Parking lot,PARKING,34.093093,-84.009961,854,way,396107867
OSM-W396107869,Parking lot,PARKING,34.092945,-84.009598,458,way,396107869
OSM-W396107870,Parking lot,PARKING,34.093286,-84.00964,4655,way,396107870
OSM-W396107871,Parking lot,PARKING,34.093143,-84.010203,2537,way,396107871
OSM-W396107872,Parking lot,PARKING,34.092779,-84.010552,466,way,396107872
OSM-W396107873,Parking lot,PARKING,34.09284,-84.010688,646,way,396107873
OSM-W396107882,Parking lot,PARKING,34.094297,-84.01115,15928,way,396107882
OSM-W396107883,Parking lot,PARKING,34.094048,-84.011473,14441,way,396107883
OSM-W396107884,Parking lot,PARKING,34.093633,-84.010452,3535,way,396107884
OSM-W396108068,Parking lot,PARKING,34.094593,-84.012138,649,way,396108068
OSM-W396108069,Parking lot,PARKING,34.094632,-84.012289,1643,way,396108069
OSM-W396108070,Parking lot,PARKING,34.094842,-84.012614,1902,way,396108070
OSM-W396108073,Parking lot,PARKING,34.095164,-84.01242,900,way,396108073
OSM-W396108075,Parking lot,PARKING,34.094828,-84.01286,751,way,396108075
OSM-W396108349,Parking lot,PARKING,34.096463,-84.011886,484,way,396108349
OSM-W396108350,Parking lot,PARKING,34.09645,-84.012205,1162,way,396108350
OSM-W396108351,Parking lot,PARKING,34.096123,-84.012221,1160,way,396108351
OSM-W396108353,Parking lot,PARKING,34.09723,-84.011419,12100,way,396108353
OSM-W396108354,Parking lot,PARKING,34.096803,-84.011243,16793,way,396108354
OSM-W396108355,Parking lot,PARKING,34.09725,-84.010453,3129,way,396108355
OSM-W396108513,Parking lot,PARKING,34.096858,-84.013181,2443,way,396108513
OSM-W396108514,Parking lot,PARKING,34.097102,-84.013314,400,way,396108514
OSM-W396108515,Parking lot,PARKING,34.097362,-84.012787,5478,way,396108515
OSM-W396108518,Parking lot,PARKING,34.097644,-84.012043,2809,way,396108518
OSM-W396108519,Parking lot,PARKING,34.097747,-84.012342,1243,way,396108519
OSM-W396108520,Parking lot,PARKING,34.098062,-84.01211,1218,way,396108520
OSM-W396108521,Parking lot,PARKING,34.097985,-84.012873,7550,way,396108521
OSM-W396108522,Parking lot,PARKING,34.09733,-84.013522,6994,way,396108522
OSM-W396108738,Parking lot,PARKING,34.096872,-84.0149,468,way,396108738
OSM-W396166530,Parking lot,PARKING,34.105952,-84.033055,490,way,396166530
OSM-W396166531,Parking lot,PARKING,34.10562,-84.032608,432,way,396166531
OSM-W396166532,Parking lot,PARKING,34.105349,-84.032229,422,way,396166532
OSM-W396166567,Parking lot,PARKING,34.106991,-84.029274,7279,way,396166567
OSM-W396171965,Parking lot,PARKING,34.11031,-84.000252,2401,way,396171965
OSM-W396171967,Parking lot,PARKING,34.110286,-83.999723,3579,way,396171967
OSM-W396171970,Parking lot,PARKING,34.110719,-83.999851,2469,way,396171970
OSM-W396177073,Parking lot,PARKING,34.094688,-84.008972,12378,way,396177073
OSM-W396177075,Parking lot,PARKING,34.094714,-84.00937,1133,way,396177075
OSM-W396177811,Parking lot,PARKING,34.094719,-84.009213,956,way,396177811
OSM-W396180181,Parking lot,PARKING,34.093161,-84.007132,2519,way,396180181
OSM-W396180184,Parking lot,PARKING,34.092811,-84.003123,557,way,396180184
OSM-W396180185,Parking lot,PARKING,34.092746,-84.002515,651,way,396180185
OSM-W396180186,Parking lot,PARKING,34.092635,-84.001843,1503,way,396180186
OSM-W396180187,Parking lot,PARKING,34.092298,-84.000768,6120,way,396180187
OSM-W396180188,Parking lot,PARKING,34.091917,-83.999555,5350,way,396180188
OSM-W396180189,Parking lot,PARKING,34.091918,-83.999646,541,way,396180189
OSM-W396180190,Parking lot,PARKING,34.09221,-83.999799,546,way,396180190
OSM-W396180193,Parking lot,PARKING,34.092245,-83.999958,551,way,396180193
OSM-W396180194,Parking lot,PARKING,34.092557,-84.000023,3573,way,396180194
OSM-W396180195,Parking lot,PARKING,34.092669,-84.00019,3935,way,396180195
OSM-W396180196,Parking lot,PARKING,34.092931,-84.000283,1159,way,396180196
OSM-W396180198,Parking lot,PARKING,34.092995,-84.001219,22296,way,396180198
OSM-W396180199,Parking lot,PARKING,34.093018,-84.002158,652,way,396180199
OSM-W396180202,Parking lot,PARKING,34.09304,-84.002676,595,way,396180202
OSM-W396180203,Parking lot,PARKING,34.093625,-84.002477,3248,way,396180203
OSM-W396180204,Parking lot,PARKING,34.093469,-84.002059,2593,way,396180204
OSM-W396180205,Parking lot,PARKING,34.093664,-84.002827,409,way,396180205
OSM-W396180456,Parking lot,PARKING,34.093145,-84.003248,658,way,396180456
OSM-W396180457,Parking lot,PARKING,34.09303,-84.002831,464,way,396180457
OSM-W396180839,Parking lot,PARKING,34.087129,-83.996186,5795,way,396180839
OSM-W396180840,Parking lot,PARKING,34.086926,-83.995804,1942,way,396180840
OSM-W396180845,Parking lot,PARKING,34.087417,-83.995473,1312,way,396180845
OSM-W396180846,Parking lot,PARKING,34.08777,-83.995299,1053,way,396180846
OSM-W396180847,Parking lot,PARKING,34.087778,-83.995546,536,way,396180847
OSM-W396197939,Parking lot,PARKING,34.088573,-83.996584,3314,way,396197939
OSM-W396197940,Parking lot,PARKING,34.088462,-83.996689,1116,way,396197940
OSM-W396197944,Parking lot,PARKING,34.08822,-83.996681,1851,way,396197944
OSM-W396197948,Parking lot,PARKING,34.088018,-83.997024,586,way,396197948
OSM-W396197951,Parking lot,PARKING,34.087989,-83.997487,1465,way,396197951
OSM-W396197952,Parking lot,PARKING,34.087883,-83.997409,831,way,396197952
OSM-W396197955,Parking lot,PARKING,34.087361,-83.996635,859,way,396197955
OSM-W396197956,Parking lot,PARKING,34.087597,-83.996596,460,way,396197956
OSM-W396197957,Parking lot,PARKING,34.087661,-83.996481,1018,way,396197957
OSM-W396197958,Parking lot,PARKING,34.087273,-83.996518,1498,way,396197958
OSM-W396201309,Parking lot,PARKING,34.08801,-83.996322,834,way,396201309
OSM-W396201311,Parking lot,PARKING,34.087762,-83.996297,607,way,396201311
OSM-W396201312,Parking lot,PARKING,34.087829,-83.995913,466,way,396201312
OSM-W396202271,Parking lot,PARKING,34.088631,-83.994234,1166,way,396202271
OSM-W396204059,Parking lot,PARKING,34.089128,-83.998059,2517,way,396204059
OSM-W396204060,Parking lot,PARKING,34.089505,-83.99829,714,way,396204060
OSM-W396204062,Parking lot,PARKING,34.089053,-83.997435,458,way,396204062
OSM-W396220451,Parking lot,PARKING,34.118787,-84.008282,1506,way,396220451
OSM-W396220453,Parking lot,PARKING,34.119191,-84.007657,1329,way,396220453
OSM-W396220455,Parking lot,PARKING,34.1196,-84.006404,529,way,396220455
OSM-W396220458,Parking lot,PARKING,34.12043,-84.005437,8599,way,396220458
OSM-W396220462,Parking lot,PARKING,34.120774,-84.004512,517,way,396220462
OSM-W396220467,Parking lot,PARKING,34.122025,-84.002419,4036,way,396220467
OSM-W396220623,Parking lot,PARKING,34.119393,-84.005813,3705,way,396220623
OSM-W396220890,Parking lot,PARKING,34.108321,-84.000365,7761,way,396220890
OSM-W396221683,Parking lot,PARKING,34.107456,-84.003143,589,way,396221683
OSM-W396221684,Parking lot,PARKING,34.107174,-84.003068,476,way,396221684
OSM-W396221687,Parking lot,PARKING,34.107107,-84.00277,2349,way,396221687
OSM-W396221688,Parking lot,PARKING,34.107251,-84.002796,586,way,396221688
OSM-W396222006,Parking lot,PARKING,34.108987,-84.003656,1397,way,396222006
OSM-W396222007,Parking lot,PARKING,34.109489,-84.003012,566,way,396222007
OSM-W396222008,Parking lot,PARKING,34.109216,-84.002622,2431,way,396222008
OSM-W396222009,Parking lot,PARKING,34.109104,-84.002765,3449,way,396222009
OSM-W396222153,Parking lot,PARKING,34.108025,-84.003254,574,way,396222153
OSM-W396228134,Parking lot,PARKING,34.104722,-84.003184,1050,way,396228134
OSM-W396228136,Parking lot,PARKING,34.10492,-84.003961,1368,way,396228136
OSM-W396228138,Parking lot,PARKING,34.104779,-84.003911,892,way,396228138
OSM-W396228140,Parking lot,PARKING,34.104566,-84.003607,649,way,396228140
OSM-W396228141,Parking lot,PARKING,34.104412,-84.003526,1071,way,396228141
OSM-W396228143,Parking lot,PARKING,34.10431,-84.003393,718,way,396228143
OSM-W396234545,Parking lot,PARKING,34.091288,-83.998556,888,way,396234545
OSM-W396234551,Parking lot,PARKING,34.09091,-84.000312,583,way,396234551
OSM-W396234552,Parking lot,PARKING,34.091005,-84.00048,517,way,396234552
OSM-W396234553,Parking lot,PARKING,34.091343,-84.000657,1243,way,396234553
OSM-W396234554,Parking lot,PARKING,34.091225,-84.000865,647,way,396234554
OSM-W396234558,Parking lot,PARKING,34.091604,-84.00296,1053,way,396234558
OSM-W396235798,Parking lot,PARKING,34.092219,-84.017566,802,way,396235798
OSM-W396235799,Parking lot,PARKING,34.09205,-84.017547,4669,way,396235799
OSM-W396235800,Parking lot,PARKING,34.091408,-84.018262,1095,way,396235800
OSM-W396235802,Parking lot,PARKING,34.091501,-84.018403,572,way,396235802
OSM-W396235803,Parking lot,PARKING,34.09099,-84.018688,4627,way,396235803
OSM-W396235804,Parking lot,PARKING,34.090529,-84.019189,1792,way,396235804
OSM-W396235805,Parking lot,PARKING,34.090174,-84.019447,1297,way,396235805
OSM-W396236180,Parking lot,PARKING,34.093327,-84.014853,924,way,396236180
OSM-W396236181,Parking lot,PARKING,34.093134,-84.015007,2398,way,396236181
OSM-W396236182,Parking lot,PARKING,34.093487,-84.015126,1640,way,396236182
OSM-W396236184,Parking lot,PARKING,34.092951,-84.015121,593,way,396236184
OSM-W396236186,Parking lot,PARKING,34.092742,-84.014896,541,way,396236186
OSM-W396236194,Parking lot,PARKING,34.093356,-84.013734,796,way,396236194
OSM-W396236687,Parking lot,PARKING,34.093781,-84.014669,1073,way,396236687
OSM-W396236688,Parking lot,PARKING,34.093894,-84.01472,1874,way,396236688
OSM-W396239027,Parking lot,PARKING,34.087302,-84.032503,8347,way,396239027
OSM-W396239028,Parking lot,PARKING,34.086065,-84.030639,11198,way,396239028
OSM-W396239030,Parking lot,PARKING,34.086254,-84.033594,3744,way,396239030
OSM-W396239031,Parking lot,PARKING,34.085664,-84.034828,2309,way,396239031
OSM-W396239032,Parking lot,PARKING,34.086223,-84.036782,684,way,396239032
OSM-W396239037,Parking lot,PARKING,34.084541,-84.035358,660,way,396239037
OSM-W396258729,Parking lot,PARKING,34.085066,-83.991585,665,way,396258729
OSM-W396258730,Parking lot,PARKING,34.084993,-83.991222,1141,way,396258730
OSM-W396259117,Parking lot,PARKING,34.076457,-83.985016,4683,way,396259117
OSM-W396259119,Parking lot,PARKING,34.076262,-83.984876,6893,way,396259119
OSM-W396259121,Parking lot,PARKING,34.076583,-83.984375,623,way,396259121
OSM-W396259133,Parking lot,PARKING,34.0759,-83.984241,566,way,396259133
OSM-W396259134,Parking lot,PARKING,34.075845,-83.985009,778,way,396259134
OSM-W396259140,Parking lot,PARKING,34.076967,-83.985008,696,way,396259140
OSM-W396259142,Parking lot,PARKING,34.076736,-83.985321,880,way,396259142
OSM-W396259143,Parking lot,PARKING,34.076487,-83.985655,671,way,396259143
OSM-W396259776,Parking lot,PARKING,34.076302,-83.986019,1004,way,396259776
OSM-W396259778,Parking lot,PARKING,34.076344,-83.986719,514,way,396259778
OSM-W396259779,Parking lot,PARKING,34.076667,-83.986645,3041,way,396259779
OSM-W396259780,Parking lot,PARKING,34.076575,-83.986702,1802,way,396259780
OSM-W396259781,Parking lot,PARKING,34.075654,-83.98583,9433,way,396259781
OSM-W396259977,Parking lot,PARKING,34.075534,-83.986445,923,way,396259977
OSM-W396259980,Parking lot,PARKING,34.075334,-83.987134,607,way,396259980
OSM-W396259981,Parking lot,PARKING,34.075366,-83.986967,673,way,396259981
OSM-W396260497,Parking lot,PARKING,34.075185,-83.983329,903,way,396260497
OSM-W396260500,Parking lot,PARKING,34.075315,-83.982851,576,way,396260500
OSM-W396260501,Parking lot,PARKING,34.07558,-83.982698,411,way,396260501
OSM-W396262897,Parking lot,PARKING,34.070464,-83.985088,1775,way,396262897
OSM-W396262898,Parking lot,PARKING,34.070578,-83.985541,798,way,396262898
OSM-W396262901,Parking lot,PARKING,34.06973,-83.985512,5260,way,396262901
OSM-W396263896,Parking lot,PARKING,34.069313,-83.986032,450,way,396263896
OSM-W396263899,Parking lot,PARKING,34.068991,-83.985961,510,way,396263899
OSM-W396263902,Parking lot,PARKING,34.069159,-83.986302,1138,way,396263902
OSM-W396263909,Parking lot,PARKING,34.068765,-83.986482,957,way,396263909
OSM-W396263911,Parking lot,PARKING,34.068845,-83.986343,798,way,396263911
OSM-W396263916,Parking lot,PARKING,34.068513,-83.98647,407,way,396263916
OSM-W396263919,Parking lot,PARKING,34.068435,-83.986379,649,way,396263919
OSM-W396266456,Parking lot,PARKING,34.068149,-83.987037,2548,way,396266456
OSM-W396266457,Parking lot,PARKING,34.068063,-83.986921,1886,way,396266457
OSM-W396266458,Parking lot,PARKING,34.068072,-83.986681,803,way,396266458
OSM-W396266460,Parking lot,PARKING,34.067763,-83.987478,733,way,396266460
OSM-W396266462,Parking lot,PARKING,34.067856,-83.987823,658,way,396266462
OSM-W396266463,Parking lot,PARKING,34.067644,-83.987592,1029,way,396266463
OSM-W396266464,Parking lot,PARKING,34.06756,-83.987721,1000,way,396266464
OSM-W396274928,Parking lot,PARKING,34.062246,-84.076528,526,way,396274928
OSM-W396274930,Parking lot,PARKING,34.06234,-84.076448,641,way,396274930
OSM-W396274931,Parking lot,PARKING,34.062373,-84.076417,531,way,396274931
OSM-W396274932,Parking lot,PARKING,34.062565,-84.075974,2762,way,396274932
OSM-W396274933,Parking lot,PARKING,34.06242,-84.07596,5732,way,396274933
OSM-W396274934,Parking lot,PARKING,34.062736,-84.076218,2469,way,396274934
OSM-W396274935,Parking lot,PARKING,34.062761,-84.076369,2084,way,396274935
OSM-W396275344,Parking lot,PARKING,34.062155,-84.076687,505,way,396275344
OSM-W396275345,Parking lot,PARKING,34.061995,-84.076997,1847,way,396275345
OSM-W396275346,Parking lot,PARKING,34.061655,-84.076779,866,way,396275346
OSM-W396276741,Parking lot,PARKING,34.063632,-84.071782,2266,way,396276741
OSM-W396276746,Parking lot,PARKING,34.06618,-84.070717,1844,way,396276746
OSM-W396276747,Parking lot,PARKING,34.065751,-84.07036,675,way,396276747
OSM-W396276753,Parking lot,PARKING,34.065598,-84.070932,587,way,396276753
OSM-W396276758,Parking lot,PARKING,34.065166,-84.071721,7620,way,396276758
OSM-W396277104,Parking lot,PARKING,34.063087,-84.074092,1143,way,396277104
OSM-W396277105,Parking lot,PARKING,34.063065,-84.073696,446,way,396277105
OSM-W396277106,Parking lot,PARKING,34.062692,-84.074133,1162,way,396277106
OSM-W396277906,Parking lot,PARKING,34.057011,-84.06575,684,way,396277906
OSM-W396277909,Parking lot,PARKING,34.056115,-84.066411,624,way,396277909
OSM-W396277910,Parking lot,PARKING,34.056193,-84.066767,2497,way,396277910
OSM-W396277912,Parking lot,PARKING,34.056629,-84.06685,600,way,396277912
OSM-W396278086,Parking lot,PARKING,34.057939,-84.067621,1465,way,396278086
OSM-W396278087,Parking lot,PARKING,34.057342,-84.067342,1230,way,396278087
OSM-W396278088,Parking lot,PARKING,34.057822,-84.067515,905,way,396278088
OSM-W396278089,Parking lot,PARKING,34.058217,-84.067587,2558,way,396278089
OSM-W396279720,Parking lot,PARKING,34.055813,-84.065797,627,way,396279720
OSM-W396279722,Parking lot,PARKING,34.05561,-84.065094,879,way,396279722
OSM-W396279727,Parking lot,PARKING,34.056009,-84.06328,2456,way,396279727
OSM-W396279728,Parking lot,PARKING,34.056027,-84.063426,1171,way,396279728
OSM-W396279730,Parking lot,PARKING,34.056472,-84.062794,421,way,396279730
OSM-W396279732,Parking lot,PARKING,34.05621,-84.063427,2525,way,396279732
OSM-W396279734,Parking lot,PARKING,34.055845,-84.065116,967,way,396279734
OSM-W396279738,Parking lot,PARKING,34.055266,-84.064424,1525,way,396279738
OSM-W396279740,Parking lot,PARKING,34.055388,-84.064592,425,way,396279740
OSM-W396279741,Parking lot,PARKING,34.054846,-84.064434,473,way,396279741
OSM-W396279743,Parking lot,PARKING,34.055112,-84.064013,1841,way,396279743
OSM-W396279745,Parking lot,PARKING,34.055434,-84.063738,1351,way,396279745
OSM-W396279747,Parking lot,PARKING,34.055507,-84.063628,752,way,396279747
OSM-W396279749,Parking lot,PARKING,34.055507,-84.062922,8071,way,396279749
OSM-W396279750,Parking lot,PARKING,34.056344,-84.062497,484,way,396279750
OSM-W396279752,Parking lot,PARKING,34.056333,-84.062251,825,way,396279752
OSM-W396281649,Parking lot,PARKING,34.055391,-84.066275,1004,way,396281649
OSM-W396281652,Parking lot,PARKING,34.055274,-84.065266,614,way,396281652
OSM-W396281656,Parking lot,PARKING,34.055132,-84.065275,828,way,396281656
OSM-W396281657,Parking lot,PARKING,34.05491,-84.065637,8790,way,396281657
OSM-W396281659,Parking lot,PARKING,34.055096,-84.066437,424,way,396281659
OSM-W396320859,Parking lot,PARKING,34.05569,-84.060478,560,way,396320859
OSM-W396320862,Parking lot,PARKING,34.055626,-84.060804,616,way,396320862
OSM-W396321249,Parking lot,PARKING,34.055666,-84.061607,2251,way,396321249
OSM-W396321250,Parking lot,PARKING,34.055337,-84.06138,591,way,396321250
OSM-W396321252,Parking lot,PARKING,34.055313,-84.061651,549,way,396321252
OSM-W396321253,Parking lot,PARKING,34.05508,-84.061633,658,way,396321253
OSM-W396321254,Parking lot,PARKING,34.055488,-84.062006,1155,way,396321254
OSM-W396420233,Parking lot,PARKING,34.099691,-84.019282,746,way,396420233
OSM-W396420236,Parking lot,PARKING,34.099295,-84.019414,1035,way,396420236
OSM-W396420237,Parking lot,PARKING,34.099444,-84.019104,732,way,396420237
OSM-W396421050,Parking lot,PARKING,34.097826,-84.017056,926,way,396421050
OSM-W396421051,Parking lot,PARKING,34.097941,-84.017105,1062,way,396421051
OSM-W396421053,Parking lot,PARKING,34.09789,-84.016594,488,way,396421053
OSM-W396421054,Parking lot,PARKING,34.097795,-84.01669,572,way,396421054
OSM-W396421055,Parking lot,PARKING,34.097527,-84.017382,1229,way,396421055
OSM-W396421061,Parking lot,PARKING,34.098416,-84.015591,1466,way,396421061
OSM-W396421062,Parking lot,PARKING,34.098579,-84.01551,7567,way,396421062
OSM-W396421277,Parking lot,PARKING,34.09411,-84.012545,719,way,396421277
OSM-W396421523,Parking lot,PARKING,34.094173,-84.00913,660,way,396421523
OSM-W396421527,Parking lot,PARKING,34.094172,-84.008842,2032,way,396421527
OSM-W396421726,Parking lot,PARKING,34.093782,-84.008068,1568,way,396421726
OSM-W396421727,Parking lot,PARKING,34.093923,-84.008086,2116,way,396421727
OSM-W396593027,Parking lot,PARKING,34.114078,-84.006592,433,way,396593027
OSM-W396593689,Parking lot,PARKING,34.246102,-83.832389,425,way,396593689
OSM-W396593691,Parking lot,PARKING,34.246199,-83.832625,1428,way,396593691
OSM-W396593693,Parking lot,PARKING,34.245876,-83.832419,433,way,396593693
OSM-W396642566,VP Racing Fuels,FUEL_STATION,34.151152,-83.812533,91,way,396642566
OSM-W396713923,Parking lot,PARKING,34.075687,-84.060195,472,way,396713923
OSM-W396713924,Parking lot,PARKING,34.075646,-84.059896,464,way,396713924
OSM-W396713925,Parking lot,PARKING,34.07582,-84.059575,1120,way,396713925
OSM-W396713926,Parking lot,PARKING,34.076115,-84.059861,408,way,396713926
OSM-W396714257,Parking lot,PARKING,34.075774,-84.060906,413,way,396714257
OSM-W396714260,Parking lot,PARKING,34.075962,-84.061133,1081,way,396714260
OSM-W396714733,Parking lot,PARKING,34.073652,-84.062885,1231,way,396714733
OSM-W396714734,Parking lot,PARKING,34.074091,-84.062983,516,way,396714734
OSM-W396714735,Parking lot,PARKING,34.073665,-84.063408,725,way,396714735
OSM-W396714736,Parking lot,PARKING,34.073571,-84.06333,1050,way,396714736
OSM-W396714738,Parking lot,PARKING,34.073214,-84.063401,990,way,396714738
OSM-W396714739,Parking lot,PARKING,34.07319,-84.063804,1909,way,396714739
OSM-W396715295,Parking lot,PARKING,34.072685,-84.064239,2246,way,396715295
OSM-W396715301,Parking lot,PARKING,34.071936,-84.064838,697,way,396715301
OSM-W396715725,Parking lot,PARKING,34.071599,-84.065151,901,way,396715725
OSM-W396716009,Parking lot,PARKING,34.070026,-84.064923,654,way,396716009
OSM-W396716010,Parking lot,PARKING,34.070125,-84.065455,2388,way,396716010
OSM-W396718962,Parking lot,PARKING,34.071032,-84.067337,510,way,396718962
OSM-W396718964,Parking lot,PARKING,34.070719,-84.067388,810,way,396718964
OSM-W396718965,Parking lot,PARKING,34.070371,-84.067716,920,way,396718965
OSM-W396718966,Parking lot,PARKING,34.07046,-84.067851,1223,way,396718966
OSM-W396718967,Parking lot,PARKING,34.070587,-84.067949,946,way,396718967
OSM-W396718968,Parking lot,PARKING,34.070474,-84.068235,533,way,396718968
OSM-W396718969,Parking lot,PARKING,34.070275,-84.068277,1203,way,396718969
OSM-W396718970,Parking lot,PARKING,34.070162,-84.068387,954,way,396718970
OSM-W396718971,Parking lot,PARKING,34.069722,-84.068377,7509,way,396718971
OSM-W396718972,Parking lot,PARKING,34.068973,-84.069121,1562,way,396718972
OSM-W396718973,Parking lot,PARKING,34.069038,-84.069235,660,way,396718973
OSM-W396719955,Parking lot,PARKING,34.071083,-84.068616,1719,way,396719955
OSM-W396719956,Parking lot,PARKING,34.071844,-84.068578,14196,way,396719956
OSM-W396719957,Parking lot,PARKING,34.071194,-84.068854,875,way,396719957
OSM-W396719958,Parking lot,PARKING,34.071638,-84.069147,2342,way,396719958
OSM-W396719959,Parking lot,PARKING,34.071433,-84.069198,1487,way,396719959
OSM-W396719960,Parking lot,PARKING,34.072171,-84.06954,1952,way,396719960
OSM-W396719961,Parking lot,PARKING,34.072325,-84.069468,834,way,396719961
OSM-W396719962,Parking lot,PARKING,34.071696,-84.069678,7373,way,396719962
OSM-W396719964,Parking lot,PARKING,34.072415,-84.069227,922,way,396719964
OSM-W396719965,Parking lot,PARKING,34.072081,-84.068939,6740,way,396719965
OSM-W396719966,Parking lot,PARKING,34.071663,-84.068936,2319,way,396719966
OSM-W396719967,Parking lot,PARKING,34.072134,-84.068679,7886,way,396719967
OSM-W396719968,Parking lot,PARKING,34.07066,-84.069101,667,way,396719968
OSM-W396719970,Parking lot,PARKING,34.070353,-84.06915,1529,way,396719970
OSM-W396719971,Parking lot,PARKING,34.070521,-84.069383,593,way,396719971
OSM-W396723615,Parking lot,PARKING,34.065779,-84.072454,2938,way,396723615
OSM-W396723616,Parking lot,PARKING,34.065869,-84.072533,1005,way,396723616
OSM-W396723617,Parking lot,PARKING,34.065937,-84.072635,1949,way,396723617
OSM-W396723619,Parking lot,PARKING,34.065175,-84.073107,3261,way,396723619
OSM-W396723620,Parking lot,PARKING,34.065324,-84.073119,561,way,396723620
OSM-W396723621,Parking lot,PARKING,34.065437,-84.073173,836,way,396723621
OSM-W396723626,Parking lot,PARKING,34.065176,-84.073612,546,way,396723626
OSM-W396723630,Parking lot,PARKING,34.064583,-84.073705,826,way,396723630
OSM-W396723633,Parking lot,PARKING,34.06469,-84.073843,851,way,396723633
OSM-W396723635,Parking lot,PARKING,34.064836,-84.073901,1533,way,396723635
OSM-W396723638,Parking lot,PARKING,34.064414,-84.074199,435,way,396723638
OSM-W396723639,Parking lot,PARKING,34.064206,-84.074053,869,way,396723639
OSM-W396723640,Parking lot,PARKING,34.063836,-84.074432,2360,way,396723640
OSM-W396723641,Parking lot,PARKING,34.063898,-84.074547,798,way,396723641
OSM-W396723643,Parking lot,PARKING,34.063798,-84.074856,1515,way,396723643
OSM-W396723644,Parking lot,PARKING,34.06432,-84.075132,851,way,396723644
OSM-W396723646,Parking lot,PARKING,34.064307,-84.075278,1210,way,396723646
OSM-W396723648,Parking lot,PARKING,34.064823,-84.07534,1299,way,396723648
OSM-W396723652,Parking lot,PARKING,34.065123,-84.074659,1556,way,396723652
OSM-W396746418,Parking lot,PARKING,34.063044,-84.075279,1000,way,396746418
OSM-W396746419,Parking lot,PARKING,34.063346,-84.075225,549,way,396746419
OSM-W396746695,Parking lot,PARKING,34.059071,-84.078595,4101,way,396746695
OSM-W396746696,Parking lot,PARKING,34.058982,-84.078501,3810,way,396746696
OSM-W396746697,Parking lot,PARKING,34.058669,-84.078295,4995,way,396746697
OSM-W396746698,Parking lot,PARKING,34.058504,-84.079337,1203,way,396746698
OSM-W396746974,Parking lot,PARKING,34.057566,-84.080277,655,way,396746974
OSM-W396746975,Parking lot,PARKING,34.057556,-84.080612,660,way,396746975
OSM-W396747492,Parking lot,PARKING,34.057209,-84.081051,445,way,396747492
OSM-W396747493,Parking lot,PARKING,34.057015,-84.081141,883,way,396747493
OSM-W396747494,Parking lot,PARKING,34.057012,-84.08133,423,way,396747494
OSM-W396747496,Parking lot,PARKING,34.056773,-84.081374,698,way,396747496
OSM-W396747497,Parking lot,PARKING,34.056594,-84.081765,3713,way,396747497
OSM-W396747615,Parking lot,PARKING,34.053954,-84.085511,990,way,396747615
OSM-W396747617,Parking lot,PARKING,34.054065,-84.085198,636,way,396747617
OSM-W396748391,Parking lot,PARKING,34.054044,-84.087484,1216,way,396748391
OSM-W396748393,Parking lot,PARKING,34.05376,-84.087624,745,way,396748393
OSM-W396748394,Parking lot,PARKING,34.053451,-84.087798,3668,way,396748394
OSM-W396748395,Parking lot,PARKING,34.053269,-84.088306,6596,way,396748395
OSM-W396748396,Parking lot,PARKING,34.052926,-84.088527,1340,way,396748396
OSM-W396748397,Parking lot,PARKING,34.05267,-84.088903,433,way,396748397
OSM-W396750562,Parking lot,PARKING,34.051986,-84.089651,489,way,396750562
OSM-W396750563,Parking lot,PARKING,34.051814,-84.089884,469,way,396750563
OSM-W396750566,Parking lot,PARKING,34.052289,-84.090043,759,way,396750566
OSM-W396750942,Parking lot,PARKING,34.05161,-84.090752,2947,way,396750942
OSM-W396750944,Parking lot,PARKING,34.051562,-84.090477,1738,way,396750944
OSM-W396750946,Parking lot,PARKING,34.051298,-84.090535,3312,way,396750946
OSM-W396751740,Parking lot,PARKING,34.051126,-84.091208,703,way,396751740
OSM-W396751741,Parking lot,PARKING,34.051019,-84.091352,886,way,396751741
OSM-W396751743,Parking lot,PARKING,34.050434,-84.091846,454,way,396751743
OSM-W396751744,Parking lot,PARKING,34.050206,-84.092301,2559,way,396751744
OSM-W396751746,Parking lot,PARKING,34.04931,-84.093215,578,way,396751746
OSM-W396751750,Parking lot,PARKING,34.048272,-84.093834,6947,way,396751750
OSM-W396751752,Parking lot,PARKING,34.048679,-84.093953,2874,way,396751752
OSM-W396751753,Parking lot,PARKING,34.048365,-84.094132,469,way,396751753
OSM-W396753419,Parking lot,PARKING,34.048322,-84.094237,733,way,396753419
OSM-W396753420,Parking lot,PARKING,34.048229,-84.094411,1515,way,396753420
OSM-W396753421,Parking lot,PARKING,34.048055,-84.094443,580,way,396753421
OSM-W396753423,Parking lot,PARKING,34.048773,-84.094793,764,way,396753423
OSM-W396753424,Parking lot,PARKING,34.04879,-84.09441,556,way,396753424
OSM-W396753425,Parking lot,PARKING,34.04866,-84.094522,502,way,396753425
OSM-W396753427,Parking lot,PARKING,34.049263,-84.094075,3958,way,396753427
OSM-W396753428,Parking lot,PARKING,34.049508,-84.094245,607,way,396753428
OSM-W396753448,Parking lot,PARKING,34.04753,-84.094604,1667,way,396753448
OSM-W396756289,Parking lot,PARKING,34.047635,-84.093239,2567,way,396756289
OSM-W396756291,Parking lot,PARKING,34.047507,-84.093183,548,way,396756291
OSM-W396756305,Parking lot,PARKING,34.047424,-84.091255,2579,way,396756305
OSM-W396756307,Parking lot,PARKING,34.047222,-84.091655,2142,way,396756307
OSM-W396756309,Parking lot,PARKING,34.046968,-84.091873,1612,way,396756309
OSM-W396756310,Parking lot,PARKING,34.048092,-84.091344,1215,way,396756310
OSM-W396756311,Parking lot,PARKING,34.047868,-84.091865,2557,way,396756311
OSM-W396756312,Parking lot,PARKING,34.047653,-84.091872,1059,way,396756312
OSM-W396756316,Parking lot,PARKING,34.047146,-84.092651,2086,way,396756316
OSM-W396756317,Parking lot,PARKING,34.047291,-84.092165,740,way,396756317
OSM-W396756322,Parking lot,PARKING,34.048416,-84.092099,3973,way,396756322
OSM-W396758848,Parking lot,PARKING,34.048982,-84.091481,428,way,396758848
OSM-W396758851,Parking lot,PARKING,34.048727,-84.09079,3952,way,396758851
OSM-W396758862,Parking lot,PARKING,34.04991,-84.090938,1505,way,396758862
OSM-W396758863,Parking lot,PARKING,34.049525,-84.090857,993,way,396758863
OSM-W396758864,Parking lot,PARKING,34.049509,-84.090489,549,way,396758864
OSM-W396758865,Parking lot,PARKING,34.049882,-84.090587,458,way,396758865
OSM-W396758867,Parking lot,PARKING,34.049859,-84.090384,588,way,396758867
OSM-W396758870,Parking lot,PARKING,34.050151,-84.090224,499,way,396758870
OSM-W396758871,Parking lot,PARKING,34.049848,-84.089884,654,way,396758871
OSM-W396758874,Parking lot,PARKING,34.049718,-84.089783,1021,way,396758874
OSM-W396758882,Parking lot,PARKING,34.050916,-84.089757,4974,way,396758882
OSM-W396758886,Parking lot,PARKING,34.050462,-84.089733,1353,way,396758886
OSM-W396758887,Parking lot,PARKING,34.050647,-84.089168,15579,way,396758887
OSM-W396758888,Parking lot,PARKING,34.050766,-84.088387,4869,way,396758888
OSM-W396758903,Parking lot,PARKING,34.05159,-84.088686,1351,way,396758903
OSM-W396758904,Parking lot,PARKING,34.051145,-84.088569,448,way,396758904
OSM-W396758906,Parking lot,PARKING,34.051257,-84.087744,411,way,396758906
OSM-W396758907,Parking lot,PARKING,34.051451,-84.087331,827,way,396758907
OSM-W396758908,Parking lot,PARKING,34.051559,-84.086925,990,way,396758908
OSM-W396759963,Parking lot,PARKING,34.05158,-84.087442,483,way,396759963
OSM-W396763776,Parking lot,PARKING,34.151266,-84.059952,8686,way,396763776
OSM-W396765040,Parking lot,PARKING,34.039948,-84.098596,1360,way,396765040
OSM-W396765041,Parking lot,PARKING,34.039605,-84.098523,709,way,396765041
OSM-W396765238,Parking lot,PARKING,34.039288,-84.098722,622,way,396765238
OSM-W396765239,Parking lot,PARKING,34.039082,-84.099069,1224,way,396765239
OSM-W396765241,Parking lot,PARKING,34.038783,-84.098661,1683,way,396765241
OSM-W396765501,Parking lot,PARKING,34.037458,-84.100085,1836,way,396765501
OSM-W396765502,Parking lot,PARKING,34.037433,-84.099921,1063,way,396765502
OSM-W396765504,Parking lot,PARKING,34.037753,-84.099349,4104,way,396765504
OSM-W396765505,Parking lot,PARKING,34.038054,-84.099546,2910,way,396765505
OSM-W396771717,Parking lot,PARKING,34.038477,-84.099174,429,way,396771717
OSM-W396771718,Parking lot,PARKING,34.038357,-84.099092,1565,way,396771718
OSM-W396771719,Parking lot,PARKING,34.03835,-84.098384,9951,way,396771719
OSM-W396771720,Parking lot,PARKING,34.038985,-84.098101,1500,way,396771720
OSM-W396805567,Parking lot,PARKING,34.159049,-84.069745,8308,way,396805567
OSM-W396805569,Parking lot,PARKING,34.158711,-84.066755,3634,way,396805569
OSM-W396805570,Parking lot,PARKING,34.157986,-84.066225,658,way,396805570
OSM-W396805571,Parking lot,PARKING,34.152839,-84.06163,5484,way,396805571
OSM-W396805572,Parking lot,PARKING,34.157753,-84.065844,1019,way,396805572
OSM-W396806032,Parking lot,PARKING,34.15583,-84.062174,7075,way,396806032
OSM-W396806034,Parking lot,PARKING,34.156026,-84.063351,6998,way,396806034
OSM-W396806036,Parking lot,PARKING,34.154437,-84.060588,2922,way,396806036
OSM-W396806037,Parking lot,PARKING,34.155687,-84.061711,5490,way,396806037
OSM-W396806534,Parking lot,PARKING,34.15071,-84.05962,2511,way,396806534
OSM-W396806888,Parking lot,PARKING,34.15988,-84.075279,11093,way,396806888
OSM-W396807287,Parking lot,PARKING,34.158327,-84.077418,1216,way,396807287
OSM-W396807289,Parking lot,PARKING,34.158132,-84.077639,785,way,396807289
OSM-W396807669,Parking lot,PARKING,34.156678,-84.079901,1116,way,396807669
OSM-W396808176,Parking lot,PARKING,34.150429,-84.058447,12089,way,396808176
OSM-W396808177,Parking lot,PARKING,34.151682,-84.056506,6615,way,396808177
OSM-W396808179,Parking lot,PARKING,34.15218,-84.055589,5941,way,396808179
OSM-W396808180,Parking lot,PARKING,34.15236,-84.055622,7839,way,396808180
OSM-W396924851,Parking lot,PARKING,34.12153,-84.077537,21745,way,396924851
OSM-W396924852,Parking lot,PARKING,34.121018,-84.077002,2003,way,396924852
OSM-W396924853,Parking lot,PARKING,34.121196,-84.07801,2002,way,396924853
OSM-W396924856,Parking lot,PARKING,34.12176,-84.079223,464,way,396924856
OSM-W396924857,Parking lot,PARKING,34.121508,-84.079138,722,way,396924857
OSM-W396924858,Parking lot,PARKING,34.121502,-84.078826,778,way,396924858
OSM-W396924860,Parking lot,PARKING,34.121977,-84.078938,1258,way,396924860
OSM-W396924861,Parking lot,PARKING,34.122173,-84.07983,456,way,396924861
OSM-W396924866,Parking lot,PARKING,34.120892,-84.078531,1433,way,396924866
OSM-W396924868,Parking lot,PARKING,34.122811,-84.076752,539,way,396924868
OSM-W396950586,Parking lot,PARKING,34.047403,-84.058311,8179,way,396950586
OSM-W396950592,Parking lot,PARKING,34.046463,-84.058262,898,way,396950592
OSM-W396950593,Parking lot,PARKING,34.046625,-84.058694,1188,way,396950593
OSM-W396950595,Parking lot,PARKING,34.036408,-84.053906,28939,way,396950595
OSM-W396952743,Parking lot,PARKING,34.037763,-84.050696,28194,way,396952743
OSM-W396952744,Parking lot,PARKING,34.037431,-84.051924,1006,way,396952744
OSM-W396952745,Parking lot,PARKING,34.037982,-84.04867,19709,way,396952745
OSM-W396952746,Parking lot,PARKING,34.038322,-84.050062,2131,way,396952746
OSM-W396952777,Parking lot,PARKING,34.036332,-84.051708,8174,way,396952777
OSM-W396952779,Parking lot,PARKING,34.036985,-84.049494,2961,way,396952779
OSM-W396952783,Parking lot,PARKING,34.038807,-84.049169,2595,way,396952783
OSM-W396954166,Parking lot,PARKING,34.038181,-84.052185,442,way,396954166
OSM-W396954168,Parking lot,PARKING,34.037501,-84.052557,490,way,396954168
OSM-W396955021,Parking lot,PARKING,34.036474,-84.052131,1321,way,396955021
OSM-W396956444,Parking lot,PARKING,34.04608,-84.05767,535,way,396956444
OSM-W396982552,Parking lot,PARKING,34.04424,-84.05496,4160,way,396982552
OSM-W396982553,Parking lot,PARKING,34.04357,-84.054419,9292,way,396982553
OSM-W396984546,Parking lot,PARKING,34.041535,-84.052653,707,way,396984546
OSM-W396984548,Parking lot,PARKING,34.041621,-84.053066,1308,way,396984548
OSM-W396984550,Parking lot,PARKING,34.041271,-84.053277,791,way,396984550
OSM-W396984554,Parking lot,PARKING,34.04126,-84.052908,475,way,396984554
OSM-W396984557,Parking lot,PARKING,34.041148,-84.052884,401,way,396984557
OSM-W396984561,Parking lot,PARKING,34.040762,-84.053005,1138,way,396984561
OSM-W396984569,Parking lot,PARKING,34.039995,-84.052781,811,way,396984569
OSM-W396984571,Parking lot,PARKING,34.040048,-84.052968,623,way,396984571
OSM-W396984617,Parking lot,PARKING,34.040919,-84.05258,1481,way,396984617
OSM-W396997910,Parking lot,PARKING,34.046579,-84.059461,2266,way,396997910
OSM-W396997911,Parking lot,PARKING,34.04603,-84.058987,1777,way,396997911
OSM-W396997914,Parking lot,PARKING,34.045605,-84.058632,1987,way,396997914
OSM-W396998137,Parking lot,PARKING,34.046163,-84.058024,627,way,396998137
OSM-W396998138,Parking lot,PARKING,34.045859,-84.057949,1632,way,396998138
OSM-W396998142,Parking lot,PARKING,34.045992,-84.057102,1103,way,396998142
OSM-W396998143,Parking lot,PARKING,34.046124,-84.057465,689,way,396998143
OSM-W396998144,Parking lot,PARKING,34.046402,-84.057429,852,way,396998144
OSM-W396998493,Parking lot,PARKING,34.045206,-84.057997,2250,way,396998493
OSM-W396998494,Parking lot,PARKING,34.044582,-84.056979,14444,way,396998494
OSM-W396998502,Parking lot,PARKING,34.043268,-84.055842,7036,way,396998502
OSM-W396998503,Parking lot,PARKING,34.043935,-84.057845,23560,way,396998503
OSM-W396999502,Parking lot,PARKING,34.04187,-84.053235,644,way,396999502
OSM-W396999503,Parking lot,PARKING,34.042048,-84.053568,1140,way,396999503
OSM-W396999504,Parking lot,PARKING,34.0421,-84.053433,467,way,396999504
OSM-W396999506,Parking lot,PARKING,34.04239,-84.053455,838,way,396999506
OSM-W396999507,Parking lot,PARKING,34.042204,-84.053127,578,way,396999507
OSM-W396999508,Parking lot,PARKING,34.04225,-84.053001,1644,way,396999508
OSM-W396999672,Parking lot,PARKING,34.040082,-84.053833,5199,way,396999672
OSM-W397070473,Parking lot,PARKING,34.0429,-84.053648,2006,way,397070473
OSM-W397070488,Parking lot,PARKING,34.035631,-84.05211,1981,way,397070488
OSM-W397070497,Parking lot,PARKING,34.034405,-84.051131,1272,way,397070497
OSM-W397070498,Parking lot,PARKING,34.034684,-84.050971,656,way,397070498
OSM-W397070503,Parking lot,PARKING,34.035004,-84.050322,2789,way,397070503
OSM-W397070504,Parking lot,PARKING,34.034294,-84.050045,15590,way,397070504
OSM-W397070505,Parking lot,PARKING,34.035027,-84.049978,462,way,397070505
OSM-W397070507,Parking lot,PARKING,34.034912,-84.049477,595,way,397070507
OSM-W397070508,Parking lot,PARKING,34.035362,-84.049755,1722,way,397070508
OSM-W397070515,Parking lot,PARKING,34.033606,-84.049563,1272,way,397070515
OSM-W397070543,Parking lot,PARKING,34.033513,-84.050128,850,way,397070543
OSM-W397072878,Parking lot,PARKING,34.033195,-84.049643,9557,way,397072878
OSM-W397072879,Parking lot,PARKING,34.033089,-84.049928,1107,way,397072879
OSM-W397072880,Parking lot,PARKING,34.033111,-84.049308,1176,way,397072880
OSM-W397072881,Parking lot,PARKING,34.032767,-84.049273,690,way,397072881
OSM-W397072883,Parking lot,PARKING,34.032712,-84.050047,1613,way,397072883
OSM-W397072885,Parking lot,PARKING,34.032398,-84.049665,2202,way,397072885
OSM-W397072886,Parking lot,PARKING,34.032273,-84.04912,2111,way,397072886
OSM-W397072891,Parking lot,PARKING,34.032546,-84.048721,1394,way,397072891
OSM-W397072893,Parking lot,PARKING,34.03206,-84.049705,776,way,397072893
OSM-W397072895,Parking lot,PARKING,34.031871,-84.049532,3100,way,397072895
OSM-W397073227,Parking lot,PARKING,34.032126,-84.050325,1549,way,397073227
OSM-W397073230,Parking lot,PARKING,34.031872,-84.050519,4715,way,397073230
OSM-W397073714,Parking lot,PARKING,34.030988,-84.048705,530,way,397073714
OSM-W397073715,Parking lot,PARKING,34.031213,-84.048851,699,way,397073715
OSM-W397074332,Parking lot,PARKING,34.028514,-84.047508,1836,way,397074332
OSM-W397074333,Parking lot,PARKING,34.0282,-84.047633,617,way,397074333
OSM-W397074335,Parking lot,PARKING,34.028139,-84.047356,422,way,397074335
OSM-W397074337,Parking lot,PARKING,34.028319,-84.047078,419,way,397074337
OSM-W397076662,Parking lot,PARKING,34.094088,-84.008798,3205,way,397076662
OSM-W397076663,Parking lot,PARKING,34.093958,-84.008674,3051,way,397076663
OSM-W397076664,Parking lot,PARKING,34.093902,-84.008482,2588,way,397076664
OSM-W397076935,Parking lot,PARKING,34.093548,-84.007718,2427,way,397076935
OSM-W397076937,Parking lot,PARKING,34.093851,-84.007015,1586,way,397076937
OSM-W397076938,Parking lot,PARKING,34.093574,-84.007407,1701,way,397076938
OSM-W397076939,Parking lot,PARKING,34.093375,-84.007609,431,way,397076939
OSM-W397076940,Parking lot,PARKING,34.093252,-84.007584,615,way,397076940
OSM-W397077083,Parking lot,PARKING,34.090535,-84.001065,705,way,397077083
OSM-W397104898,Parking lot,PARKING,34.039461,-83.993478,128566,way,397104898
OSM-W397104899,Parking lot,PARKING,34.041863,-83.993389,24280,way,397104899
OSM-W397105205,Parking lot,PARKING,34.039702,-83.993066,13494,way,397105205
OSM-W397105206,Parking lot,PARKING,34.040891,-83.993949,1534,way,397105206
OSM-W397105207,Parking lot,PARKING,34.041318,-83.993533,2530,way,397105207
OSM-W397106753,Parking lot,PARKING,34.027924,-84.048805,1424,way,397106753
OSM-W397106758,Parking lot,PARKING,34.028267,-84.04937,584,way,397106758
OSM-W397107346,Parking lot,PARKING,34.028715,-84.047708,3581,way,397107346
OSM-W397108209,Parking lot,PARKING,34.026898,-84.05065,9951,way,397108209
OSM-W397108210,Parking lot,PARKING,34.026552,-84.050002,909,way,397108210
OSM-W397108215,Parking lot,PARKING,34.026744,-84.0497,1231,way,397108215
OSM-W397108217,Parking lot,PARKING,34.026992,-84.049688,445,way,397108217
OSM-W397108218,Parking lot,PARKING,34.027381,-84.050042,405,way,397108218
OSM-W397108219,Parking lot,PARKING,34.027387,-84.050265,420,way,397108219
OSM-W397108220,Parking lot,PARKING,34.027288,-84.049922,9031,way,397108220
OSM-W397109136,Parking lot,PARKING,34.02745,-84.049595,2831,way,397109136
OSM-W397109137,Parking lot,PARKING,34.027362,-84.049666,6555,way,397109137
OSM-W397109138,Parking lot,PARKING,34.027928,-84.049843,830,way,397109138
OSM-W397109139,Parking lot,PARKING,34.02762,-84.049236,5722,way,397109139
OSM-W397109140,Parking lot,PARKING,34.027576,-84.049389,2831,way,397109140
OSM-W397109141,Parking lot,PARKING,34.027121,-84.049077,968,way,397109141
OSM-W397109942,Parking lot,PARKING,34.027816,-84.047018,1428,way,397109942
OSM-W397109944,Parking lot,PARKING,34.027987,-84.046631,577,way,397109944
OSM-W397109948,Parking lot,PARKING,34.02685,-84.045968,1062,way,397109948
OSM-W397109951,Parking lot,PARKING,34.027423,-84.045988,1013,way,397109951
OSM-W397109952,Parking lot,PARKING,34.027356,-84.04644,1657,way,397109952
OSM-W397109954,Parking lot,PARKING,34.027043,-84.046183,1132,way,397109954
OSM-W397110882,Parking lot,PARKING,34.026669,-84.043747,22409,way,397110882
OSM-W397110883,Parking lot,PARKING,34.02737,-84.043866,3358,way,397110883
OSM-W397113429,Parking lot,PARKING,34.026583,-84.044696,803,way,397113429
OSM-W397113431,Parking lot,PARKING,34.026838,-84.044535,574,way,397113431
OSM-W397113480,Parking lot,PARKING,34.02593,-84.044493,1015,way,397113480
OSM-W397113769,Parking lot,PARKING,34.025946,-84.043848,697,way,397113769
OSM-W397113772,Parking lot,PARKING,34.02574,-84.044031,1125,way,397113772
OSM-W397113923,Parking lot,PARKING,34.025196,-84.044236,756,way,397113923
OSM-W397113924,Parking lot,PARKING,34.025093,-84.043949,570,way,397113924
OSM-W397114035,Parking lot,PARKING,34.026268,-84.045562,2350,way,397114035
OSM-W397114036,Parking lot,PARKING,34.026118,-84.045172,1958,way,397114036
OSM-W397114765,Parking lot,PARKING,34.024889,-84.045206,13844,way,397114765
OSM-W397114767,Parking lot,PARKING,34.024433,-84.044564,678,way,397114767
OSM-W397114768,Parking lot,PARKING,34.024864,-84.044717,777,way,397114768
OSM-W397123230,Parking lot,PARKING,34.022406,-84.044118,14807,way,397123230
OSM-W397123232,Parking lot,PARKING,34.022925,-84.044227,732,way,397123232
OSM-W397123233,Parking lot,PARKING,34.023158,-84.044386,2441,way,397123233
OSM-W397123234,Parking lot,PARKING,34.02332,-84.044309,3004,way,397123234
OSM-W397123235,Parking lot,PARKING,34.023501,-84.044915,1913,way,397123235
OSM-W397123236,Parking lot,PARKING,34.023944,-84.044752,474,way,397123236
OSM-W397123238,Parking lot,PARKING,34.023778,-84.044308,1210,way,397123238
OSM-W397123240,Parking lot,PARKING,34.023899,-84.045492,944,way,397123240
OSM-W397123241,Parking lot,PARKING,34.02378,-84.045429,1223,way,397123241
OSM-W397123242,Parking lot,PARKING,34.023277,-84.045328,2155,way,397123242
OSM-W397125447,Parking lot,PARKING,34.039178,-84.053651,1568,way,397125447
OSM-W397125448,Parking lot,PARKING,34.038894,-84.054046,1597,way,397125448
OSM-W397125450,Parking lot,PARKING,34.039156,-84.055092,475,way,397125450
OSM-W397125451,Parking lot,PARKING,34.039351,-84.054732,1138,way,397125451
OSM-W397125455,Parking lot,PARKING,34.038963,-84.054753,964,way,397125455
OSM-W397128120,Parking lot,PARKING,34.041845,-84.054417,5605,way,397128120
OSM-W397128121,Parking lot,PARKING,34.040843,-84.054206,937,way,397128121
OSM-W397128122,Parking lot,PARKING,34.040727,-84.054228,4186,way,397128122
OSM-W397128123,Parking lot,PARKING,34.040644,-84.05448,524,way,397128123
OSM-W397129388,Parking lot,PARKING,34.047947,-84.058989,516,way,397129388
OSM-W397129389,Parking lot,PARKING,34.047682,-84.058853,722,way,397129389
OSM-W397129390,Parking lot,PARKING,34.048074,-84.058132,606,way,397129390
OSM-W397136227,Parking lot,PARKING,34.028219,-84.04611,1042,way,397136227
OSM-W397136228,Parking lot,PARKING,34.028326,-84.045733,1917,way,397136228
OSM-W397136230,Parking lot,PARKING,34.027875,-84.045764,701,way,397136230
OSM-W397136232,Parking lot,PARKING,34.027939,-84.045287,1730,way,397136232
OSM-W397136234,Parking lot,PARKING,34.027997,-84.045365,788,way,397136234
OSM-W397136245,Parking lot,PARKING,34.027207,-84.045055,483,way,397136245
OSM-W397136250,Parking lot,PARKING,34.029058,-84.046875,493,way,397136250
OSM-W397137527,Parking lot,PARKING,34.030066,-84.045599,930,way,397137527
OSM-W397137530,Parking lot,PARKING,34.029614,-84.045235,1424,way,397137530
OSM-W397137531,Parking lot,PARKING,34.029552,-84.04571,7448,way,397137531
OSM-W397137536,Parking lot,PARKING,34.030399,-84.046306,726,way,397137536
OSM-W397137537,Parking lot,PARKING,34.030392,-84.046007,5123,way,397137537
OSM-W397137888,Parking lot,PARKING,34.028048,-84.048107,670,way,397137888
OSM-W397137889,Parking lot,PARKING,34.027872,-84.048056,1205,way,397137889
OSM-W397138143,Parking lot,PARKING,34.028062,-84.048635,4707,way,397138143
OSM-W397138144,Parking lot,PARKING,34.028142,-84.048522,531,way,397138144
OSM-W397138145,Parking lot,PARKING,34.02851,-84.04859,1128,way,397138145
OSM-W397138147,Parking lot,PARKING,34.028663,-84.048628,3311,way,397138147
OSM-W397138148,Parking lot,PARKING,34.028559,-84.048163,1266,way,397138148
OSM-W397138149,Parking lot,PARKING,34.028643,-84.047997,1804,way,397138149
OSM-W397140904,Parking lot,PARKING,34.097964,-84.009788,19653,way,397140904
OSM-W397140905,Parking lot,PARKING,34.098329,-84.010306,7629,way,397140905
OSM-W397140906,Parking lot,PARKING,34.09887,-84.009726,1193,way,397140906
OSM-W397140920,Parking lot,PARKING,34.098636,-84.008268,4345,way,397140920
OSM-W397140921,Parking lot,PARKING,34.098882,-84.008783,426,way,397140921
OSM-W397140922,Parking lot,PARKING,34.099154,-84.009204,1076,way,397140922
OSM-W397140923,Parking lot,PARKING,34.099489,-84.009256,1142,way,397140923
OSM-W397140924,Parking lot,PARKING,34.099385,-84.008962,1069,way,397140924
OSM-W397140926,Parking lot,PARKING,34.099167,-84.007933,1389,way,397140926
OSM-W397140936,Parking lot,PARKING,34.099501,-84.010613,5659,way,397140936
OSM-W397140938,Parking lot,PARKING,34.09883,-84.01089,619,way,397140938
OSM-W397140939,Parking lot,PARKING,34.098966,-84.010948,900,way,397140939
OSM-W397140940,Parking lot,PARKING,34.099021,-84.011076,1148,way,397140940
OSM-W397143574,Parking lot,PARKING,34.100121,-84.010297,566,way,397143574
OSM-W397143576,Parking lot,PARKING,34.100034,-84.010451,870,way,397143576
OSM-W397143578,Parking lot,PARKING,34.09998,-84.009937,1627,way,397143578
OSM-W397143729,Parking lot,PARKING,34.100522,-84.012006,3255,way,397143729
OSM-W397143730,Parking lot,PARKING,34.100407,-84.013405,3361,way,397143730
OSM-W397143731,Parking lot,PARKING,34.100206,-84.014884,5095,way,397143731
OSM-W397143982,Parking lot,PARKING,34.099244,-84.01401,11389,way,397143982
OSM-W397143983,Parking lot,PARKING,34.099544,-84.013737,1343,way,397143983
OSM-W397143984,Parking lot,PARKING,34.099841,-84.014288,2215,way,397143984
OSM-W397144316,Parking lot,PARKING,34.099969,-84.012996,1029,way,397144316
OSM-W397144318,Parking lot,PARKING,34.099353,-84.012307,714,way,397144318
OSM-W397144587,Parking lot,PARKING,34.098766,-84.012032,2311,way,397144587
OSM-W397145478,Parking lot,PARKING,34.098705,-84.020136,4349,way,397145478
OSM-W397145479,Parking lot,PARKING,34.0989,-84.020596,14459,way,397145479
OSM-W397145480,Parking lot,PARKING,34.099209,-84.021108,1359,way,397145480
OSM-W397145481,Parking lot,PARKING,34.099487,-84.02035,1901,way,397145481
OSM-W397145484,Parking lot,PARKING,34.099626,-84.021481,5106,way,397145484
OSM-W397145485,Parking lot,PARKING,34.099756,-84.021268,1127,way,397145485
OSM-W397145486,Parking lot,PARKING,34.100692,-84.021517,2315,way,397145486
OSM-W397145489,Parking lot,PARKING,34.101194,-84.022005,955,way,397145489
OSM-W397145490,Parking lot,PARKING,34.101225,-84.021679,769,way,397145490
OSM-W397145491,Parking lot,PARKING,34.101012,-84.021834,1803,way,397145491
OSM-W397146284,Parking lot,PARKING,34.102652,-84.020141,2564,way,397146284
OSM-W397146285,Parking lot,PARKING,34.103123,-84.020109,4107,way,397146285
OSM-W397146290,Parking lot,PARKING,34.102752,-84.021563,400,way,397146290
OSM-W397146295,Parking lot,PARKING,34.103089,-84.022142,1041,way,397146295
OSM-W397146298,Parking lot,PARKING,34.103513,-84.021468,9648,way,397146298
OSM-W397146301,Parking lot,PARKING,34.104453,-84.022856,9589,way,397146301
OSM-W397147493,Parking lot,PARKING,34.126503,-84.011265,3030,way,397147493
OSM-W397147494,Parking lot,PARKING,34.126684,-84.011767,505,way,397147494
OSM-W397147495,Parking lot,PARKING,34.126563,-84.010634,3295,way,397147495
OSM-W397147496,Parking lot,PARKING,34.126744,-84.009821,554,way,397147496
OSM-W397147788,Parking lot,PARKING,34.131505,-84.007903,1632,way,397147788
OSM-W397147789,Parking lot,PARKING,34.131801,-84.00802,2815,way,397147789
OSM-W397148432,Parking lot,PARKING,34.133271,-84.006133,1012,way,397148432
OSM-W397148435,Parking lot,PARKING,34.134289,-84.004761,1176,way,397148435
OSM-W397148437,Parking lot,PARKING,34.134428,-84.004362,454,way,397148437
OSM-W397148441,Parking lot,PARKING,34.134903,-84.0047,405,way,397148441
OSM-W397149071,Parking lot,PARKING,34.134907,-84.000932,3343,way,397149071
OSM-W397149072,Parking lot,PARKING,34.134688,-84.00114,844,way,397149072
OSM-W397149073,Parking lot,PARKING,34.134926,-84.000565,851,way,397149073
OSM-W397149074,Parking lot,PARKING,34.134365,-84.001039,402,way,397149074
OSM-W397149706,Parking lot,PARKING,34.14204,-83.9885,1146,way,397149706
OSM-W397149707,Parking lot,PARKING,34.142415,-83.988704,691,way,397149707
OSM-W397149708,Parking lot,PARKING,34.14253,-83.988983,1925,way,397149708
OSM-W397149709,Parking lot,PARKING,34.14209,-83.988902,610,way,397149709
OSM-W397149803,Parking lot,PARKING,34.142501,-83.984793,654,way,397149803
OSM-W397150609,Parking lot,PARKING,34.150223,-83.972948,1173,way,397150609
OSM-W397150610,Parking lot,PARKING,34.150139,-83.973274,721,way,397150610
OSM-W397150617,Parking lot,PARKING,34.145522,-83.959184,662,way,397150617
OSM-W397150618,Parking lot,PARKING,34.145487,-83.95856,2677,way,397150618
OSM-W397150620,Parking lot,PARKING,34.145454,-83.958958,401,way,397150620
OSM-W397150621,Parking lot,PARKING,34.145266,-83.958706,1239,way,397150621
OSM-W397151991,Parking lot,PARKING,34.145057,-83.957908,1138,way,397151991
OSM-W397151992,Parking lot,PARKING,34.144858,-83.95706,4875,way,397151992
OSM-W397151993,Parking lot,PARKING,34.145179,-83.956458,597,way,397151993
OSM-W397151994,Parking lot,PARKING,34.145523,-83.956842,518,way,397151994
OSM-W397151995,Parking lot,PARKING,34.145372,-83.956735,508,way,397151995
OSM-W397152010,Parking lot,PARKING,34.144405,-83.956266,1035,way,397152010
OSM-W397152011,Parking lot,PARKING,34.144682,-83.956323,876,way,397152011
OSM-W397152013,Parking lot,PARKING,34.144779,-83.955849,923,way,397152013
OSM-W397152014,Parking lot,PARKING,34.144509,-83.955841,775,way,397152014
OSM-W397152016,Parking lot,PARKING,34.144445,-83.955692,417,way,397152016
OSM-W397152017,Parking lot,PARKING,34.144245,-83.955583,435,way,397152017
OSM-W397152018,Parking lot,PARKING,34.144536,-83.955326,1397,way,397152018
OSM-W397152019,Parking lot,PARKING,34.144109,-83.955582,1180,way,397152019
OSM-W397152020,Parking lot,PARKING,34.144545,-83.954914,937,way,397152020
OSM-W397152021,Parking lot,PARKING,34.145078,-83.956141,629,way,397152021
OSM-W397152022,Parking lot,PARKING,34.144985,-83.955389,5439,way,397152022
OSM-W397153566,Parking lot,PARKING,34.145161,-83.955477,2985,way,397153566
OSM-W397153567,Parking lot,PARKING,34.145468,-83.955478,2616,way,397153567
OSM-W397153571,Parking lot,PARKING,34.143782,-83.956572,841,way,397153571
OSM-W397153573,Parking lot,PARKING,34.143576,-83.95646,498,way,397153573
OSM-W397153575,Parking lot,PARKING,34.143631,-83.955804,593,way,397153575
OSM-W397153576,Parking lot,PARKING,34.143396,-83.955749,784,way,397153576
OSM-W397153578,Parking lot,PARKING,34.14348,-83.956085,586,way,397153578
OSM-W397153579,Parking lot,PARKING,34.143132,-83.956223,1342,way,397153579
OSM-W397156133,Parking lot,PARKING,34.143098,-83.955116,5608,way,397156133
OSM-W397156141,Parking lot,PARKING,34.142804,-83.954832,1469,way,397156141
OSM-W397156144,Parking lot,PARKING,34.14285,-83.954376,1224,way,397156144
OSM-W397156154,Parking lot,PARKING,34.142349,-83.954116,5737,way,397156154
OSM-W397156173,Parking lot,PARKING,34.142466,-83.955237,2044,way,397156173
OSM-W397156208,Parking lot,PARKING,34.141329,-83.953261,2619,way,397156208
OSM-W397156210,Parking lot,PARKING,34.141567,-83.95292,464,way,397156210
OSM-W397156212,Parking lot,PARKING,34.141077,-83.952956,1859,way,397156212
OSM-W397156213,Parking lot,PARKING,34.141029,-83.952864,1783,way,397156213
OSM-W397156217,Parking lot,PARKING,34.141249,-83.952487,411,way,397156217
OSM-W397156218,Parking lot,PARKING,34.141014,-83.952175,1475,way,397156218
OSM-W397156220,Parking lot,PARKING,34.140669,-83.951721,1668,way,397156220
OSM-W397156222,Parking lot,PARKING,34.140724,-83.952004,804,way,397156222
OSM-W397156225,Parking lot,PARKING,34.140368,-83.951858,1204,way,397156225
OSM-W397156227,Parking lot,PARKING,34.140281,-83.951711,1764,way,397156227
OSM-W397156228,Parking lot,PARKING,34.140342,-83.952299,3745,way,397156228
OSM-W397156232,Parking lot,PARKING,34.140823,-83.952449,1328,way,397156232
OSM-W397156233,Parking lot,PARKING,34.140893,-83.952606,1368,way,397156233
OSM-W397157649,Parking lot,PARKING,34.143866,-83.954461,9277,way,397157649
OSM-W397158958,Parking lot,PARKING,34.143314,-83.953141,491,way,397158958
OSM-W397158959,Parking lot,PARKING,34.143418,-83.952815,734,way,397158959
OSM-W397158960,Parking lot,PARKING,34.143512,-83.952566,1731,way,397158960
OSM-W397160453,Parking lot,PARKING,34.142911,-83.952015,2062,way,397160453
OSM-W397160455,Parking lot,PARKING,34.142458,-83.952654,1718,way,397160455
OSM-W397160456,Parking lot,PARKING,34.142886,-83.952501,1627,way,397160456
OSM-W397160457,Parking lot,PARKING,34.142585,-83.952137,1045,way,397160457
OSM-W397160461,Parking lot,PARKING,34.141804,-83.951703,13283,way,397160461
OSM-W397160462,Parking lot,PARKING,34.142127,-83.951561,9247,way,397160462
OSM-W397160463,Parking lot,PARKING,34.142736,-83.951407,2188,way,397160463
OSM-W397160466,Parking lot,PARKING,34.142543,-83.952022,1595,way,397160466
OSM-W397160468,Parking lot,PARKING,34.143156,-83.951329,994,way,397160468
OSM-W397160469,Parking lot,PARKING,34.143224,-83.951719,1013,way,397160469
OSM-W397160471,Parking lot,PARKING,34.143545,-83.951254,833,way,397160471
OSM-W397160472,Parking lot,PARKING,34.143027,-83.951823,594,way,397160472
OSM-W397160476,Parking lot,PARKING,34.141403,-83.950781,952,way,397160476
OSM-W397160624,Parking lot,PARKING,34.141586,-83.953485,413,way,397160624
OSM-W397160625,Parking lot,PARKING,34.141661,-83.953246,406,way,397160625
OSM-W397165626,Parking lot,PARKING,34.139513,-83.94827,1391,way,397165626
OSM-W397165628,Parking lot,PARKING,34.138279,-83.946487,2161,way,397165628
OSM-W397165630,Parking lot,PARKING,34.137845,-83.946661,2432,way,397165630
OSM-W397165631,Parking lot,PARKING,34.137446,-83.945864,1954,way,397165631
OSM-W397232751,Parking lot,PARKING,34.134281,-83.934228,1486,way,397232751
OSM-W397254902,Parking lot,PARKING,34.007638,-83.910804,13410,way,397254902
OSM-W397254905,Parking lot,PARKING,34.007073,-83.913885,6754,way,397254905
OSM-W397254906,Parking lot,PARKING,34.007756,-83.914333,5689,way,397254906
OSM-W397254915,Parking lot,PARKING,34.008618,-83.913177,441,way,397254915
OSM-W397260027,Parking lot,PARKING,33.980956,-84.004638,2567,way,397260027
OSM-W397260034,Parking lot,PARKING,33.981063,-84.004071,3863,way,397260034
OSM-W397260035,Parking lot,PARKING,33.980634,-84.002811,12781,way,397260035
OSM-W397260054,Parking lot,PARKING,33.978468,-84.011563,9554,way,397260054
OSM-W397260055,Parking lot,PARKING,33.978262,-84.01082,10285,way,397260055
OSM-W397260056,Parking lot,PARKING,33.977556,-84.010833,586,way,397260056
OSM-W397260057,Parking lot,PARKING,33.977772,-84.01159,508,way,397260057
OSM-W397260058,Parking lot,PARKING,33.978997,-84.010835,651,way,397260058
OSM-W397260059,Parking lot,PARKING,33.979158,-84.011433,701,way,397260059
OSM-W397260070,Parking lot,PARKING,33.980276,-84.007675,7530,way,397260070
OSM-W397260071,Parking lot,PARKING,33.980383,-84.008281,642,way,397260071
OSM-W397260072,Parking lot,PARKING,33.979887,-84.007675,1332,way,397260072
OSM-W397263495,Parking lot,PARKING,33.976992,-84.001983,8734,way,397263495
OSM-W397263496,Parking lot,PARKING,33.977219,-84.000758,9311,way,397263496
OSM-W397263503,Parking lot,PARKING,33.977892,-83.999812,482,way,397263503
OSM-W397263504,Parking lot,PARKING,33.977763,-84.000245,3093,way,397263504
OSM-W397263505,Parking lot,PARKING,33.977595,-84.000028,1850,way,397263505
OSM-W397263506,Parking lot,PARKING,33.977217,-84.000283,1714,way,397263506
OSM-W397264122,Parking lot,PARKING,33.976925,-84.002923,10074,way,397264122
OSM-W397264126,Parking lot,PARKING,33.977083,-84.00329,1346,way,397264126
OSM-W397267417,Parking lot,PARKING,34.016049,-84.016441,2323,way,397267417
OSM-W397267418,Parking lot,PARKING,34.015435,-84.016169,4569,way,397267418
OSM-W397267427,Parking lot,PARKING,34.017354,-84.01718,9763,way,397267427
OSM-W397267429,Parking lot,PARKING,34.017358,-84.018206,6631,way,397267429
OSM-W397267447,Parking lot,PARKING,34.016893,-84.021592,5491,way,397267447
OSM-W397267448,Parking lot,PARKING,34.016316,-84.022665,9340,way,397267448
OSM-W397267450,Parking lot,PARKING,34.01595,-84.019829,2152,way,397267450
OSM-W397267455,Parking lot,PARKING,34.016267,-84.01919,20001,way,397267455
OSM-W397267458,Parking lot,PARKING,34.017137,-84.019668,1777,way,397267458
OSM-W397269835,Parking lot,PARKING,34.018368,-84.021947,7315,way,397269835
OSM-W397269841,Parking lot,PARKING,34.017203,-84.024012,1507,way,397269841
OSM-W397269842,Parking lot,PARKING,34.01714,-84.023091,8672,way,397269842
OSM-W397275396,Parking lot,PARKING,34.106021,-84.034655,855,way,397275396
OSM-W397275398,Parking lot,PARKING,34.106247,-84.033987,2153,way,397275398
OSM-W397275401,Parking lot,PARKING,34.10532,-84.033873,577,way,397275401
OSM-W397275408,Parking lot,PARKING,34.107078,-84.031767,678,way,397275408
OSM-W397275412,Parking lot,PARKING,34.108176,-84.034383,1107,way,397275412
OSM-W397275418,Parking lot,PARKING,34.109838,-84.035081,21292,way,397275418
OSM-W397275419,Parking lot,PARKING,34.111213,-84.03439,9153,way,397275419
OSM-W397275420,Parking lot,PARKING,34.111058,-84.033885,4825,way,397275420
OSM-W397275421,Parking lot,PARKING,34.111779,-84.033618,1901,way,397275421
OSM-W397275422,Parking lot,PARKING,34.111526,-84.033406,1485,way,397275422
OSM-W397275423,Parking lot,PARKING,34.111371,-84.033269,1750,way,397275423
OSM-W397275424,Parking lot,PARKING,34.111202,-84.033153,1363,way,397275424
OSM-W397275425,Parking lot,PARKING,34.110704,-84.034207,407,way,397275425
OSM-W397275434,Parking lot,PARKING,34.109197,-84.034301,1652,way,397275434
OSM-W397275436,Parking lot,PARKING,34.109641,-84.033792,2010,way,397275436
OSM-W397275437,Parking lot,PARKING,34.109537,-84.033649,760,way,397275437
OSM-W397276719,Parking lot,PARKING,34.110576,-84.039353,3029,way,397276719
OSM-W397276720,Parking lot,PARKING,34.110327,-84.03925,1307,way,397276720
OSM-W397276892,Parking lot,PARKING,34.111445,-84.056423,426,way,397276892
OSM-W397276893,Parking lot,PARKING,34.11143,-84.055948,655,way,397276893
OSM-W397277288,Parking lot,PARKING,34.129155,-84.09792,879,way,397277288
OSM-W397277290,Parking lot,PARKING,34.129392,-84.097657,737,way,397277290
OSM-W397277292,Parking lot,PARKING,34.128385,-84.098042,626,way,397277292
OSM-W397474824,Parking lot,PARKING,34.306578,-83.811056,4418,way,397474824
OSM-W397474825,Parking lot,PARKING,34.306999,-83.811203,3289,way,397474825
OSM-W397474826,Parking lot,PARKING,34.307883,-83.810483,18225,way,397474826
OSM-W397477447,Parking lot,PARKING,34.306113,-83.811856,8679,way,397477447
OSM-W397477448,Parking lot,PARKING,34.305821,-83.811514,674,way,397477448
OSM-W397477449,Parking lot,PARKING,34.305503,-83.811812,519,way,397477449
OSM-W397477453,Parking lot,PARKING,34.305664,-83.810952,1198,way,397477453
OSM-W397477455,Parking lot,PARKING,34.305923,-83.811116,876,way,397477455
OSM-W397477456,Parking lot,PARKING,34.30564,-83.810688,455,way,397477456
OSM-W397477458,Parking lot,PARKING,34.304942,-83.811594,6365,way,397477458
OSM-W397478472,Parking lot,PARKING,34.312351,-83.795734,2857,way,397478472
OSM-W397478473,Parking lot,PARKING,34.312649,-83.795503,1444,way,397478473
OSM-W397480661,Parking lot,PARKING,34.312646,-83.797315,1690,way,397480661
OSM-W397480662,Parking lot,PARKING,34.312837,-83.796993,4036,way,397480662
OSM-W397480668,Parking lot,PARKING,34.314535,-83.797509,48765,way,397480668
OSM-W397480669,Parking lot,PARKING,34.316013,-83.797365,1676,way,397480669
OSM-W397490331,Parking lot,PARKING,34.320832,-83.806776,525,way,397490331
OSM-W397490332,Parking lot,PARKING,34.320691,-83.806767,1170,way,397490332
OSM-W397490334,Parking lot,PARKING,34.32045,-83.806882,5491,way,397490334
OSM-W397490340,Parking lot,PARKING,34.321308,-83.807401,1759,way,397490340
OSM-W397490342,Parking lot,PARKING,34.322215,-83.807074,2754,way,397490342
OSM-W397490751,Parking lot,PARKING,34.321227,-83.804972,2205,way,397490751
OSM-W397490752,Parking lot,PARKING,34.320663,-83.805592,1746,way,397490752
OSM-W397490753,Parking lot,PARKING,34.320135,-83.80493,2779,way,397490753
OSM-W397490754,Parking lot,PARKING,34.319798,-83.805016,1597,way,397490754
OSM-W397491009,Parking lot,PARKING,34.321213,-83.804557,1295,way,397491009
OSM-W397491010,Parking lot,PARKING,34.320909,-83.80467,480,way,397491010
OSM-W397491012,Parking lot,PARKING,34.321101,-83.804349,2322,way,397491012
OSM-W397515451,Parking lot,PARKING,34.311464,-83.827376,5744,way,397515451
OSM-W397515963,Parking lot,PARKING,34.311827,-83.826311,5757,way,397515963
OSM-W397518525,Parking lot,PARKING,34.058197,-84.066398,1232,way,397518525
OSM-W397518798,Parking lot,PARKING,34.055779,-84.06715,515,way,397518798
OSM-W397519320,Parking lot,PARKING,34.05523,-84.067886,6964,way,397519320
OSM-W397520731,Parking lot,PARKING,34.049346,-84.05923,576,way,397520731
OSM-W397520732,Parking lot,PARKING,34.049382,-84.058835,584,way,397520732
OSM-W397520733,Parking lot,PARKING,34.048951,-84.059165,681,way,397520733
OSM-W397520734,Parking lot,PARKING,34.048992,-84.058762,661,way,397520734
OSM-W397540472,Parking lot,PARKING,34.046885,-84.057431,703,way,397540472
OSM-W397540904,Parking lot,PARKING,34.048168,-84.059696,499,way,397540904
OSM-W397540906,Parking lot,PARKING,34.048599,-84.05997,523,way,397540906
OSM-W397541592,Parking lot,PARKING,34.049403,-84.059848,800,way,397541592
OSM-W397542896,Parking lot,PARKING,34.048571,-84.059075,431,way,397542896
OSM-W397628964,Parking lot,PARKING,34.026269,-84.04648,2786,way,397628964
OSM-W397628965,Parking lot,PARKING,34.026215,-84.046961,1055,way,397628965
OSM-W397628966,Parking lot,PARKING,34.026557,-84.046844,2238,way,397628966
OSM-W397629464,Parking lot,PARKING,34.024754,-84.043924,1384,way,397629464
OSM-W397629465,Parking lot,PARKING,34.024539,-84.043617,1387,way,397629465
OSM-W397629563,Parking lot,PARKING,34.023751,-84.043631,1729,way,397629563
OSM-W397629644,Parking lot,PARKING,34.023982,-84.043171,1492,way,397629644
OSM-W397629645,Parking lot,PARKING,34.024287,-84.042848,3076,way,397629645
OSM-W397630186,Parking lot,PARKING,34.02169,-84.043135,1977,way,397630186
OSM-W397638596,Parking lot,PARKING,34.00341,-84.039343,20627,way,397638596
OSM-W397638598,Parking lot,PARKING,34.003559,-84.039901,651,way,397638598
OSM-W397638599,Parking lot,PARKING,34.003366,-84.040186,590,way,397638599
OSM-W397638602,Parking lot,PARKING,34.003073,-84.039769,565,way,397638602
OSM-W397638603,Parking lot,PARKING,34.002979,-84.039768,446,way,397638603
OSM-W397638606,Parking lot,PARKING,34.002457,-84.039827,567,way,397638606
OSM-W397638607,Parking lot,PARKING,34.002257,-84.039563,569,way,397638607
OSM-W397638608,Parking lot,PARKING,34.00188,-84.039663,2669,way,397638608
OSM-W397638609,Parking lot,PARKING,34.002169,-84.039465,732,way,397638609
OSM-W397638610,Parking lot,PARKING,34.002206,-84.039114,1426,way,397638610
OSM-W397638613,Parking lot,PARKING,34.002848,-84.038419,536,way,397638613
OSM-W397638614,Parking lot,PARKING,34.002955,-84.038011,495,way,397638614
OSM-W397638615,Parking lot,PARKING,34.004084,-84.038206,1927,way,397638615
OSM-W397638617,Parking lot,PARKING,34.004314,-84.039524,483,way,397638617
OSM-W397638619,Parking lot,PARKING,34.003587,-84.040875,1172,way,397638619
OSM-W397640262,Parking lot,PARKING,33.999638,-84.036796,1515,way,397640262
OSM-W397640263,Parking lot,PARKING,33.999415,-84.037263,1783,way,397640263
OSM-W397640266,Parking lot,PARKING,33.998986,-84.036717,2564,way,397640266
OSM-W397640267,Parking lot,PARKING,33.999263,-84.036253,1636,way,397640267
OSM-W397640742,Parking lot,PARKING,33.999234,-84.038593,1634,way,397640742
OSM-W397640743,Parking lot,PARKING,33.999498,-84.038217,1767,way,397640743
OSM-W397640744,Parking lot,PARKING,33.999689,-84.038987,1821,way,397640744
OSM-W397640745,Parking lot,PARKING,33.999929,-84.038673,1755,way,397640745
OSM-W397640746,Parking lot,PARKING,34.000275,-84.038957,830,way,397640746
OSM-W397640747,Parking lot,PARKING,34.00011,-84.039303,793,way,397640747
OSM-W397641151,Parking lot,PARKING,34.00099,-84.03973,427,way,397641151
OSM-W397642060,Parking lot,PARKING,34.001148,-84.038526,501,way,397642060
OSM-W397642063,Parking lot,PARKING,34.000452,-84.038308,3270,way,397642063
OSM-W397642068,Parking lot,PARKING,34.001554,-84.040196,587,way,397642068
OSM-W397642069,Parking lot,PARKING,34.001661,-84.040568,2056,way,397642069
OSM-W397642070,Parking lot,PARKING,34.001617,-84.040794,2068,way,397642070
OSM-W397642572,Parking lot,PARKING,34.002406,-84.040913,3797,way,397642572
OSM-W397642575,Parking lot,PARKING,34.003081,-84.041345,790,way,397642575
OSM-W397642965,Parking lot,PARKING,34.004049,-84.041243,929,way,397642965
OSM-W397642967,Parking lot,PARKING,34.004423,-84.041149,464,way,397642967
OSM-W397646167,Parking lot,PARKING,34.095803,-84.011512,777,way,397646167
OSM-W397646170,Parking lot,PARKING,34.096115,-84.011555,470,way,397646170
OSM-W397646224,Parking lot,PARKING,34.096156,-84.010795,951,way,397646224
OSM-W397646225,Parking lot,PARKING,34.096069,-84.010964,649,way,397646225
OSM-W397646441,Parking lot,PARKING,34.094833,-84.00951,1178,way,397646441
OSM-W397646442,Parking lot,PARKING,34.095086,-84.009456,475,way,397646442
OSM-W397646753,Parking lot,PARKING,34.094906,-84.008733,1044,way,397646753
OSM-W397646756,Parking lot,PARKING,34.08817,-83.995882,705,way,397646756
OSM-W397646762,Parking lot,PARKING,34.085832,-83.996407,4257,way,397646762
OSM-W397647430,Parking lot,PARKING,34.082647,-83.997386,11260,way,397647430
OSM-W397647432,Parking lot,PARKING,34.082072,-83.997943,14160,way,397647432
OSM-W397649501,Parking lot,PARKING,34.085835,-83.992543,552,way,397649501
OSM-W397649513,Parking lot,PARKING,34.069525,-83.981365,83321,way,397649513
OSM-W397649514,Parking lot,PARKING,34.069588,-83.978142,7541,way,397649514
OSM-W397649515,Parking lot,PARKING,34.070481,-83.978558,4955,way,397649515
OSM-W397649516,Parking lot,PARKING,34.070464,-83.979599,1647,way,397649516
OSM-W397649517,Parking lot,PARKING,34.068829,-83.978814,1061,way,397649517
OSM-W397649518,Parking lot,PARKING,34.068592,-83.979046,5491,way,397649518
OSM-W397649520,Parking lot,PARKING,34.06889,-83.980185,3179,way,397649520
OSM-W397649521,Parking lot,PARKING,34.069068,-83.982601,3552,way,397649521
OSM-W397649522,Parking lot,PARKING,34.069273,-83.98418,11110,way,397649522
OSM-W397650207,Parking lot,PARKING,34.066203,-83.972718,3576,way,397650207
OSM-W397650208,Parking lot,PARKING,34.065408,-83.973011,6679,way,397650208
OSM-W397650209,Parking lot,PARKING,34.065432,-83.971963,1983,way,397650209
OSM-W397650210,Parking lot,PARKING,34.065649,-83.974259,3304,way,397650210
OSM-W397650211,Parking lot,PARKING,34.065452,-83.974031,483,way,397650211
OSM-W397650212,Parking lot,PARKING,34.064972,-83.973996,1374,way,397650212
OSM-W397651306,Parking lot,PARKING,34.066317,-83.974682,4206,way,397651306
OSM-W397651308,Parking lot,PARKING,34.066719,-83.974473,2583,way,397651308
OSM-W397651309,Parking lot,PARKING,34.066941,-83.974881,3473,way,397651309
OSM-W397652129,Parking lot,PARKING,34.064185,-83.98145,50595,way,397652129
OSM-W397652132,Parking lot,PARKING,34.064581,-83.982382,1716,way,397652132
OSM-W397652803,Parking lot,PARKING,34.06265,-83.983538,46696,way,397652803
OSM-W397652804,Parking lot,PARKING,34.061929,-83.98579,9662,way,397652804
OSM-W397652805,Parking lot,PARKING,34.062832,-83.987237,29402,way,397652805
OSM-W397652806,Parking lot,PARKING,34.064366,-83.987241,29364,way,397652806
OSM-W397653166,Parking lot,PARKING,34.066233,-83.985826,22469,way,397653166
OSM-W397653167,Parking lot,PARKING,34.067029,-83.985216,12045,way,397653167
OSM-W397653168,Parking lot,PARKING,34.06705,-83.982518,68336,way,397653168
OSM-W397653511,Parking lot,PARKING,34.065829,-83.980623,8113,way,397653511
OSM-W397653512,Parking lot,PARKING,34.068132,-83.983719,1645,way,397653512
OSM-W397653516,Parking lot,PARKING,34.064637,-83.976058,815,way,397653516
OSM-W397656121,Parking lot,PARKING,34.063385,-83.979552,3442,way,397656121
OSM-W397656123,Parking lot,PARKING,34.062956,-83.980123,3641,way,397656123
OSM-W397663245,Parking lot,PARKING,34.068415,-83.985069,5563,way,397663245
OSM-W397663251,Parking lot,PARKING,34.068225,-83.983843,2568,way,397663251
OSM-W397663252,Parking lot,PARKING,34.068213,-83.98277,3892,way,397663252
OSM-W397663255,Parking lot,PARKING,34.068285,-83.981115,409,way,397663255
OSM-W397663256,Parking lot,PARKING,34.0683,-83.980432,1324,way,397663256
OSM-W397663257,Parking lot,PARKING,34.067966,-83.980563,826,way,397663257
OSM-W397665374,Parking lot,PARKING,34.068424,-83.98745,3794,way,397665374
OSM-W397665375,Parking lot,PARKING,34.067137,-83.987664,2562,way,397665375
OSM-W397665377,Parking lot,PARKING,34.067014,-83.988159,1063,way,397665377
OSM-W397665378,Parking lot,PARKING,34.066847,-83.988579,1756,way,397665378
OSM-W397665379,Parking lot,PARKING,34.066593,-83.988254,3152,way,397665379
OSM-W397665380,Parking lot,PARKING,34.066394,-83.988876,1497,way,397665380
OSM-W397665381,Parking lot,PARKING,34.066095,-83.988684,1033,way,397665381
OSM-W397665382,Parking lot,PARKING,34.066209,-83.989155,3230,way,397665382
OSM-W397665383,Parking lot,PARKING,34.06558,-83.989305,5860,way,397665383
OSM-W397665386,Parking lot,PARKING,34.065522,-83.990028,5148,way,397665386
OSM-W397665388,Parking lot,PARKING,34.065279,-83.990312,6723,way,397665388
OSM-W397665389,Parking lot,PARKING,34.064762,-83.990174,3841,way,397665389
OSM-W397665394,Parking lot,PARKING,34.06452,-83.991039,11371,way,397665394
OSM-W397665395,Parking lot,PARKING,34.064195,-83.990286,1681,way,397665395
OSM-W397718016,Parking lot,PARKING,33.99247,-83.962228,1242,way,397718016
OSM-W397718021,Parking lot,PARKING,33.9914,-83.961028,1594,way,397718021
OSM-W397718023,Parking lot,PARKING,33.991241,-83.958985,3401,way,397718023
OSM-W397718026,Parking lot,PARKING,33.99061,-83.961945,8062,way,397718026
OSM-W397780153,Parking lot,PARKING,34.15707,-84.070311,872,way,397780153
OSM-W397780157,Parking lot,PARKING,34.157002,-84.070153,475,way,397780157
OSM-W397780158,Parking lot,PARKING,34.15648,-84.071136,2904,way,397780158
OSM-W397780159,Parking lot,PARKING,34.156317,-84.071067,1664,way,397780159
OSM-W397781268,Parking lot,PARKING,34.157322,-84.072332,11093,way,397781268
OSM-W397781276,Parking lot,PARKING,34.1573,-84.078895,504,way,397781276
OSM-W397781277,Parking lot,PARKING,34.157658,-84.078401,3006,way,397781277
OSM-W397781278,Parking lot,PARKING,34.157503,-84.078558,9051,way,397781278
OSM-W397793338,Parking lot,PARKING,34.164874,-84.075686,1041,way,397793338
OSM-W397809335,Parking lot,PARKING,34.147444,-84.064965,7260,way,397809335
OSM-W397809339,Parking lot,PARKING,34.147157,-84.066597,1388,way,397809339
OSM-W397809341,Parking lot,PARKING,34.146382,-84.065541,1916,way,397809341
OSM-W397809347,Parking lot,PARKING,34.145161,-84.066583,4019,way,397809347
OSM-W397809357,Bus Parking,PARKING,34.147278,-84.063343,11458,way,397809357
OSM-W397819165,Parking lot,PARKING,34.137689,-84.051413,1475,way,397819165
OSM-W397819166,Parking lot,PARKING,34.137859,-84.05122,4635,way,397819166
OSM-W397819168,Parking lot,PARKING,34.138689,-84.051806,554,way,397819168
OSM-W397819178,Parking lot,PARKING,34.139413,-84.063835,8694,way,397819178
OSM-W397819183,Parking lot,PARKING,34.135828,-84.068401,2510,way,397819183
OSM-W397819184,Parking lot,PARKING,34.135829,-84.067565,2089,way,397819184
OSM-W397819193,Parking lot,PARKING,34.117514,-84.070772,639,way,397819193
OSM-W397821087,Parking lot,PARKING,34.1032,-84.024448,617,way,397821087
OSM-W397821092,Parking lot,PARKING,34.102602,-84.023437,1275,way,397821092
OSM-W397821093,Parking lot,PARKING,34.102328,-84.02361,1138,way,397821093
OSM-W397821098,Parking lot,PARKING,34.102958,-84.024273,641,way,397821098
OSM-W397821099,Parking lot,PARKING,34.102734,-84.023793,562,way,397821099
OSM-W397964465,Parking lot,PARKING,34.146966,-83.97706,910,way,397964465
OSM-W397964466,Parking lot,PARKING,34.146911,-83.976443,1164,way,397964466
OSM-W397964467,Parking lot,PARKING,34.146466,-83.976685,7454,way,397964467
OSM-W397964680,Parking lot,PARKING,34.146924,-83.975915,917,way,397964680
OSM-W397967700,Parking lot,PARKING,34.214973,-83.911543,3148,way,397967700
OSM-W397967701,Parking lot,PARKING,34.2151,-83.912024,11869,way,397967701
OSM-W397967704,Parking lot,PARKING,34.213986,-83.911842,1380,way,397967704
OSM-W397967705,Parking lot,PARKING,34.213323,-83.912868,6651,way,397967705
OSM-W397968179,Parking lot,PARKING,34.198895,-83.924765,1388,way,397968179
OSM-W397969153,Parking lot,PARKING,34.199446,-83.922203,1965,way,397969153
OSM-W397970782,Peoples Baptist Church,PLACE_OF_WORSHIP,34.181099,-83.945615,825,way,397970782
OSM-W397970783,Parking lot,PARKING,34.181247,-83.945411,1018,way,397970783
OSM-W397970785,Parking lot,PARKING,34.18093,-83.945568,483,way,397970785
OSM-W397972234,Parking lot,PARKING,34.176561,-83.913286,1020,way,397972234
OSM-W397972236,Parking lot,PARKING,34.176668,-83.913693,1705,way,397972236
OSM-W397972238,Parking lot,PARKING,34.177139,-83.914177,1077,way,397972238
OSM-W397972241,Parking lot,PARKING,34.17691,-83.913319,1245,way,397972241
OSM-W397973361,Parking lot,PARKING,34.27988,-83.878805,1854,way,397973361
OSM-W397973559,Parking lot,PARKING,34.241687,-83.89287,2777,way,397973559
OSM-W397975328,Parking lot,PARKING,34.253001,-83.891338,3982,way,397975328
OSM-W397975339,Parking lot,PARKING,34.253691,-83.890805,734,way,397975339
OSM-W397975340,Parking lot,PARKING,34.253841,-83.89125,1254,way,397975340
OSM-W397975342,Parking lot,PARKING,34.254138,-83.890784,1946,way,397975342
OSM-W397975343,Parking lot,PARKING,34.253279,-83.890488,694,way,397975343
OSM-W397975344,Parking lot,PARKING,34.253957,-83.890299,723,way,397975344
OSM-W397975345,Parking lot,PARKING,34.254127,-83.889964,1541,way,397975345
OSM-W397975346,Parking lot,PARKING,34.252626,-83.890829,1047,way,397975346
OSM-W397976658,Parking lot,PARKING,34.280005,-83.874554,415,way,397976658
OSM-W397976659,Parking lot,PARKING,34.279713,-83.874606,720,way,397976659
OSM-W397976660,Parking lot,PARKING,34.27954,-83.875194,4772,way,397976660
OSM-W397976661,Parking lot,PARKING,34.279322,-83.874742,2412,way,397976661
OSM-W397976796,Parking lot,PARKING,34.260554,-83.888272,867,way,397976796
OSM-W397977864,Parking lot,PARKING,34.28605,-83.841068,443,way,397977864
OSM-W397978575,Parking lot,PARKING,34.267628,-83.883304,1014,way,397978575
OSM-W397978576,Parking lot,PARKING,34.26798,-83.883265,1430,way,397978576
OSM-W397980505,Citgo,FUEL_STATION,34.273456,-83.883361,171,way,397980505
OSM-W397981225,Chevron,FUEL_STATION,34.199211,-83.923446,775,way,397981225
OSM-W397983585,Parking lot,PARKING,34.26338,-83.816817,885,way,397983585
OSM-W397983587,Parking lot,PARKING,34.26357,-83.817062,1042,way,397983587
OSM-W397984032,Circle K,FUEL_STATION,34.262885,-83.816288,557,way,397984032
OSM-W397984035,Parking lot,PARKING,34.262576,-83.816976,4338,way,397984035
OSM-W397984036,Parking lot,PARKING,34.262663,-83.816454,1942,way,397984036
OSM-W397984110,Zack's Gass,FUEL_STATION,34.235155,-83.794762,101,way,397984110
OSM-W397984851,Parking lot,PARKING,34.245404,-83.802549,2050,way,397984851
OSM-W397987113,Parking lot,PARKING,34.009788,-84.05863,14163,way,397987113
OSM-W397987709,Parking lot,PARKING,34.28374,-83.847307,659,way,397987709
OSM-W397987713,Parking lot,PARKING,34.284046,-83.846042,719,way,397987713
OSM-W397987714,Parking lot,PARKING,34.283926,-83.846412,6982,way,397987714
OSM-W397987715,Parking lot,PARKING,34.283655,-83.845833,917,way,397987715
OSM-W397997588,Parking lot,PARKING,34.284477,-83.845751,1130,way,397997588
OSM-W397997589,Parking lot,PARKING,34.284287,-83.845195,3327,way,397997589
OSM-W397997590,Parking lot,PARKING,34.283999,-83.845468,5701,way,397997590
OSM-W397997596,Parking lot,PARKING,34.284645,-83.844927,2369,way,397997596
OSM-W397997597,Parking lot,PARKING,34.284388,-83.844382,7239,way,397997597
OSM-W397997598,Parking lot,PARKING,34.284615,-83.844151,7976,way,397997598
OSM-W397998003,Parking lot,PARKING,34.284755,-83.843486,9101,way,397998003
OSM-W397998145,Parking lot,PARKING,34.285888,-83.844229,2091,way,397998145
OSM-W397998147,Parking lot,PARKING,34.285881,-83.843483,1975,way,397998147
OSM-W397998577,Parking lot,PARKING,34.287128,-83.842638,17350,way,397998577
OSM-W397998582,Parking lot,PARKING,34.286377,-83.842443,2867,way,397998582
OSM-W397998789,Parking lot,PARKING,34.287979,-83.841772,509,way,397998789
OSM-W397999409,Parking lot,PARKING,34.287813,-83.840732,787,way,397999409
OSM-W397999411,Parking lot,PARKING,34.288154,-83.840582,944,way,397999411
OSM-W397999412,Parking lot,PARKING,34.288661,-83.840867,1441,way,397999412
OSM-W397999658,Parking lot,PARKING,34.289034,-83.842414,1010,way,397999658
OSM-W397999660,Parking lot,PARKING,34.289108,-83.842813,2182,way,397999660
OSM-W397999668,Parking lot,PARKING,34.288884,-83.842261,643,way,397999668
OSM-W398000278,Parking lot,PARKING,34.288707,-83.841847,2366,way,398000278
OSM-W398000279,Parking lot,PARKING,34.289061,-83.841795,1166,way,398000279
OSM-W398001133,Parking lot,PARKING,34.286665,-83.840924,1238,way,398001133
OSM-W398001134,Parking lot,PARKING,34.286935,-83.840677,953,way,398001134
OSM-W398001141,Parking lot,PARKING,34.287338,-83.840967,454,way,398001141
OSM-W398001454,Parking lot,PARKING,34.289622,-83.842057,4594,way,398001454
OSM-W398001793,Parking lot,PARKING,34.290249,-83.842817,543,way,398001793
OSM-W398001794,Parking lot,PARKING,34.289792,-83.843069,1001,way,398001794
OSM-W398001795,Parking lot,PARKING,34.290006,-83.842619,1806,way,398001795
OSM-W398025254,Parking lot,PARKING,34.062768,-83.993069,8067,way,398025254
OSM-W398025255,Parking lot,PARKING,34.063115,-83.993483,1115,way,398025255
OSM-W398036917,Parking lot,PARKING,34.063466,-83.990608,485,way,398036917
OSM-W398036918,Parking lot,PARKING,34.06327,-83.99093,833,way,398036918
OSM-W398036919,Parking lot,PARKING,34.063549,-83.991103,1927,way,398036919
OSM-W398036920,Parking lot,PARKING,34.063461,-83.9917,576,way,398036920
OSM-W398036921,Parking lot,PARKING,34.063824,-83.991679,784,way,398036921
OSM-W398036926,Parking lot,PARKING,34.063963,-83.991027,1826,way,398036926
OSM-W398038366,Parking lot,PARKING,34.063242,-83.989703,3020,way,398038366
OSM-W398038367,Parking lot,PARKING,34.063006,-83.989414,1343,way,398038367
OSM-W398038368,Parking lot,PARKING,34.06269,-83.990277,1397,way,398038368
OSM-W398038369,Parking lot,PARKING,34.062307,-83.989422,18453,way,398038369
OSM-W398038371,Parking lot,PARKING,34.062346,-83.990087,504,way,398038371
OSM-W398038372,Parking lot,PARKING,34.0622,-83.990269,1758,way,398038372
OSM-W398038374,Parking lot,PARKING,34.061824,-83.990149,2127,way,398038374
OSM-W398038375,Parking lot,PARKING,34.061573,-83.989116,3707,way,398038375
OSM-W398038635,Parking lot,PARKING,34.06181,-83.989048,1391,way,398038635
OSM-W398038638,Parking lot,PARKING,34.062343,-83.988579,1146,way,398038638
OSM-W398040252,Parking lot,PARKING,34.061829,-83.987943,2068,way,398040252
OSM-W398041660,Parking lot,PARKING,34.060787,-83.990542,1860,way,398041660
OSM-W398041661,Parking lot,PARKING,34.060954,-83.990334,2926,way,398041661
OSM-W398041662,Parking lot,PARKING,34.061156,-83.990857,2095,way,398041662
OSM-W398041663,Parking lot,PARKING,34.061343,-83.990328,2904,way,398041663
OSM-W398041665,Parking lot,PARKING,34.061096,-83.98924,3503,way,398041665
OSM-W398041666,Parking lot,PARKING,34.060957,-83.989668,1072,way,398041666
OSM-W398041667,Parking lot,PARKING,34.060513,-83.989666,5161,way,398041667
OSM-W398041668,Parking lot,PARKING,34.060596,-83.989101,406,way,398041668
OSM-W398041669,Parking lot,PARKING,34.060505,-83.988734,3856,way,398041669
OSM-W398041670,Parking lot,PARKING,34.060542,-83.98795,6141,way,398041670
OSM-W398041672,Parking lot,PARKING,34.060902,-83.987958,1412,way,398041672
OSM-W398041673,Parking lot,PARKING,34.060601,-83.987112,6239,way,398041673
OSM-W398041675,Parking lot,PARKING,34.060933,-83.986213,1195,way,398041675
OSM-W398041676,Parking lot,PARKING,34.060487,-83.985327,5823,way,398041676
OSM-W398041677,Parking lot,PARKING,34.060984,-83.9849,4825,way,398041677
OSM-W398041678,Parking lot,PARKING,34.060582,-83.984712,2170,way,398041678
OSM-W398042779,Parking lot,PARKING,34.061279,-83.994385,20247,way,398042779
OSM-W398042783,Parking lot,PARKING,34.061824,-83.993869,767,way,398042783
OSM-W398042784,Parking lot,PARKING,34.061942,-83.993409,822,way,398042784
OSM-W398043318,Parking lot,PARKING,34.060779,-83.992661,28664,way,398043318
OSM-W398043322,Parking lot,PARKING,34.061551,-83.991703,4446,way,398043322
OSM-W398043323,Parking lot,PARKING,34.061654,-83.992121,1424,way,398043323
OSM-W398043325,Parking lot,PARKING,34.061338,-83.992012,2047,way,398043325
OSM-W398043465,Parking lot,PARKING,34.060146,-83.990414,3992,way,398043465
OSM-W398043466,Parking lot,PARKING,34.060319,-83.99079,1354,way,398043466
OSM-W398043467,Parking lot,PARKING,34.060142,-83.991113,10826,way,398043467
OSM-W398043752,Parking lot,PARKING,34.062612,-83.981691,707,way,398043752
OSM-W398043753,Parking lot,PARKING,34.062803,-83.981424,1416,way,398043753
OSM-W398044028,Parking lot,PARKING,34.063275,-83.980296,487,way,398044028
OSM-W398044914,Parking lot,PARKING,34.065284,-83.983317,1599,way,398044914
OSM-W398044916,Parking lot,PARKING,34.064176,-83.984649,1939,way,398044916
OSM-W398045184,Parking lot,PARKING,34.063434,-83.983796,1759,way,398045184
OSM-W398047235,Parking lot,PARKING,34.309019,-83.806868,12258,way,398047235
OSM-W398052561,Parking lot,PARKING,34.298097,-83.824747,2809,way,398052561
OSM-W398053331,Parking lot,PARKING,34.297922,-83.823518,1956,way,398053331
OSM-W398053332,Parking lot,PARKING,34.29781,-83.822901,3416,way,398053332
OSM-W398053333,Parking lot,PARKING,34.297353,-83.822555,2223,way,398053333
OSM-W398053334,Parking lot,PARKING,34.297298,-83.822139,1304,way,398053334
OSM-W398053335,Parking lot,PARKING,34.296957,-83.822304,2131,way,398053335
OSM-W398053336,Parking lot,PARKING,34.297006,-83.821873,671,way,398053336
OSM-W398053338,Parking lot,PARKING,34.296654,-83.822605,488,way,398053338
OSM-W398053995,Parking lot,PARKING,34.296414,-83.822834,968,way,398053995
OSM-W398054589,Parking lot,PARKING,34.299748,-83.823686,1699,way,398054589
OSM-W398054590,Parking lot,PARKING,34.300182,-83.82383,1039,way,398054590
OSM-W398055616,Parking lot,PARKING,34.299338,-83.821827,1658,way,398055616
OSM-W398055623,Parking lot,PARKING,34.299463,-83.822431,5819,way,398055623
OSM-W398055626,Parking lot,PARKING,34.300183,-83.821013,8404,way,398055626
OSM-W398055629,Parking lot,PARKING,34.301415,-83.820493,2703,way,398055629
OSM-W398077403,Murphy USA,FUEL_STATION,33.841635,-83.908493,1386,way,398077403
OSM-W398136310,Parking lot,PARKING,33.985083,-84.081495,2372,way,398136310
OSM-W398136311,Parking lot,PARKING,33.984901,-84.080994,1272,way,398136311
OSM-W398139800,Parking lot,PARKING,33.98497,-84.080106,1349,way,398139800
OSM-W398139802,Parking lot,PARKING,33.984742,-84.079646,5390,way,398139802
OSM-W398139805,Parking lot,PARKING,33.984546,-84.080015,1446,way,398139805
OSM-W398139807,Parking lot,PARKING,33.984148,-84.080364,3968,way,398139807
OSM-W398139811,Parking lot,PARKING,33.984479,-84.08054,1332,way,398139811
OSM-W398139814,Parking lot,PARKING,33.982797,-84.081438,198848,way,398139814
OSM-W398140104,Parking lot,PARKING,33.98355,-84.081823,1719,way,398140104
OSM-W398140106,Parking lot,PARKING,33.983808,-84.081515,2601,way,398140106
OSM-W398140108,Parking lot,PARKING,33.983825,-84.080958,981,way,398140108
OSM-W398140109,Parking lot,PARKING,33.983554,-84.081058,978,way,398140109
OSM-W398140110,Parking lot,PARKING,33.983637,-84.081154,520,way,398140110
OSM-W398141319,Parking lot,PARKING,33.979265,-84.080372,169429,way,398141319
OSM-W398141320,Parking lot,PARKING,33.979972,-84.077372,15048,way,398141320
OSM-W398141321,Parking lot,PARKING,33.979305,-84.077007,1752,way,398141321
OSM-W398141322,Parking lot,PARKING,33.977683,-84.083032,418,way,398141322
OSM-W398141324,Parking lot,PARKING,33.977816,-84.082741,1860,way,398141324
OSM-W398141617,Parking lot,PARKING,33.977534,-84.080907,2051,way,398141617
OSM-W398141618,Parking lot,PARKING,33.977645,-84.080702,1025,way,398141618
OSM-W398141620,Parking lot,PARKING,33.977759,-84.080443,1541,way,398141620
OSM-W398141621,Parking lot,PARKING,33.977483,-84.080089,1430,way,398141621
OSM-W398141622,Parking lot,PARKING,33.977995,-84.080043,2752,way,398141622
OSM-W398141624,Parking lot,PARKING,33.978205,-84.080568,553,way,398141624
OSM-W398143782,Parking lot,PARKING,33.976389,-84.074831,1281,way,398143782
OSM-W398143783,Parking lot,PARKING,33.9765,-84.074536,817,way,398143783
OSM-W398143968,Parking lot,PARKING,33.974924,-84.092631,1354,way,398143968
OSM-W398143970,Parking lot,PARKING,33.974869,-84.092002,5387,way,398143970
OSM-W398152201,Parking lot,PARKING,33.976456,-84.079971,548,way,398152201
OSM-W398152205,Parking lot,PARKING,33.975531,-84.079149,7583,way,398152205
OSM-W398152206,Parking lot,PARKING,33.97515,-84.07859,420,way,398152206
OSM-W398152207,Parking lot,PARKING,33.975133,-84.079641,3760,way,398152207
OSM-W398155060,Parking lot,PARKING,33.975649,-84.077009,6350,way,398155060
OSM-W398155061,Parking lot,PARKING,33.975514,-84.076678,4258,way,398155061
OSM-W398155062,Parking lot,PARKING,33.975721,-84.076426,706,way,398155062
OSM-W398155064,Parking lot,PARKING,33.975647,-84.076134,711,way,398155064
OSM-W398155067,Parking lot,PARKING,33.974676,-84.077189,4987,way,398155067
OSM-W398155068,Parking lot,PARKING,33.975376,-84.07774,2296,way,398155068
OSM-W398155069,Parking lot,PARKING,33.975564,-84.077888,872,way,398155069
OSM-W398155071,Parking lot,PARKING,33.97583,-84.07765,743,way,398155071
OSM-W398155072,Parking lot,PARKING,33.975916,-84.077265,562,way,398155072
OSM-W398155073,Parking lot,PARKING,33.976236,-84.077423,1206,way,398155073
OSM-W398155074,Parking lot,PARKING,33.976383,-84.078346,5103,way,398155074
OSM-W398156034,Parking lot,PARKING,33.974786,-84.078435,1636,way,398156034
OSM-W398156035,Parking lot,PARKING,33.974272,-84.078157,915,way,398156035
OSM-W398156750,Parking lot,PARKING,34.064424,-83.974575,2273,way,398156750
OSM-W398156751,Parking lot,PARKING,34.063884,-83.974282,9916,way,398156751
OSM-W398156752,Parking lot,PARKING,34.064061,-83.973813,1263,way,398156752
OSM-W398157414,Parking lot,PARKING,34.080277,-83.984972,2173,way,398157414
OSM-W398157539,Parking lot,PARKING,34.08075,-83.984662,4505,way,398157539
OSM-W398157542,Parking lot,PARKING,34.081032,-83.984415,1047,way,398157542
OSM-W398157543,Parking lot,PARKING,34.081257,-83.984086,405,way,398157543
OSM-W398157545,Parking lot,PARKING,34.081139,-83.984754,486,way,398157545
OSM-W398163615,Parking lot,PARKING,34.082883,-83.983649,4060,way,398163615
OSM-W398163616,Parking lot,PARKING,34.082796,-83.983239,3848,way,398163616
OSM-W398171543,Visitor Parking,PARKING,34.081748,-83.986495,2364,way,398171543
OSM-W398172549,Parking lot,PARKING,34.08251,-83.985884,28522,way,398172549
OSM-W398172550,Parking lot,PARKING,34.08242,-83.985702,1747,way,398172550
OSM-W398172551,Parking lot,PARKING,34.0823,-83.984742,14096,way,398172551
OSM-W398172552,Parking lot,PARKING,34.082786,-83.984474,1314,way,398172552
OSM-W398172553,Parking lot,PARKING,34.082022,-83.984372,6635,way,398172553
OSM-W398172554,Parking lot,PARKING,34.081668,-83.985341,3390,way,398172554
OSM-W398172555,Parking lot,PARKING,34.08132,-83.985546,6055,way,398172555
OSM-W398172556,Parking lot,PARKING,34.081323,-83.985981,2144,way,398172556
OSM-W398172557,Visitor Parking,PARKING,34.081425,-83.986235,871,way,398172557
OSM-W398172559,Parking lot,PARKING,34.081553,-83.986875,8371,way,398172559
OSM-W398179159,Parking lot,PARKING,34.058966,-83.996051,1343,way,398179159
OSM-W398179160,Parking lot,PARKING,34.058658,-83.996057,1413,way,398179160
OSM-W398179161,Parking lot,PARKING,34.058793,-83.996549,3128,way,398179161
OSM-W398179506,Parking lot,PARKING,34.059186,-83.995738,7545,way,398179506
OSM-W398179508,Parking lot,PARKING,34.05971,-83.996046,1321,way,398179508
OSM-W398179873,Parking lot,PARKING,34.058292,-83.997249,4686,way,398179873
OSM-W398179875,Parking lot,PARKING,34.058616,-83.996683,4926,way,398179875
OSM-W398180282,Parking lot,PARKING,34.058117,-83.997517,4058,way,398180282
OSM-W398180285,Parking lot,PARKING,34.057986,-83.9983,6443,way,398180285
OSM-W398180287,Parking lot,PARKING,34.057661,-83.998901,2705,way,398180287
OSM-W398183408,Parking lot,PARKING,34.05469,-83.984305,1653,way,398183408
OSM-W398183409,Parking lot,PARKING,34.054174,-83.983953,3280,way,398183409
OSM-W398183412,Parking lot,PARKING,34.054766,-83.982765,16413,way,398183412
OSM-W398183413,Parking lot,PARKING,34.054467,-83.982763,786,way,398183413
OSM-W398183416,Parking lot,PARKING,34.05454,-83.982335,992,way,398183416
OSM-W398183417,Parking lot,PARKING,34.054902,-83.982347,952,way,398183417
OSM-W398183418,Parking lot,PARKING,34.054809,-83.982006,716,way,398183418
OSM-W398183419,Parking lot,PARKING,34.055509,-83.982032,5718,way,398183419
OSM-W398183420,Parking lot,PARKING,34.053555,-83.983482,4163,way,398183420
OSM-W398183421,Parking lot,PARKING,34.053741,-83.983928,434,way,398183421
OSM-W398183422,Parking lot,PARKING,34.052966,-83.984006,2334,way,398183422
OSM-W398183423,Parking lot,PARKING,34.052841,-83.984527,2661,way,398183423
OSM-W398183424,Parking lot,PARKING,34.052995,-83.985011,8278,way,398183424
OSM-W398183426,Parking lot,PARKING,34.053306,-83.985008,4711,way,398183426
OSM-W398183428,Parking lot,PARKING,34.054885,-83.983552,5126,way,398183428
OSM-W398183430,Parking lot,PARKING,34.055543,-83.983373,6522,way,398183430
OSM-W398183431,Parking lot,PARKING,34.055394,-83.983125,5664,way,398183431
OSM-W398184485,Parking lot,PARKING,34.050419,-83.997118,3499,way,398184485
OSM-W398184724,Parking lot,PARKING,34.051395,-83.99567,697,way,398184724
OSM-W398184888,Parking lot,PARKING,34.052638,-83.995233,1271,way,398184888
OSM-W398184889,Parking lot,PARKING,34.052441,-83.994819,1326,way,398184889
OSM-W398184891,Parking lot,PARKING,34.052099,-83.995292,568,way,398184891
OSM-W398185842,Parking lot,PARKING,34.053668,-83.994938,4186,way,398185842
OSM-W398185843,Parking lot,PARKING,34.053222,-83.995211,596,way,398185843
OSM-W398185844,Parking lot,PARKING,34.054068,-83.995427,4806,way,398185844
OSM-W398185846,Parking lot,PARKING,34.054656,-83.996407,861,way,398185846
OSM-W398185848,Parking lot,PARKING,34.052964,-83.996222,2216,way,398185848
OSM-W398188244,Parking lot,PARKING,34.059667,-84.000432,5750,way,398188244
OSM-W398189740,Parking lot,PARKING,34.060289,-83.975805,11043,way,398189740
OSM-W398189748,Parking lot,PARKING,34.060691,-83.974842,462,way,398189748
OSM-W398190205,Parking lot,PARKING,34.058397,-83.975968,3467,way,398190205
OSM-W398190689,Parking lot,PARKING,34.049167,-83.994045,2033,way,398190689
OSM-W398190692,Parking lot,PARKING,34.049117,-83.994421,1966,way,398190692
OSM-W398191281,Parking lot,PARKING,34.048007,-83.992327,1870,way,398191281
OSM-W398191282,Parking lot,PARKING,34.048075,-83.992685,554,way,398191282
OSM-W398191283,Parking lot,PARKING,34.047637,-83.99258,915,way,398191283
OSM-W398192112,Parking lot,PARKING,34.044445,-83.996253,5845,way,398192112
OSM-W398192120,Parking lot,PARKING,34.044481,-83.995676,746,way,398192120
OSM-W398192122,Parking lot,PARKING,34.045235,-83.995544,833,way,398192122
OSM-W398192123,Parking lot,PARKING,34.044874,-83.996485,8713,way,398192123
OSM-W398192664,Parking lot,PARKING,34.044929,-83.995639,1151,way,398192664
OSM-W398192668,Parking lot,PARKING,34.043639,-83.996533,7931,way,398192668
OSM-W398192670,Parking lot,PARKING,34.043487,-83.995652,9168,way,398192670
OSM-W398192671,Parking lot,PARKING,34.043779,-83.994904,5665,way,398192671
OSM-W398193200,Parking lot,PARKING,34.044039,-83.997029,45087,way,398193200
OSM-W398193202,Parking lot,PARKING,34.042507,-83.997728,1132,way,398193202
OSM-W398193204,Parking lot,PARKING,34.042401,-83.996742,4447,way,398193204
OSM-W398193206,Parking lot,PARKING,34.041741,-83.99803,4508,way,398193206
OSM-W398193208,Parking lot,PARKING,34.042659,-83.99948,34115,way,398193208
OSM-W398193210,Parking lot,PARKING,34.042464,-83.999696,33594,way,398193210
OSM-W398193213,Parking lot,PARKING,34.041249,-83.999063,1706,way,398193213
OSM-W398193633,Parking lot,PARKING,34.041462,-84.000981,30831,way,398193633
OSM-W398193634,Parking lot,PARKING,34.040328,-84.00038,2493,way,398193634
OSM-W398193751,Parking lot,PARKING,34.043177,-84.001769,1363,way,398193751
OSM-W398193752,Parking lot,PARKING,34.04305,-84.001268,761,way,398193752
OSM-W398194254,Parking lot,PARKING,34.042765,-83.994774,5658,way,398194254
OSM-W398194256,Parking lot,PARKING,34.042357,-83.995133,460,way,398194256
OSM-W398194258,Parking lot,PARKING,34.042062,-83.994853,828,way,398194258
OSM-W398194827,Parking lot,PARKING,34.041474,-83.992342,2109,way,398194827
OSM-W398195406,Parking lot,PARKING,34.03683,-83.989314,14764,way,398195406
OSM-W398195407,Parking lot,PARKING,34.03603,-83.989296,3295,way,398195407
OSM-W398195408,Parking lot,PARKING,34.036452,-83.988946,453,way,398195408
OSM-W398195409,Parking lot,PARKING,34.036288,-83.988664,1570,way,398195409
OSM-W398195698,Parking lot,PARKING,34.035668,-83.990025,1315,way,398195698
OSM-W398195877,Parking lot,PARKING,34.035429,-83.988454,642,way,398195877
OSM-W398196060,Parking lot,PARKING,34.036012,-83.986836,869,way,398196060
OSM-W398196061,Parking lot,PARKING,34.035975,-83.987261,1247,way,398196061
OSM-W398196062,Parking lot,PARKING,34.035728,-83.987472,1121,way,398196062
OSM-W398196424,Parking lot,PARKING,34.224017,-83.863726,1128,way,398196424
OSM-W398196425,Parking lot,PARKING,34.224337,-83.863989,681,way,398196425
OSM-W398196670,Parking lot,PARKING,34.22381,-83.863526,894,way,398196670
OSM-W398196671,Parking lot,PARKING,34.223745,-83.863399,493,way,398196671
OSM-W398196672,Parking lot,PARKING,34.223537,-83.863398,423,way,398196672
OSM-W398196674,Parking lot,PARKING,34.223737,-83.863016,1803,way,398196674
OSM-W398196819,Parking lot,PARKING,34.222087,-83.862535,1003,way,398196819
OSM-W398196820,Parking lot,PARKING,34.222096,-83.862195,996,way,398196820
OSM-W398197800,Parking lot,PARKING,34.221474,-83.862041,6740,way,398197800
OSM-W398197805,Parking lot,PARKING,34.221722,-83.8613,1933,way,398197805
OSM-W398197806,Parking lot,PARKING,34.221958,-83.861549,896,way,398197806
OSM-W398200130,Parking lot,PARKING,34.225958,-83.867546,865,way,398200130
OSM-W398200131,Parking lot,PARKING,34.225717,-83.867519,2668,way,398200131
OSM-W398201515,Parking lot,PARKING,34.232365,-83.866197,1139,way,398201515
OSM-W398202361,Parking lot,PARKING,34.232585,-83.865612,3848,way,398202361
OSM-W398203100,Parking lot,PARKING,34.233378,-83.869322,38339,way,398203100
OSM-W398205378,Parking lot,PARKING,34.237953,-83.866777,730,way,398205378
OSM-W398206526,Parking lot,PARKING,34.237891,-83.864319,1226,way,398206526
OSM-W398206528,Parking lot,PARKING,34.23644,-83.86355,654,way,398206528
OSM-W398206529,Parking lot,PARKING,34.236782,-83.863702,1951,way,398206529
OSM-W398206531,Parking lot,PARKING,34.235675,-83.864667,1522,way,398206531
OSM-W398206532,Parking lot,PARKING,34.235346,-83.864411,3297,way,398206532
OSM-W398206533,Parking lot,PARKING,34.234903,-83.863917,5424,way,398206533
OSM-W398206534,Parking lot,PARKING,34.235169,-83.86307,2543,way,398206534
OSM-W398206904,Parking lot,PARKING,34.237185,-83.865512,27939,way,398206904
OSM-W398207181,Parking lot,PARKING,34.238536,-83.866414,497,way,398207181
OSM-W398207183,Parking lot,PARKING,34.238937,-83.866435,1044,way,398207183
OSM-W398207189,Parking lot,PARKING,34.239312,-83.866645,1059,way,398207189
OSM-W398210004,Parking lot,PARKING,34.231486,-83.872984,121643,way,398210004
OSM-W398210026,Parking lot,PARKING,34.23032,-83.874456,1031,way,398210026
OSM-W398210027,Parking lot,PARKING,34.229363,-83.873514,2490,way,398210027
OSM-W398210196,Parking lot,PARKING,34.232327,-83.875484,6417,way,398210196
OSM-W398210509,Parking lot,PARKING,34.233058,-83.874153,15268,way,398210509
OSM-W398210510,Parking lot,PARKING,34.233574,-83.873473,401,way,398210510
OSM-W398210511,Parking lot,PARKING,34.23357,-83.873318,433,way,398210511
OSM-W398210513,Parking lot,PARKING,34.233556,-83.874026,2883,way,398210513
OSM-W398210828,Parking lot,PARKING,34.230079,-83.872064,1527,way,398210828
OSM-W398210830,Parking lot,PARKING,34.230197,-83.871771,1927,way,398210830
OSM-W398210832,Parking lot,PARKING,34.230397,-83.87113,2176,way,398210832
OSM-W398210833,Parking lot,PARKING,34.230503,-83.871228,462,way,398210833
OSM-W398210834,Parking lot,PARKING,34.230719,-83.871426,703,way,398210834
OSM-W398210835,Parking lot,PARKING,34.230773,-83.871124,607,way,398210835
OSM-W398211060,Parking lot,PARKING,34.229916,-83.870767,1475,way,398211060
OSM-W398211061,Parking lot,PARKING,34.229897,-83.870375,598,way,398211061
OSM-W398211063,Parking lot,PARKING,34.229563,-83.870563,1097,way,398211063
OSM-W398211591,Parking lot,PARKING,34.228188,-83.870335,1796,way,398211591
OSM-W398211593,Parking lot,PARKING,34.228727,-83.869884,20797,way,398211593
OSM-W398211594,Parking lot,PARKING,34.229163,-83.86925,4610,way,398211594
OSM-W398211595,Parking lot,PARKING,34.228042,-83.869417,4560,way,398211595
OSM-W398211871,Parking lot,PARKING,34.229584,-83.869695,405,way,398211871
OSM-W398211872,Parking lot,PARKING,34.229663,-83.869325,520,way,398211872
OSM-W398212230,Parking lot,PARKING,34.228999,-83.86909,1596,way,398212230
OSM-W398212231,Parking lot,PARKING,34.228916,-83.868663,922,way,398212231
OSM-W398212232,Parking lot,PARKING,34.22861,-83.868912,415,way,398212232
OSM-W398212762,Parking lot,PARKING,34.227873,-83.868771,409,way,398212762
OSM-W398213987,Parking lot,PARKING,34.227451,-83.868178,709,way,398213987
OSM-W398213991,Parking lot,PARKING,34.227307,-83.868156,1163,way,398213991
OSM-W398213992,Parking lot,PARKING,34.22742,-83.86781,674,way,398213992
OSM-W398214664,Parking lot,PARKING,34.227009,-83.868822,978,way,398214664
OSM-W398214665,Parking lot,PARKING,34.226908,-83.868681,1035,way,398214665
OSM-W398214961,Parking lot,PARKING,34.226956,-83.867707,2471,way,398214961
OSM-W398214962,Parking lot,PARKING,34.226881,-83.868161,492,way,398214962
OSM-W398215272,Parking lot,PARKING,34.226655,-83.868464,599,way,398215272
OSM-W398215274,Parking lot,PARKING,34.225883,-83.868647,2058,way,398215274
OSM-W398217403,Park and Ride,PARKING,34.233243,-83.858666,27129,way,398217403
OSM-W398218400,Parking lot,PARKING,34.227144,-83.852725,3995,way,398218400
OSM-W398218403,Parking lot,PARKING,34.226138,-83.854964,1360,way,398218403
OSM-W398218689,Parking lot,PARKING,34.221901,-83.859175,4014,way,398218689
OSM-W398218993,Parking lot,PARKING,34.22074,-83.863727,18373,way,398218993
OSM-W398220087,Parking lot,PARKING,34.219352,-83.8635,9812,way,398220087
OSM-W398220089,Parking lot,PARKING,34.219336,-83.862829,423,way,398220089
OSM-W398220101,Parking lot,PARKING,34.218324,-83.862579,12562,way,398220101
OSM-W398220760,Parking lot,PARKING,34.217402,-83.862805,1143,way,398220760
OSM-W398220761,Parking lot,PARKING,34.217138,-83.862871,6649,way,398220761
OSM-W398222185,Parking lot,PARKING,34.217344,-83.862491,1511,way,398222185
OSM-W398222186,Parking lot,PARKING,34.216949,-83.862126,2412,way,398222186
OSM-W398222188,Parking lot,PARKING,34.217073,-83.861706,894,way,398222188
OSM-W398222189,Parking lot,PARKING,34.217441,-83.861965,992,way,398222189
OSM-W398222206,Parking lot,PARKING,34.213571,-83.863568,1293,way,398222206
OSM-W398222208,Parking lot,PARKING,34.212726,-83.863748,3129,way,398222208
OSM-W398222209,Parking lot,PARKING,34.213138,-83.863506,1054,way,398222209
OSM-W398222210,Parking lot,PARKING,34.212236,-83.863596,812,way,398222210
OSM-W398222211,Parking lot,PARKING,34.213239,-83.862519,4065,way,398222211
OSM-W398222213,Parking lot,PARKING,34.212506,-83.86308,2349,way,398222213
OSM-W398222214,Parking lot,PARKING,34.212098,-83.862543,4468,way,398222214
OSM-W398222215,Parking lot,PARKING,34.21177,-83.861914,842,way,398222215
OSM-W398222216,Parking lot,PARKING,34.211453,-83.862532,4488,way,398222216
OSM-W398223152,Parking lot,PARKING,34.222184,-83.858266,1775,way,398223152
OSM-W398223276,Parking lot,PARKING,34.224562,-83.85949,822,way,398223276
OSM-W398223277,Parking lot,PARKING,34.22468,-83.859919,984,way,398223277
OSM-W398223747,Park and Ride,PARKING,34.224081,-83.865865,9385,way,398223747
OSM-W398224151,Parking lot,PARKING,34.223588,-83.865519,909,way,398224151
OSM-W398224337,Parking lot,PARKING,34.223286,-83.866097,497,way,398224337
OSM-W398224613,Parking lot,PARKING,34.22311,-83.866752,1173,way,398224613
OSM-W398224856,Parking lot,PARKING,34.223065,-83.865648,1689,way,398224856
OSM-W398224858,Parking lot,PARKING,34.222674,-83.865672,1632,way,398224858
OSM-W398224972,Parking lot,PARKING,34.223224,-83.864933,1979,way,398224972
OSM-W398224973,Parking lot,PARKING,34.223488,-83.864572,456,way,398224973
OSM-W398225182,Parking lot,PARKING,34.2231,-83.86473,979,way,398225182
OSM-W398225353,Parking lot,PARKING,34.222943,-83.864485,632,way,398225353
OSM-W398225354,Parking lot,PARKING,34.222886,-83.864185,455,way,398225354
OSM-W398225357,Parking lot,PARKING,34.222654,-83.864515,673,way,398225357
OSM-W398225469,Parking lot,PARKING,34.223717,-83.862265,409,way,398225469
OSM-W398225927,Parking lot,PARKING,34.222431,-83.864149,663,way,398225927
OSM-W398226306,Parking lot,PARKING,34.221646,-83.864056,2370,way,398226306
OSM-W398226307,Parking lot,PARKING,34.222045,-83.864263,1514,way,398226307
OSM-W398226645,Parking lot,PARKING,34.221849,-83.864372,669,way,398226645
OSM-W398226937,Parking lot,PARKING,34.221903,-83.863602,1551,way,398226937
OSM-W398227164,Parking lot,PARKING,34.221331,-83.863521,2316,way,398227164
OSM-W398227946,Parking lot,PARKING,34.233149,-83.871958,2834,way,398227946
OSM-W398240785,Parking lot,PARKING,34.23184,-83.870874,902,way,398240785
OSM-W398240786,Parking lot,PARKING,34.231572,-83.870755,1088,way,398240786
OSM-W398241166,Parking lot,PARKING,34.231415,-83.871178,758,way,398241166
OSM-W398241167,Parking lot,PARKING,34.231372,-83.87043,1069,way,398241167
OSM-W398241168,Parking lot,PARKING,34.231054,-83.870546,1344,way,398241168
OSM-W398243512,Parking lot,PARKING,34.227554,-83.875265,544,way,398243512
OSM-W398243514,Parking lot,PARKING,34.227387,-83.874975,533,way,398243514
OSM-W398243516,Parking lot,PARKING,34.227229,-83.874666,472,way,398243516
OSM-W398244323,Parking lot,PARKING,34.224338,-83.868783,1354,way,398244323
OSM-W398244326,Parking lot,PARKING,34.224048,-83.868771,493,way,398244326
OSM-W398244721,Parking lot,PARKING,34.222838,-83.870675,1236,way,398244721
OSM-W398244722,Parking lot,PARKING,34.22269,-83.870875,563,way,398244722
OSM-W398245557,Parking lot,PARKING,34.2207,-83.87407,3489,way,398245557
OSM-W398247252,Parking lot,PARKING,34.21951,-83.865667,16031,way,398247252
OSM-W398248598,Parking lot,PARKING,34.222368,-83.865095,3600,way,398248598
OSM-W398249022,Parking lot,PARKING,34.22135,-83.863138,2077,way,398249022
OSM-W398253738,Parking lot,PARKING,34.226861,-83.865817,968,way,398253738
OSM-W398253739,Parking lot,PARKING,34.226969,-83.865695,464,way,398253739
OSM-W398253741,Parking lot,PARKING,34.227301,-83.865386,2125,way,398253741
OSM-W398254074,Parking lot,PARKING,34.227388,-83.865235,2955,way,398254074
OSM-W398254421,Parking lot,PARKING,34.228891,-83.865502,622,way,398254421
OSM-W398254422,Parking lot,PARKING,34.229117,-83.865271,1089,way,398254422
OSM-W398255297,Parking lot,PARKING,34.229305,-83.866289,40382,way,398255297
OSM-W398255298,Parking lot,PARKING,34.228548,-83.866386,468,way,398255298
OSM-W398255593,Parking lot,PARKING,34.229498,-83.868099,4551,way,398255593
OSM-W398256138,Parking lot,PARKING,34.230394,-83.864113,878,way,398256138
OSM-W398256139,Parking lot,PARKING,34.230038,-83.864365,855,way,398256139
OSM-W398256140,Parking lot,PARKING,34.230003,-83.864688,604,way,398256140
OSM-W398256282,Parking lot,PARKING,34.230023,-83.868023,1018,way,398256282
OSM-W398256283,Parking lot,PARKING,34.229833,-83.868415,970,way,398256283
OSM-W398256560,Parking lot,PARKING,34.230724,-83.868842,996,way,398256560
OSM-W398256561,Parking lot,PARKING,34.23046,-83.868979,776,way,398256561
OSM-W398256562,Parking lot,PARKING,34.230421,-83.868602,887,way,398256562
OSM-W398256563,Parking lot,PARKING,34.230662,-83.868386,832,way,398256563
OSM-W398258102,Parking lot,PARKING,34.234008,-83.859189,1075,way,398258102
OSM-W398315248,Parking lot,PARKING,34.103702,-84.023008,4489,way,398315248
OSM-W398315249,Parking lot,PARKING,34.104149,-84.02339,3932,way,398315249
OSM-W398315545,Parking lot,PARKING,34.104433,-84.023754,3278,way,398315545
OSM-W398315546,Parking lot,PARKING,34.104573,-84.024113,4230,way,398315546
OSM-W398315791,Parking lot,PARKING,34.102324,-84.020437,3953,way,398315791
OSM-W398315792,Parking lot,PARKING,34.10207,-84.020859,4608,way,398315792
OSM-W398315793,Parking lot,PARKING,34.10193,-84.020428,1082,way,398315793
OSM-W398317142,Parking lot,PARKING,34.098219,-84.011954,745,way,398317142
OSM-W398317520,Parking lot,PARKING,34.101334,-84.007187,2865,way,398317520
OSM-W398317523,Parking lot,PARKING,34.102221,-84.006493,441,way,398317523
OSM-W398317524,Parking lot,PARKING,34.102054,-84.006224,720,way,398317524
OSM-W398317525,Parking lot,PARKING,34.10185,-84.006052,538,way,398317525
OSM-W398317528,Parking lot,PARKING,34.102291,-84.005912,858,way,398317528
OSM-W398317529,Parking lot,PARKING,34.102492,-84.006213,427,way,398317529
OSM-W398317754,Parking lot,PARKING,34.102638,-84.005578,1804,way,398317754
OSM-W398317755,Parking lot,PARKING,34.102424,-84.005519,1354,way,398317755
OSM-W398317973,Parking lot,PARKING,34.102681,-84.005513,2047,way,398317973
OSM-W398317976,Parking lot,PARKING,34.103213,-84.005364,1158,way,398317976
OSM-W398317977,Parking lot,PARKING,34.103401,-84.005038,618,way,398317977
OSM-W398317978,Parking lot,PARKING,34.103594,-84.005122,589,way,398317978
OSM-W398318547,Parking lot,PARKING,34.103653,-84.004276,1099,way,398318547
OSM-W398318548,Parking lot,PARKING,34.103955,-84.004804,1321,way,398318548
OSM-W398318549,Parking lot,PARKING,34.104227,-84.004269,4295,way,398318549
OSM-W398319115,Parking lot,PARKING,34.103764,-84.003802,2369,way,398319115
OSM-W398319116,Parking lot,PARKING,34.103512,-84.00361,982,way,398319116
OSM-W398319210,Parking lot,PARKING,34.104184,-84.002241,4872,way,398319210
OSM-W398322573,Parking lot,PARKING,34.093213,-83.999534,1124,way,398322573
OSM-W398322574,Parking lot,PARKING,34.095395,-83.999705,1073,way,398322574
OSM-W398322575,Parking lot,PARKING,34.095048,-83.999489,657,way,398322575
OSM-W398323387,Parking lot,PARKING,34.103034,-84.002429,2242,way,398323387
OSM-W398323388,Parking lot,PARKING,34.102755,-84.002595,1430,way,398323388
OSM-W398323390,Parking lot,PARKING,34.102689,-84.002862,2823,way,398323390
OSM-W398323391,Parking lot,PARKING,34.102615,-84.003373,5237,way,398323391
OSM-W398323750,Parking lot,PARKING,34.102994,-84.003381,2483,way,398323750
OSM-W398323754,Parking lot,PARKING,34.103113,-84.002711,2337,way,398323754
OSM-W398329046,Parking lot,PARKING,34.101003,-84.00157,703,way,398329046
OSM-W398329048,Parking lot,PARKING,34.100773,-84.001231,659,way,398329048
OSM-W398329049,Parking lot,PARKING,34.100514,-84.001123,648,way,398329049
OSM-W398329052,Parking lot,PARKING,34.101224,-84.001228,588,way,398329052
OSM-W398329058,Parking lot,PARKING,34.101981,-84.002457,3546,way,398329058
OSM-W398329059,Parking lot,PARKING,34.102398,-84.001861,2810,way,398329059
OSM-W398329060,Parking lot,PARKING,34.101888,-84.001363,478,way,398329060
OSM-W398329061,Parking lot,PARKING,34.10172,-84.001742,461,way,398329061
OSM-W398330173,Parking lot,PARKING,34.101361,-84.003088,1677,way,398330173
OSM-W398330180,Parking lot,PARKING,34.100053,-84.003579,808,way,398330180
OSM-W398330181,Parking lot,PARKING,34.100586,-84.00368,1387,way,398330181
OSM-W398330183,Parking lot,PARKING,34.100811,-84.003333,482,way,398330183
OSM-W398330184,Parking lot,PARKING,34.10037,-84.003193,5701,way,398330184
OSM-W398330600,Parking lot,PARKING,34.099973,-84.003761,4731,way,398330600
OSM-W398330604,Parking lot,PARKING,34.09969,-84.005201,850,way,398330604
OSM-W398330605,Parking lot,PARKING,34.099047,-84.004676,1932,way,398330605
OSM-W398330945,Parking lot,PARKING,34.099819,-84.005694,1142,way,398330945
OSM-W398330946,Parking lot,PARKING,34.100065,-84.005915,1046,way,398330946
OSM-W398330947,Parking lot,PARKING,34.100391,-84.00639,1626,way,398330947
OSM-W398330967,Parking lot,PARKING,34.100645,-84.006846,1095,way,398330967
OSM-W398331167,Parking lot,PARKING,34.103651,-84.007565,2597,way,398331167
OSM-W398331169,Parking lot,PARKING,34.104284,-84.007144,5171,way,398331169
OSM-W398331172,Parking lot,PARKING,34.104183,-84.006341,2278,way,398331172
OSM-W398331799,Parking lot,PARKING,34.102837,-84.009485,1971,way,398331799
OSM-W398332003,Parking lot,PARKING,34.105057,-84.010121,798,way,398332003
OSM-W398332004,Parking lot,PARKING,34.105424,-84.0098,1983,way,398332004
OSM-W398332005,Parking lot,PARKING,34.104714,-84.009382,3836,way,398332005
OSM-W398332444,Parking lot,PARKING,34.106991,-84.001734,2150,way,398332444
OSM-W398332987,Parking lot,PARKING,34.106716,-84.000934,10489,way,398332987
OSM-W398333315,Parking lot,PARKING,34.111083,-83.999729,1270,way,398333315
OSM-W398333370,Parking lot,PARKING,34.111732,-83.999258,1072,way,398333370
OSM-W398333371,Parking lot,PARKING,34.111554,-83.998979,1116,way,398333371
OSM-W398333372,Parking lot,PARKING,34.111348,-83.998706,791,way,398333372
OSM-W398333683,Parking lot,PARKING,34.112062,-83.998953,625,way,398333683
OSM-W398333684,Parking lot,PARKING,34.111885,-83.99868,1058,way,398333684
OSM-W398333685,Parking lot,PARKING,34.111663,-83.99837,1202,way,398333685
OSM-W398333689,Parking lot,PARKING,34.112012,-83.998459,2784,way,398333689
OSM-W398334005,Parking lot,PARKING,34.112037,-83.99824,2137,way,398334005
OSM-W398334006,Parking lot,PARKING,34.112284,-83.997923,950,way,398334006
OSM-W398334530,Parking lot,PARKING,34.113863,-83.9973,2287,way,398334530
OSM-W398334531,Parking lot,PARKING,34.113906,-83.996434,1712,way,398334531
OSM-W398334532,Parking lot,PARKING,34.114457,-83.996292,896,way,398334532
OSM-W398334533,Parking lot,PARKING,34.114747,-83.996009,768,way,398334533
OSM-W398334534,Parking lot,PARKING,34.115073,-83.995928,758,way,398334534
OSM-W398334708,Parking lot,PARKING,34.115302,-83.996273,628,way,398334708
OSM-W398334710,Parking lot,PARKING,34.115536,-83.995281,1066,way,398334710
OSM-W398334711,Parking lot,PARKING,34.1161,-83.995071,8798,way,398334711
OSM-W398334712,Parking lot,PARKING,34.11579,-83.994539,7155,way,398334712
OSM-W398334713,Parking lot,PARKING,34.116376,-83.994274,1667,way,398334713
OSM-W398334962,Parking lot,PARKING,34.11487,-83.993777,401,way,398334962
OSM-W398335075,Parking lot,PARKING,34.11516,-83.993601,1481,way,398335075
OSM-W398335076,Parking lot,PARKING,34.115447,-83.993281,1134,way,398335076
OSM-W398335405,Parking lot,PARKING,34.115838,-83.99322,676,way,398335405
OSM-W398337228,Parking lot,PARKING,34.117444,-83.980623,618,way,398337228
OSM-W398337229,Parking lot,PARKING,34.116354,-83.98147,38683,way,398337229
OSM-W398337238,Parking lot,PARKING,34.118578,-83.985351,39149,way,398337238
OSM-W398337575,Parking lot,PARKING,34.113966,-83.983367,50687,way,398337575
OSM-W398337942,Parking lot,PARKING,34.116206,-83.980128,19868,way,398337942
OSM-W398337946,Parking lot,PARKING,34.112238,-83.982674,22414,way,398337946
OSM-W398341492,Parking lot,PARKING,34.110864,-83.985438,35551,way,398341492
OSM-W398341495,Parking lot,PARKING,34.110194,-83.987004,10810,way,398341495
OSM-W398342393,Parking lot,PARKING,34.107714,-83.982695,2241,way,398342393
OSM-W398342394,Parking lot,PARKING,34.108819,-83.982618,20317,way,398342394
OSM-W398342395,Parking lot,PARKING,34.109746,-83.981801,7187,way,398342395
OSM-W398342396,Parking lot,PARKING,34.109877,-83.981297,6482,way,398342396
OSM-W398342398,Parking lot,PARKING,34.109837,-83.985437,3160,way,398342398
OSM-W398343474,Parking lot,PARKING,34.105112,-83.975004,535,way,398343474
OSM-W398344273,Parking lot,PARKING,34.097097,-83.965748,1456,way,398344273
OSM-W398346448,Parking lot,PARKING,34.098276,-83.979992,3674,way,398346448
OSM-W398346454,Parking lot,PARKING,34.096672,-83.979286,1180,way,398346454
OSM-W398346458,Parking lot,PARKING,34.097651,-83.980146,650,way,398346458
OSM-W398346628,Parking lot,PARKING,34.098196,-83.978472,1719,way,398346628
OSM-W398346629,Parking lot,PARKING,34.098686,-83.978457,1633,way,398346629
OSM-W398347114,Parking lot,PARKING,34.098976,-83.975288,1886,way,398347114
OSM-W398347343,Parking lot,PARKING,34.099996,-83.976271,2118,way,398347343
OSM-W398347345,Parking lot,PARKING,34.100362,-83.975593,1858,way,398347345
OSM-W398347997,Parking lot,PARKING,34.092674,-83.966798,1181,way,398347997
OSM-W398348863,Parking lot,PARKING,34.09044,-83.958163,4524,way,398348863
OSM-W398348871,Parking lot,PARKING,34.088791,-83.958187,5724,way,398348871
OSM-W398348872,Parking lot,PARKING,34.088897,-83.958037,5264,way,398348872
OSM-W398348873,Parking lot,PARKING,34.089171,-83.956923,4797,way,398348873
OSM-W398349691,Parking lot,PARKING,34.086706,-83.958227,2842,way,398349691
OSM-W398350303,Parking lot,PARKING,34.097494,-84.007144,3581,way,398350303
OSM-W398350304,Parking lot,PARKING,34.097987,-84.007402,3375,way,398350304
OSM-W398350602,Parking lot,PARKING,34.108749,-84.001765,2431,way,398350602
OSM-W398350604,Parking lot,PARKING,34.108741,-84.001244,1931,way,398350604
OSM-W398350607,Parking lot,PARKING,34.109295,-84.001563,483,way,398350607
OSM-W398350609,Parking lot,PARKING,34.109007,-84.001825,795,way,398350609
OSM-W398350897,Parking lot,PARKING,34.109289,-84.000908,566,way,398350897
OSM-W398351494,Parking lot,PARKING,34.10986,-84.00115,753,way,398351494
OSM-W398351495,Parking lot,PARKING,34.110124,-84.00068,3564,way,398351495
OSM-W398351496,Parking lot,PARKING,34.109686,-84.000869,1261,way,398351496
OSM-W398351497,Parking lot,PARKING,34.109914,-84.000419,690,way,398351497
OSM-W398351498,Parking lot,PARKING,34.109572,-84.000486,2294,way,398351498
OSM-W398352956,Parking lot,PARKING,34.111607,-84.002354,697,way,398352956
OSM-W398353322,Parking lot,PARKING,34.119458,-84.005225,512,way,398353322
OSM-W398353324,Parking lot,PARKING,34.119484,-84.005514,410,way,398353324
OSM-W398353555,Parking lot,PARKING,34.120518,-84.003991,465,way,398353555
OSM-W398353561,Parking lot,PARKING,34.120357,-84.003845,507,way,398353561
OSM-W398354094,Parking lot,PARKING,34.120335,-84.002126,2996,way,398354094
OSM-W398354095,Parking lot,PARKING,34.120217,-84.001468,1054,way,398354095
OSM-W398354096,Parking lot,PARKING,34.12018,-84.001356,1573,way,398354096
OSM-W398355965,Parking lot,PARKING,34.118249,-83.998506,1036,way,398355965
OSM-W398355985,Parking lot,PARKING,34.116081,-83.997866,5709,way,398355985
OSM-W398357522,Parking lot,PARKING,34.114297,-83.994263,661,way,398357522
OSM-W398357523,Parking lot,PARKING,34.114193,-83.994818,1398,way,398357523
OSM-W398357524,Parking lot,PARKING,34.113885,-83.994772,888,way,398357524
OSM-W398357526,Parking lot,PARKING,34.113475,-83.994115,1509,way,398357526
OSM-W398357527,Parking lot,PARKING,34.113759,-83.993708,3536,way,398357527
OSM-W398357528,Parking lot,PARKING,34.112911,-83.995017,11206,way,398357528
OSM-W398357529,Parking lot,PARKING,34.113368,-83.994931,2715,way,398357529
OSM-W398357530,Parking lot,PARKING,34.112818,-83.99551,2448,way,398357530
OSM-W398357531,Parking lot,PARKING,34.112464,-83.995758,3181,way,398357531
OSM-W398357532,Parking lot,PARKING,34.113084,-83.995912,1746,way,398357532
OSM-W398357540,Parking lot,PARKING,34.11365,-83.995346,1845,way,398357540
OSM-W398359008,Parking lot,PARKING,34.114387,-83.993376,3240,way,398359008
OSM-W398359226,Parking lot,PARKING,34.116085,-83.995676,3301,way,398359226
OSM-W398359317,Parking lot,PARKING,34.120395,-83.999774,425,way,398359317
OSM-W398359397,Parking lot,PARKING,34.120856,-83.999725,1292,way,398359397
OSM-W398359398,Parking lot,PARKING,34.120698,-84.000031,415,way,398359398
OSM-W398360361,Parking lot,PARKING,34.12905,-83.991704,14550,way,398360361
OSM-W398360362,Parking lot,PARKING,34.128799,-83.991572,13349,way,398360362
OSM-W398360367,Parking lot,PARKING,34.130665,-83.991138,3697,way,398360367
OSM-W398361263,Parking lot,PARKING,34.128928,-83.989678,7401,way,398361263
OSM-W398361264,Parking lot,PARKING,34.128498,-83.989713,7268,way,398361264
OSM-W398361271,Parking lot,PARKING,34.128078,-83.991198,11933,way,398361271
OSM-W398363053,Parking lot,PARKING,34.134037,-83.98885,17145,way,398363053
OSM-W398363949,Parking lot,PARKING,34.134392,-83.991543,25157,way,398363949
OSM-W398366000,Parking lot,PARKING,34.132855,-83.993126,474,way,398366000
OSM-W398366001,Parking lot,PARKING,34.132879,-83.992733,1038,way,398366001
OSM-W398366006,Parking lot,PARKING,34.132372,-83.993521,1305,way,398366006
OSM-W398368716,Parking lot,PARKING,34.131559,-83.985676,40156,way,398368716
OSM-W398368718,Parking lot,PARKING,34.131141,-83.987154,7325,way,398368718
OSM-W398368720,Parking lot,PARKING,34.132156,-83.987767,10642,way,398368720
OSM-W398368721,Parking lot,PARKING,34.133449,-83.985552,13325,way,398368721
OSM-W398368724,Parking lot,PARKING,34.132778,-83.984788,1512,way,398368724
OSM-W398368725,Parking lot,PARKING,34.132648,-83.987969,1521,way,398368725
OSM-W398368739,Bus Parking,PARKING,34.131095,-83.983966,8624,way,398368739
OSM-W398368750,Parking lot,PARKING,34.130747,-83.987755,9602,way,398368750
OSM-W398368753,Parking lot,PARKING,34.130168,-83.987569,2121,way,398368753
OSM-W398368769,Parking lot,PARKING,34.127218,-83.983352,5467,way,398368769
OSM-W398368770,Parking lot,PARKING,34.127511,-83.98374,945,way,398368770
OSM-W398368771,Parking lot,PARKING,34.126846,-83.98372,2070,way,398368771
OSM-W398371262,Parking lot,PARKING,34.134316,-83.996722,1485,way,398371262
OSM-W398371263,Parking lot,PARKING,34.134298,-83.995769,4237,way,398371263
OSM-W398371269,Parking lot,PARKING,34.134503,-83.994566,732,way,398371269
OSM-W398371998,Parking lot,PARKING,34.065905,-84.074591,3104,way,398371998
OSM-W398371999,Parking lot,PARKING,34.063887,-84.07579,1229,way,398371999
OSM-W398372000,Parking lot,PARKING,34.063749,-84.07623,924,way,398372000
OSM-W398372001,Parking lot,PARKING,34.063915,-84.076532,1731,way,398372001
OSM-W398372002,Parking lot,PARKING,34.064087,-84.076128,1329,way,398372002
OSM-W398372334,Parking lot,PARKING,34.054384,-84.085011,627,way,398372334
OSM-W398372336,Parking lot,PARKING,34.053625,-84.084233,2714,way,398372336
OSM-W398372337,Parking lot,PARKING,34.053729,-84.084578,735,way,398372337
OSM-W398372338,Parking lot,PARKING,34.053947,-84.084935,3079,way,398372338
OSM-W398372440,Parking lot,PARKING,34.053009,-84.086817,1068,way,398372440
OSM-W398372441,Parking lot,PARKING,34.0526,-84.087187,3666,way,398372441
OSM-W398372442,Parking lot,PARKING,34.0526,-84.086515,812,way,398372442
OSM-W398372697,Parking lot,PARKING,34.053259,-84.086439,807,way,398372697
OSM-W398388199,Parking lot,PARKING,34.042087,-84.096302,4891,way,398388199
OSM-W398388200,Parking lot,PARKING,34.042524,-84.095619,2370,way,398388200
OSM-W398388201,Parking lot,PARKING,34.04227,-84.095096,6032,way,398388201
OSM-W398388202,Parking lot,PARKING,34.041569,-84.095922,11986,way,398388202
OSM-W398388203,Parking lot,PARKING,34.041614,-84.095036,21744,way,398388203
OSM-W398388367,Parking lot,PARKING,34.040584,-84.096672,2079,way,398388367
OSM-W398388370,Parking lot,PARKING,34.040203,-84.097537,5507,way,398388370
OSM-W398390385,Parking lot,PARKING,34.145561,-84.073526,1797,way,398390385
OSM-W398390977,Parking lot,PARKING,34.131332,-84.069771,943,way,398390977
OSM-W398392971,Parking lot,PARKING,34.122961,-84.060679,1774,way,398392971
OSM-W398392981,Parking lot,PARKING,34.123871,-84.077459,810,way,398392981
OSM-W398393168,Parking lot,PARKING,34.116568,-84.076667,1143,way,398393168
OSM-W398395039,Parking lot,PARKING,34.10502,-84.071986,660,way,398395039
OSM-W398395041,Parking lot,PARKING,34.105307,-84.072461,1301,way,398395041
OSM-W398395053,Parking lot,PARKING,34.103208,-84.081645,2317,way,398395053
OSM-W398396520,Parking lot,PARKING,34.101911,-84.076207,2666,way,398396520
OSM-W398396521,Parking lot,PARKING,34.101964,-84.075713,1086,way,398396521
OSM-W398396522,Parking lot,PARKING,34.101575,-84.075882,567,way,398396522
OSM-W398396531,Parking lot,PARKING,34.093552,-84.077938,1612,way,398396531
OSM-W398396538,Parking lot,PARKING,34.088856,-84.081646,2406,way,398396538
OSM-W398396553,Parking lot,PARKING,34.084919,-84.086735,1893,way,398396553
OSM-W398520235,Parking lot,PARKING,34.150404,-83.974543,406,way,398520235
OSM-W398520243,Boat parking,PARKING,34.150668,-83.973717,1711,way,398520243
OSM-W398520245,Boat Parking,PARKING,34.150222,-83.974078,3879,way,398520245
OSM-W398520247,Boat Parking,PARKING,34.150672,-83.974534,1342,way,398520247
OSM-W398520248,Boat Parking,PARKING,34.150359,-83.97475,1548,way,398520248
OSM-W398521399,Parking lot,PARKING,34.146914,-83.969774,820,way,398521399
OSM-W398521401,Parking lot,PARKING,34.147347,-83.969514,1135,way,398521401
OSM-W398521402,Parking lot,PARKING,34.146981,-83.969433,1388,way,398521402
OSM-W398521403,Parking lot,PARKING,34.146953,-83.968899,3793,way,398521403
OSM-W398521551,Parking lot,PARKING,34.14515,-83.963816,1734,way,398521551
OSM-W398530825,Parking lot,PARKING,34.147151,-83.964185,484,way,398530825
OSM-W398530826,Parking lot,PARKING,34.147125,-83.963848,1122,way,398530826
OSM-W398530827,Parking lot,PARKING,34.147186,-83.963442,1209,way,398530827
OSM-W398530829,Parking lot,PARKING,34.147434,-83.963557,791,way,398530829
OSM-W398530832,Parking lot,PARKING,34.147211,-83.964244,494,way,398530832
OSM-W398530833,Parking lot,PARKING,34.147291,-83.964876,3236,way,398530833
OSM-W398530834,Parking lot,PARKING,34.147673,-83.965148,2324,way,398530834
OSM-W398530839,Parking lot,PARKING,34.146907,-83.965126,1750,way,398530839
OSM-W398530840,Parking lot,PARKING,34.14665,-83.965395,1091,way,398530840
OSM-W398530843,Parking lot,PARKING,34.147512,-83.96317,1622,way,398530843
OSM-W398530845,Parking lot,PARKING,34.147957,-83.96285,3237,way,398530845
OSM-W398531376,Parking lot,PARKING,34.147729,-83.963512,689,way,398531376
OSM-W398531378,Parking lot,PARKING,34.145626,-83.964979,1178,way,398531378
OSM-W398531382,Parking lot,PARKING,34.144904,-83.965804,6777,way,398531382
OSM-W398531384,Parking lot,PARKING,34.145326,-83.96587,435,way,398531384
OSM-W398531385,Parking lot,PARKING,34.145249,-83.966208,1503,way,398531385
OSM-W398532242,Parking lot,PARKING,34.143553,-83.966882,1015,way,398532242
OSM-W398532256,Parking lot,PARKING,34.142082,-83.96828,3406,way,398532256
OSM-W398533849,Parking lot,PARKING,34.139407,-83.970937,729,way,398533849
OSM-W398534286,Parking lot,PARKING,34.136936,-83.974688,674,way,398534286
OSM-W398544090,Parking lot,PARKING,34.131149,-83.971655,1088,way,398544090
OSM-W398544091,Parking lot,PARKING,34.130503,-83.971301,1118,way,398544091
OSM-W398544297,Parking lot,PARKING,34.131076,-83.97078,4081,way,398544297
OSM-W398544304,Parking lot,PARKING,34.130758,-83.969581,538,way,398544304
OSM-W398544457,Parking lot,PARKING,34.130199,-83.970225,1662,way,398544457
OSM-W398544458,Parking lot,PARKING,34.129899,-83.970271,1338,way,398544458
OSM-W398545234,Parking lot,PARKING,34.12939,-83.971539,6583,way,398545234
OSM-W398545240,Parking lot,PARKING,34.128683,-83.971586,3961,way,398545240
OSM-W398545241,Parking lot,PARKING,34.128359,-83.971157,561,way,398545241
OSM-W398545248,Parking lot,PARKING,34.129302,-83.970263,2994,way,398545248
OSM-W398545250,Parking lot,PARKING,34.130067,-83.972344,1710,way,398545250
OSM-W398545543,Parking lot,PARKING,34.132455,-83.978041,418,way,398545543
OSM-W398546014,Parking lot,PARKING,34.133143,-83.979581,567,way,398546014
OSM-W398546067,Parking lot,PARKING,34.133543,-83.979238,443,way,398546067
OSM-W398546068,Parking lot,PARKING,34.133522,-83.979561,896,way,398546068
OSM-W398546228,Parking lot,PARKING,34.133714,-83.979987,1358,way,398546228
OSM-W398546230,Parking lot,PARKING,34.13402,-83.980147,426,way,398546230
OSM-W398546231,Parking lot,PARKING,34.134179,-83.979878,1360,way,398546231
OSM-W398546576,Parking lot,PARKING,34.133341,-83.980355,723,way,398546576
OSM-W398546577,Parking lot,PARKING,34.133041,-83.980314,1136,way,398546577
OSM-W398546579,Parking lot,PARKING,34.132854,-83.980578,1023,way,398546579
OSM-W398546766,Parking lot,PARKING,34.13149,-83.97878,1425,way,398546766
OSM-W398561025,Parking lot,PARKING,34.130934,-83.978399,1637,way,398561025
OSM-W398561027,Parking lot,PARKING,34.130662,-83.978777,1084,way,398561027
OSM-W398561765,Parking lot,PARKING,34.127834,-83.977082,3761,way,398561765
OSM-W398575461,Parking lot,PARKING,34.128804,-83.982226,2745,way,398575461
OSM-W398575462,Parking lot,PARKING,34.124328,-83.988853,521,way,398575462
OSM-W398575463,Parking lot,PARKING,34.124041,-83.988427,3778,way,398575463
OSM-W398575464,Parking lot,PARKING,34.125139,-83.989056,2008,way,398575464
OSM-W398575465,Parking lot,PARKING,34.124696,-83.986555,1421,way,398575465
OSM-W398575466,Parking lot,PARKING,34.124612,-83.987266,2282,way,398575466
OSM-W398575467,Parking lot,PARKING,34.124341,-83.986066,18502,way,398575467
OSM-W398575468,Parking lot,PARKING,34.125254,-83.985644,12725,way,398575468
OSM-W398575469,Parking lot,PARKING,34.12589,-83.98574,2612,way,398575469
OSM-W398575470,Parking lot,PARKING,34.126804,-83.986732,1150,way,398575470
OSM-W398575471,Parking lot,PARKING,34.126691,-83.988667,7742,way,398575471
OSM-W398576646,Parking lot,PARKING,34.123593,-83.985651,758,way,398576646
OSM-W398576647,Parking lot,PARKING,34.123404,-83.985413,535,way,398576647
OSM-W398576648,Parking lot,PARKING,34.123175,-83.985487,617,way,398576648
OSM-W398576649,Parking lot,PARKING,34.122875,-83.984865,2972,way,398576649
OSM-W398580989,Parking lot,PARKING,34.12428,-83.984294,3742,way,398580989
OSM-W398580992,Parking lot,PARKING,34.124185,-83.983452,552,way,398580992
OSM-W398580993,Parking lot,PARKING,34.123738,-83.983863,3145,way,398580993
OSM-W398580995,Parking lot,PARKING,34.123061,-83.983894,1629,way,398580995
OSM-W398580996,Parking lot,PARKING,34.123177,-83.983382,3110,way,398580996
OSM-W398580997,Parking lot,PARKING,34.122481,-83.983921,2991,way,398580997
OSM-W398580998,Parking lot,PARKING,34.124011,-83.982804,466,way,398580998
OSM-W398581001,Parking lot,PARKING,34.123966,-83.983148,470,way,398581001
OSM-W398581003,Parking lot,PARKING,34.123534,-83.983398,1953,way,398581003
OSM-W398581008,Parking lot,PARKING,34.124552,-83.983014,523,way,398581008
OSM-W398581010,Parking lot,PARKING,34.124678,-83.983356,415,way,398581010
OSM-W398581012,Parking lot,PARKING,34.124616,-83.983537,546,way,398581012
OSM-W398581014,Parking lot,PARKING,34.125203,-83.983414,531,way,398581014
OSM-W398581015,Parking lot,PARKING,34.125088,-83.983597,409,way,398581015
OSM-W398581590,Parking lot,PARKING,34.125685,-83.983262,2696,way,398581590
OSM-W398581592,Parking lot,PARKING,34.125287,-83.982205,657,way,398581592
OSM-W398581597,Parking lot,PARKING,34.125713,-83.982583,553,way,398581597
OSM-W398581598,Parking lot,PARKING,34.126304,-83.982829,3090,way,398581598
OSM-W398748282,Parking lot,PARKING,34.054547,-84.068767,1178,way,398748282
OSM-W398755421,Parking lot,PARKING,34.057252,-84.071282,496,way,398755421
OSM-W398755422,Parking lot,PARKING,34.05141,-84.073804,2374,way,398755422
OSM-W398755423,Parking lot,PARKING,34.051631,-84.073776,2631,way,398755423
OSM-W398755428,Parking lot,PARKING,34.037205,-84.098026,6105,way,398755428
OSM-W398755429,Parking lot,PARKING,34.037746,-84.098019,1642,way,398755429
OSM-W398770450,Parking lot,PARKING,34.146504,-83.954777,570,way,398770450
OSM-W398770451,Parking lot,PARKING,34.146737,-83.954094,2880,way,398770451
OSM-W398770452,Parking lot,PARKING,34.146837,-83.953606,1545,way,398770452
OSM-W398770453,Parking lot,PARKING,34.147088,-83.953422,1699,way,398770453
OSM-W398770454,Parking lot,PARKING,34.146018,-83.953506,3432,way,398770454
OSM-W398770455,Parking lot,PARKING,34.146444,-83.95329,1010,way,398770455
OSM-W398770456,Parking lot,PARKING,34.146032,-83.952942,2144,way,398770456
OSM-W398770457,Parking lot,PARKING,34.145845,-83.954242,1067,way,398770457
OSM-W398770458,Parking lot,PARKING,34.145466,-83.953923,677,way,398770458
OSM-W398770892,Parking lot,PARKING,34.147477,-83.952892,1269,way,398770892
OSM-W398771400,Parking lot,PARKING,34.148093,-83.953346,4626,way,398771400
OSM-W398771405,Parking lot,PARKING,34.147556,-83.953766,756,way,398771405
OSM-W398771414,Parking lot,PARKING,34.146624,-83.955394,687,way,398771414
OSM-W398772680,Parking lot,PARKING,34.145641,-83.956285,925,way,398772680
OSM-W398772681,Parking lot,PARKING,34.145955,-83.956085,960,way,398772681
OSM-W398772682,Parking lot,PARKING,34.146414,-83.956913,1123,way,398772682
OSM-W398773786,Parking lot,PARKING,34.143877,-83.951887,3954,way,398773786
OSM-W398773788,Parking lot,PARKING,34.143852,-83.952393,997,way,398773788
OSM-W398773790,Parking lot,PARKING,34.1443,-83.951812,5052,way,398773790
OSM-W398775323,Parking lot,PARKING,34.144265,-83.950578,6282,way,398775323
OSM-W398775548,Parking lot,PARKING,34.144717,-83.949385,7511,way,398775548
OSM-W398775691,Parking lot,PARKING,34.143687,-83.95017,5540,way,398775691
OSM-W398775693,Parking lot,PARKING,34.143761,-83.949407,1582,way,398775693
OSM-W398776372,Parking lot,PARKING,34.134094,-83.940792,3138,way,398776372
OSM-W398777464,Parking lot,PARKING,34.134045,-83.934427,1400,way,398777464
OSM-W398777465,Parking lot,PARKING,34.134404,-83.934672,482,way,398777465
OSM-W398779115,Parking lot,PARKING,34.135223,-83.934645,613,way,398779115
OSM-W398779116,Parking lot,PARKING,34.135353,-83.935097,651,way,398779116
OSM-W398779119,Parking lot,PARKING,34.133803,-83.941867,482,way,398779119
OSM-W398779847,Parking lot,PARKING,34.145735,-83.959642,658,way,398779847
OSM-W398779848,Parking lot,PARKING,34.145977,-83.959145,3977,way,398779848
OSM-W398786549,Parking lot,PARKING,34.15097,-83.957215,8617,way,398786549
OSM-W398786558,Parking lot,PARKING,34.151522,-83.954982,5464,way,398786558
OSM-W398786560,Parking lot,PARKING,34.151878,-83.953765,10834,way,398786560
OSM-W398810319,Parking lot,PARKING,34.285761,-83.841798,1992,way,398810319
OSM-W398916318,Parking lot,PARKING,34.285839,-83.840773,956,way,398916318
OSM-W398916319,Parking lot,PARKING,34.28612,-83.840849,663,way,398916319
OSM-W398917044,Parking lot,PARKING,34.287119,-83.840162,973,way,398917044
OSM-W398917046,Parking lot,PARKING,34.287002,-83.840588,1500,way,398917046
OSM-W398917047,Parking lot,PARKING,34.287391,-83.840558,655,way,398917047
OSM-W398917056,Parking lot,PARKING,34.28738,-83.839351,9227,way,398917056
OSM-W398917755,Parking lot,PARKING,34.286327,-83.839584,470,way,398917755
OSM-W398917757,Parking lot,PARKING,34.286418,-83.839021,1533,way,398917757
OSM-W398917761,Parking lot,PARKING,34.286149,-83.838604,558,way,398917761
OSM-W398918401,Parking lot,PARKING,34.285241,-83.838752,4259,way,398918401
OSM-W398918404,Parking lot,PARKING,34.284573,-83.838916,1169,way,398918404
OSM-W399082147,Parking lot,PARKING,34.287612,-83.840537,795,way,399082147
OSM-W399082150,Parking lot,PARKING,34.29092,-83.842059,2282,way,399082150
OSM-W399082152,Parking lot,PARKING,34.290494,-83.842259,796,way,399082152
OSM-W399082157,Parking lot,PARKING,34.290364,-83.841837,418,way,399082157
OSM-W399207585,Parking lot,PARKING,34.181126,-83.909047,61585,way,399207585
OSM-W399207586,Parking lot,PARKING,34.179712,-83.910189,63105,way,399207586
OSM-W399207587,Parking lot,PARKING,34.179089,-83.909602,38276,way,399207587
OSM-W399207588,Parking lot,PARKING,34.178617,-83.911184,2215,way,399207588
OSM-W399207589,Parking lot,PARKING,34.179003,-83.911517,548,way,399207589
OSM-W399207590,Parking lot,PARKING,34.178033,-83.910555,1424,way,399207590
OSM-W399209626,Parking lot,PARKING,34.177884,-83.910807,596,way,399209626
OSM-W399209628,Parking lot,PARKING,34.177682,-83.911157,952,way,399209628
OSM-W399213306,Parking lot,PARKING,34.177623,-83.911018,607,way,399213306
OSM-W399213308,Parking lot,PARKING,34.177325,-83.911121,569,way,399213308
OSM-W399213310,Parking lot,PARKING,34.177548,-83.910714,1678,way,399213310
OSM-W399213311,Parking lot,PARKING,34.177112,-83.910663,1496,way,399213311
OSM-W399213318,Parking lot,PARKING,34.176962,-83.909896,3885,way,399213318
OSM-W399229693,Parking lot,PARKING,34.178414,-83.911404,1834,way,399229693
OSM-W399229694,Parking lot,PARKING,34.178237,-83.911483,1219,way,399229694
OSM-W399229695,Parking lot,PARKING,34.17825,-83.911985,1467,way,399229695
OSM-W399229697,Parking lot,PARKING,34.17796,-83.911517,953,way,399229697
OSM-W399229698,Parking lot,PARKING,34.177912,-83.911871,2894,way,399229698
OSM-W399229903,Parking lot,PARKING,34.177724,-83.912878,1000,way,399229903
OSM-W399230846,Parking lot,PARKING,34.177429,-83.912232,426,way,399230846
OSM-W399230945,Parking lot,PARKING,34.174236,-83.912102,2401,way,399230945
OSM-W399231060,Parking lot,PARKING,34.175028,-83.910633,1240,way,399231060
OSM-W399231061,Parking lot,PARKING,34.17525,-83.910475,1079,way,399231061
OSM-W399232082,Parking lot,PARKING,34.176573,-83.911303,13191,way,399232082
OSM-W399232083,Parking lot,PARKING,34.175945,-83.911441,1305,way,399232083
OSM-W399232441,Parking lot,PARKING,34.176223,-83.912798,874,way,399232441
OSM-W399232444,Parking lot,PARKING,34.176819,-83.912792,827,way,399232444
OSM-W399258794,Parking lot,PARKING,34.220116,-83.862727,941,way,399258794
OSM-W399258796,Parking lot,PARKING,34.219719,-83.862588,489,way,399258796
OSM-W399259484,Parking lot,PARKING,34.216414,-83.871203,842,way,399259484
OSM-W399259485,Parking lot,PARKING,34.216415,-83.871576,1357,way,399259485
OSM-W399259486,Parking lot,PARKING,34.216013,-83.871636,2298,way,399259486
OSM-W399259488,Parking lot,PARKING,34.216322,-83.872021,2188,way,399259488
OSM-W399283743,Parking lot,PARKING,34.216793,-83.872308,795,way,399283743
OSM-W399283745,Parking lot,PARKING,34.216512,-83.872002,2179,way,399283745
OSM-W399284390,Parking lot,PARKING,34.215937,-83.872747,843,way,399284390
OSM-W399284392,Parking lot,PARKING,34.215605,-83.872635,950,way,399284392
OSM-W399284726,Parking lot,PARKING,34.215834,-83.873442,6210,way,399284726
OSM-W399285436,Parking lot,PARKING,34.216839,-83.874878,2534,way,399285436
OSM-W399285437,Parking lot,PARKING,34.216021,-83.874457,4754,way,399285437
OSM-W399285641,Parking lot,PARKING,34.213774,-83.888963,1662,way,399285641
OSM-W399285642,Parking lot,PARKING,34.213798,-83.888073,7942,way,399285642
OSM-W399286123,Parking lot,PARKING,34.215971,-83.889296,16031,way,399286123
OSM-W399286128,Parking lot,PARKING,34.217651,-83.891521,443,way,399286128
OSM-W399286129,Parking lot,PARKING,34.217425,-83.890485,3076,way,399286129
OSM-W399286194,Parking lot,PARKING,34.21808,-83.891091,528,way,399286194
OSM-W399287362,Parking lot,PARKING,34.217736,-83.88594,481,way,399287362
OSM-W399289818,Parking lot,PARKING,34.216377,-83.873043,2227,way,399289818
OSM-W399289819,Parking lot,PARKING,34.216364,-83.873559,1508,way,399289819
OSM-W399291454,Parking lot,PARKING,34.217094,-83.873233,1199,way,399291454
OSM-W399291659,Parking lot,PARKING,34.215288,-83.87237,532,way,399291659
OSM-W399291824,Parking lot,PARKING,34.216008,-83.870662,968,way,399291824
OSM-W399292439,Parking lot,PARKING,34.218575,-83.867263,4078,way,399292439
OSM-W399294236,Parking lot,PARKING,34.191848,-83.89786,2879,way,399294236
OSM-W399294245,Parking lot,PARKING,34.192223,-83.896634,705,way,399294245
OSM-W399294247,Parking lot,PARKING,34.191841,-83.896877,763,way,399294247
OSM-W399294274,Parking lot,PARKING,34.192826,-83.899016,2852,way,399294274
OSM-W399301381,Parking lot,PARKING,34.208277,-83.908258,5573,way,399301381
OSM-W399301383,Parking lot,PARKING,34.207407,-83.908836,5471,way,399301383
OSM-W399301970,Parking lot,PARKING,34.21093,-83.909486,636,way,399301970
OSM-W399301971,Parking lot,PARKING,34.21092,-83.90921,674,way,399301971
OSM-W399301973,Parking lot,PARKING,34.210443,-83.910028,444,way,399301973
OSM-W399301974,Parking lot,PARKING,34.210567,-83.910251,1153,way,399301974
OSM-W399301975,Parking lot,PARKING,34.210853,-83.910001,553,way,399301975
OSM-W399306589,Parking lot,PARKING,34.213356,-83.917519,5033,way,399306589
OSM-W399307572,Parking lot,PARKING,34.211897,-83.916232,2677,way,399307572
OSM-W399307573,Parking lot,PARKING,34.212455,-83.916622,3703,way,399307573
OSM-W399307576,Parking lot,PARKING,34.211883,-83.914859,5345,way,399307576
OSM-W399307896,Parking lot,PARKING,34.211394,-83.914154,6532,way,399307896
OSM-W399308652,Parking lot,PARKING,34.210442,-83.914302,1255,way,399308652
OSM-W399308920,Parking lot,PARKING,34.211982,-83.917874,969,way,399308920
OSM-W399448623,Parking lot,PARKING,34.026896,-84.100389,7937,way,399448623
OSM-W399485568,Parking lot,PARKING,34.262819,-83.820589,5200,way,399485568
OSM-W399485571,Parking lot,PARKING,34.262716,-83.819918,1138,way,399485571
OSM-W399494180,Parking lot,PARKING,34.307953,-83.806902,6408,way,399494180
OSM-W399494183,Parking lot,PARKING,34.307523,-83.806903,3568,way,399494183
OSM-W399494185,Parking lot,PARKING,34.307866,-83.807649,5500,way,399494185
OSM-W399494191,Parking lot,PARKING,34.308335,-83.807753,4347,way,399494191
OSM-W399494195,Parking lot,PARKING,34.308697,-83.807834,1291,way,399494195
OSM-W399519797,Parking lot,PARKING,34.263344,-83.820096,535,way,399519797
OSM-W399519818,Parking lot,PARKING,34.26963,-83.822189,1055,way,399519818
OSM-W399519822,Parking lot,PARKING,34.269152,-83.821978,5014,way,399519822
OSM-W399519912,Parking lot,PARKING,34.270199,-83.826044,8911,way,399519912
OSM-W399520095,Parking lot,PARKING,34.26959,-83.828041,12092,way,399520095
OSM-W399520447,Parking lot,PARKING,34.26837,-83.826903,2656,way,399520447
OSM-W399520448,Parking lot,PARKING,34.2685,-83.828407,6856,way,399520448
OSM-W399520483,Parking lot,PARKING,34.266177,-83.830579,20165,way,399520483
OSM-W399524691,Parking lot,PARKING,34.26724,-83.830624,5754,way,399524691
OSM-W399524692,Parking lot,PARKING,34.267942,-83.830364,836,way,399524692
OSM-W399524694,Parking lot,PARKING,34.268323,-83.829355,2040,way,399524694
OSM-W399636104,Parking lot,PARKING,34.11854,-83.998206,581,way,399636104
OSM-W399658899,Parking lot,PARKING,34.144008,-84.044418,786,way,399658899
OSM-W399658909,Parking lot,PARKING,34.147403,-84.043171,1735,way,399658909
OSM-W399662485,Parking lot,PARKING,34.14314,-84.000303,4459,way,399662485
OSM-W399662498,Parking lot,PARKING,34.139862,-83.998752,2162,way,399662498
OSM-W400404476,Parking lot,PARKING,34.080975,-84.039721,895,way,400404476
OSM-W400408827,Chevron,FUEL_STATION,34.086731,-84.023215,734,way,400408827
OSM-W400408836,Parking lot,PARKING,34.086605,-84.023053,487,way,400408836
OSM-W400409930,Parking lot,PARKING,34.106545,-84.002336,862,way,400409930
OSM-W400412040,Parking lot,PARKING,34.071826,-84.054896,647,way,400412040
OSM-W400421128,Parking lot,PARKING,34.072079,-84.052316,7473,way,400421128
OSM-W400421129,Parking lot,PARKING,34.073084,-84.051507,7977,way,400421129
OSM-W400592672,Parking lot,PARKING,34.103477,-84.039408,1425,way,400592672
OSM-W400592674,Parking lot,PARKING,34.103083,-84.039033,572,way,400592674
OSM-W400592720,Parking lot,PARKING,34.102988,-84.039561,4342,way,400592720
OSM-W400592724,Parking lot,PARKING,34.103331,-84.040013,1535,way,400592724
OSM-W400593169,Parking lot,PARKING,34.100364,-84.018386,3409,way,400593169
OSM-W400593967,Parking lot,PARKING,34.099873,-84.017441,14411,way,400593967
OSM-W400617441,Parking lot,PARKING,34.369889,-84.022066,1391,way,400617441
OSM-W400786991,Parking lot,PARKING,34.125041,-84.075508,477,way,400786991
OSM-W400786994,Parking lot,PARKING,34.125519,-84.074453,705,way,400786994
OSM-W400786995,Parking lot,PARKING,34.125677,-84.073994,1028,way,400786995
OSM-W400788129,Parking lot,PARKING,34.126116,-84.074982,493,way,400788129
OSM-W400855621,Parking lot,PARKING,34.078965,-83.983474,16085,way,400855621
OSM-W400855622,Parking lot,PARKING,34.078052,-83.982772,1241,way,400855622
OSM-W400861781,Parking lot,PARKING,34.078041,-83.983413,39978,way,400861781
OSM-W400861782,Parking lot,PARKING,34.078267,-83.983545,3300,way,400861782
OSM-W400861783,Parking lot,PARKING,34.076765,-83.983207,2390,way,400861783
OSM-W400908257,Parking lot,PARKING,34.079518,-83.985012,4165,way,400908257
OSM-W400908258,Parking lot,PARKING,34.079889,-83.984909,962,way,400908258
OSM-W400908259,Parking lot,PARKING,34.079476,-83.984478,2407,way,400908259
OSM-W400908260,Parking lot,PARKING,34.079857,-83.984363,557,way,400908260
OSM-W400909793,Parking lot,PARKING,34.078929,-83.985705,10061,way,400909793
OSM-W400909798,Parking lot,PARKING,34.078295,-83.986632,4712,way,400909798
OSM-W400909801,Parking lot,PARKING,34.078207,-83.984907,5467,way,400909801
OSM-W400909858,Parking lot,PARKING,34.069473,-83.98637,740,way,400909858
OSM-W400910609,Parking lot,PARKING,34.06197,-83.99251,650,way,400910609
OSM-W400910610,Parking lot,PARKING,34.061836,-83.993027,697,way,400910610
OSM-W400910611,Parking lot,PARKING,34.061638,-83.992739,1385,way,400910611
OSM-W400912328,Parking lot,PARKING,34.104611,-84.019515,10247,way,400912328
OSM-W400912329,Parking lot,PARKING,34.105631,-84.019256,2072,way,400912329
OSM-W400912448,Parking lot,PARKING,34.10403,-84.019242,3105,way,400912448
OSM-W400912450,Parking lot,PARKING,34.102401,-84.015911,17893,way,400912450
OSM-W400912573,Parking lot,PARKING,34.102437,-84.015322,927,way,400912573
OSM-W400912574,Parking lot,PARKING,34.102444,-84.014409,10927,way,400912574
OSM-W400912575,Parking lot,PARKING,34.10195,-84.015003,494,way,400912575
OSM-W400912577,Parking lot,PARKING,34.101401,-84.01442,540,way,400912577
OSM-W400912578,Parking lot,PARKING,34.101455,-84.013495,5479,way,400912578
OSM-W400912579,Parking lot,PARKING,34.101679,-84.015761,4031,way,400912579
OSM-W400912581,Parking lot,PARKING,34.101125,-84.015928,3051,way,400912581
OSM-W400912582,Parking lot,PARKING,34.101143,-84.015236,3156,way,400912582
OSM-W400912583,Parking lot,PARKING,34.101232,-84.016596,1071,way,400912583
OSM-W400912584,Parking lot,PARKING,34.101145,-84.016192,1783,way,400912584
OSM-W400984643,Parking lot,PARKING,34.098845,-84.014664,15649,way,400984643
OSM-W400985704,Parking lot,PARKING,34.092373,-84.010886,2630,way,400985704
OSM-W400985706,Parking lot,PARKING,34.092057,-84.011307,2029,way,400985706
OSM-W400985710,Parking lot,PARKING,34.091841,-84.010291,502,way,400985710
OSM-W400986884,Parking lot,PARKING,34.079116,-83.98911,28434,way,400986884
OSM-W400986885,Parking lot,PARKING,34.079594,-83.987955,3040,way,400986885
OSM-W400986886,Parking lot,PARKING,34.079523,-83.98755,1866,way,400986886
OSM-W400986887,Parking lot,PARKING,34.079964,-83.986946,2189,way,400986887
OSM-W400986888,Parking lot,PARKING,34.080223,-83.986758,1712,way,400986888
OSM-W400986890,Parking lot,PARKING,34.080378,-83.987129,809,way,400986890
OSM-W400986891,Parking lot,PARKING,34.080725,-83.987232,465,way,400986891
OSM-W400986983,Parking lot,PARKING,34.067711,-83.985821,1387,way,400986983
OSM-W400986984,Parking lot,PARKING,34.06811,-83.985772,3183,way,400986984
OSM-W400986985,Parking lot,PARKING,34.067485,-83.985971,602,way,400986985
OSM-W400986987,Parking lot,PARKING,34.067191,-83.985944,1070,way,400986987
OSM-W400988259,Parking lot,PARKING,34.062702,-83.988952,760,way,400988259
OSM-W400988260,Parking lot,PARKING,34.063083,-83.988824,2098,way,400988260
OSM-W400988500,Parking lot,PARKING,34.058856,-83.997717,1404,way,400988500
OSM-W400988501,Parking lot,PARKING,34.058832,-83.998386,2245,way,400988501
OSM-W400988637,Parking lot,PARKING,34.059269,-83.997456,1032,way,400988637
OSM-W400994860,Parking lot,PARKING,34.07367,-83.980758,603,way,400994860
OSM-W400996800,Parking lot,PARKING,34.094476,-83.998789,1054,way,400996800
OSM-W400996802,Parking lot,PARKING,34.094239,-83.99893,586,way,400996802
OSM-W400996804,Parking lot,PARKING,34.094605,-83.999133,1828,way,400996804
OSM-W400996812,Parking lot,PARKING,34.095168,-83.998982,656,way,400996812
OSM-W400996824,Parking lot,PARKING,34.095042,-83.997479,2155,way,400996824
OSM-W400996826,Parking lot,PARKING,34.095326,-83.997127,1448,way,400996826
OSM-W400996833,Parking lot,PARKING,34.095934,-83.997414,4389,way,400996833
OSM-W400996841,Parking lot,PARKING,34.095485,-83.998491,3973,way,400996841
OSM-W400996847,Parking lot,PARKING,34.094673,-83.99833,1631,way,400996847
OSM-W400997713,Parking lot,PARKING,34.097175,-84.000682,3163,way,400997713
OSM-W400997714,Parking lot,PARKING,34.097603,-84.000929,716,way,400997714
OSM-W400997715,Parking lot,PARKING,34.097778,-84.000635,2122,way,400997715
OSM-W400997716,Parking lot,PARKING,34.097328,-83.999343,6779,way,400997716
OSM-W400997777,Parking lot,PARKING,34.096202,-84.000216,504,way,400997777
OSM-W400997812,Parking lot,PARKING,34.095863,-83.999969,1718,way,400997812
OSM-W400997813,Parking lot,PARKING,34.096087,-83.999609,2033,way,400997813
OSM-W400998113,Parking lot,PARKING,34.095734,-83.999232,3188,way,400998113
OSM-W400998455,Parking lot,PARKING,34.094818,-83.998728,1147,way,400998455
OSM-W401034974,Parking lot,PARKING,34.126028,-84.015041,3807,way,401034974
OSM-W401035335,Parking lot,PARKING,34.131604,-84.00506,542,way,401035335
OSM-W401035337,Parking lot,PARKING,34.131757,-84.00404,988,way,401035337
OSM-W401036055,Parking lot,PARKING,34.143637,-83.984095,457,way,401036055
OSM-W401036110,Parking lot,PARKING,34.144597,-83.981282,404,way,401036110
OSM-W401180248,Parking lot,PARKING,34.110762,-84.021936,428,way,401180248
OSM-W401180249,Parking lot,PARKING,34.110529,-84.022393,414,way,401180249
OSM-W401180250,Parking lot,PARKING,34.111368,-84.022328,486,way,401180250
OSM-W401180251,Parking lot,PARKING,34.111033,-84.022841,420,way,401180251
OSM-W401180252,Parking lot,PARKING,34.111562,-84.022924,930,way,401180252
OSM-W401194866,Parking lot,PARKING,34.115936,-84.010936,583,way,401194866
OSM-W401197630,Parking lot,PARKING,34.117086,-84.009831,1238,way,401197630
OSM-W401202885,Parking lot,PARKING,34.110129,-84.003922,482,way,401202885
OSM-W401202886,Parking lot,PARKING,34.109854,-84.003954,540,way,401202886
OSM-W401202887,Parking lot,PARKING,34.109796,-84.004261,814,way,401202887
OSM-W401202889,Parking lot,PARKING,34.109746,-84.003686,502,way,401202889
OSM-W401202890,Parking lot,PARKING,34.109585,-84.003445,1031,way,401202890
OSM-W401202891,Parking lot,PARKING,34.109361,-84.003851,1647,way,401202891
OSM-W401239079,Parking lot,PARKING,34.142598,-83.957746,832,way,401239079
OSM-W401240797,Parking lot,PARKING,34.142326,-83.957932,588,way,401240797
OSM-W401240798,Parking lot,PARKING,34.141838,-83.958626,6337,way,401240798
OSM-W401240799,Parking lot,PARKING,34.141291,-83.959659,4827,way,401240799
OSM-W401240801,Parking lot,PARKING,34.141883,-83.959894,505,way,401240801
OSM-W401240855,Parking lot,PARKING,34.142063,-83.957585,3425,way,401240855
OSM-W401240856,Parking lot,PARKING,34.141656,-83.958336,1488,way,401240856
OSM-W401240857,Parking lot,PARKING,34.141143,-83.958921,2646,way,401240857
OSM-W401241512,Parking lot,PARKING,34.140583,-83.960331,2949,way,401241512
OSM-W401242146,Parking lot,PARKING,34.140201,-83.961189,728,way,401242146
OSM-W401242147,Parking lot,PARKING,34.140796,-83.961111,4982,way,401242147
OSM-W401242149,Parking lot,PARKING,34.139981,-83.961837,1285,way,401242149
OSM-W401242152,Parking lot,PARKING,34.139629,-83.962548,1722,way,401242152
OSM-W401242156,Parking lot,PARKING,34.140028,-83.962751,1509,way,401242156
OSM-W401242157,Parking lot,PARKING,34.140144,-83.963139,1170,way,401242157
OSM-W401242181,Parking lot,PARKING,34.139367,-83.961998,1166,way,401242181
OSM-W401242235,Parking lot,PARKING,34.139253,-83.962738,455,way,401242235
OSM-W401242458,Parking lot,PARKING,34.139115,-83.964026,681,way,401242458
OSM-W401242515,Parking lot,PARKING,34.138904,-83.964327,754,way,401242515
OSM-W401412402,Parking lot,PARKING,34.2856,-83.84195,423,way,401412402
OSM-W401412508,Parking lot,PARKING,34.286571,-83.838507,959,way,401412508
OSM-W401413304,Parking lot,PARKING,34.000358,-84.071283,4273,way,401413304
OSM-W401413306,Parking lot,PARKING,34.000348,-84.070639,403,way,401413306
OSM-W401413308,Parking lot,PARKING,33.999868,-84.07082,565,way,401413308
OSM-W401413309,Parking lot,PARKING,33.99993,-84.0703,1124,way,401413309
OSM-W401413310,Parking lot,PARKING,33.999729,-84.070039,894,way,401413310
OSM-W401413311,Parking lot,PARKING,33.999965,-84.069816,425,way,401413311
OSM-W401413312,Parking lot,PARKING,34.000176,-84.069972,739,way,401413312
OSM-W401414766,Parking lot,PARKING,33.988461,-84.088163,1258,way,401414766
OSM-W401414767,Parking lot,PARKING,33.988286,-84.087621,5767,way,401414767
OSM-W401415112,Parking lot,PARKING,34.000975,-84.069898,1794,way,401415112
OSM-W401417435,Parking lot,PARKING,33.999784,-84.068547,1642,way,401417435
OSM-W401418041,Parking lot,PARKING,33.999132,-84.068526,25449,way,401418041
OSM-W401418250,Parking lot,PARKING,33.999858,-84.067783,1070,way,401418250
OSM-W401418251,Parking lot,PARKING,33.999648,-84.067578,1029,way,401418251
OSM-W401418254,Parking lot,PARKING,33.998397,-84.067309,1241,way,401418254
OSM-W401418255,Parking lot,PARKING,33.99835,-84.068957,1484,way,401418255
OSM-W401418256,Parking lot,PARKING,33.998617,-84.069693,2778,way,401418256
OSM-W401418257,Parking lot,PARKING,33.999099,-84.070259,434,way,401418257
OSM-W401418733,Parking lot,PARKING,33.998254,-84.070365,1434,way,401418733
OSM-W401419259,Parking lot,PARKING,34.002217,-84.065798,13160,way,401419259
OSM-W401419266,Parking lot,PARKING,34.003244,-84.065729,3100,way,401419266
OSM-W401419268,Parking lot,PARKING,34.002922,-84.066464,3490,way,401419268
OSM-W401419270,Parking lot,PARKING,34.002506,-84.067005,1976,way,401419270
OSM-W401420648,Parking lot,PARKING,34.000695,-84.066405,2108,way,401420648
OSM-W401420649,Parking lot,PARKING,34.000233,-84.066515,964,way,401420649
OSM-W401420650,Parking lot,PARKING,34.000356,-84.066114,1528,way,401420650
OSM-W401420659,Parking lot,PARKING,33.998871,-84.071652,15001,way,401420659
OSM-W401420660,Parking lot,PARKING,33.998497,-84.072632,7374,way,401420660
OSM-W401420661,Parking lot,PARKING,33.998088,-84.071996,477,way,401420661
OSM-W401420662,Parking lot,PARKING,33.99855,-84.073753,663,way,401420662
OSM-W401420663,Parking lot,PARKING,33.997557,-84.073253,28344,way,401420663
OSM-W401424733,Parking lot,PARKING,33.996311,-84.067894,403,way,401424733
OSM-W401424734,Parking lot,PARKING,33.996472,-84.075942,2389,way,401424734
OSM-W401424735,Parking lot,PARKING,33.996151,-84.07537,10111,way,401424735
OSM-W401424736,Parking lot,PARKING,33.995876,-84.074338,11601,way,401424736
OSM-W401424737,Parking lot,PARKING,33.995405,-84.07585,14398,way,401424737
OSM-W401424738,Parking lot,PARKING,33.994918,-84.074913,6403,way,401424738
OSM-W401424739,Parking lot,PARKING,33.994558,-84.074726,1903,way,401424739
OSM-W401424740,Parking lot,PARKING,33.994824,-84.073484,22790,way,401424740
OSM-W401424741,Parking lot,PARKING,33.995576,-84.072717,3322,way,401424741
OSM-W401424742,Parking lot,PARKING,33.995377,-84.073768,8924,way,401424742
OSM-W401426440,Parking lot,PARKING,33.993114,-84.075338,1263,way,401426440
OSM-W401426441,Parking lot,PARKING,33.993031,-84.076148,10735,way,401426441
OSM-W401426443,Parking lot,PARKING,33.992283,-84.077092,3944,way,401426443
OSM-W401427836,Parking lot,PARKING,33.994003,-84.077189,34461,way,401427836
OSM-W401428110,Parking lot,PARKING,33.991907,-84.079035,112284,way,401428110
OSM-W401429403,Parking lot,PARKING,33.978789,-84.085956,1584,way,401429403
OSM-W401429404,Parking lot,PARKING,33.979579,-84.085814,12467,way,401429404
OSM-W401431885,Parking lot,PARKING,33.98733,-84.080959,1068,way,401431885
OSM-W401431886,Parking lot,PARKING,33.987426,-84.080407,2092,way,401431886
OSM-W401431887,Parking lot,PARKING,33.986951,-84.080495,4244,way,401431887
OSM-W401431890,Parking lot,PARKING,33.987226,-84.079887,602,way,401431890
OSM-W401431891,Parking lot,PARKING,33.987632,-84.080284,3757,way,401431891
OSM-W401431893,Parking lot,PARKING,33.988102,-84.080308,7220,way,401431893
OSM-W401431894,Parking lot,PARKING,33.987713,-84.079667,478,way,401431894
OSM-W401431895,Parking lot,PARKING,33.988135,-84.079667,1004,way,401431895
OSM-W401433548,Parking lot,PARKING,33.991574,-84.085406,2935,way,401433548
OSM-W401433549,Parking lot,PARKING,33.991992,-84.085425,663,way,401433549
OSM-W401433550,Parking lot,PARKING,33.991954,-84.084989,1065,way,401433550
OSM-W401433551,Parking lot,PARKING,33.991794,-84.084609,1562,way,401433551
OSM-W401433552,Parking lot,PARKING,33.991447,-84.084713,622,way,401433552
OSM-W401435333,Parking lot,PARKING,33.9906,-84.085078,4779,way,401435333
OSM-W401435334,Parking lot,PARKING,33.990015,-84.084802,3836,way,401435334
OSM-W401435335,Parking lot,PARKING,33.990002,-84.085492,521,way,401435335
OSM-W401435336,Parking lot,PARKING,33.989623,-84.085358,5051,way,401435336
OSM-W401435346,Parking lot,PARKING,33.98942,-84.087124,1314,way,401435346
OSM-W401435347,Parking lot,PARKING,33.989584,-84.086776,976,way,401435347
OSM-W401435348,Parking lot,PARKING,33.989763,-84.087155,795,way,401435348
OSM-W401435349,Parking lot,PARKING,33.989915,-84.086205,4856,way,401435349
OSM-W401435352,Parking lot,PARKING,33.990371,-84.086829,907,way,401435352
OSM-W401435353,Parking lot,PARKING,33.990542,-84.086506,582,way,401435353
OSM-W401435358,Parking lot,PARKING,33.991318,-84.086159,5263,way,401435358
OSM-W401435361,Parking lot,PARKING,33.99094,-84.085659,4848,way,401435361
OSM-W401439995,Parking lot,PARKING,33.986952,-84.092008,20736,way,401439995
OSM-W401441788,Parking lot,PARKING,33.989775,-84.095028,1015,way,401441788
OSM-W401441795,Parking lot,PARKING,33.992473,-84.094941,12540,way,401441795
OSM-W401441824,Parking lot,PARKING,33.995094,-84.093613,102691,way,401441824
OSM-W401442608,Parking lot,PARKING,33.994366,-84.092479,42798,way,401442608
OSM-W401444679,Disabled Parking,PARKING,33.992845,-84.093726,3252,way,401444679
OSM-W401455997,Parking lot,PARKING,33.987898,-84.088038,1691,way,401455997
OSM-W401455999,Parking lot,PARKING,33.987584,-84.088289,840,way,401455999
OSM-W401456000,Parking lot,PARKING,33.987572,-84.087934,774,way,401456000
OSM-W401459394,Parking lot,PARKING,33.984709,-84.097971,81778,way,401459394
OSM-W401461227,Parking lot,PARKING,33.985135,-84.096694,2042,way,401461227
OSM-W401461236,Parking lot,PARKING,33.986095,-84.098777,10332,way,401461236
OSM-W401461237,Parking lot,PARKING,33.986416,-84.097506,1929,way,401461237
OSM-W401461238,Parking lot,PARKING,33.986582,-84.09889,31664,way,401461238
OSM-W401484714,Parking lot,PARKING,33.973335,-84.087227,29135,way,401484714
OSM-W401484718,Parking lot,PARKING,33.971992,-84.086169,3677,way,401484718
OSM-W401490099,Parking lot,PARKING,33.975233,-84.060918,1425,way,401490099
OSM-W401608711,Parking lot,PARKING,34.018622,-84.068143,9189,way,401608711
OSM-W401608717,Parking lot,PARKING,34.018135,-84.070742,2027,way,401608717
OSM-W401608720,Parking lot,PARKING,34.017933,-84.070352,742,way,401608720
OSM-W401608723,Parking lot,PARKING,34.01808,-84.069484,4981,way,401608723
OSM-W401609075,Parking lot,PARKING,34.016629,-84.071796,2071,way,401609075
OSM-W401609076,Parking lot,PARKING,34.01727,-84.071707,13502,way,401609076
OSM-W401609077,Parking lot,PARKING,34.017249,-84.072872,5683,way,401609077
OSM-W401609082,Parking lot,PARKING,34.018039,-84.071096,3176,way,401609082
OSM-W401609437,Parking lot,PARKING,34.017123,-84.070411,2874,way,401609437
OSM-W401609441,Parking lot,PARKING,34.015451,-84.071509,2050,way,401609441
OSM-W401611606,Parking lot,PARKING,33.974421,-84.094526,7294,way,401611606
OSM-W401611607,Parking lot,PARKING,33.975213,-84.094065,2633,way,401611607
OSM-W401611608,Parking lot,PARKING,33.976365,-84.093952,3924,way,401611608
OSM-W401611613,Parking lot,PARKING,33.974187,-84.092601,618,way,401611613
OSM-W401611622,Parking lot,PARKING,33.977267,-84.093887,468,way,401611622
OSM-W401612000,Parking lot,PARKING,33.978003,-84.092633,1563,way,401612000
OSM-W401612852,Parking lot,PARKING,33.976466,-84.093068,11242,way,401612852
OSM-W401612853,Parking lot,PARKING,33.975882,-84.093035,1020,way,401612853
OSM-W401625131,Parking lot,PARKING,34.063785,-83.995738,552,way,401625131
OSM-W401625132,Parking lot,PARKING,34.064023,-83.995293,604,way,401625132
OSM-W401625133,Parking lot,PARKING,34.064429,-83.994856,740,way,401625133
OSM-W401625135,Parking lot,PARKING,34.064751,-83.994359,1980,way,401625135
OSM-W401625830,Parking lot,PARKING,34.061875,-83.996206,3717,way,401625830
OSM-W401635801,Parking lot,PARKING,33.976588,-84.081636,2289,way,401635801
OSM-W401635803,Parking lot,PARKING,33.976452,-84.081078,440,way,401635803
OSM-W401635806,Parking lot,PARKING,33.976359,-84.082966,537,way,401635806
OSM-W401639222,Parking lot,PARKING,33.977686,-84.099511,2128,way,401639222
OSM-W401639233,Parking lot,PARKING,33.977114,-84.096119,485,way,401639233
OSM-W401639234,Parking lot,PARKING,33.977499,-84.096254,774,way,401639234
OSM-W401844095,Parking lot,PARKING,34.101222,-84.01743,2159,way,401844095
OSM-W401844098,Parking lot,PARKING,34.10168,-84.017064,713,way,401844098
OSM-W401978721,Parking lot,PARKING,34.072285,-83.982362,1589,way,401978721
OSM-W402136120,Parking lot,PARKING,34.060805,-84.015471,649,way,402136120
OSM-W402136123,Parking lot,PARKING,34.060202,-84.015904,1304,way,402136123
OSM-W402154552,Parking lot,PARKING,34.088153,-83.988685,872,way,402154552
OSM-W402156418,Parking lot,PARKING,34.084641,-83.998302,18207,way,402156418
OSM-W402156419,Parking lot,PARKING,34.085067,-83.999259,2675,way,402156419
OSM-W402358925,Parking lot,PARKING,34.100056,-84.011237,1228,way,402358925
OSM-W402358929,Parking lot,PARKING,34.100101,-84.011832,667,way,402358929
OSM-W402366989,Parking lot,PARKING,34.109214,-84.039122,726,way,402366989
OSM-W402454524,Parking lot,PARKING,34.23478,-83.873257,529,way,402454524
OSM-W402454525,Parking lot,PARKING,34.234351,-83.873173,2767,way,402454525
OSM-W402454527,Parking lot,PARKING,34.234525,-83.872742,2227,way,402454527
OSM-W402455129,Parking lot,PARKING,34.233988,-83.87262,927,way,402455129
OSM-W402455130,Parking lot,PARKING,34.234039,-83.873154,692,way,402455130
OSM-W402729617,Parking lot,PARKING,34.238161,-83.874963,2308,way,402729617
OSM-W402729624,Parking lot,PARKING,34.238576,-83.875751,1463,way,402729624
OSM-W402729628,Parking lot,PARKING,34.238942,-83.875196,1493,way,402729628
OSM-W402752801,Parking lot,PARKING,34.153935,-84.09228,585,way,402752801
OSM-W402752811,Parking lot,PARKING,34.153102,-84.091613,3476,way,402752811
OSM-W402928191,Parking lot,PARKING,34.091358,-84.013688,4525,way,402928191
OSM-W402928192,Parking lot,PARKING,34.090976,-84.013552,671,way,402928192
OSM-W402928193,Parking lot,PARKING,34.09089,-84.012867,3711,way,402928193
OSM-W402928194,Parking lot,PARKING,34.091279,-84.01282,2237,way,402928194
OSM-W402928195,Parking lot,PARKING,34.091554,-84.013099,636,way,402928195
OSM-W402928196,Parking lot,PARKING,34.090966,-84.012048,1196,way,402928196
OSM-W405206949,Parking lot,PARKING,34.113621,-83.847973,3525,way,405206949
OSM-W406090296,Parking lot,PARKING,34.159417,-84.065639,4094,way,406090296
OSM-W406090299,Parking lot,PARKING,34.159186,-84.066189,460,way,406090299
OSM-W406090300,Parking lot,PARKING,34.159577,-84.065536,1748,way,406090300
OSM-W408643563,Parking lot,PARKING,34.184047,-83.988764,495,way,408643563
OSM-W408643565,Parking lot,PARKING,34.183777,-83.987176,1534,way,408643565
OSM-W408643568,Parking lot,PARKING,34.183608,-83.985627,3828,way,408643568
OSM-W408643569,Parking lot,PARKING,34.184345,-83.988116,721,way,408643569
OSM-W408645708,Parking lot,PARKING,34.183815,-83.991733,492,way,408645708
OSM-W408648049,Parking lot,PARKING,34.186617,-83.980836,5594,way,408648049
OSM-W408648053,Parking lot,PARKING,34.187396,-83.979975,4833,way,408648053
OSM-W408648054,Parking lot,PARKING,34.187887,-83.980394,530,way,408648054
OSM-W412496348,Buford Presbyterian Church,PLACE_OF_WORSHIP,34.089483,-84.021517,2978,way,412496348
OSM-W412528423,Liberty Church,PLACE_OF_WORSHIP,34.088442,-84.060776,448,way,412528423
OSM-W412569892,Calvary Assembly Church of God,PLACE_OF_WORSHIP,34.088417,-84.02461,2586,way,412569892
OSM-W412670160,Parking lot,PARKING,34.332675,-83.783829,5791,way,412670160
OSM-W412670161,Parking lot,PARKING,34.332485,-83.782818,3827,way,412670161
OSM-W412670162,Parking lot,PARKING,34.333021,-83.782101,4818,way,412670162
OSM-W412863527,Old Suwanee Baptist Church,PLACE_OF_WORSHIP,34.079139,-84.028373,1905,way,412863527
OSM-W413126844,C3 Church Atlanta,PLACE_OF_WORSHIP,33.974207,-84.016233,8776,way,413126844
OSM-W413126847,Freedom Christian Ministry,PLACE_OF_WORSHIP,33.957913,-83.997442,612,way,413126847
OSM-W413127670,Bethesda International & Missionary Church,PLACE_OF_WORSHIP,33.958692,-83.986365,813,way,413127670
OSM-W413763570,Church lot,PLACE_OF_WORSHIP,34.121327,-83.996876,400,way,413763570
OSM-W416600375,Parking lot,PARKING,34.335818,-83.817639,905,way,416600375
OSM-W416600376,Parking lot,PARKING,34.336363,-83.81781,1932,way,416600376
OSM-W416600377,Parking lot,PARKING,34.336163,-83.817713,1682,way,416600377
OSM-W416813790,Parking lot,PARKING,34.124531,-84.044899,403,way,416813790
OSM-W416813791,Parking lot,PARKING,34.124571,-84.044321,2682,way,416813791
OSM-W416813792,Parking lot,PARKING,34.125216,-84.04515,793,way,416813792
OSM-W416813793,Parking lot,PARKING,34.126347,-84.044865,4213,way,416813793
OSM-W420403311,Parking lot,PARKING,34.073821,-84.017089,2842,way,420403311
OSM-W420403313,Parking lot,PARKING,34.073763,-84.016474,1907,way,420403313
OSM-W420403314,Parking lot,PARKING,34.073436,-84.016337,430,way,420403314
OSM-W420403315,Parking lot,PARKING,34.073276,-84.016146,627,way,420403315
OSM-W420403319,Parking lot,PARKING,34.072684,-84.016299,702,way,420403319
OSM-W420403321,Parking lot,PARKING,34.07253,-84.015471,6585,way,420403321
OSM-W420408755,Parking lot,PARKING,34.074375,-84.016296,763,way,420408755
OSM-W420408757,Parking lot,PARKING,34.073459,-84.015902,2627,way,420408757
OSM-W420408759,Parking lot,PARKING,34.073063,-84.015875,1290,way,420408759
OSM-W420408762,Parking lot,PARKING,34.073075,-84.015388,2349,way,420408762
OSM-W420417378,Parking lot,PARKING,34.073628,-84.013197,2513,way,420417378
OSM-W420417379,Parking lot,PARKING,34.07335,-84.013804,1569,way,420417379
OSM-W420417380,Parking lot,PARKING,34.073747,-84.01378,1820,way,420417380
OSM-W420417381,Parking lot,PARKING,34.074201,-84.013508,2192,way,420417381
OSM-W420417382,Parking lot,PARKING,34.074295,-84.013806,1000,way,420417382
OSM-W420417383,Parking lot,PARKING,34.074488,-84.013562,853,way,420417383
OSM-W420417384,Parking lot,PARKING,34.073959,-84.012648,938,way,420417384
OSM-W420417385,Parking lot,PARKING,34.074124,-84.013001,1764,way,420417385
OSM-W420417387,Parking lot,PARKING,34.074785,-84.013619,1865,way,420417387
OSM-W420417388,Parking lot,PARKING,34.074243,-84.015718,487,way,420417388
OSM-W420417408,Parking lot,PARKING,34.079751,-84.007347,8328,way,420417408
OSM-W420417409,Parking lot,PARKING,34.081609,-84.006035,13143,way,420417409
OSM-W420417410,Parking lot,PARKING,34.081141,-84.009198,519,way,420417410
OSM-W420417414,Parking lot,PARKING,34.080225,-84.008937,15296,way,420417414
OSM-W420417550,Parking lot,PARKING,34.078761,-84.006496,28829,way,420417550
OSM-W420921319,Parking lot,PARKING,34.029194,-83.316127,32858,way,420921319
OSM-W420921323,Shell,FUEL_STATION,34.033037,-83.315554,423,way,420921323
OSM-W420921330,Crossroads Community Church,PLACE_OF_WORSHIP,34.023486,-83.318548,1383,way,420921330
OSM-W421404527,Parking lot,PARKING,33.93372,-83.310027,111212,way,421404527
OSM-W421887873,Parking lot,PARKING,34.22822,-83.866883,3798,way,421887873
OSM-W427194640,Parking lot,PARKING,34.100341,-84.039574,550,way,427194640
OSM-W427232323,Parking lot,PARKING,34.085571,-84.041539,2104,way,427232323
OSM-W427232324,Parking lot,PARKING,34.085212,-84.041933,1084,way,427232324
OSM-W427232325,Parking lot,PARKING,34.08508,-84.042227,438,way,427232325
OSM-W427232328,Parking lot,PARKING,34.086089,-84.04207,1177,way,427232328
OSM-W436148739,S19D (University Village C),PARKING,33.93557,-83.374838,2964,way,436148739
OSM-W436181484,"S20D (University Village A, B)",PARKING,33.936493,-83.376092,2784,way,436181484
OSM-W436181488,S18C (University Village J),PARKING,33.935778,-83.373861,2337,way,436181488
OSM-W436181489,S18D (University Village K),PARKING,33.936589,-83.373706,2237,way,436181489
OSM-W436181490,S18,PARKING,33.937146,-83.373784,6883,way,436181490
OSM-W439787481,Parking lot,PARKING,34.246421,-83.883144,723,way,439787481
OSM-W439787482,Parking lot,PARKING,34.246757,-83.882912,695,way,439787482
OSM-W439787483,Parking lot,PARKING,34.246375,-83.882384,5590,way,439787483
OSM-W439787486,Parking lot,PARKING,34.247108,-83.882713,516,way,439787486
OSM-W439787487,Parking lot,PARKING,34.247036,-83.882305,1816,way,439787487
OSM-W452135836,Parking lot,PARKING,34.092135,-84.008623,22685,way,452135836
OSM-W454125538,The Fountain Church,PLACE_OF_WORSHIP,34.017779,-84.097522,7456,way,454125538
OSM-W454125541,Greater Gwinnett Church,PLACE_OF_WORSHIP,34.00803,-84.087025,1712,way,454125541
OSM-W454125542,Greater Gwinnett Church,PLACE_OF_WORSHIP,34.007795,-84.087489,2619,way,454125542
OSM-W454319668,First Christian Church,PLACE_OF_WORSHIP,34.117031,-83.575163,1078,way,454319668
OSM-W460813514,Biblical Ministeries Worldwide,PLACE_OF_WORSHIP,33.965356,-84.077144,1050,way,460813514
OSM-W461253263,Parking lot,PARKING,34.001736,-84.079146,1306,way,461253263
OSM-W461253265,Trinity United Methodist Church,PLACE_OF_WORSHIP,34.001809,-84.079418,249,way,461253265
OSM-W461255714,Parking lot,PARKING,33.992386,-84.087801,3902,way,461255714
OSM-W461601125,Parking lot,PARKING,34.080046,-84.084538,730,way,461601125
OSM-W465955880,Parking lot,PARKING,33.97892,-84.091141,4178,way,465955880
OSM-W468566315,Athens Korean Presbyterian Church,PLACE_OF_WORSHIP,33.912487,-83.342613,1858,way,468566315
OSM-W469322383,Parking lot,PARKING,34.310851,-83.82392,2292,way,469322383
OSM-W469518922,Parking lot,PARKING,34.385349,-84.070891,11110,way,469518922
OSM-W469518923,Church lot,PLACE_OF_WORSHIP,34.385486,-84.070665,2229,way,469518923
OSM-W469800008,Parking lot,PARKING,34.3524,-84.051192,15681,way,469800008
OSM-W469800009,Parking lot,PARKING,34.3513,-84.051656,24756,way,469800009
OSM-W469800010,Parking lot,PARKING,34.349558,-84.052365,35269,way,469800010
OSM-W469800012,Parking lot,PARKING,34.349339,-84.053814,2550,way,469800012
OSM-W478945834,New Bethel Baptist Church,PLACE_OF_WORSHIP,34.431554,-84.072986,845,way,478945834
OSM-W479079501,Harmony Baptist Church,PLACE_OF_WORSHIP,34.393552,-84.013657,2792,way,479079501
OSM-W479081252,Winds of Peace Fellowship,PLACE_OF_WORSHIP,34.3935,-84.00996,1552,way,479081252
OSM-W479107520,North Georgia Church,PLACE_OF_WORSHIP,34.391941,-84.016796,2457,way,479107520
OSM-W479150675,Dawson County Fire Station #3,FIRE_STATION,34.386545,-84.010387,333,way,479150675
OSM-W479181470,Hopewell United Methodist Church,PLACE_OF_WORSHIP,34.312591,-84.080938,210,way,479181470
OSM-W483279539,Amoco,FUEL_STATION,33.932337,-83.311376,1026,way,483279539
OSM-W483279542,Murphy Express,FUEL_STATION,33.93175,-83.310579,1401,way,483279542
OSM-W484761608,Parking lot,PARKING,34.403244,-84.008009,967,way,484761608
OSM-W484824921,Parking lot,PARKING,34.430462,-84.002913,1434,way,484824921
OSM-W484824924,Parking lot,PARKING,34.431333,-84.002867,2710,way,484824924
OSM-W484826584,Etowah Baptist Church,PLACE_OF_WORSHIP,34.430492,-84.002614,398,way,484826584
OSM-W485027216,Blackburn Elementary School,SCHOOL,34.454385,-84.024684,74582,way,485027216
OSM-W485220633,Antioch Baptist Church,PLACE_OF_WORSHIP,34.469627,-84.02356,1454,way,485220633
OSM-W486794421,Parking lot,PARKING,34.351946,-84.045509,12685,way,486794421
OSM-W486794422,Parking lot,PARKING,34.350957,-84.04594,15493,way,486794422
OSM-W486794423,Parking lot,PARKING,34.350006,-84.046576,4617,way,486794423
OSM-W486798475,Parking lot,PARKING,34.350919,-84.046865,4059,way,486798475
OSM-W486802152,Chapel Christian Church,PLACE_OF_WORSHIP,33.974416,-83.680059,481,way,486802152
OSM-W491486325,Children's Parking Lot,PARKING,33.995959,-83.99328,30884,way,491486325
OSM-W491490049,Parking lot,PARKING,33.999771,-83.929196,1317,way,491490049
OSM-W491490050,Parking lot,PARKING,33.999946,-83.929349,1621,way,491490050
OSM-W491490051,Parking lot,PARKING,34.000119,-83.929514,2012,way,491490051
OSM-W491490052,Parking lot,PARKING,34.000263,-83.929672,2073,way,491490052
OSM-W491490053,Parking lot,PARKING,34.000202,-83.92915,3297,way,491490053
OSM-W491491434,Parking lot,PARKING,33.999913,-83.930116,2151,way,491491434
OSM-W491491436,Parking lot,PARKING,33.999757,-83.929932,2063,way,491491436
OSM-W491491438,Parking lot,PARKING,33.999605,-83.929749,2031,way,491491438
OSM-W491491440,Parking lot,PARKING,33.999458,-83.929561,2040,way,491491440
OSM-W491491442,Parking lot,PARKING,33.999278,-83.930563,2927,way,491491442
OSM-W491491446,Parking lot,PARKING,33.99908,-83.930426,3739,way,491491446
OSM-W491491448,Parking lot,PARKING,33.998916,-83.930268,4577,way,491491448
OSM-W491491451,Parking lot,PARKING,33.998624,-83.930032,5468,way,491491451
OSM-W491495885,Parking lot,PARKING,33.998579,-83.929742,3246,way,491495885
OSM-W491495886,Parking lot,PARKING,33.998921,-83.929067,2576,way,491495886
OSM-W491497422,Parking lot,PARKING,33.998018,-83.931119,656,way,491497422
OSM-W491497424,Parking lot,PARKING,33.998159,-83.930761,1380,way,491497424
OSM-W491497425,Parking lot,PARKING,33.998206,-83.931353,1327,way,491497425
OSM-W491497426,Parking lot,PARKING,33.99836,-83.931463,1825,way,491497426
OSM-W491497427,Parking lot,PARKING,33.998559,-83.93156,1554,way,491497427
OSM-W491497429,Parking lot,PARKING,33.998741,-83.931104,1288,way,491497429
OSM-W491497430,Parking lot,PARKING,33.998548,-83.930995,1338,way,491497430
OSM-W491497431,Parking lot,PARKING,33.998355,-83.930882,1353,way,491497431
OSM-W491505844,Parking lot,PARKING,34.000018,-83.928076,3664,way,491505844
OSM-W491506696,Parking lot,PARKING,34.000073,-83.927838,3243,way,491506696
OSM-W491506698,Parking lot,PARKING,34.000771,-83.928304,2182,way,491506698
OSM-W491506700,Parking lot,PARKING,34.000803,-83.928053,1995,way,491506700
OSM-W491506701,Parking lot,PARKING,33.999153,-83.92749,5521,way,491506701
OSM-W491506703,Parking lot,PARKING,33.999286,-83.9273,4759,way,491506703
OSM-W491506705,Parking lot,PARKING,33.998757,-83.926664,3425,way,491506705
OSM-W491506707,Parking lot,PARKING,33.998596,-83.926826,3882,way,491506707
OSM-W491511438,Parking lot,PARKING,33.997173,-83.925326,6554,way,491511438
OSM-W491511439,Parking lot,PARKING,33.998488,-83.924825,3053,way,491511439
OSM-W491511440,Parking lot,PARKING,33.999173,-83.92416,6433,way,491511440
OSM-W491511441,Parking lot,PARKING,33.999257,-83.924259,2022,way,491511441
OSM-W491511442,Parking lot,PARKING,33.999169,-83.924533,1333,way,491511442
OSM-W491511443,Parking lot,PARKING,33.99904,-83.924757,1154,way,491511443
OSM-W491511444,Parking lot,PARKING,33.999782,-83.925196,7183,way,491511444
OSM-W491511445,Parking lot,PARKING,33.999908,-83.924974,6656,way,491511445
OSM-W491511446,Parking lot,PARKING,34.000025,-83.924737,6900,way,491511446
OSM-W491511447,Parking lot,PARKING,34.00017,-83.924506,7793,way,491511447
OSM-W491511560,Parking lot,PARKING,33.99835,-83.925479,1740,way,491511560
OSM-W491511561,Parking lot,PARKING,33.999509,-83.925522,8145,way,491511561
OSM-W491598792,Main Parking Lot,PARKING,33.997832,-83.992582,42996,way,491598792
OSM-W492697899,BP,FUEL_STATION,33.938394,-83.322359,351,way,492697899
OSM-W492701425,Parking lot,PARKING,33.9557,-83.325516,4610,way,492701425
OSM-W492916944,Parking lot,PARKING,33.928197,-83.376041,1606,way,492916944
OSM-W492918192,North Oconee River Greenway Parking,PARKING,33.953907,-83.365181,1492,way,492918192
OSM-W493038521,Shell,FUEL_STATION,33.915048,-83.445361,980,way,493038521
OSM-W493157141,Tailgate Station,PARKING,33.9536,-83.364496,16186,way,493157141
OSM-W493157208,Parking lot,PARKING,33.954208,-83.363602,3011,way,493157208
OSM-W493157873,Parking lot,PARKING,33.944016,-83.327491,10018,way,493157873
OSM-W493157911,Parking lot,PARKING,33.943964,-83.328221,4869,way,493157911
OSM-W493168441,Parking lot,PARKING,33.970669,-83.377859,681,way,493168441
OSM-W493378231,76,FUEL_STATION,34.502007,-83.529741,439,way,493378231
OSM-W493382718,Valero,FUEL_STATION,34.497772,-83.539482,214,way,493382718
OSM-W493382802,Shell,FUEL_STATION,34.49537,-83.533779,178,way,493382802
OSM-W495505815,Cornerstone Athens Church,PLACE_OF_WORSHIP,33.928183,-83.301412,5060,way,495505815
OSM-W495968011,Commerce Middle School,SCHOOL,34.187466,-83.476043,258517,way,495968011
OSM-W495971741,Parking lot,PARKING,34.151245,-83.555278,9257,way,495971741
OSM-W496169976,Auraria Church of Almighty God,PLACE_OF_WORSHIP,34.478194,-84.024071,609,way,496169976
OSM-W496726978,Parking lot,PARKING,34.311048,-83.826221,4655,way,496726978
OSM-W496730579,Parking lot,PARKING,34.309929,-83.82804,7881,way,496730579
OSM-W496730581,Parking lot,PARKING,34.310536,-83.828485,4843,way,496730581
OSM-W496730582,Parking lot,PARKING,34.310336,-83.82648,19785,way,496730582
OSM-W496731240,Parking lot,PARKING,34.309985,-83.829891,436,way,496731240
OSM-W496731241,Parking lot,PARKING,34.309107,-83.829958,3278,way,496731241
OSM-W496731243,Parking lot,PARKING,34.308819,-83.830757,887,way,496731243
OSM-W496731244,Parking lot,PARKING,34.310057,-83.830193,609,way,496731244
OSM-W496731245,Parking lot,PARKING,34.309826,-83.830599,522,way,496731245
OSM-W496731246,Parking lot,PARKING,34.308649,-83.829918,3576,way,496731246
OSM-W496731247,Parking lot,PARKING,34.308843,-83.829944,2851,way,496731247
OSM-W496734249,Parking lot,PARKING,34.30838,-83.828096,8922,way,496734249
OSM-W496734804,First Baptist Church of Gainesville,PLACE_OF_WORSHIP,34.30953,-83.829486,18849,way,496734804
OSM-W496761136,Parking lot,PARKING,34.308774,-83.829178,1354,way,496761136
OSM-W496761137,Parking lot,PARKING,34.309169,-83.828333,4413,way,496761137
OSM-W496761138,Parking lot,PARKING,34.308849,-83.828816,762,way,496761138
OSM-W498684729,Parking lot,PARKING,33.956784,-83.365543,6278,way,498684729
OSM-W498688848,Parking lot,PARKING,33.968416,-83.438708,2517,way,498688848
OSM-W498688849,Parking lot,PARKING,33.967759,-83.438717,4736,way,498688849
OSM-W498688851,Calvary Bible Church,PLACE_OF_WORSHIP,33.968059,-83.438602,3074,way,498688851
OSM-W499186464,David C. Barrow Elementary School,SCHOOL,33.94158,-83.382876,40983,way,499186464
OSM-W500255008,Church lot,PLACE_OF_WORSHIP,34.259891,-84.086945,25168,way,500255008
OSM-W500281621,Parking lot,PARKING,34.026271,-83.387134,4300,way,500281621
OSM-W500281923,Parking lot,PARKING,34.024754,-83.38422,7083,way,500281923
OSM-W500281924,Parking lot,PARKING,34.025268,-83.384387,4198,way,500281924
OSM-W500282050,Parking lot,PARKING,34.027469,-83.382738,10412,way,500282050
OSM-W500282051,Parking lot,PARKING,34.027231,-83.383287,6095,way,500282051
OSM-W500283428,Parking lot,PARKING,34.029004,-83.384755,2904,way,500283428
OSM-W500283726,Parking lot,PARKING,34.027946,-83.384289,2986,way,500283726
OSM-W500283727,Parking lot,PARKING,34.02767,-83.385704,6603,way,500283727
OSM-W500284270,Parking lot,PARKING,34.02755,-83.375495,2226,way,500284270
OSM-W500284271,Parking lot,PARKING,34.025974,-83.375512,1135,way,500284271
OSM-W500284468,Parking lot,PARKING,34.03028,-83.38666,4215,way,500284468
OSM-W500284469,Parking lot,PARKING,34.032057,-83.386955,2126,way,500284469
OSM-W500284470,Parking lot,PARKING,34.031563,-83.384477,4807,way,500284470
OSM-W500284648,Parking lot,PARKING,34.033233,-83.384659,3674,way,500284648
OSM-W500284750,Parking lot,PARKING,34.03298,-83.386028,1246,way,500284750
OSM-W500292998,Parking lot,PARKING,33.870684,-83.971507,3198,way,500292998
OSM-W500804690,Parking lot,PARKING,34.11294,-83.997356,1405,way,500804690
OSM-W500805762,Parking lot,PARKING,34.333966,-83.500546,4565,way,500805762
OSM-W500805763,Homer Presbyterian Church,PLACE_OF_WORSHIP,34.333846,-83.500368,929,way,500805763
OSM-W500806090,Parking lot,PARKING,34.335881,-83.499531,1094,way,500806090
OSM-W500806091,Parking lot,PARKING,34.335007,-83.499149,1129,way,500806091
OSM-W500806092,Parking lot,PARKING,34.335128,-83.498936,1511,way,500806092
OSM-W504107723,Church lot,PLACE_OF_WORSHIP,34.113099,-83.431402,4036,way,504107723
OSM-W505408834,Parking lot,PARKING,34.014056,-83.830742,3111,way,505408834
OSM-W505417104,Parking lot,PARKING,34.014341,-83.826406,1416,way,505417104
OSM-W505417116,Parking lot,PARKING,34.014214,-83.827337,1242,way,505417116
OSM-W505417625,Parking lot,PARKING,34.013227,-83.826949,3427,way,505417625
OSM-W505417626,Parking lot,PARKING,34.01372,-83.82601,680,way,505417626
OSM-W505417628,Parking lot,PARKING,34.013552,-83.826411,2274,way,505417628
OSM-W505417629,Parking lot,PARKING,34.012953,-83.826281,972,way,505417629
OSM-W505417631,Parking lot,PARKING,34.013497,-83.827627,736,way,505417631
OSM-W505417817,Seventh-Day Adventist Church,PLACE_OF_WORSHIP,34.013058,-83.825078,944,way,505417817
OSM-W505703849,Auburn Fire Station,FIRE_STATION,34.012883,-83.824428,1051,way,505703849
OSM-W507430654,Parking lot,PARKING,34.310098,-83.901268,482,way,507430654
OSM-W508839565,Parking lot,PARKING,34.035046,-84.081492,667,way,508839565
OSM-W508839566,Parking lot,PARKING,34.035286,-84.081766,448,way,508839566
OSM-W508839567,Parking lot,PARKING,34.035628,-84.081834,2003,way,508839567
OSM-W508839568,Parking lot,PARKING,34.035561,-84.081318,2621,way,508839568
OSM-W512355764,Parking lot,PARKING,34.21311,-84.043545,2831,way,512355764
OSM-W512967098,Forsyth County Fire Station #12,FIRE_STATION,34.271944,-84.092919,1460,way,512967098
OSM-W519187738,Parking lot,PARKING,34.357863,-84.031582,5573,way,519187738
OSM-W528429933,Frady Branch Trailhead Parking,PARKING,34.504958,-83.381107,7329,way,528429933
OSM-W528620581,Reformation Presbyterian Church of Atlanta,PLACE_OF_WORSHIP,33.888013,-84.056835,950,way,528620581
OSM-W530491668,Parking lot,PARKING,33.829859,-83.869793,53186,way,530491668
OSM-W530491681,Parking lot,PARKING,33.826902,-83.864154,70243,way,530491681
OSM-W530491699,Parking lot,PARKING,33.827808,-83.852407,29970,way,530491699
OSM-W539328946,The Church of Jesus Christ of Latter-day Saints,PLACE_OF_WORSHIP,34.175773,-83.890968,3357,way,539328946
OSM-W539328947,Parking lot,PARKING,34.17581,-83.89085,19032,way,539328947
OSM-W539331599,Parking lot,PARKING,34.18655,-83.903057,15433,way,539331599
OSM-W540186227,Parking lot,PARKING,34.183497,-83.876407,13546,way,540186227
OSM-W540186426,Parking lot,PARKING,34.1905,-83.876126,2858,way,540186426
OSM-W540186430,Parking lot,PARKING,34.194075,-83.884954,18649,way,540186430
OSM-W540186431,Parking lot,PARKING,34.195222,-83.884438,6274,way,540186431
OSM-W540186851,Parking lot,PARKING,34.200533,-83.887606,4392,way,540186851
OSM-W542122527,Parking lot,PARKING,34.438402,-84.099496,2425,way,542122527
OSM-W542122528,Parking lot,PARKING,34.437935,-84.099108,7189,way,542122528
OSM-W543188411,Parking lot,PARKING,34.365778,-84.038452,1923,way,543188411
OSM-W543188412,Parking lot,PARKING,34.36609,-84.038839,1541,way,543188412
OSM-W543192523,Parking lot,PARKING,34.36659,-84.03956,586,way,543192523
OSM-W543192527,Parking lot,PARKING,34.366505,-84.039314,781,way,543192527
OSM-W543192530,Parking lot,PARKING,34.366497,-84.038703,2430,way,543192530
OSM-W543192535,Parking lot,PARKING,34.366464,-84.038341,526,way,543192535
OSM-W543207630,Parking lot,PARKING,34.364717,-84.0364,2895,way,543207630
OSM-W543345051,Parking lot,PARKING,34.383426,-84.066286,814,way,543345051
OSM-W543345052,Parking lot,PARKING,34.38325,-84.067662,1055,way,543345052
OSM-W544752821,Parking lot,PARKING,34.000407,-83.905633,44367,way,544752821
OSM-W544752823,Shell,FUEL_STATION,33.998991,-83.904693,4702,way,544752823
OSM-W544753278,Dacula Park & Ride,PARKING,33.998235,-83.907564,63985,way,544753278
OSM-W544844430,Mount Zion United Methodist Church,PLACE_OF_WORSHIP,33.994978,-83.900111,512,way,544844430
OSM-W544847072,Parking lot,PARKING,34.002089,-83.896916,3843,way,544847072
OSM-W544847628,Parking lot,PARKING,34.005174,-83.883805,472,way,544847628
OSM-W544848909,Chevron,FUEL_STATION,34.001461,-83.911452,646,way,544848909
OSM-W544852017,Dacula United Methodist Church,PLACE_OF_WORSHIP,34.002937,-83.903752,3859,way,544852017
OSM-W544986337,Parking lot,PARKING,34.03135,-83.886648,32982,way,544986337
OSM-W544992482,Dacula Elementary School,SCHOOL,33.999643,-83.902751,160881,way,544992482
OSM-W545114201,Parking lot,PARKING,34.037268,-83.911012,7537,way,545114201
OSM-W545677375,Parking lot,PARKING,34.173064,-83.905589,2908,way,545677375
OSM-W545710471,Parking lot,PARKING,34.108169,-84.001789,1745,way,545710471
OSM-W545732248,Parking lot,PARKING,34.299767,-83.821097,1246,way,545732248
OSM-W545939149,Murphy USA,FUEL_STATION,34.245785,-83.4579,788,way,545939149
OSM-W545939162,QuikTrip,FUEL_STATION,34.250184,-83.459873,1826,way,545939162
OSM-W546374043,Parking lot,PARKING,34.199292,-83.939118,1111,way,546374043
OSM-W546397295,Parking lot,PARKING,34.16585,-83.859401,4117,way,546397295
OSM-W546397296,Parking lot,PARKING,34.166021,-83.858035,4030,way,546397296
OSM-W546788954,Parking lot,PARKING,33.992125,-83.893882,13044,way,546788954
OSM-W546791219,Parking lot,PARKING,33.991159,-83.895871,22858,way,546791219
OSM-W546795662,Parking lot,PARKING,33.991294,-83.904465,20160,way,546795662
OSM-W547069442,Parking lot,PARKING,34.20059,-83.886771,2217,way,547069442
OSM-W547069443,Parking lot,PARKING,34.200411,-83.885906,2975,way,547069443
OSM-W547122645,Parking lot,PARKING,34.296246,-83.818657,5949,way,547122645
OSM-W547915127,Chestatee High School,SCHOOL,34.347836,-83.894206,295995,way,547915127
OSM-W547915128,Chestatee Academy,SCHOOL,34.343921,-83.897896,150469,way,547915128
OSM-W547915130,Sardis Enrichment School,SCHOOL,34.342935,-83.89513,62898,way,547915130
OSM-W548432007,Parking lot,PARKING,34.30535,-83.844106,2053,way,548432007
OSM-W548432009,Parking lot,PARKING,34.305143,-83.845785,1900,way,548432009
OSM-W548432010,Parking lot,PARKING,34.303328,-83.843189,2918,way,548432010
OSM-W548432011,Parking lot,PARKING,34.303343,-83.84248,3469,way,548432011
OSM-W548432012,Parking lot,PARKING,34.302574,-83.842954,2750,way,548432012
OSM-W548432013,Parking lot,PARKING,34.301089,-83.842749,21527,way,548432013
OSM-W548432014,Parking lot,PARKING,34.299744,-83.84306,706,way,548432014
OSM-W548432015,Parking lot,PARKING,34.297829,-83.842621,14895,way,548432015
OSM-W548432016,Parking lot,PARKING,34.299082,-83.844251,3244,way,548432016
OSM-W548432018,Parking lot,PARKING,34.298823,-83.844554,1098,way,548432018
OSM-W548432019,Parking lot,PARKING,34.303842,-83.846802,6345,way,548432019
OSM-W548433329,Parking lot,PARKING,34.300421,-83.844895,11855,way,548433329
OSM-W548435662,Parking lot,PARKING,34.297765,-83.826096,621,way,548435662
OSM-W548563820,Parking lot,PARKING,34.176799,-83.908974,3945,way,548563820
OSM-W548666642,Brookwood Presbyterian Church,PLACE_OF_WORSHIP,33.870327,-84.046854,1086,way,548666642
OSM-W548666644,Church lot,PLACE_OF_WORSHIP,33.870578,-84.046505,408,way,548666644
OSM-W548668625,Saint Matthew's Episcopal Church,PLACE_OF_WORSHIP,33.872102,-84.045543,4596,way,548668625
OSM-W548669423,Berean Christian Church - Gwinnett,PLACE_OF_WORSHIP,33.871748,-84.050968,4134,way,548669423
OSM-W548670611,Community Baptist Church,PLACE_OF_WORSHIP,33.867964,-84.049139,1364,way,548670611
OSM-W548672315,12Stone Church,PLACE_OF_WORSHIP,33.881522,-84.013433,6668,way,548672315
OSM-W555488692,Parking lot,PARKING,33.837911,-84.045442,1281,way,555488692
OSM-W558910638,Dawson County High School,SCHOOL,34.414362,-84.102417,230955,way,558910638
OSM-W558928825,Parking lot,PARKING,34.396144,-84.090547,1021,way,558928825
OSM-W559076157,Parking lot,PARKING,34.009417,-83.883,1381,way,559076157
OSM-W559245768,Black's Mill Elementary School,SCHOOL,34.352792,-84.082246,62320,way,559245768
OSM-W559246824,Chestatee Worship Center,PLACE_OF_WORSHIP,34.354619,-84.07972,1454,way,559246824
OSM-W559265824,Texaco,FUEL_STATION,34.009712,-83.853611,479,way,559265824
OSM-W559494923,Parking lot,PARKING,34.353912,-84.045258,4140,way,559494923
OSM-W560339518,Parking lot,PARKING,33.91683,-84.005962,20970,way,560339518
OSM-W560355799,Alton C. Crews Middle School,SCHOOL,33.906967,-84.009151,35089,way,560355799
OSM-W560358867,Parking lot,PARKING,33.907084,-84.012532,465,way,560358867
OSM-W560425101,Parking lot,PARKING,33.898613,-84.006593,6546,way,560425101
OSM-W560537345,Parking lot,PARKING,33.90769,-84.010028,7731,way,560537345
OSM-W560537346,Parking lot,PARKING,33.906363,-84.009785,2153,way,560537346
OSM-W560537357,Parking lot,PARKING,33.90589,-84.010602,8922,way,560537357
OSM-W564169505,Chevron,FUEL_STATION,33.863652,-83.962622,519,way,564169505
OSM-W567960645,Parking lot,PARKING,34.259025,-83.5576,1063,way,567960645
OSM-W569707909,Parking lot,PARKING,34.36243,-84.036133,417,way,569707909
OSM-W569728680,Parking lot,PARKING,34.361049,-84.034588,2488,way,569728680
OSM-W569728681,Parking lot,PARKING,34.361383,-84.03488,2986,way,569728681
OSM-W570069478,Parking lot,PARKING,34.167611,-83.97735,5090,way,570069478
OSM-W570506643,The Riverside Military Academy,SCHOOL,34.332806,-83.833788,700120,way,570506643
OSM-W570513127,Parking lot,PARKING,34.334809,-83.83187,8790,way,570513127
OSM-W583368839,Parking lot,PARKING,34.138858,-84.092254,783,way,583368839
OSM-W590200386,Parking lot,PARKING,33.936753,-84.079244,4661,way,590200386
OSM-W590200387,Parking lot,PARKING,33.936915,-84.079404,4513,way,590200387
OSM-W591651308,Chevron,FUEL_STATION,34.292756,-84.075339,51,way,591651308
OSM-W592449638,Parking lot,PARKING,33.981816,-83.434895,1390,way,592449638
OSM-W594742269,Fire station,FIRE_STATION,33.939973,-83.453567,1396,way,594742269
OSM-W596615382,Exxon,FUEL_STATION,34.441424,-84.094889,243,way,596615382
OSM-W597505978,The Crossing Church,PLACE_OF_WORSHIP,34.086477,-83.881384,1112,way,597505978
OSM-W597505983,The Crossing Church Parking,PARKING,34.086538,-83.881307,5780,way,597505983
OSM-W598376255,Parking lot,PARKING,34.002922,-83.910887,4602,way,598376255
OSM-W600376951,Holy Cross Anglican Church,PLACE_OF_WORSHIP,33.852115,-83.915476,3722,way,600376951
OSM-W600430644,N03,PARKING,33.957678,-83.371593,5666,way,600430644
OSM-W600430963,Church lot,PLACE_OF_WORSHIP,33.876903,-83.945638,1794,way,600430963
OSM-W600873306,Whitehead Road Elementary School,SCHOOL,33.981358,-83.43774,15277,way,600873306
OSM-W600873323,Parking lot,PARKING,33.981816,-83.435206,491,way,600873323
OSM-W600873327,Parking lot,PARKING,33.981784,-83.437419,692,way,600873327
OSM-W600873328,Parking lot,PARKING,33.981556,-83.43607,2693,way,600873328
OSM-W600873335,Parking lot,PARKING,33.980714,-83.437457,653,way,600873335
OSM-W600897366,Parking lot,PARKING,33.867259,-83.921329,7864,way,600897366
OSM-W600897367,Parking lot,PARKING,33.86818,-83.922308,29999,way,600897367
OSM-W600897369,Parking lot,PARKING,33.869616,-83.923226,15011,way,600897369
OSM-W600901311,Bay Creek Baptist Church,PLACE_OF_WORSHIP,33.851209,-83.860797,743,way,600901311
OSM-W600915967,Parking lot,PARKING,33.833978,-83.921188,2607,way,600915967
OSM-W601410134,Level Creek United Methodist Church,PLACE_OF_WORSHIP,34.083044,-84.073943,564,way,601410134
OSM-W601410655,Parking lot,PARKING,34.083007,-84.073778,2089,way,601410655
OSM-W601410656,Parking lot,PARKING,34.082899,-84.073297,4519,way,601410656
OSM-W601412031,Parking lot,PARKING,34.08915,-84.070449,12175,way,601412031
OSM-W601414509,Parking lot,PARKING,34.079318,-84.072846,699,way,601414509
OSM-W601450442,N04H (Hodgson Oil),PARKING,33.956969,-83.372598,1486,way,601450442
OSM-W601454519,N08B (Training & Development Center),PARKING,33.955697,-83.371636,2383,way,601454519
OSM-W601454521,N02B (Hodgson Oil),PARKING,33.9562,-83.370348,23867,way,601454521
OSM-W601454526,N04,PARKING,33.95522,-83.372189,5533,way,601454526
OSM-W601454528,N04D (Peabody),PARKING,33.955306,-83.373504,1451,way,601454528
OSM-W601457415,N07E (Fine Arts / Military),PARKING,33.952493,-83.37545,4783,way,601457415
OSM-W601462033,Parking lot,PARKING,33.958157,-83.36596,911,way,601462033
OSM-W601467268,N09C (Psychology),PARKING,33.952191,-83.372755,538,way,601467268
OSM-W601467276,Parking lot,PARKING,33.952213,-83.374475,561,way,601467276
OSM-W601476599,N05B (Holmes-Hunter),PARKING,33.956098,-83.375206,920,way,601476599
OSM-W601476602,N05A (Holmes-Hunter),PARKING,33.95688,-83.375546,400,way,601476602
OSM-W601476603,N05E (Dean Rusk),PARKING,33.953726,-83.374353,770,way,601476603
OSM-W601476605,N05D (Brooks),PARKING,33.954213,-83.375737,3874,way,601476605
OSM-W601483860,N10C (Reed),PARKING,33.950794,-83.371776,1834,way,601483860
OSM-W601483861,N10A (Reed),PARKING,33.951155,-83.371854,4900,way,601483861
OSM-W601823135,S02,PARKING,33.949635,-83.376406,5870,way,601823135
OSM-W601902483,S01,PARKING,33.94741,-83.371916,6963,way,601902483
OSM-W601902484,S01,PARKING,33.948233,-83.372336,544,way,601902484
OSM-W601902485,S01,PARKING,33.946948,-83.372309,407,way,601902485
OSM-W601902486,S01C (Geography and Geology),PARKING,33.948944,-83.374617,622,way,601902486
OSM-W601902487,S01B (Physics),PARKING,33.948706,-83.376042,4385,way,601902487
OSM-W601902492,S01,PARKING,33.948639,-83.373543,1488,way,601902492
OSM-W601902493,S01,PARKING,33.948509,-83.372813,9396,way,601902493
OSM-W601902495,S01,PARKING,33.948547,-83.372741,424,way,601902495
OSM-W601902496,S01,PARKING,33.947359,-83.372099,566,way,601902496
OSM-W601902497,S01A (Physics),PARKING,33.948488,-83.376901,3620,way,601902497
OSM-W602268436,S07,PARKING,33.943916,-83.373974,707,way,602268436
OSM-W602268451,S06,PARKING,33.945036,-83.37141,1685,way,602268451
OSM-W602268460,S07,PARKING,33.943932,-83.372963,3272,way,602268460
OSM-W602268462,S07,PARKING,33.942527,-83.371355,2566,way,602268462
OSM-W602268463,S07,PARKING,33.943871,-83.373908,850,way,602268463
OSM-W602268508,S03,PARKING,33.947377,-83.377478,490,way,602268508
OSM-W602268515,S03C (Myers),PARKING,33.947381,-83.376639,1022,way,602268515
OSM-W602268520,S04,PARKING,33.946568,-83.37335,2320,way,602268520
OSM-W602283063,Parking lot,PARKING,33.942423,-83.373501,3434,way,602283063
OSM-W602329114,Parking lot,PARKING,33.944884,-83.37028,784,way,602329114
OSM-W602329122,E12,PARKING,33.946483,-83.37054,81633,way,602329122
OSM-W602329123,E12,PARKING,33.947601,-83.37116,2925,way,602329123
OSM-W604007301,Winder Wesleyan Church,PLACE_OF_WORSHIP,33.990845,-83.716752,4720,way,604007301
OSM-W604822631,N04F (Business Services),PARKING,33.95743,-83.372833,2563,way,604822631
OSM-W604843118,S05F (Snelling),PARKING,33.944509,-83.376583,1589,way,604843118
OSM-W604843119,S05,PARKING,33.944817,-83.373433,1472,way,604843119
OSM-W604843121,S05E (Snelling),PARKING,33.944722,-83.37579,1300,way,604843121
OSM-W604985999,Parking lot,PARKING,33.991237,-83.716416,10362,way,604985999
OSM-W605088350,S09,PARKING,33.943306,-83.374329,1328,way,605088350
OSM-W605088352,S09,PARKING,33.943302,-83.374611,2337,way,605088352
OSM-W605484052,S16B (Indoor Tennis Stadium),PARKING,33.940399,-83.376728,998,way,605484052
OSM-W605484055,S13,PARKING,33.9425,-83.382742,965,way,605484055
OSM-W605484060,S13,PARKING,33.941847,-83.382021,8455,way,605484060
OSM-W605484064,S16D (Tennis Court),PARKING,33.939949,-83.376764,3552,way,605484064
OSM-W605484067,S16C (Tennis Court),PARKING,33.939487,-83.376843,4592,way,605484067
OSM-W605784588,S17,PARKING,33.940851,-83.374659,5131,way,605784588
OSM-W605784591,S17,PARKING,33.939807,-83.372816,828,way,605784591
OSM-W605784592,S17,PARKING,33.940986,-83.373748,548,way,605784592
OSM-W605784603,S17,PARKING,33.9395,-83.373121,631,way,605784603
OSM-W605784613,S17,PARKING,33.940289,-83.374124,1033,way,605784613
OSM-W605784614,S17,PARKING,33.940592,-83.37423,645,way,605784614
OSM-W605784618,S20,PARKING,33.933603,-83.375567,1921,way,605784618
OSM-W605784619,S20,PARKING,33.934719,-83.375795,3935,way,605784619
OSM-W605784621,S17,PARKING,33.94059,-83.373137,961,way,605784621
OSM-W605784622,S19,PARKING,33.934964,-83.37454,3878,way,605784622
OSM-W605784623,S17C (Animal Health Research Center),PARKING,33.939956,-83.375785,4265,way,605784623
OSM-W605959230,Kroger,FUEL_STATION,34.350255,-84.049343,1374,way,605959230
OSM-W606171189,E08,PARKING,33.941109,-83.370744,7850,way,606171189
OSM-W606233571,E02,PARKING,33.935466,-83.369028,16056,way,606233571
OSM-W606233572,E10,PARKING,33.935961,-83.370906,10484,way,606233572
OSM-W606233577,E10,PARKING,33.935441,-83.372043,1377,way,606233577
OSM-W606233583,E09,PARKING,33.93844,-83.371859,16264,way,606233583
OSM-W606233586,E02,PARKING,33.936144,-83.367909,8379,way,606233586
OSM-W606564015,W01,PARKING,33.953885,-83.379788,1219,way,606564015
OSM-W606564032,Parking lot,PARKING,33.953945,-83.379039,1424,way,606564032
OSM-W606564048,Parking lot,PARKING,33.953344,-83.377236,4011,way,606564048
OSM-W606564050,W02,PARKING,33.953669,-83.376966,876,way,606564050
OSM-W606564131,Parking lot,PARKING,33.955924,-83.379327,3193,way,606564131
OSM-W606564158,W13F (Special Collection Library),PARKING,33.953852,-83.380022,2557,way,606564158
OSM-W606564163,W02A (Morris),PARKING,33.953955,-83.37712,2483,way,606564163
OSM-W606564179,W01E (Government Relations),PARKING,33.954568,-83.378534,481,way,606564179
OSM-W606564180,W13G (District Energy Plant),PARKING,33.95256,-83.379512,2668,way,606564180
OSM-W606927082,W11A (Oglethorpe House),PARKING,33.94843,-83.378508,3676,way,606927082
OSM-W606927083,W06E (Hill),PARKING,33.949301,-83.377849,2380,way,606927083
OSM-W606927085,W06F (Church),PARKING,33.949023,-83.378103,2663,way,606927085
OSM-W606927086,W06B (Lipscomb),PARKING,33.951203,-83.378223,702,way,606927086
OSM-W606927088,W07D (Creswell),PARKING,33.950122,-83.380491,1745,way,606927088
OSM-W606927090,W07E (Creswell),PARKING,33.949484,-83.380282,1314,way,606927090
OSM-W606927100,W06A (Mell),PARKING,33.951044,-83.378882,547,way,606927100
OSM-W607219842,W07B (Russell),PARKING,33.95024,-83.381167,1809,way,607219842
OSM-W607240003,W12,PARKING,33.947106,-83.379154,3690,way,607240003
OSM-W607240012,Wesley Foundation,PLACE_OF_WORSHIP,33.94548,-83.379387,2275,way,607240012
OSM-W607240015,W11,PARKING,33.947873,-83.378892,1345,way,607240015
OSM-W607240016,W11B (Oglethorpe House),PARKING,33.948087,-83.37938,3864,way,607240016
OSM-W607240017,W11D (Oglethorpe House),PARKING,33.94727,-83.380173,2552,way,607240017
OSM-W607240019,W12,PARKING,33.946112,-83.379116,6481,way,607240019
OSM-W607240020,W11E (Oglethorpe House),PARKING,33.948352,-83.379909,2199,way,607240020
OSM-W607549477,W14A (Lucy Cobb),PARKING,33.956372,-83.389899,11303,way,607549477
OSM-W607557265,W15A (Global Engagement Building),PARKING,33.94414,-83.381943,6551,way,607557265
OSM-W607557267,W12F (Public Service and Outreach),PARKING,33.944289,-83.381165,2777,way,607557267
OSM-W607564389,S23,PARKING,33.929581,-83.377792,7874,way,607564389
OSM-W607564390,S22,PARKING,33.929913,-83.379177,16353,way,607564390
OSM-W607564391,S24,PARKING,33.926753,-83.377267,60881,way,607564391
OSM-W607564397,S21,PARKING,33.931568,-83.378112,2484,way,607564397
OSM-W607564398,S21,PARKING,33.931788,-83.377472,2136,way,607564398
OSM-W607574448,E13,PARKING,33.930124,-83.366508,11280,way,607574448
OSM-W607812166,Fire Station #7,FIRE_STATION,33.917673,-83.344207,2175,way,607812166
OSM-W607990005,Parking lot,PARKING,33.964471,-83.407242,717,way,607990005
OSM-W607990006,Parking lot,PARKING,33.964434,-83.40748,609,way,607990006
OSM-W607990007,Parking lot,PARKING,33.964937,-83.405216,4643,way,607990007
OSM-W607990018,Parking lot,PARKING,33.963794,-83.405771,1528,way,607990018
OSM-W607990020,Parking lot,PARKING,33.963537,-83.404625,5249,way,607990020
OSM-W607990021,Parking lot,PARKING,33.963262,-83.403025,832,way,607990021
OSM-W607990024,Parking lot,PARKING,33.964939,-83.404099,502,way,607990024
OSM-W607990025,Visitor Parking,PARKING,33.966138,-83.407266,1556,way,607990025
OSM-W607990026,Parking lot,PARKING,33.965103,-83.404468,4201,way,607990026
OSM-W607990028,Parking lot,PARKING,33.966461,-83.408376,5084,way,607990028
OSM-W607990030,Parking lot,PARKING,33.963115,-83.403672,2524,way,607990030
OSM-W607990031,Parking lot,PARKING,33.967051,-83.40701,991,way,607990031
OSM-W607990032,Parking lot,PARKING,33.964828,-83.406727,7856,way,607990032
OSM-W607990034,Visitor Parking,PARKING,33.963027,-83.406371,2657,way,607990034
OSM-W607990036,Parking lot,PARKING,33.966193,-83.409087,5481,way,607990036
OSM-W608737228,Parking lot,PARKING,33.959256,-83.373342,660,way,608737228
OSM-W615402362,Russell Middle School,SCHOOL,33.997277,-83.722974,80574,way,615402362
OSM-W615430098,Parking lot,PARKING,34.108369,-83.59709,4880,way,615430098
OSM-W615430108,Empower College and Career Center,SCHOOL,34.103191,-83.597294,7562,way,615430108
OSM-W617196507,Parking lot,PARKING,34.192124,-83.577244,3149,way,617196507
OSM-W618808210,Parking lot,PARKING,34.091739,-83.909932,8239,way,618808210
OSM-W618818363,Parking lot,PARKING,34.450513,-83.592241,17011,way,618818363
OSM-W618818364,Parking lot,PARKING,34.451086,-83.592395,3625,way,618818364
OSM-W618818365,Parking lot,PARKING,34.451389,-83.592627,5189,way,618818365
OSM-W623493406,Kingdom Hall of Jehovah’s Witnesses,PLACE_OF_WORSHIP,34.389452,-84.009603,644,way,623493406
OSM-W623512296,Kingdom Hall of Jehovah’s Witnesses,PLACE_OF_WORSHIP,34.238032,-83.908193,1107,way,623512296
OSM-W623537626,Kingdom Hall of Jehovah’s Witnesses,PLACE_OF_WORSHIP,34.140047,-83.569621,687,way,623537626
OSM-W623539935,Kingdom Hall of Jehovah’s Witnesses,PLACE_OF_WORSHIP,34.088998,-83.246035,913,way,623539935
OSM-W623543865,Kingdom Hall of Jehovah’s Witnesses,PLACE_OF_WORSHIP,33.961522,-83.418037,649,way,623543865
OSM-W623544721,Kingdom Hall of Jehovah’s Witnesses,PLACE_OF_WORSHIP,33.954321,-83.695392,1397,way,623544721
OSM-W625811248,Parking lot,PARKING,34.286536,-83.906357,6499,way,625811248
OSM-W625997179,Parking lot,PARKING,34.084665,-84.056557,25905,way,625997179
OSM-W625997180,Parking lot,PARKING,34.085927,-84.054807,14293,way,625997180
OSM-W625997181,Parking lot,PARKING,34.083626,-84.05529,9764,way,625997181
OSM-W625997182,Parking lot,PARKING,34.083892,-84.05383,18973,way,625997182
OSM-W625997185,Parking lot,PARKING,34.085507,-84.053466,23781,way,625997185
OSM-W625997188,Parking lot,PARKING,34.087621,-84.054663,23170,way,625997188
OSM-W626796492,Kingdom Hall of Jehovah’s Witnesses,PLACE_OF_WORSHIP,34.347189,-83.722732,924,way,626796492
OSM-W626797468,Kingdom Hall of Jehovah’s Witnesses,PLACE_OF_WORSHIP,34.048138,-83.956112,3913,way,626797468
OSM-W626797823,Kingdom Hall of Jehovah’s Witnesses,PLACE_OF_WORSHIP,34.18673,-83.880211,986,way,626797823
OSM-W626798809,Kingdom Hall of Jehovah’s Witnesses,PLACE_OF_WORSHIP,34.123371,-83.780177,954,way,626798809
OSM-W627287701,Parking lot,PARKING,34.118356,-83.829263,5650,way,627287701
OSM-W627288045,Parking lot,PARKING,34.119526,-83.830505,10095,way,627288045
OSM-W627289280,Parking lot,PARKING,34.11417,-83.817659,2193,way,627289280
OSM-W627289281,Parking lot,PARKING,34.114489,-83.818602,8240,way,627289281
OSM-W627289282,Parking lot,PARKING,34.115048,-83.818441,2158,way,627289282
OSM-W627376934,Parking lot,PARKING,34.288917,-83.90491,7377,way,627376934
OSM-W627633672,Parking lot,PARKING,34.100832,-83.817539,6936,way,627633672
OSM-W627633673,Parking lot,PARKING,34.101182,-83.8168,3853,way,627633673
OSM-W627633674,Parking lot,PARKING,34.101176,-83.816504,1917,way,627633674
OSM-W627633675,Parking lot,PARKING,34.101318,-83.816331,2296,way,627633675
OSM-W627633676,Parking lot,PARKING,34.101472,-83.81613,4581,way,627633676
OSM-W627633677,Parking lot,PARKING,34.100786,-83.816156,4189,way,627633677
OSM-W627633694,Parking lot,PARKING,34.101211,-83.81856,2525,way,627633694
OSM-W627633697,Parking lot,PARKING,34.100678,-83.819786,26530,way,627633697
OSM-W627633698,Parking lot,PARKING,34.100418,-83.819064,2517,way,627633698
OSM-W627633721,Parking lot,PARKING,34.097994,-83.815585,2448,way,627633721
OSM-W627633722,Parking lot,PARKING,34.097923,-83.815361,2830,way,627633722
OSM-W627634740,Parking lot,PARKING,34.101858,-83.815624,1920,way,627634740
OSM-W627634742,Parking lot,PARKING,34.102401,-83.815876,660,way,627634742
OSM-W627638911,Parking lot,PARKING,34.108896,-83.825357,2739,way,627638911
OSM-W627638915,Parking lot,PARKING,34.108345,-83.825685,425,way,627638915
OSM-W627638916,Parking lot,PARKING,34.108756,-83.826196,7474,way,627638916
OSM-W627638924,Parking lot,PARKING,34.109364,-83.82745,1948,way,627638924
OSM-W627638925,Parking lot,PARKING,34.109661,-83.827151,5126,way,627638925
OSM-W627641192,Parking lot,PARKING,34.102245,-83.820127,4767,way,627641192
OSM-W627642194,Parking lot,PARKING,34.113398,-83.820056,1587,way,627642194
OSM-W627900120,Parking lot,PARKING,34.100566,-83.813446,658,way,627900120
OSM-W627900121,Parking lot,PARKING,34.100219,-83.812776,2816,way,627900121
OSM-W627900153,Parking lot,PARKING,34.102853,-83.813188,22702,way,627900153
OSM-W627900154,Parking lot,PARKING,34.101961,-83.812995,1848,way,627900154
OSM-W627900155,Parking lot,PARKING,34.101956,-83.812188,2090,way,627900155
OSM-W628164354,Parking lot,PARKING,34.110185,-83.826692,1689,way,628164354
OSM-W629089297,The Church of Jesus Christ of Latter-day Saints,PLACE_OF_WORSHIP,33.805079,-83.811625,1756,way,629089297
OSM-W629512006,Church lot,PLACE_OF_WORSHIP,34.50611,-83.54455,2342,way,629512006
OSM-W635377622,Parking lot,PARKING,33.983628,-83.974433,3787,way,635377622
OSM-W635377624,Parking lot,PARKING,33.984196,-83.973234,2187,way,635377624
OSM-W635377629,Parking lot,PARKING,33.984792,-83.973226,4420,way,635377629
OSM-W636889674,Gainesville seventh- day adventist church,PLACE_OF_WORSHIP,34.315387,-83.764772,2258,way,636889674
OSM-W639541188,Phoenix High School,SCHOOL,33.962993,-84.004804,85535,way,639541188
OSM-W646638879,The Church at College Station,PLACE_OF_WORSHIP,33.922025,-83.347203,1538,way,646638879
OSM-W673251879,Parking lot,PARKING,34.31542,-84.043904,478,way,673251879
OSM-W674287729,Parking lot,PARKING,33.944411,-83.382824,1013,way,674287729
OSM-W674287730,Parking lot,PARKING,33.944588,-83.382933,905,way,674287730
OSM-W674287731,Parking lot,PARKING,33.943774,-83.382434,5678,way,674287731
OSM-W675741642,Parking lot,PARKING,33.868049,-83.420092,526,way,675741642
OSM-W675741646,Parking lot,PARKING,33.868072,-83.419467,800,way,675741646
OSM-W675741648,Parking lot,PARKING,33.868559,-83.418664,1876,way,675741648
OSM-W675743829,Parking lot,PARKING,33.870645,-83.433284,2529,way,675743829
OSM-W676034524,Wahoo Baptist Church,PLACE_OF_WORSHIP,34.493723,-83.854622,980,way,676034524
OSM-W676113289,Parking lot,PARKING,33.864019,-83.450897,4419,way,676113289
OSM-W676113291,Parking lot,PARKING,33.863558,-83.451591,4923,way,676113291
OSM-W676113293,Parking lot,PARKING,33.863423,-83.450865,2586,way,676113293
OSM-W676113317,Parking lot,PARKING,33.865536,-83.449227,19812,way,676113317
OSM-W676113356,Parking lot,PARKING,33.872121,-83.439671,558,way,676113356
OSM-W676113357,Parking lot,PARKING,33.872174,-83.439388,410,way,676113357
OSM-W676113359,Parking lot,PARKING,33.872083,-83.439042,698,way,676113359
OSM-W676113374,Parking lot,PARKING,33.872843,-83.441452,3783,way,676113374
OSM-W676122967,Parking lot,PARKING,33.872724,-83.447236,2217,way,676122967
OSM-W676122968,Parking lot,PARKING,33.871719,-83.446434,1957,way,676122968
OSM-W676122969,Parking lot,PARKING,33.871261,-83.446498,2664,way,676122969
OSM-W676122971,Parking lot,PARKING,33.870779,-83.444795,1726,way,676122971
OSM-W676122972,Parking lot,PARKING,33.870983,-83.444363,6417,way,676122972
OSM-W676122973,Parking lot,PARKING,33.871686,-83.444882,2377,way,676122973
OSM-W676122974,Parking lot,PARKING,33.874075,-83.44386,12672,way,676122974
OSM-W676129774,Parking lot,PARKING,33.872549,-83.481895,11830,way,676129774
OSM-W676129775,Parking lot,PARKING,33.872458,-83.482608,4379,way,676129775
OSM-W676129776,Parking lot,PARKING,33.87543,-83.480588,452,way,676129776
OSM-W676129777,Parking lot,PARKING,33.871326,-83.480311,5304,way,676129777
OSM-W676129778,Parking lot,PARKING,33.870863,-83.479696,5883,way,676129778
OSM-W676129779,Parking lot,PARKING,33.871381,-83.479257,1208,way,676129779
OSM-W676129780,Parking lot,PARKING,33.869426,-83.479208,12853,way,676129780
OSM-W676129781,Parking lot,PARKING,33.868165,-83.480442,454,way,676129781
OSM-W676129783,Parking lot,PARKING,33.870132,-83.480056,5465,way,676129783
OSM-W676129784,Parking lot,PARKING,33.865738,-83.48092,5690,way,676129784
OSM-W676129785,Parking lot,PARKING,33.864978,-83.480724,8546,way,676129785
OSM-W676433666,Parking lot,PARKING,33.944456,-83.383891,10562,way,676433666
OSM-W676433667,Parking lot,PARKING,33.943442,-83.383718,944,way,676433667
OSM-W676433668,Parking lot,PARKING,33.943149,-83.383783,4698,way,676433668
OSM-W676433669,Parking lot,PARKING,33.94361,-83.384025,739,way,676433669
OSM-W676433670,Parking lot,PARKING,33.943848,-83.383331,6638,way,676433670
OSM-W676630917,Parking lot,PARKING,33.902618,-83.38321,2996,way,676630917
OSM-W676630918,Parking lot,PARKING,33.90242,-83.382994,3874,way,676630918
OSM-W676630919,Parking lot,PARKING,33.902206,-83.382789,3143,way,676630919
OSM-W676630920,Parking lot,PARKING,33.902174,-83.382069,1542,way,676630920
OSM-W676630921,Parking lot,PARKING,33.902144,-83.381823,1650,way,676630921
OSM-W677296393,Parking lot,PARKING,33.91089,-83.379298,1662,way,677296393
OSM-W677296394,Parking lot,PARKING,33.911203,-83.38106,25204,way,677296394
OSM-W677296407,Parking lot,PARKING,33.913104,-83.376826,20620,way,677296407
OSM-W677296455,Parking lot,PARKING,33.918145,-83.373676,3155,way,677296455
OSM-W682562436,Lyman Hall Elementary School,SCHOOL,34.263589,-83.853752,114006,way,682562436
OSM-W684283704,Parking lot,PARKING,33.97431,-83.389619,12836,way,684283704
OSM-W685999363,Salt and Light Presbyterian Church,PLACE_OF_WORSHIP,34.098947,-84.001916,3079,way,685999363
OSM-W686739180,Parking lot,PARKING,34.050602,-83.925986,731,way,686739180
OSM-W687400209,Valero,FUEL_STATION,34.050857,-83.927392,2543,way,687400209
OSM-W688107371,Hog Mountain Baptist Church,PLACE_OF_WORSHIP,34.05312,-83.925405,1390,way,688107371
OSM-W691276950,Parking lot,PARKING,34.036995,-84.024046,30154,way,691276950
OSM-W694837394,Parking lot,PARKING,33.864642,-83.450478,6768,way,694837394
OSM-W694837399,Parking lot,PARKING,33.86382,-83.449533,11312,way,694837399
OSM-W694837406,Union Christian Church,PLACE_OF_WORSHIP,33.859317,-83.457554,2111,way,694837406
OSM-W694837411,Parking lot,PARKING,33.859559,-83.457638,1175,way,694837411
OSM-W694837412,Parking lot,PARKING,33.859213,-83.457243,1279,way,694837412
OSM-W699117639,Market on Main,FUEL_STATION,34.172849,-83.291708,1174,way,699117639
OSM-W701410034,Parking lot,PARKING,34.001459,-84.076316,2316,way,701410034
OSM-W702601116,Sunrise Baptist Church,PLACE_OF_WORSHIP,33.917979,-84.003922,1973,way,702601116
OSM-W704172638,Parking lot,PARKING,34.089901,-84.046215,9730,way,704172638
OSM-W704172639,Parking lot,PARKING,34.089987,-84.048461,55648,way,704172639
OSM-W712043703,Smith Memorial AME Zion Church,PLACE_OF_WORSHIP,33.80023,-83.715561,513,way,712043703
OSM-W712289313,Parking lot,PARKING,34.083786,-83.686457,2817,way,712289313
OSM-W717248856,Parking lot,PARKING,34.197385,-84.099275,21582,way,717248856
OSM-W717248858,Parking lot,PARKING,34.200762,-84.097871,16505,way,717248858
OSM-W717248859,Parking lot,PARKING,34.19916,-84.098608,8323,way,717248859
OSM-W717822030,Shell,FUEL_STATION,33.805191,-83.874821,539,way,717822030
OSM-W718112830,Parking lot,PARKING,34.18045,-83.845301,10657,way,718112830
OSM-W723001984,Speedway,FUEL_STATION,33.919685,-84.006312,2058,way,723001984
OSM-W725402251,Parking lot,PARKING,33.926253,-83.442288,13442,way,725402251
OSM-W725402252,Parking lot,PARKING,33.92549,-83.44267,16972,way,725402252
OSM-W744145481,Parking lot,PARKING,34.304977,-83.858385,57699,way,744145481
OSM-W751694794,Parking lot,PARKING,34.232454,-84.084493,964,way,751694794
OSM-W754141935,Parking lot,PARKING,34.072728,-83.865833,2360,way,754141935
OSM-W760680688,Parking lot,PARKING,34.2204,-83.469247,3483,way,760680688
OSM-W760680697,Parking lot,PARKING,34.218782,-83.469736,7725,way,760680697
OSM-W761146609,Chicopee Baptist Church,PLACE_OF_WORSHIP,34.251493,-83.844142,492,way,761146609
OSM-W762882583,Exxon Fueling,FUEL_STATION,34.107807,-83.702474,752,way,762882583
OSM-W768164588,Parking lot,PARKING,34.293207,-83.82527,685,way,768164588
OSM-W769003002,Saint Paul African Methodist Episcopal Church,PLACE_OF_WORSHIP,34.297842,-83.817202,1752,way,769003002
OSM-W779378124,Parking lot,PARKING,34.079332,-84.057606,878,way,779378124
OSM-W779379559,Parking lot,PARKING,34.085114,-84.031718,1316,way,779379559
OSM-W779380987,Parking lot,PARKING,34.121286,-84.02115,478,way,779380987
OSM-W779711490,Parking lot,PARKING,34.041611,-84.007821,1879,way,779711490
OSM-W783354356,Parking lot,PARKING,34.111347,-84.017904,7600,way,783354356
OSM-W783354357,Parking lot,PARKING,34.110095,-84.018462,5855,way,783354357
OSM-W783354358,Parking lot,PARKING,34.10482,-84.015633,1189,way,783354358
OSM-W783354361,Parking lot,PARKING,34.104817,-84.014434,12054,way,783354361
OSM-W783355844,Parking lot,PARKING,34.107949,-84.010164,6903,way,783355844
OSM-W783355845,Parking lot,PARKING,34.110638,-84.011207,7219,way,783355845
OSM-W783364133,Parking lot,PARKING,34.108512,-84.008326,15100,way,783364133
OSM-W783364138,Parking lot,PARKING,34.10865,-84.007669,1287,way,783364138
OSM-W783364141,Parking lot,PARKING,34.106326,-84.019963,1484,way,783364141
OSM-W783364142,Parking lot,PARKING,34.105894,-84.020948,18272,way,783364142
OSM-W783417833,Parking lot,PARKING,34.093278,-84.01294,13182,way,783417833
OSM-W783600731,Parking lot,PARKING,34.102286,-84.004671,4126,way,783600731
OSM-W783600732,Parking lot,PARKING,34.100674,-84.000327,9613,way,783600732
OSM-W783600733,Parking lot,PARKING,34.100837,-83.999882,11224,way,783600733
OSM-W783600748,Parking lot,PARKING,34.099347,-83.998579,720,way,783600748
OSM-W783600749,Parking lot,PARKING,34.099329,-83.998955,834,way,783600749
OSM-W783600751,Parking lot,PARKING,34.09962,-83.999054,1394,way,783600751
OSM-W783600752,Parking lot,PARKING,34.099895,-83.998239,3349,way,783600752
OSM-W783600753,Parking lot,PARKING,34.099994,-83.999107,2540,way,783600753
OSM-W783600754,Parking lot,PARKING,34.100443,-83.999166,2872,way,783600754
OSM-W783602204,Parking lot,PARKING,34.098739,-83.999963,9258,way,783602204
OSM-W783602215,Parking lot,PARKING,34.098261,-84.000555,453,way,783602215
OSM-W783602216,Parking lot,PARKING,34.098205,-84.000911,1136,way,783602216
OSM-W783604889,Parking lot,PARKING,34.097853,-84.000037,987,way,783604889
OSM-W783604892,Parking lot,PARKING,34.098166,-83.99805,7039,way,783604892
OSM-W783604899,Parking lot,PARKING,34.110011,-83.983709,62359,way,783604899
OSM-W783604900,Parking lot,PARKING,34.108689,-83.984463,32425,way,783604900
OSM-W783606273,Parking lot,PARKING,34.111027,-83.988222,2539,way,783606273
OSM-W783606274,Parking lot,PARKING,34.112396,-83.987704,39520,way,783606274
OSM-W783606275,Parking lot,PARKING,34.113281,-83.98622,7863,way,783606275
OSM-W783606280,Parking lot,PARKING,34.112864,-83.989002,6984,way,783606280
OSM-W783610199,Parking lot,PARKING,34.118582,-83.990168,27931,way,783610199
OSM-W783610206,Parking lot,PARKING,34.115996,-83.990471,4717,way,783610206
OSM-W783610208,Parking lot,PARKING,34.116427,-83.990148,741,way,783610208
OSM-W783610213,Parking lot,PARKING,34.118012,-83.989004,7909,way,783610213
OSM-W783611960,Parking lot,PARKING,34.119673,-83.988236,30949,way,783611960
OSM-W783611961,Parking lot,PARKING,34.120613,-83.98797,3677,way,783611961
OSM-W783611962,Parking lot,PARKING,34.120124,-83.987225,3107,way,783611962
OSM-W783611963,Parking lot,PARKING,34.117477,-83.990962,479,way,783611963
OSM-W783611964,Parking lot,PARKING,34.117463,-83.991321,1509,way,783611964
OSM-W783611965,Parking lot,PARKING,34.117099,-83.991175,949,way,783611965
OSM-W783611966,Parking lot,PARKING,34.116562,-83.991123,592,way,783611966
OSM-W783611969,Parking lot,PARKING,34.113821,-83.990923,10772,way,783611969
OSM-W783611970,Parking lot,PARKING,34.116887,-83.989936,1399,way,783611970
OSM-W783613656,Parking lot,PARKING,34.121719,-83.986418,44960,way,783613656
OSM-W783615540,Parking lot,PARKING,34.148011,-83.961519,22401,way,783615540
OSM-W783615543,Parking lot,PARKING,34.147227,-83.960148,15687,way,783615543
OSM-W783618620,Parking lot,PARKING,34.151357,-83.956575,1296,way,783618620
OSM-W783618622,Parking lot,PARKING,34.151416,-83.955859,5521,way,783618622
OSM-W783618629,Parking lot,PARKING,34.152989,-83.94899,549,way,783618629
OSM-W783618630,Parking lot,PARKING,34.15277,-83.948646,876,way,783618630
OSM-W783634973,Parking lot,PARKING,34.146429,-84.012501,4129,way,783634973
OSM-W783711631,Parking lot,PARKING,34.144402,-84.005762,1603,way,783711631
OSM-W783711635,Parking lot,PARKING,34.141368,-83.999318,764,way,783711635
OSM-W783711636,Parking lot,PARKING,34.140847,-83.998094,1420,way,783711636
OSM-W783717499,Parking lot,PARKING,33.952737,-83.992814,30738,way,783717499
OSM-W784052310,Parking lot,PARKING,33.824911,-83.503443,4281,way,784052310
OSM-W784071728,High Shoals Elementary School,SCHOOL,33.825571,-83.499444,92797,way,784071728
OSM-W784111865,High Shoals Christian Church,PLACE_OF_WORSHIP,33.81965,-83.505833,291,way,784111865
OSM-W784160578,Parking lot,PARKING,33.944526,-83.985007,2522,way,784160578
OSM-W784164494,Parking lot,PARKING,33.938687,-83.94761,503,way,784164494
OSM-W784164495,Parking lot,PARKING,33.939078,-83.947267,668,way,784164495
OSM-W784166750,Parking lot,PARKING,33.942645,-83.945227,1390,way,784166750
OSM-W784166751,Parking lot,PARKING,33.943176,-83.945454,1928,way,784166751
OSM-W784166756,Parking lot,PARKING,33.950001,-83.942108,3470,way,784166756
OSM-W784169599,Parking lot,PARKING,33.936387,-83.95662,6989,way,784169599
OSM-W784169600,Parking lot,PARKING,33.936609,-83.95793,5719,way,784169600
OSM-W784169604,Parking lot,PARKING,33.937569,-83.956107,9921,way,784169604
OSM-W784175090,Parking lot,PARKING,33.994725,-83.94141,10451,way,784175090
OSM-W784175092,Parking lot,PARKING,33.995434,-83.940314,18509,way,784175092
OSM-W784175094,Parking lot,PARKING,33.990629,-83.95024,7012,way,784175094
OSM-W784326517,High Shoals Holiness Church,PLACE_OF_WORSHIP,33.822522,-83.507811,387,way,784326517
OSM-W785271494,Parking lot,PARKING,33.819413,-83.505802,1251,way,785271494
OSM-W785413252,Parking lot,PARKING,33.992821,-83.93696,77535,way,785413252
OSM-W785499733,Parking lot,PARKING,33.827613,-83.507154,1255,way,785499733
OSM-W785499734,Parking lot,PARKING,33.82796,-83.507636,1827,way,785499734
OSM-W786187330,Parking lot,PARKING,34.088987,-84.061859,850,way,786187330
OSM-W786187336,Parking lot,PARKING,34.093109,-84.069771,3314,way,786187336
OSM-W786246622,Chevron,FUEL_STATION,34.035372,-83.953764,938,way,786246622
OSM-W786246623,Shell,FUEL_STATION,34.035064,-83.955124,930,way,786246623
OSM-W786373095,Parking lot,PARKING,34.070932,-84.071942,767,way,786373095
OSM-W787102533,Parking lot,PARKING,34.067439,-84.056541,3493,way,787102533
OSM-W787102536,Parking lot,PARKING,34.061552,-84.046016,8196,way,787102536
OSM-W787108467,Parking lot,PARKING,34.073199,-84.057806,9402,way,787108467
OSM-W787108468,Parking lot,PARKING,34.073631,-84.05822,6032,way,787108468
OSM-W787108469,Parking lot,PARKING,34.074238,-84.05866,8837,way,787108469
OSM-W787108470,Parking lot,PARKING,34.074748,-84.059088,6715,way,787108470
OSM-W787108471,Parking lot,PARKING,34.072977,-84.059218,7451,way,787108471
OSM-W787108482,Parking lot,PARKING,34.068503,-84.06073,1292,way,787108482
OSM-W787108486,Parking lot,PARKING,34.041792,-84.040485,864,way,787108486
OSM-W787266471,Parking lot,PARKING,34.039818,-84.050394,13724,way,787266471
OSM-W787266472,Parking lot,PARKING,34.039935,-84.049557,9320,way,787266472
OSM-W787266473,Parking lot,PARKING,34.040491,-84.048491,6887,way,787266473
OSM-W787266474,Parking lot,PARKING,34.036172,-84.04487,53152,way,787266474
OSM-W787266475,Parking lot,PARKING,34.037357,-84.046288,3301,way,787266475
OSM-W787266477,Parking lot,PARKING,34.039922,-84.043908,22216,way,787266477
OSM-W787266478,Parking lot,PARKING,34.039274,-84.043551,25995,way,787266478
OSM-W787268440,Parking lot,PARKING,34.037697,-84.04211,32250,way,787268440
OSM-W787268441,Parking lot,PARKING,34.038725,-84.040964,37201,way,787268441
OSM-W787268442,Parking lot,PARKING,34.039473,-84.038916,3900,way,787268442
OSM-W787268443,Parking lot,PARKING,34.040539,-84.038124,29117,way,787268443
OSM-W787268444,Parking lot,PARKING,34.04104,-84.038649,19813,way,787268444
OSM-W787268451,Parking lot,PARKING,34.053857,-84.030522,4975,way,787268451
OSM-W787269150,Parking lot,PARKING,34.070403,-84.023295,5494,way,787269150
OSM-W787271498,Parking lot,PARKING,34.078253,-84.011216,99005,way,787271498
OSM-W787271499,Parking lot,PARKING,34.077785,-84.013824,6324,way,787271499
OSM-W787271501,Parking lot,PARKING,34.079666,-84.011752,98972,way,787271501
OSM-W787271503,Parking lot,PARKING,34.083769,-84.010006,15634,way,787271503
OSM-W787271504,Parking lot,PARKING,34.083701,-84.01175,10087,way,787271504
OSM-W787271505,Parking lot,PARKING,34.083208,-84.012927,5889,way,787271505
OSM-W787271506,Parking lot,PARKING,34.082538,-84.011699,15508,way,787271506
OSM-W787271507,Parking lot,PARKING,34.082457,-84.0093,11183,way,787271507
OSM-W787271508,Parking lot,PARKING,34.08367,-84.007352,12992,way,787271508
OSM-W787271513,Parking lot,PARKING,34.080586,-84.003086,27321,way,787271513
OSM-W787272083,Parking lot,PARKING,34.081677,-83.994192,25028,way,787272083
OSM-W787273235,Parking lot,PARKING,34.07874,-83.997103,14983,way,787273235
OSM-W787273236,Parking lot,PARKING,34.080066,-83.996196,13985,way,787273236
OSM-W787273237,Parking lot,PARKING,34.080262,-83.994933,7441,way,787273237
OSM-W787288987,Parking lot,PARKING,34.081964,-84.008098,26515,way,787288987
OSM-W787288988,Parking lot,PARKING,34.082506,-84.004369,24832,way,787288988
OSM-W787288996,Parking lot,PARKING,34.062805,-84.012444,10824,way,787288996
OSM-W791257719,Parking lot,PARKING,33.837052,-84.079184,440,way,791257719
OSM-W791257720,Parking lot,PARKING,33.837522,-84.079513,917,way,791257720
OSM-W791278098,Parking lot,PARKING,33.82377,-84.067713,10342,way,791278098
OSM-W791282516,Parking lot,PARKING,33.848652,-84.047639,508,way,791282516
OSM-W793516903,Parking lot,PARKING,33.974833,-83.994697,771,way,793516903
OSM-W793516918,Parking lot,PARKING,33.978501,-83.9987,1240,way,793516918
OSM-W793516919,Parking lot,PARKING,33.978246,-83.998524,569,way,793516919
OSM-W793563014,Parking lot,PARKING,33.984088,-84.016041,763,way,793563014
OSM-W793580781,Parking lot,PARKING,33.981391,-84.005575,988,way,793580781
OSM-W796296132,Parking lot,PARKING,33.955162,-83.995446,2664,way,796296132
OSM-W796673602,Parking lot,PARKING,34.00715,-83.978788,428,way,796673602
OSM-W800482144,Parking lot,PARKING,33.953852,-84.045766,915,way,800482144
OSM-W800482145,Parking lot,PARKING,33.953737,-84.045763,1016,way,800482145
OSM-W800484801,Parking lot,PARKING,33.953246,-84.049234,437,way,800484801
OSM-W800484806,Parking lot,PARKING,33.953234,-84.04815,485,way,800484806
OSM-W800484807,Parking lot,PARKING,33.953363,-84.048232,538,way,800484807
OSM-W800484808,Parking lot,PARKING,33.95343,-84.048663,497,way,800484808
OSM-W802088696,Parking lot,PARKING,33.84258,-83.898091,3574,way,802088696
OSM-W802093173,Parking lot,PARKING,33.827136,-83.870127,16092,way,802093173
OSM-W802093174,Parking lot,PARKING,33.827283,-83.871403,11850,way,802093174
OSM-W802094121,Parking lot,PARKING,33.827787,-83.868965,5156,way,802094121
OSM-W802094122,Parking lot,PARKING,33.828191,-83.869319,4591,way,802094122
OSM-W802094123,Parking lot,PARKING,33.829399,-83.867804,5853,way,802094123
OSM-W802094124,Parking lot,PARKING,33.829172,-83.867306,2616,way,802094124
OSM-W802097113,Parking lot,PARKING,33.83349,-83.901876,938,way,802097113
OSM-W802097115,Parking lot,PARKING,33.84135,-83.896995,4143,way,802097115
OSM-W802097116,Parking lot,PARKING,33.840381,-83.899312,6632,way,802097116
OSM-W802097117,Parking lot,PARKING,33.839401,-83.901372,7309,way,802097117
OSM-W802097118,Parking lot,PARKING,33.840405,-83.9018,2686,way,802097118
OSM-W802097119,Parking lot,PARKING,33.839994,-83.902142,2791,way,802097119
OSM-W802097120,Parking lot,PARKING,33.839488,-83.903936,783,way,802097120
OSM-W802102187,Parking lot,PARKING,33.893731,-83.959551,897,way,802102187
OSM-W802102188,Parking lot,PARKING,33.893549,-83.957811,1972,way,802102188
OSM-W802102189,Parking lot,PARKING,33.893841,-83.958303,1118,way,802102189
OSM-W802102190,Parking lot,PARKING,33.893663,-83.958119,1314,way,802102190
OSM-W802102191,Parking lot,PARKING,33.895426,-83.959312,2049,way,802102191
OSM-W802238509,Parking lot,PARKING,33.841588,-83.897887,4061,way,802238509
OSM-W802238516,Parking lot,PARKING,33.835129,-83.89859,21386,way,802238516
OSM-W802238517,Parking lot,PARKING,33.834131,-83.897526,24387,way,802238517
OSM-W802244302,Parking lot,PARKING,33.846711,-83.91563,3471,way,802244302
OSM-W802244303,Parking lot,PARKING,33.846613,-83.914661,19477,way,802244303
OSM-W802244304,Parking lot,PARKING,33.846213,-83.913349,22658,way,802244304
OSM-W802269918,Kroger,FUEL_STATION,33.83282,-83.884213,672,way,802269918
OSM-W802269919,Parking lot,PARKING,33.832629,-83.884601,6263,way,802269919
OSM-W802269920,Parking lot,PARKING,33.831972,-83.883831,37687,way,802269920
OSM-W802272445,Parking lot,PARKING,33.886575,-83.925699,5589,way,802272445
OSM-W802274274,Parking lot,PARKING,33.848547,-83.910749,47592,way,802274274
OSM-W802331569,Parking lot,PARKING,34.153915,-83.677763,631,way,802331569
OSM-W802331604,Parking lot,PARKING,34.149379,-83.671431,33814,way,802331604
OSM-W802331605,Parking lot,PARKING,34.14996,-83.669466,32116,way,802331605
OSM-W802334398,Parking lot,PARKING,34.163,-83.679794,5724,way,802334398
OSM-W802334432,Hurricane Grove Church,PLACE_OF_WORSHIP,34.188185,-83.543121,358,way,802334432
OSM-W802334433,Parking lot,PARKING,34.18823,-83.543052,2148,way,802334433
OSM-W802334447,Parking lot,PARKING,34.148897,-83.472654,23068,way,802334447
OSM-W802338506,Parking lot,PARKING,34.123131,-83.614158,4013,way,802338506
OSM-W802338507,Parking lot,PARKING,34.121899,-83.612411,508,way,802338507
OSM-W802338508,Parking lot,PARKING,34.12204,-83.611324,2395,way,802338508
OSM-W802338516,Parking lot,PARKING,34.122141,-83.606044,18755,way,802338516
OSM-W802338518,Parking lot,PARKING,34.121908,-83.605094,5397,way,802338518
OSM-W802338528,Crossroads Church,PLACE_OF_WORSHIP,34.108722,-83.598381,3838,way,802338528
OSM-W802343273,Parking lot,PARKING,34.108375,-83.592256,4625,way,802343273
OSM-W802343274,Parking lot,PARKING,34.107537,-83.592696,8928,way,802343274
OSM-W802343292,Parking lot,PARKING,34.09447,-83.609312,4319,way,802343292
OSM-W802785963,Parking lot,PARKING,34.156977,-83.671284,13008,way,802785963
OSM-W802785964,Parking lot,PARKING,34.157854,-83.67193,12661,way,802785964
OSM-W802785965,Parking lot,PARKING,34.158431,-83.671094,3295,way,802785965
OSM-W802785966,Parking lot,PARKING,34.156648,-83.66891,4099,way,802785966
OSM-W802785967,Parking lot,PARKING,34.154146,-83.6674,2046,way,802785967
OSM-W802785968,Parking lot,PARKING,34.156109,-83.668327,5946,way,802785968
OSM-W802785969,Parking lot,PARKING,34.153238,-83.663511,1603,way,802785969
OSM-W802785970,Parking lot,PARKING,34.153168,-83.662766,1471,way,802785970
OSM-W802785972,Parking lot,PARKING,34.160225,-83.659115,5307,way,802785972
OSM-W802785975,Parking lot,PARKING,34.160619,-83.661238,7717,way,802785975
OSM-W802785977,Parking lot,PARKING,34.156513,-83.659632,4820,way,802785977
OSM-W802785978,Parking lot,PARKING,34.156262,-83.660545,1828,way,802785978
OSM-W802785979,Parking lot,PARKING,34.153771,-83.658988,8201,way,802785979
OSM-W802785980,Parking lot,PARKING,34.154452,-83.660824,506,way,802785980
OSM-W802785981,Parking lot,PARKING,34.154374,-83.662182,11718,way,802785981
OSM-W802785983,Parking lot,PARKING,34.155934,-83.664831,5296,way,802785983
OSM-W802785986,Parking lot,PARKING,34.151441,-83.664154,2012,way,802785986
OSM-W802785987,Parking lot,PARKING,34.150778,-83.662872,8073,way,802785987
OSM-W802785988,Parking lot,PARKING,34.150913,-83.665565,27538,way,802785988
OSM-W802798568,Parking lot,PARKING,34.150457,-83.661769,15172,way,802798568
OSM-W802798570,Parking lot,PARKING,34.149745,-83.663219,6284,way,802798570
OSM-W802798572,Parking lot,PARKING,34.14892,-83.664478,20522,way,802798572
OSM-W802798573,Parking lot,PARKING,34.147543,-83.662974,7395,way,802798573
OSM-W802798574,Parking lot,PARKING,34.147099,-83.661569,10249,way,802798574
OSM-W802798577,Parking lot,PARKING,34.146726,-83.659384,9914,way,802798577
OSM-W802798581,Parking lot,PARKING,34.152141,-83.65743,25172,way,802798581
OSM-W802798590,Parking lot,PARKING,34.155172,-83.639888,43187,way,802798590
OSM-W802798601,New Salem Baptist Church,PLACE_OF_WORSHIP,34.146414,-83.640872,756,way,802798601
OSM-W802851164,Parking lot,PARKING,34.178264,-83.697309,12894,way,802851164
OSM-W802851167,North Jackson Elementary School,SCHOOL,34.177876,-83.696878,128414,way,802851167
OSM-W802851172,Parking lot,PARKING,34.181908,-83.713404,4607,way,802851172
OSM-W802871006,Parking lot,PARKING,34.102801,-83.595813,1255,way,802871006
OSM-W802871009,Parking lot,PARKING,34.112837,-83.56901,11413,way,802871009
OSM-W802871014,City of Jefferson Fire Dept ( St11 HQ),FIRE_STATION,34.115278,-83.574082,861,way,802871014
OSM-W802871022,Parking lot,PARKING,34.123986,-83.583032,5060,way,802871022
OSM-W802871023,Parking lot,PARKING,34.122403,-83.580929,33230,way,802871023
OSM-W802874327,Parking lot,PARKING,34.13052,-83.58925,20335,way,802874327
OSM-W802874328,Parking lot,PARKING,34.142527,-83.606359,3024,way,802874328
OSM-W803176509,Parking lot,PARKING,33.989634,-83.472711,3195,way,803176509
OSM-W803176511,Redstone United Methodist Church,PLACE_OF_WORSHIP,34.057173,-83.504292,632,way,803176511
OSM-W803176545,Parking lot,PARKING,34.074035,-83.55613,10349,way,803176545
OSM-W803176547,Shell,FUEL_STATION,34.074565,-83.558833,646,way,803176547
OSM-W803176550,Marathon,FUEL_STATION,34.074972,-83.559074,129,way,803176550
OSM-W803179135,Parking lot,PARKING,34.073469,-83.565411,4964,way,803179135
OSM-W803179136,Parking lot,PARKING,34.073097,-83.565802,4385,way,803179136
OSM-W803189280,Parking lot,PARKING,34.176671,-83.637185,11693,way,803189280
OSM-W803189281,Parking lot,PARKING,34.178515,-83.637915,11270,way,803189281
OSM-W803189285,Parking lot,PARKING,34.181542,-83.631786,16604,way,803189285
OSM-W803189286,Parking lot,PARKING,34.183299,-83.634922,10380,way,803189286
OSM-W803189287,Parking lot,PARKING,34.185647,-83.634436,26493,way,803189287
OSM-W805338477,Parking lot,PARKING,34.120916,-83.743058,20279,way,805338477
OSM-W805339595,Parking lot,PARKING,34.120057,-83.749582,22682,way,805339595
OSM-W806265434,kedist selassie debre tsion mariam,PLACE_OF_WORSHIP,33.867388,-84.090162,1064,way,806265434
OSM-W806265436,Lilburn School of Ballet,SCHOOL,33.867833,-84.089415,1538,way,806265436
OSM-W806625440,Kroger,FUEL_STATION,33.884408,-84.061464,1194,way,806625440
OSM-W808074572,Parking lot,PARKING,33.999139,-83.972252,1587,way,808074572
OSM-W808078300,Parking lot,PARKING,34.038023,-83.916208,2838,way,808078300
OSM-W808078303,Parking lot,PARKING,34.044601,-83.923138,7857,way,808078303
OSM-W808078304,Parking lot,PARKING,34.044066,-83.923672,678,way,808078304
OSM-W808078309,Parking lot,PARKING,34.040416,-83.921303,3876,way,808078309
OSM-W808080097,Parking lot,PARKING,34.049712,-83.925517,5771,way,808080097
OSM-W808080098,Parking lot,PARKING,34.049175,-83.924604,8449,way,808080098
OSM-W808080099,Parking lot,PARKING,34.049531,-83.923941,1078,way,808080099
OSM-W808082510,Parking lot,PARKING,34.046569,-83.922706,1618,way,808082510
OSM-W808082511,Parking lot,PARKING,34.078772,-83.875693,30171,way,808082511
OSM-W808082513,Parking lot,PARKING,34.079466,-83.873981,4136,way,808082513
OSM-W808082516,Parking lot,PARKING,34.07747,-83.873947,15569,way,808082516
OSM-W808082518,Parking lot,PARKING,34.077632,-83.878047,15120,way,808082518
OSM-W808082519,Parking lot,PARKING,34.077985,-83.878381,1685,way,808082519
OSM-W808089755,Parking lot,PARKING,34.104619,-84.040091,1122,way,808089755
OSM-W808089756,Parking lot,PARKING,34.105664,-84.040069,24227,way,808089756
OSM-W808089757,Parking lot,PARKING,34.106004,-84.038745,13721,way,808089757
OSM-W808089758,Parking lot,PARKING,34.103906,-84.039916,5784,way,808089758
OSM-W808089759,Parking lot,PARKING,34.103344,-84.038112,1508,way,808089759
OSM-W808093566,Parking lot,PARKING,34.099379,-84.045627,1216,way,808093566
OSM-W808110607,Parking lot,PARKING,34.089283,-84.057089,1369,way,808110607
OSM-W809551245,Five Forks Baptist Church,PLACE_OF_WORSHIP,33.897373,-84.054567,475,way,809551245
OSM-W812518827,Parking lot,PARKING,34.101778,-84.065372,4104,way,812518827
OSM-W812707524,Shell,FUEL_STATION,33.859741,-83.406852,633,way,812707524
OSM-W812709356,Parking lot,PARKING,33.899535,-83.364494,2391,way,812709356
OSM-W812712384,Bethel Baptist Church,PLACE_OF_WORSHIP,33.866477,-83.41174,604,way,812712384
OSM-W812712440,Parking lot,PARKING,33.845893,-83.39128,1186,way,812712440
OSM-W812713981,Parking lot,PARKING,33.862643,-83.407988,1129,way,812713981
OSM-W812713982,Parking lot,PARKING,33.861535,-83.407702,2981,way,812713982
OSM-W812843331,Parking lot,PARKING,33.867824,-83.415276,5463,way,812843331
OSM-W812849925,Gas station,FUEL_STATION,33.873685,-83.441743,317,way,812849925
OSM-W812849935,Parking lot,PARKING,33.872785,-83.437263,435,way,812849935
OSM-W812849977,Parking lot,PARKING,33.852271,-83.454848,479,way,812849977
OSM-W812884038,Colonial Woods Baptist Church,PLACE_OF_WORSHIP,33.888714,-84.094054,3507,way,812884038
OSM-W813190287,Parking lot,PARKING,33.873476,-83.437565,1227,way,813190287
OSM-W813192507,Parking lot,PARKING,34.072466,-84.066215,2927,way,813192507
OSM-W813201619,Trinity Lutheran Church,PLACE_OF_WORSHIP,33.848308,-84.074002,2797,way,813201619
OSM-W813422741,Parking lot,PARKING,34.040327,-84.058459,4157,way,813422741
OSM-W813422744,Parking lot,PARKING,34.042892,-84.060921,923,way,813422744
OSM-W813422757,Parking lot,PARKING,34.041375,-84.069595,816,way,813422757
OSM-W814221032,Parking lot,PARKING,33.862177,-83.40898,3828,way,814221032
OSM-W814223320,Parking lot,PARKING,33.867556,-83.418362,4476,way,814223320
OSM-W814262264,Parking lot,PARKING,33.859619,-83.396237,6943,way,814262264
OSM-W814262265,Parking lot,PARKING,33.860541,-83.39545,8005,way,814262265
OSM-W814357026,Amoco,FUEL_STATION,33.92632,-83.334359,716,way,814357026
OSM-W814604216,Whit Davis Elementary School,SCHOOL,33.903978,-83.31757,16609,way,814604216
OSM-W814746444,Forest Heights Baptist Church,PLACE_OF_WORSHIP,33.961631,-83.421454,2100,way,814746444
OSM-W814782075,Parking lot,PARKING,34.04004,-84.075155,9124,way,814782075
OSM-W814783958,Parking lot,PARKING,34.035306,-84.026714,942,way,814783958
OSM-W815005720,Parking lot,PARKING,34.093447,-84.093588,1146,way,815005720
OSM-W815074638,Shell,FUEL_STATION,33.965573,-83.430019,703,way,815074638
OSM-W815094744,Parking lot,PARKING,34.088897,-84.092881,1208,way,815094744
OSM-W815434841,Chevron,FUEL_STATION,33.963053,-83.427171,413,way,815434841
OSM-W815729090,Carnesville Fire Department,FIRE_STATION,34.368376,-83.239767,2681,way,815729090
OSM-W815729092,Red Hill Volunteer Fire Department,FIRE_STATION,34.424312,-83.240018,533,way,815729092
OSM-W815729094,Double Churches Volunteer Fire Department,FIRE_STATION,34.388309,-83.347349,618,way,815729094
OSM-W815856242,Parking lot,PARKING,34.116048,-84.008751,1939,way,815856242
OSM-W815856243,Parking lot,PARKING,34.116551,-84.009208,762,way,815856243
OSM-W815856244,Parking lot,PARKING,34.115908,-84.009188,6671,way,815856244
OSM-W815856713,Parking lot,PARKING,34.119479,-84.006965,4339,way,815856713
OSM-W815856714,Parking lot,PARKING,34.119899,-84.006498,1524,way,815856714
OSM-W815856715,Parking lot,PARKING,34.120544,-84.005468,8319,way,815856715
OSM-W815856716,Parking lot,PARKING,34.12142,-84.00408,10287,way,815856716
OSM-W815856717,Parking lot,PARKING,34.122218,-84.00278,10713,way,815856717
OSM-W815856718,Parking lot,PARKING,34.123084,-84.001691,3705,way,815856718
OSM-W815908072,Parking lot,PARKING,34.123362,-84.000867,2131,way,815908072
OSM-W815908077,Parking lot,PARKING,34.123814,-84.000669,770,way,815908077
OSM-W815910166,Parking lot,PARKING,34.114159,-84.001706,998,way,815910166
OSM-W815910167,Parking lot,PARKING,34.114497,-84.001198,427,way,815910167
OSM-W815910169,Parking lot,PARKING,34.113678,-84.001012,428,way,815910169
OSM-W815910170,Parking lot,PARKING,34.113219,-84.001422,1761,way,815910170
OSM-W815910171,Parking lot,PARKING,34.112572,-84.002012,1195,way,815910171
OSM-W815910172,Parking lot,PARKING,34.112591,-84.001532,547,way,815910172
OSM-W815910174,Parking lot,PARKING,34.113365,-84.000759,3030,way,815910174
OSM-W815917457,Parking lot,PARKING,34.10796,-84.015428,9327,way,815917457
OSM-W815961710,Parking lot,PARKING,34.10229,-84.000802,4011,way,815961710
OSM-W815961713,Parking lot,PARKING,34.093619,-83.998572,2135,way,815961713
OSM-W815961714,Parking lot,PARKING,34.093924,-83.998205,948,way,815961714
OSM-W816176462,Parking lot,PARKING,34.097079,-83.937516,2103,way,816176462
OSM-W816176463,Parking lot,PARKING,34.096983,-83.937207,1982,way,816176463
OSM-W816176464,Ivy Creek Elementary School,SCHOOL,34.097027,-83.936527,14362,way,816176464
OSM-W816176467,Parking lot,PARKING,34.096538,-83.935678,3733,way,816176467
OSM-W816176468,Parking lot,PARKING,34.098049,-83.936422,5929,way,816176468
OSM-W816311415,Parking lot,PARKING,34.091192,-83.940309,1412,way,816311415
OSM-W816311424,Parking lot,PARKING,34.082636,-83.918855,1552,way,816311424
OSM-W816544566,Parking lot,PARKING,34.326137,-83.800212,9800,way,816544566
OSM-W816544567,Parking lot,PARKING,34.327157,-83.801299,6589,way,816544567
OSM-W816544569,Parking lot,PARKING,34.327464,-83.800804,2507,way,816544569
OSM-W816544571,Parking lot,PARKING,34.327357,-83.798982,21490,way,816544571
OSM-W816611268,Parking lot,PARKING,34.092079,-83.946651,1242,way,816611268
OSM-W816974862,Parking lot,PARKING,34.094779,-83.940107,1655,way,816974862
OSM-W816974864,Parking lot,PARKING,34.094716,-83.939163,2006,way,816974864
OSM-W817209243,Parking lot,PARKING,34.095104,-83.946119,874,way,817209243
OSM-W817211966,Parking lot,PARKING,34.104044,-83.94249,612,way,817211966
OSM-W817237724,Ashford Memorial Methodist Church,PLACE_OF_WORSHIP,33.861875,-83.408529,630,way,817237724
OSM-W817237726,Parking lot,PARKING,33.862436,-83.409876,1933,way,817237726
OSM-W817332544,Parking lot,PARKING,34.105939,-83.994329,3079,way,817332544
OSM-W817733343,Parking lot,PARKING,34.039731,-84.090126,9239,way,817733343
OSM-W817778798,Parking lot,PARKING,34.162849,-83.677654,576,way,817778798
OSM-W817778811,Parking lot,PARKING,34.173209,-83.645801,45918,way,817778811
OSM-W817778812,Parking lot,PARKING,34.173021,-83.643691,18547,way,817778812
OSM-W817781856,Parking lot,PARKING,34.160829,-83.607628,1600,way,817781856
OSM-W817858368,Parking lot,PARKING,34.038128,-84.09719,2063,way,817858368
OSM-W817858369,Parking lot,PARKING,34.038561,-84.097212,623,way,817858369
OSM-W817858373,Parking lot,PARKING,34.037793,-84.094252,26426,way,817858373
OSM-W817858374,Parking lot,PARKING,34.038241,-84.092451,2381,way,817858374
OSM-W817858375,Parking lot,PARKING,34.038559,-84.09602,974,way,817858375
OSM-W817858376,Parking lot,PARKING,34.038693,-84.095927,1034,way,817858376
OSM-W817858377,Parking lot,PARKING,34.037907,-84.094243,22015,way,817858377
OSM-W817858378,Parking lot,PARKING,34.038146,-84.096046,2201,way,817858378
OSM-W817858379,Parking lot,PARKING,34.038324,-84.092558,2232,way,817858379
OSM-W817858380,Parking lot,PARKING,34.038916,-84.091794,2576,way,817858380
OSM-W817858381,Parking lot,PARKING,34.038817,-84.091719,2222,way,817858381
OSM-W817858384,Parking lot,PARKING,34.03984,-84.087655,52255,way,817858384
OSM-W817858385,Parking lot,PARKING,34.039079,-84.089108,2245,way,817858385
OSM-W817858386,Parking lot,PARKING,34.039719,-84.087155,41477,way,817858386
OSM-W817858387,Parking lot,PARKING,34.041432,-84.085479,5067,way,817858387
OSM-W817858388,Parking lot,PARKING,34.041376,-84.085346,4921,way,817858388
OSM-W817953604,Parking lot,PARKING,34.040735,-84.088751,14704,way,817953604
OSM-W817953612,Parking lot,PARKING,34.040076,-84.08722,487,way,817953612
OSM-W817953613,Parking lot,PARKING,34.040031,-84.087272,487,way,817953613
OSM-W817953621,Parking lot,PARKING,34.042066,-84.086192,6076,way,817953621
OSM-W817953622,Parking lot,PARKING,34.042634,-84.086105,1816,way,817953622
OSM-W817953623,Parking lot,PARKING,34.043054,-84.086573,6504,way,817953623
OSM-W817956790,Parking lot,PARKING,34.037576,-84.053993,2049,way,817956790
OSM-W818050300,Parking lot,PARKING,34.310489,-83.806288,16506,way,818050300
OSM-W818075442,Parking lot,PARKING,34.11974,-84.027966,1377,way,818075442
OSM-W818075445,Parking lot,PARKING,34.11936,-84.028676,1508,way,818075445
OSM-W818075446,Parking lot,PARKING,34.119838,-84.028532,869,way,818075446
OSM-W818452008,Parking lot,PARKING,34.120884,-84.040859,3793,way,818452008
OSM-W818452009,Parking lot,PARKING,34.121743,-84.040763,2111,way,818452009
OSM-W818850612,Parking lot,PARKING,34.112549,-84.099655,5517,way,818850612
OSM-W819092532,Parking lot,PARKING,34.089866,-84.07159,7065,way,819092532
OSM-W819092533,Parking lot,PARKING,34.08932,-84.072213,2624,way,819092533
OSM-W819114589,Parking lot,PARKING,34.086625,-84.020291,1027,way,819114589
OSM-W819161399,Parking lot,PARKING,34.082635,-84.023583,917,way,819161399
OSM-W819161400,Parking lot,PARKING,34.080154,-84.024073,4483,way,819161400
OSM-W819207410,Parking lot,PARKING,34.086511,-84.038616,1248,way,819207410
OSM-W819209432,Parking lot,PARKING,34.076945,-84.033054,937,way,819209432
OSM-W819214241,Parking lot,PARKING,34.075438,-84.029008,1216,way,819214241
OSM-W819540028,Parking lot,PARKING,34.069316,-84.028757,869,way,819540028
OSM-W819564553,Parking lot,PARKING,34.06775,-84.041079,2241,way,819564553
OSM-W820200257,Parking lot,PARKING,34.075857,-84.047643,7654,way,820200257
OSM-W820406750,Parking lot,PARKING,34.109917,-84.070788,1443,way,820406750
OSM-W820817592,Whitehall Baptist Church,PLACE_OF_WORSHIP,33.909114,-83.354914,570,way,820817592
OSM-W821990261,Green Acres Church,PLACE_OF_WORSHIP,33.921555,-83.340701,6686,way,821990261
OSM-W821993130,Citgo,FUEL_STATION,33.937055,-83.324209,689,way,821993130
OSM-W821993156,Athens Clarke County Station 10,FIRE_STATION,33.951742,-83.324276,395,way,821993156
OSM-W822073297,Athens Christian Church,PLACE_OF_WORSHIP,33.962499,-83.427866,3690,way,822073297
OSM-W822073306,The Church of Jesus Christ of Latter-day Saints,PLACE_OF_WORSHIP,33.97411,-83.436732,3116,way,822073306
OSM-W822686757,Johnson Drive Baptist Church,PLACE_OF_WORSHIP,33.944497,-83.348328,722,way,822686757
OSM-W822686773,Chevron,FUEL_STATION,33.944569,-83.343985,98,way,822686773
OSM-W822686802,Living Hope Church,PLACE_OF_WORSHIP,33.944377,-83.342989,2101,way,822686802
OSM-W823247717,Parking lot,PARKING,33.918492,-83.381186,954,way,823247717
OSM-W823247718,Parking lot,PARKING,33.918478,-83.37637,30541,way,823247718
OSM-W823247721,Parking lot,PARKING,33.914603,-83.375627,2734,way,823247721
OSM-W823298193,Parking lot,PARKING,33.906246,-83.402148,6187,way,823298193
OSM-W823298195,Nations Church,PLACE_OF_WORSHIP,33.906949,-83.401817,8787,way,823298195
OSM-W823298196,Parking lot,PARKING,33.907908,-83.401558,8095,way,823298196
OSM-W823440090,Club House Parking,PARKING,33.916367,-83.372147,8832,way,823440090
OSM-W823533634,Parking lot,PARKING,34.089997,-84.084339,3650,way,823533634
OSM-W824589452,Fire Station Number 5,FIRE_STATION,33.911252,-83.314001,783,way,824589452
OSM-W824622694,Parking lot,PARKING,33.818697,-83.439141,837,way,824622694
OSM-W825436232,Parking lot,PARKING,34.075184,-83.989951,815,way,825436232
OSM-W825436233,Parking lot,PARKING,34.075515,-83.989569,1153,way,825436233
OSM-W825436234,Parking lot,PARKING,34.073854,-83.989411,7000,way,825436234
OSM-W825436235,Parking lot,PARKING,34.073982,-83.988333,409,way,825436235
OSM-W825436236,Parking lot,PARKING,34.074523,-83.988299,10499,way,825436236
OSM-W825436237,Parking lot,PARKING,34.075373,-83.988228,10455,way,825436237
OSM-W825438643,Parking lot,PARKING,34.131068,-83.999595,4355,way,825438643
OSM-W825438644,Parking lot,PARKING,34.131686,-83.999973,1973,way,825438644
OSM-W825438645,Parking lot,PARKING,34.131532,-84.000599,1877,way,825438645
OSM-W825438646,Parking lot,PARKING,34.130932,-84.000485,5964,way,825438646
OSM-W825500310,Corinth Church,PLACE_OF_WORSHIP,33.848081,-83.283715,382,way,825500310
OSM-W825500342,Church lot,PLACE_OF_WORSHIP,33.839195,-83.279503,585,way,825500342
OSM-W825500343,Temple Methodist Church,PLACE_OF_WORSHIP,33.839011,-83.279765,680,way,825500343
OSM-W826245266,Parking lot,PARKING,34.071491,-83.964631,2137,way,826245266
OSM-W826245272,Parking lot,PARKING,34.071802,-83.965572,817,way,826245272
OSM-W826349734,Fire Station #4,FIRE_STATION,33.962258,-83.415329,2264,way,826349734
OSM-W826351774,Athens - Clarke County Fire Department Station 8,FIRE_STATION,33.988813,-83.427391,1883,way,826351774
OSM-W826357545,Parking lot,PARKING,33.948235,-83.395679,499,way,826357545
OSM-W826507737,Parking lot,PARKING,34.099732,-84.081291,600,way,826507737
OSM-W826515888,Parking lot,PARKING,34.106586,-84.086451,613,way,826515888
OSM-W827051235,Parking lot,PARKING,34.102016,-84.08693,824,way,827051235
OSM-W827510698,Parking lot,PARKING,34.126198,-83.981445,20364,way,827510698
OSM-W827510699,Parking lot,PARKING,34.126724,-83.980013,22621,way,827510699
OSM-W835288376,Chapelwood United Methodist Church,PLACE_OF_WORSHIP,33.976813,-83.434042,2961,way,835288376
OSM-W835290800,Church lot,PLACE_OF_WORSHIP,33.961467,-83.417315,546,way,835290800
OSM-W836614410,Princeton United Methodist Church,PLACE_OF_WORSHIP,33.919954,-83.388839,27413,way,836614410
OSM-W837406689,Rhema Christian Fellowship,PLACE_OF_WORSHIP,34.000755,-83.351845,1080,way,837406689
OSM-W837416717,Mount Zion Church,PLACE_OF_WORSHIP,34.040881,-83.302754,639,way,837416717
OSM-W837416919,Gas station,FUEL_STATION,34.030974,-83.315646,150,way,837416919
OSM-W837416920,Chevron,FUEL_STATION,34.028252,-83.318251,394,way,837416920
OSM-W837417064,Iglesia Pentecostal Tabernaculo de Athens,PLACE_OF_WORSHIP,34.028052,-83.320235,1845,way,837417064
OSM-W837417066,Canvas Church,PLACE_OF_WORSHIP,34.024516,-83.320099,787,way,837417066
OSM-W837464963,Texaco,FUEL_STATION,34.020223,-83.322072,420,way,837464963
OSM-W837465084,Hull Baptist Church,PLACE_OF_WORSHIP,34.014973,-83.291601,2169,way,837465084
OSM-W837465259,Joy Baptist Church,PLACE_OF_WORSHIP,34.026051,-83.307903,6127,way,837465259
OSM-W837467511,Mars Hill Baptist Church,PLACE_OF_WORSHIP,33.907717,-83.47143,3527,way,837467511
OSM-W837701771,Church lot,PLACE_OF_WORSHIP,33.918189,-83.500249,4020,way,837701771
OSM-W837701775,Church lot,PLACE_OF_WORSHIP,33.916135,-83.502202,3867,way,837701775
OSM-W837702029,RaceTrac,FUEL_STATION,33.941168,-83.470243,994,way,837702029
OSM-W837835285,Barrow County Fire Station #1,FIRE_STATION,33.96009,-83.60356,1171,way,837835285
OSM-W837835299,Barber's Creek Baptist Church,PLACE_OF_WORSHIP,33.948268,-83.590106,1184,way,837835299
OSM-W837846997,Texaco,FUEL_STATION,33.957503,-83.585766,728,way,837846997
OSM-W839163679,Bogart Church of Christ,PLACE_OF_WORSHIP,33.951721,-83.535195,589,way,839163679
OSM-W839163680,Bogart Baptist Church,PLACE_OF_WORSHIP,33.951599,-83.537992,1148,way,839163680
OSM-W839163784,Pure,FUEL_STATION,33.948073,-83.527979,133,way,839163784
OSM-W839164825,Bogart United Methodist Church,PLACE_OF_WORSHIP,33.94653,-83.523381,1056,way,839164825
OSM-W839626094,Citgo,FUEL_STATION,33.958785,-83.587915,68,way,839626094
OSM-W839638988,Parking lot,PARKING,33.864787,-83.411194,1962,way,839638988
OSM-W839638989,Parking lot,PARKING,33.864298,-83.410455,12225,way,839638989
OSM-W840336945,Parking lot,PARKING,34.168821,-83.685562,7257,way,840336945
OSM-W840336977,Parking lot,PARKING,34.141916,-83.694883,2387,way,840336977
OSM-W841884948,Kroger,FUEL_STATION,33.99606,-83.336093,1633,way,841884948
OSM-W841885037,Riverside Church,PLACE_OF_WORSHIP,34.03071,-83.245081,2288,way,841885037
OSM-W842008111,Saint Luke AME Church,PLACE_OF_WORSHIP,33.928755,-83.312105,361,way,842008111
OSM-W842053465,QuikTrip,FUEL_STATION,33.907145,-83.463987,1401,way,842053465
OSM-W842053466,Oconee County Fire Department Station 8 Barber Creek,FIRE_STATION,33.907869,-83.464192,636,way,842053466
OSM-W842168084,Friendship Church,PLACE_OF_WORSHIP,33.90204,-83.505086,1023,way,842168084
OSM-W844847604,Gas station,FUEL_STATION,33.981205,-83.36251,620,way,844847604
OSM-W844847764,Chevron,FUEL_STATION,33.979785,-83.377517,251,way,844847764
OSM-W844847873,Shell,FUEL_STATION,33.994871,-83.380026,760,way,844847873
OSM-W844851948,North - Athens-Clarke County Fire Station #9,FIRE_STATION,33.99789,-83.353497,1567,way,844851948
OSM-W844882518,Faith Temple Church of God in Christ,PLACE_OF_WORSHIP,34.01398,-83.324193,779,way,844882518
OSM-W845454875,Athens Chinese Christian Church,PLACE_OF_WORSHIP,33.958867,-83.536199,2244,way,845454875
OSM-W846257363,Smith Chapel Baptist Church,PLACE_OF_WORSHIP,33.909506,-83.654497,550,way,846257363
OSM-W846467449,Hebron Christian Church,PLACE_OF_WORSHIP,33.903513,-83.633035,1396,way,846467449
OSM-W846467572,Bethabara Baptist Church,PLACE_OF_WORSHIP,33.896658,-83.576903,1380,way,846467572
OSM-W846777846,Parking lot,PARKING,34.109231,-83.598802,4164,way,846777846
OSM-W846781601,Parking lot,PARKING,34.120526,-83.587636,4796,way,846781601
OSM-W846781605,Parking lot,PARKING,34.119831,-83.586745,769,way,846781605
OSM-W846781607,Parking lot,PARKING,34.122813,-83.584869,1789,way,846781607
OSM-W846781608,Parking lot,PARKING,34.123605,-83.585201,2369,way,846781608
OSM-W847031531,Rocky Branch Elementary School,SCHOOL,33.877371,-83.530888,3326,way,847031531
OSM-W848683076,Parking lot,PARKING,34.122006,-83.596938,959,way,848683076
OSM-W853044786,Banks County High School,SCHOOL,34.308425,-83.500555,616707,way,853044786
OSM-W855650938,Parking lot,PARKING,33.95082,-83.381978,2523,way,855650938
OSM-W866132934,Parking lot,PARKING,34.092494,-83.560225,872,way,866132934
OSM-W866135800,Parking lot,PARKING,34.161738,-83.678103,2242,way,866135800
OSM-W866135801,Parking lot,PARKING,34.162229,-83.678307,767,way,866135801
OSM-W866135802,Parking lot,PARKING,34.162902,-83.680306,432,way,866135802
OSM-W866135816,Parking lot,PARKING,34.16863,-83.685358,3328,way,866135816
OSM-W866135817,Parking lot,PARKING,34.168934,-83.684088,1727,way,866135817
OSM-W866135826,Parking lot,PARKING,34.16888,-83.686262,453,way,866135826
OSM-W866137029,Parking lot,PARKING,34.116608,-83.591493,2926,way,866137029
OSM-W866137938,Parking lot,PARKING,34.162472,-83.67813,533,way,866137938
OSM-W866140648,Parking lot,PARKING,34.054894,-83.876966,2468,way,866140648
OSM-W866140652,Parking lot,PARKING,34.053913,-83.891286,5767,way,866140652
OSM-W866140653,Parking lot,PARKING,34.053714,-83.891169,6029,way,866140653
OSM-W866494179,Revival Baptist Church,PLACE_OF_WORSHIP,34.135684,-83.682354,650,way,866494179
OSM-W866496495,Parking lot,PARKING,34.144278,-83.670122,1234,way,866496495
OSM-W866496496,Parking lot,PARKING,34.143902,-83.670021,997,way,866496496
OSM-W866500730,Parking lot,PARKING,34.148895,-83.673513,4379,way,866500730
OSM-W866500737,Parking lot,PARKING,34.150318,-83.675341,4270,way,866500737
OSM-W866540729,Talmo Baptist Church,PLACE_OF_WORSHIP,34.183374,-83.720923,1850,way,866540729
OSM-W866540730,Parking lot,PARKING,34.183386,-83.72096,13278,way,866540730
OSM-W866540740,Parking lot,PARKING,34.184822,-83.721377,897,way,866540740
OSM-W866540746,North Jackson Fire Department,FIRE_STATION,34.184758,-83.720787,481,way,866540746
OSM-W866540750,Parking lot,PARKING,34.184771,-83.720429,4302,way,866540750
OSM-W866543786,Parking lot,PARKING,34.178532,-83.693868,4336,way,866543786
OSM-W866546362,Parking lot,PARKING,34.121129,-83.586323,591,way,866546362
OSM-W867181430,Parking lot,PARKING,34.152281,-83.649281,888,way,867181430
OSM-W867183626,Parking lot,PARKING,34.153936,-83.643139,2549,way,867183626
OSM-W867183627,Parking lot,PARKING,34.146401,-83.641005,5045,way,867183627
OSM-W867183628,Parking lot,PARKING,34.1526,-83.643136,1762,way,867183628
OSM-W867183629,Parking lot,PARKING,34.152667,-83.643806,3693,way,867183629
OSM-W867183636,Parking lot,PARKING,34.15299,-83.648494,1352,way,867183636
OSM-W867183643,Parking lot,PARKING,34.158388,-83.667621,1989,way,867183643
OSM-W867183644,Parking lot,PARKING,34.158827,-83.667137,2715,way,867183644
OSM-W867183646,Parking lot,PARKING,34.158995,-83.666313,1583,way,867183646
OSM-W867186659,Parking lot,PARKING,34.16252,-83.678814,559,way,867186659
OSM-W867186664,Parking lot,PARKING,34.162153,-83.677534,2090,way,867186664
OSM-W867191188,Parking lot,PARKING,34.150986,-83.658649,8619,way,867191188
OSM-W867191190,Parking lot,PARKING,34.152667,-83.659872,2143,way,867191190
OSM-W867191191,Parking lot,PARKING,34.152537,-83.659089,491,way,867191191
OSM-W867191192,Parking lot,PARKING,34.151512,-83.659334,630,way,867191192
OSM-W867191203,Parking lot,PARKING,34.092639,-83.688421,5422,way,867191203
OSM-W867191205,Parking lot,PARKING,34.092451,-83.686978,4200,way,867191205
OSM-W867191206,Parking lot,PARKING,34.094249,-83.688718,3267,way,867191206
OSM-W867191207,Parking lot,PARKING,34.095223,-83.688773,4408,way,867191207
OSM-W867191210,School lot,SCHOOL,34.093768,-83.688544,206820,way,867191210
OSM-W867513533,Academy Missionary Baptist Church,PLACE_OF_WORSHIP,34.139159,-83.635633,1166,way,867513533
OSM-W867513534,Kroger,FUEL_STATION,34.122546,-83.605793,633,way,867513534
OSM-W867513535,Parking lot,PARKING,34.123443,-83.606245,4367,way,867513535
OSM-W867513536,Parking lot,PARKING,34.123378,-83.607239,6206,way,867513536
OSM-W867513540,Parking lot,PARKING,34.123407,-83.622284,11294,way,867513540
OSM-W867513548,Parking lot,PARKING,34.112539,-83.590533,7065,way,867513548
OSM-W867513550,Parking lot,PARKING,34.113591,-83.590019,5696,way,867513550
OSM-W876309770,Grace Baptist Church,PLACE_OF_WORSHIP,33.892709,-83.566964,2157,way,876309770
OSM-W890493134,Gas station,FUEL_STATION,33.994925,-83.353759,264,way,890493134
OSM-W892783425,Hewatt Road Park-and-Ride,PARKING,33.838942,-84.059754,12463,way,892783425
OSM-W895714780,Cherokee Corner United Methodist Church,PLACE_OF_WORSHIP,33.894805,-83.233598,509,way,895714780
OSM-W895737495,Trinity Lutheran Church,PLACE_OF_WORSHIP,33.975003,-83.415364,5615,way,895737495
OSM-W895737720,Gas station,FUEL_STATION,33.985921,-83.420657,1285,way,895737720
OSM-W895738364,Iglesia Vida Neuva,PLACE_OF_WORSHIP,33.995258,-83.427055,744,way,895738364
OSM-W895880684,Lighthouse Church,PLACE_OF_WORSHIP,33.969448,-83.446268,1350,way,895880684
OSM-W895884362,New Shiloh Baptist Church,PLACE_OF_WORSHIP,34.006831,-83.387482,387,way,895884362
OSM-W895885024,Sandy Creek Baptist Church,PLACE_OF_WORSHIP,34.018338,-83.389055,761,way,895885024
OSM-W895885865,Gas station,FUEL_STATION,33.989033,-83.398174,94,way,895885865
OSM-W895887188,Winterville Elementary School,SCHOOL,33.969796,-83.289569,12286,way,895887188
OSM-W895898728,Valero,FUEL_STATION,33.936449,-83.351186,199,way,895898728
OSM-W897198009,Prince of Peace Catholic Church,PLACE_OF_WORSHIP,34.155751,-83.89306,12944,way,897198009
OSM-W897680990,Saint Matthew Baptist Church,PLACE_OF_WORSHIP,34.029879,-83.437799,571,way,897680990
OSM-W899290614,Oconee County Fire Rescue Station 7,FIRE_STATION,33.939499,-83.538792,1097,way,899290614
OSM-W899295767,Church lot,PLACE_OF_WORSHIP,33.966574,-83.59597,2704,way,899295767
OSM-W900896898,Parking lot,PARKING,33.828466,-83.833403,2850,way,900896898
OSM-W903076277,12Stone Church,PLACE_OF_WORSHIP,33.984641,-84.087567,9940,way,903076277
OSM-W903076287,Parking lot,PARKING,33.985466,-84.088647,3662,way,903076287
OSM-W909153906,Parking lot,PARKING,34.334025,-83.497714,2943,way,909153906
OSM-W909156174,Parking lot,PARKING,34.331983,-83.499633,3750,way,909156174
OSM-W909156178,Parking lot,PARKING,34.329812,-83.508047,7271,way,909156178
OSM-W909156179,Parking lot,PARKING,34.329808,-83.510659,2926,way,909156179
OSM-W909156182,Parking lot,PARKING,34.329739,-83.511278,1562,way,909156182
OSM-W909156183,Parking lot,PARKING,34.337058,-83.505273,1191,way,909156183
OSM-W925259262,Watkinsville First Baptist,PLACE_OF_WORSHIP,33.866642,-83.464899,4542,way,925259262
OSM-W92714383,Parking lot,PARKING,34.372763,-83.699272,2876,way,92714383
OSM-W927256730,New Hope Church,PLACE_OF_WORSHIP,34.377567,-83.881812,335,way,927256730
OSM-W929365605,The Church of Jesus Christ of Latter-day Saints,PLACE_OF_WORSHIP,33.922005,-84.016101,4489,way,929365605
OSM-W930842816,Brookwood High School,SCHOOL,33.883349,-84.040987,314086,way,930842816
OSM-W930844263,Parking lot,PARKING,33.88307,-84.040265,1785,way,930844263
OSM-W931236503,Parking lot,PARKING,33.883631,-84.038029,4573,way,931236503
OSM-W935420196,Parking lot,PARKING,34.052211,-83.996026,3274,way,935420196
OSM-W936534513,Parking lot,PARKING,33.88456,-84.042838,33248,way,936534513
OSM-W936534516,Parking lot,PARKING,33.884805,-84.040979,15913,way,936534516
OSM-W943412831,School lot,SCHOOL,34.015862,-84.019962,521250,way,943412831
OSM-W943412832,School lot,SCHOOL,34.018232,-84.022873,147227,way,943412832
OSM-W943416493,Exxon,FUEL_STATION,34.035381,-84.024159,1228,way,943416493
OSM-W947872283,Parking lot,PARKING,33.990121,-84.02906,683,way,947872283
OSM-W947872284,Parking lot,PARKING,33.989798,-84.028513,681,way,947872284
OSM-W947872285,Parking lot,PARKING,33.990589,-84.028821,3061,way,947872285
OSM-W947872286,Parking lot,PARKING,33.990684,-84.02823,1588,way,947872286
OSM-W947872287,Parking lot,PARKING,33.990329,-84.027939,437,way,947872287
OSM-W947872313,McKendree United Methodist Church,PLACE_OF_WORSHIP,33.988152,-84.028032,11244,way,947872313
OSM-W947872314,Parking lot,PARKING,33.988087,-84.027997,37335,way,947872314
OSM-W951322763,Mount Zion Baptist Church,PLACE_OF_WORSHIP,33.889122,-84.010975,13813,way,951322763
OSM-W951563540,Parking lot,PARKING,34.094274,-84.01762,833,way,951563540
OSM-W951585361,Parking lot,PARKING,33.919003,-84.001563,12120,way,951585361
OSM-W951585362,Parking lot,PARKING,33.918997,-84.002819,4807,way,951585362
OSM-W951585363,Parking lot,PARKING,33.919408,-84.002657,553,way,951585363
OSM-W951585364,Parking lot,PARKING,33.919413,-84.003191,7868,way,951585364
OSM-W957172775,Parking lot,PARKING,34.245001,-83.961669,6673,way,957172775
OSM-W957172777,Parking lot,PARKING,34.245625,-83.960808,8598,way,957172777
OSM-W960964601,Parking lot,PARKING,34.29598,-83.816753,3386,way,960964601
OSM-W960964605,Parking lot,PARKING,34.295337,-83.815989,11311,way,960964605
OSM-W960964608,Parking lot,PARKING,34.29668,-83.818208,4023,way,960964608
OSM-W960964613,Parking lot,PARKING,34.297106,-83.818848,1429,way,960964613
OSM-W960964616,Parking lot,PARKING,34.296562,-83.818931,679,way,960964616
OSM-W960964617,Parking lot,PARKING,34.296714,-83.81954,4882,way,960964617
OSM-W960964618,Parking lot,PARKING,34.298214,-83.827114,1745,way,960964618
OSM-W960964619,Parking lot,PARKING,34.298121,-83.827727,2788,way,960964619
OSM-W960964623,Parking lot,PARKING,34.299628,-83.82921,18433,way,960964623
OSM-W960964633,Parking lot,PARKING,34.297249,-83.826421,3304,way,960964633
OSM-W962433829,Parking lot,PARKING,33.951045,-83.39856,1356,way,962433829
OSM-W962471898,Parking lot,PARKING,33.8573,-84.004162,81676,way,962471898
OSM-W963261429,Parking lot,PARKING,33.864649,-83.40668,2204,way,963261429
OSM-W963277316,Chevron,FUEL_STATION,33.860201,-83.406291,432,way,963277316
OSM-W963465672,Clarke Central High School,SCHOOL,33.950725,-83.390025,259582,way,963465672
OSM-W963501991,Parking lot,PARKING,33.953814,-83.409816,2853,way,963501991
OSM-W964042828,Barnett Shoals Elementary School,SCHOOL,33.902214,-83.33803,94610,way,964042828
OSM-W964051488,Athens Montessori School,SCHOOL,33.905253,-83.336707,29629,way,964051488
OSM-W964300088,Parking lot,PARKING,33.957662,-83.364258,963,way,964300088
OSM-W965080620,Parking lot,PARKING,33.964476,-83.372006,1764,way,965080620
OSM-W965080669,Parking lot,PARKING,33.964387,-83.377828,2670,way,965080669
OSM-W965084675,Parking lot,PARKING,33.965489,-83.379807,1461,way,965084675
OSM-W965183944,Parking lot,PARKING,33.904767,-83.373749,1038,way,965183944
OSM-W965183947,Parking lot,PARKING,33.907976,-83.375644,1574,way,965183947
OSM-W965183948,Parking lot,PARKING,33.907588,-83.376265,1122,way,965183948
OSM-W965374426,Parking lot,PARKING,33.969678,-83.372216,767,way,965374426
OSM-W966238424,Parking lot,PARKING,33.958455,-83.367467,479,way,966238424
OSM-W967027762,Parking lot,PARKING,33.860173,-83.407047,1332,way,967027762
OSM-W967039271,Parking lot,PARKING,33.862741,-83.408673,1820,way,967039271
OSM-W967042939,Parking lot,PARKING,33.859684,-83.406743,3920,way,967042939
OSM-W967128480,Kroger Gas,FUEL_STATION,33.882277,-84.009999,887,way,967128480
OSM-W96765130,Grace Hall,PLACE_OF_WORSHIP,33.869591,-84.097006,1097,way,96765130
OSM-W96765145,Shell,FUEL_STATION,33.868312,-84.092807,1002,way,96765145
OSM-W96765146,Chevron,FUEL_STATION,33.867794,-84.093535,488,way,96765146
OSM-W968339493,Parking lot,PARKING,33.955685,-83.368505,10796,way,968339493
OSM-W968339496,Parking lot,PARKING,33.954626,-83.369621,3260,way,968339496
OSM-W969844720,Parking lot,PARKING,33.958219,-83.36259,662,way,969844720
OSM-W97046786,Maranatha Baptist Church,PLACE_OF_WORSHIP,33.877424,-84.067071,1071,way,97046786
OSM-W97046792,Yellow River Baptist,PLACE_OF_WORSHIP,33.875223,-84.080114,1968,way,97046792
OSM-W97189933,QuikTrip,FUEL_STATION,33.888081,-84.059206,2135,way,97189933
OSM-W973289088,Parking lot,PARKING,34.091482,-84.005344,3757,way,973289088
OSM-W973302345,Parking lot,PARKING,34.0708,-84.046936,1002,way,973302345
OSM-W975054557,Parking lot,PARKING,33.876355,-84.091769,714,way,975054557
OSM-W975054558,Parking lot,PARKING,33.876303,-84.092631,54939,way,975054558
OSM-W975054559,Parking lot,PARKING,33.877193,-84.091988,7799,way,975054559
OSM-W977068600,Parking lot,PARKING,34.118304,-83.971162,648,way,977068600
OSM-W977950509,Parking lot,PARKING,33.960227,-83.390702,691,way,977950509
OSM-W977952394,Parking lot,PARKING,33.960499,-83.390591,1387,way,977952394
OSM-W978401455,Parking lot,PARKING,34.026722,-83.739011,14749,way,978401455
OSM-W97887314,R. D. Head Elementary School,SCHOOL,33.854047,-84.065197,14462,way,97887314
OSM-W97887324,R. D. Head Elementary School,SCHOOL,33.854222,-84.065484,840,way,97887324
OSM-W97904218,Good Shepherd Presbyterian Church,PLACE_OF_WORSHIP,33.859694,-84.080994,2881,way,97904218
OSM-W97904220,Church lot,PLACE_OF_WORSHIP,33.860028,-84.080404,858,way,97904220
OSM-W97904223,Church lot,PLACE_OF_WORSHIP,33.860372,-84.081687,447,way,97904223
OSM-W979563092,Parking lot,PARKING,33.953771,-83.385712,11187,way,979563092
OSM-W981702508,Parking lot,PARKING,33.963919,-83.401144,1988,way,981702508
OSM-W981848871,Parking lot,PARKING,33.954079,-83.366653,854,way,981848871
OSM-W981848872,Parking lot,PARKING,33.954021,-83.366308,730,way,981848872
OSM-W982803640,Parking lot,PARKING,34.001532,-83.448164,8947,way,982803640
OSM-W982927375,Parking lot,PARKING,33.955737,-83.377456,8644,way,982927375
OSM-W982995284,Johnnie Lay Burks Elementary School,SCHOOL,33.964728,-83.394296,41473,way,982995284
OSM-W983224618,Parking lot,PARKING,33.942983,-83.388335,518,way,983224618
OSM-W983254965,Parking lot,PARKING,33.947431,-83.39028,8924,way,983254965
OSM-W983254966,Parking lot,PARKING,33.947893,-83.38846,1201,way,983254966
OSM-W983254967,Parking lot,PARKING,33.947694,-83.388472,909,way,983254967
OSM-W983254976,Parking lot,PARKING,33.956771,-83.39878,1643,way,983254976
OSM-W983255008,Parking lot,PARKING,33.971291,-83.386342,404,way,983255008
OSM-W983255010,Parking lot,PARKING,33.97299,-83.384575,1824,way,983255010
OSM-W983372192,Parking lot,PARKING,33.960896,-83.395207,3671,way,983372192
OSM-W984701699,Parking lot,PARKING,33.963703,-83.375625,4083,way,984701699
OSM-W985205861,Ingles Gas Express,FUEL_STATION,34.011348,-83.838946,774,way,985205861
OSM-W985603958,Nazareth United Methodist Church,PLACE_OF_WORSHIP,34.027748,-83.77543,817,way,985603958
OSM-W985607073,Fairfield Baptist Church,PLACE_OF_WORSHIP,34.012457,-83.834483,799,way,985607073
OSM-W985607684,Marathon,FUEL_STATION,34.012089,-83.825856,759,way,985607684
OSM-W985608128,Carl Baptist Church,PLACE_OF_WORSHIP,34.006265,-83.811356,5470,way,985608128
OSM-W985608276,Midway United Methodist Church,PLACE_OF_WORSHIP,33.998256,-83.822326,518,way,985608276
OSM-W985608379,Calvary Church,PLACE_OF_WORSHIP,34.002916,-83.807613,802,way,985608379
OSM-W985608921,Shell,FUEL_STATION,33.99169,-83.774279,273,way,985608921
OSM-W985609159,Saint Matthew Catholic Church,PLACE_OF_WORSHIP,33.990903,-83.779386,1584,way,985609159
OSM-W985609306,Cedar Creek Baptist Church,PLACE_OF_WORSHIP,33.996633,-83.751837,2285,way,985609306
OSM-W985609720,Murphy USA,FUEL_STATION,33.991939,-83.756248,421,way,985609720
OSM-W985916638,Friendship Baptist Church,PLACE_OF_WORSHIP,34.127121,-83.923587,860,way,985916638
OSM-W985917705,Zion Hill Baptist Church,PLACE_OF_WORSHIP,34.099775,-83.936659,729,way,985917705
OSM-W985923649,Hall County Fire Station 14,FIRE_STATION,34.11955,-83.873611,1173,way,985923649
OSM-W985924820,Korean Church of Hamilton Mill UMC,PLACE_OF_WORSHIP,34.100565,-83.87807,567,way,985924820
OSM-W985925782,Woods Grove Missionary Baptist Church,PLACE_OF_WORSHIP,34.081055,-83.866907,463,way,985925782
OSM-W985926501,Mount Moriah Baptist Church,PLACE_OF_WORSHIP,34.070423,-83.856942,372,way,985926501
OSM-W985927137,Union Grove Baptist Church,PLACE_OF_WORSHIP,34.038363,-83.866774,641,way,985927137
OSM-W985930231,Countryside Montessori School,SCHOOL,34.035652,-83.881468,574,way,985930231
OSM-W985932618,12Stone Church,PLACE_OF_WORSHIP,34.071972,-83.899931,5550,way,985932618
OSM-W985932851,Duncan Creek Congregational Church,PLACE_OF_WORSHIP,34.072404,-83.897649,396,way,985932851
OSM-W985932918,Antioch Baptist Church,PLACE_OF_WORSHIP,34.072586,-83.896718,343,way,985932918
OSM-W985932924,Saint Mary and Saint Martha Episcopal Church,PLACE_OF_WORSHIP,34.070487,-83.89898,999,way,985932924
OSM-W985935731,Hamilton Mill Church,PLACE_OF_WORSHIP,34.04956,-83.932479,6596,way,985935731
OSM-W985938447,The Fountain Church,PLACE_OF_WORSHIP,34.01969,-83.940667,2663,way,985938447
OSM-W985940382,Church lot,PLACE_OF_WORSHIP,34.0066,-83.917512,679,way,985940382
OSM-W985943664,Ivy Creek Baptist Church,PLACE_OF_WORSHIP,34.069288,-83.953709,4432,way,985943664
OSM-W985943879,Ivy Creek Baptist Church,PLACE_OF_WORSHIP,34.070153,-83.953896,714,way,985943879
OSM-W985946254,Hopewell Christian Church,PLACE_OF_WORSHIP,34.038626,-84.019079,541,way,985946254
OSM-W985950958,Old Ivy Primitive Baptist Church,PLACE_OF_WORSHIP,34.049698,-83.984079,244,way,985950958
OSM-W985950972,Rock Springs UMC,PLACE_OF_WORSHIP,34.046578,-83.998545,1615,way,985950972
OSM-W985951562,Covenant Presbyterian Church,PLACE_OF_WORSHIP,34.050246,-83.985362,1874,way,985951562
OSM-W985951980,Philadelphia Romanian Church,PLACE_OF_WORSHIP,34.038169,-84.012887,6014,way,985951980
OSM-W985953158,Hall Church,PLACE_OF_WORSHIP,34.01919,-83.985575,1841,way,985953158
OSM-W985956007,Collins Hill Baptist Church,PLACE_OF_WORSHIP,33.99844,-84.013944,2742,way,985956007
OSM-W985957910,Global Outreach Church,PLACE_OF_WORSHIP,34.01123,-83.965412,4279,way,985957910
OSM-W985958431,Prospect United Methodist Church,PLACE_OF_WORSHIP,34.019987,-83.958773,1989,way,985958431
OSM-W986433445,Parking lot,PARKING,33.961817,-83.372663,516,way,986433445
OSM-W986474376,Parking lot,PARKING,33.943608,-83.342809,3346,way,986474376
OSM-W986684248,Galilee Christian Church,PLACE_OF_WORSHIP,34.079913,-83.602858,6681,way,986684248
OSM-W98964889,Gwinett Bible Chapel,PLACE_OF_WORSHIP,33.875298,-84.082584,1261,way,98964889
OSM-W98964890,Berean Baptist Church,PLACE_OF_WORSHIP,33.872592,-84.054873,8329,way,98964890
OSM-W98964891,White Oak Church,PLACE_OF_WORSHIP,33.870776,-84.060955,1141,way,98964891
OSM-W989830185,Banks County High School,SCHOOL,34.331651,-83.509171,245720,way,989830185
OSM-W989833588,Gas station,FUEL_STATION,34.322038,-83.50289,138,way,989833588
OSM-W991873664,World Aflame Tabernacle,PLACE_OF_WORSHIP,33.923686,-83.915344,607,way,991873664
OSM-W991939810,Parking lot,PARKING,33.948969,-83.40889,1160,way,991939810
OSM-W991939849,Pure,FUEL_STATION,33.940988,-83.430114,357,way,991939849
OSM-W994109858,Parking lot,PARKING,33.958742,-83.354981,1154,way,994109858
OSM-W994904565,Parking lot,PARKING,33.989775,-83.3821,6123,way,994904565
OSM-W996370057,Parking lot,PARKING,34.181952,-83.689118,109159,way,996370057
OSM-W996370058,Parking lot,PARKING,34.179826,-83.687516,108739,way,996370058
OSM-W998207630,RaceTrac,FUEL_STATION,33.947637,-83.356904,1436,way,998207630
OSM-W998846328,Casa Ebenezer A/D,PLACE_OF_WORSHIP,34.149862,-83.89194,831,way,998846328
OSM-W998846803,Arise Church,PLACE_OF_WORSHIP,34.173737,-83.906228,519,way,998846803
OSM-W998846900,Rock of Christ Baptist Church,PLACE_OF_WORSHIP,34.170719,-83.916334,568,way,998846900
OSM-W998847280,Chicopee United Methodist Church,PLACE_OF_WORSHIP,34.254227,-83.844046,1124,way,998847280
OSM-W998848600,Church lot,PLACE_OF_WORSHIP,34.273271,-83.880975,14549,way,998848600
OSM-W998851063,Lanier Church,PLACE_OF_WORSHIP,34.278732,-83.900437,732,way,998851063
OSM-W998851426,Mountain View Baptist Church,PLACE_OF_WORSHIP,34.254123,-83.885996,801,way,998851426
OSM-W998852261,Chattahoochee Baptist Church,PLACE_OF_WORSHIP,34.197964,-83.945797,707,way,998852261
OSM-W998853005,Flowery Branch United Methodist Church,PLACE_OF_WORSHIP,34.187275,-83.92403,3214,way,998853005
OSM-W998854497,Flat Creek Baptist Church,PLACE_OF_WORSHIP,34.243835,-83.931587,2586,way,998854497
OSM-W998855707,Mount Zion Baptist Church,PLACE_OF_WORSHIP,34.213662,-83.885466,1170,way,998855707
OSM-W998856854,Redwine United Methodist Church,PLACE_OF_WORSHIP,34.223975,-83.855178,3407,way,998856854
OSM-W998856896,Citgo,FUEL_STATION,34.21371,-83.879225,127,way,998856896
OSM-W998858863,Mulberry Baptist Church,PLACE_OF_WORSHIP,34.114335,-83.836277,508,way,998858863
OSM-W998860913,Union Baptist Church,PLACE_OF_WORSHIP,34.15499,-83.863459,692,way,998860913
OSM-W998862482,Chestnut Mountain Presbyterian Church,PLACE_OF_WORSHIP,34.175322,-83.838682,10596,way,998862482
OSM-W998862821,Chestnut Mountain Baptist Church,PLACE_OF_WORSHIP,34.172627,-83.836356,15958,way,998862821
OSM-W998864568,Seventh-Day Adventist House of Prayer,PLACE_OF_WORSHIP,34.099948,-83.760909,1012,way,998864568
OSM-W998864748,New Liberty Methodist Church,PLACE_OF_WORSHIP,34.116116,-83.796949,253,way,998864748
OSM-W998865101,Wesley Chapel United Methodist Church,PLACE_OF_WORSHIP,34.100178,-83.769759,555,way,998865101
OSM-W998865232,Center Union Baptist Church,PLACE_OF_WORSHIP,34.129071,-83.771204,439,way,998865232
OSM-W998865273,West Jackson Fire Station 1,FIRE_STATION,34.105503,-83.760964,1690,way,998865273
OSM-W998865442,Braselton Church of God of Prophecy,PLACE_OF_WORSHIP,34.130546,-83.768889,410,way,998865442
OSM-W998866340,Macedonia Community Baptist Church,PLACE_OF_WORSHIP,34.151547,-83.79918,1164,way,998866340
OSM-W998867203,Cross Plains Baptist Church,PLACE_OF_WORSHIP,34.192278,-83.775662,573,way,998867203
OSM-W998867602,Belmont Baptist Church,PLACE_OF_WORSHIP,34.186988,-83.756878,806,way,998867602
OSM-W998867927,Mercy Baptist Church,PLACE_OF_WORSHIP,34.170704,-83.798874,518,way,998867927
OSM-W998868322,New Hope African Methodist Episcopal Church,PLACE_OF_WORSHIP,34.08158,-83.741651,607,way,998868322
OSM-W998868462,Gum Springs Baptist Church,PLACE_OF_WORSHIP,34.079894,-83.683809,336,way,998868462
OSM-W998868624,Oak Grove Baptist Church,PLACE_OF_WORSHIP,34.070745,-83.681133,1500,way,998868624
OSM-W998868939,BP,FUEL_STATION,34.086784,-83.745401,479,way,998868939
OSM-W998869482,Walnut Fork Baptist Church,PLACE_OF_WORSHIP,34.124054,-83.719004,1738,way,998869482
OSM-W998871521,Mountain Creek Baptist Church,PLACE_OF_WORSHIP,34.167669,-83.716541,498,way,998871521
OSM-W999095305,Exxon,FUEL_STATION,33.808088,-84.096153,173,way,999095305
OSM-W999095913,Bethany Baptist Church,PLACE_OF_WORSHIP,33.833905,-84.068544,3767,way,999095913
OSM-W999095972,Iglesia La Roca,PLACE_OF_WORSHIP,33.833537,-84.068739,593,way,999095972
OSM-W999096414,Shiloh Baptist Church,PLACE_OF_WORSHIP,33.824557,-84.073645,839,way,999096414
OSM-W999110595,Fairview Presbyterian Church,PLACE_OF_WORSHIP,33.968153,-84.020502,856,way,999110595
OSM-W999111244,Monfort Road Baptist Church,PLACE_OF_WORSHIP,33.943754,-84.03031,1045,way,999111244
OSM-W999111325,Benefield Elementary School,SCHOOL,33.95469,-84.029843,10274,way,999111325
OSM-W999112170,IC-NUR,PLACE_OF_WORSHIP,33.941145,-84.015749,721,way,999112170
OSM-W999112681,Chevron,FUEL_STATION,33.925204,-84.010736,430,way,999112681
OSM-W999114441,Murphy USA,FUEL_STATION,33.937891,-84.027109,814,way,999114441
OSM-W999114484,Grafted Church,PLACE_OF_WORSHIP,33.908462,-84.039194,867,way,999114484
OSM-W999114553,Rocky Branch Baptist Church,PLACE_OF_WORSHIP,33.912109,-84.03091,369,way,999114553
OSM-W999115125,Fire station,FIRE_STATION,33.911497,-84.030144,1441,way,999115125
OSM-W999118704,Church lot,PLACE_OF_WORSHIP,33.870633,-84.035094,2273,way,999118704
OSM-W999119117,Snellville Community Church,PLACE_OF_WORSHIP,33.855755,-84.016106,9492,way,999119117
OSM-W999125498,Impact Church,PLACE_OF_WORSHIP,33.80067,-84.041467,1397,way,999125498
OSM-W999129508,Youth First Baptist Church,PLACE_OF_WORSHIP,33.806335,-83.837994,1781,way,999129508
OSM-W999130699,Church of Christ,PLACE_OF_WORSHIP,33.842665,-83.846478,405,way,999130699
OSM-W999134043,Grace Bible Church,PLACE_OF_WORSHIP,33.855581,-83.860153,541,way,999134043
OSM-W999134953,Shiloh Primitive Baptist Church,PLACE_OF_WORSHIP,33.875273,-83.861604,430,way,999134953
OSM-W999136612,Ozora Missionary Baptist Church,PLACE_OF_WORSHIP,33.893646,-83.901137,1310,way,999136612
OSM-W999137827,Ewing Chapel Baptist Church,PLACE_OF_WORSHIP,33.936611,-83.892113,922,way,999137827
OSM-W999139130,Church lot,PLACE_OF_WORSHIP,33.965587,-83.849322,1585,way,999139130
OSM-W999139385,Gwinnett County Station 17 Fire Station,FIRE_STATION,33.947502,-83.859651,649,way,999139385
OSM-W999142257,Texaco,FUEL_STATION,33.82985,-83.913628,1251,way,999142257
OSM-W999147036,New Hope Baptist Church,PLACE_OF_WORSHIP,33.920859,-83.911147,3156,way,999147036
OSM-W999147113,Grace New Hope,PLACE_OF_WORSHIP,33.924208,-83.91756,5872,way,999147113
OSM-W999147960,Pleasant Grove Baptist Church,PLACE_OF_WORSHIP,33.928828,-83.93486,1528,way,999147960
OSM-W999149768,Alcova Baptist Church,PLACE_OF_WORSHIP,33.961861,-83.921052,574,way,999149768
OSM-W999150214,Iglesia Pentecostal Bethel de Gwinnett,PLACE_OF_WORSHIP,33.957697,-83.993693,601,way,999150214
OSM-W999150418,Eastside Baptist Church,PLACE_OF_WORSHIP,33.958322,-83.98675,493,way,999150418
OSM-W999153130,Elim Romarian Pentecostal Church,PLACE_OF_WORSHIP,33.950669,-83.981327,3473,way,999153130
OSM-W999153702,Church lot,PLACE_OF_WORSHIP,33.950486,-83.985655,260,way,999153702
OSM-W999153875,Gwinnett County Fire Station 15,FIRE_STATION,33.946588,-83.987571,2218,way,999153875
OSM-W999153960,Lawrenceville Presbyterian Church,PLACE_OF_WORSHIP,33.945102,-84.006644,5907,way,999153960
OSM-W999159435,Pleasant Hill Baptist Church,PLACE_OF_WORSHIP,33.928185,-83.994694,5462,way,999159435
OSM-W999160109,Good Samaritan Haitian Alliance Church,PLACE_OF_WORSHIP,33.930248,-83.985375,3894,way,999160109
OSM-W999160350,Saint Edward's Episcopal Church,PLACE_OF_WORSHIP,33.928082,-83.992608,2909,way,999160350
OSM-W999162557,Kingdon Hall of Jehovah's Witnesses,PLACE_OF_WORSHIP,33.904432,-83.969012,2050,way,999162557
OSM-W999165486,Sola Fide Lutheran,PLACE_OF_WORSHIP,33.901545,-84.000034,1427,way,999165486
OSM-W999167396,Chestnut Grove Baptist Church,PLACE_OF_WORSHIP,33.886083,-83.959867,7493,way,999167396
OSM-W999170537,Raymond Hill Baptist Church,PLACE_OF_WORSHIP,33.858653,-83.976867,487,way,999170537
OSM-W999173257,Saint Oliver Plunkett Catholic Church,PLACE_OF_WORSHIP,33.854505,-83.96134,5788,way,999173257
OSM-W999176299,Haynes Creek Primitive Baptist Church,PLACE_OF_WORSHIP,33.82477,-83.961746,302,way,999176299
OSM-W999180592,Lenora Baptist Church,PLACE_OF_WORSHIP,33.800657,-84.002027,1204,way,999180592
OSM-W999377232,Parking lot,PARKING,34.054074,-84.066911,6046,way,999377232
OSM-W999377337,Suwanee First United Methodist Church,PLACE_OF_WORSHIP,34.053073,-84.074544,464,way,999377337
OSM-W999414309,Lebanon Baptist Church,PLACE_OF_WORSHIP,33.996477,-84.073496,580,way,999414309
OSM-W999418421,The Servant Korean Evangelical Church of Atlanta,PLACE_OF_WORSHIP,33.971846,-84.078009,3355,way,999418421
OSM-W999418968,Church lot,PLACE_OF_WORSHIP,33.961288,-84.043524,556,way,999418968
OSM-W999419306,QuikTrip,FUEL_STATION,33.958322,-84.058579,2648,way,999419306
OSM-W999419372,Church lot,PLACE_OF_WORSHIP,33.961187,-84.04429,580,way,999419372
OSM-W999421819,New Hope Church,PLACE_OF_WORSHIP,33.950977,-84.061742,1340,way,999421819
OSM-W999421888,Exxon,FUEL_STATION,33.951285,-84.049806,1308,way,999421888
OSM-W999422030,Kingdom Hall of Jehovahs Witnesses,PLACE_OF_WORSHIP,33.944254,-84.042792,944,way,999422030
OSM-W999426830,Valero,FUEL_STATION,33.925897,-84.062732,192,way,999426830
OSM-W999426996,Exxon,FUEL_STATION,33.927323,-84.059234,439,way,999426996
OSM-W999427059,Chevron,FUEL_STATION,33.923019,-84.072933,910,way,999427059
OSM-W999427411,BP,FUEL_STATION,33.926398,-84.059941,664,way,999427411
OSM-W999428165,Church of God of Prophecy,PLACE_OF_WORSHIP,33.926668,-84.057365,560,way,999428165
OSM-W999429338,Bethesda United Methodist Church,PLACE_OF_WORSHIP,33.919234,-84.084513,839,way,999429338
OSM-W999432269,Saint Marguerite d'Youville Catholic Church,PLACE_OF_WORSHIP,33.917346,-84.071189,2950,way,999432269
OSM-W999471622,Beaver Ruin Church,PLACE_OF_WORSHIP,34.210148,-84.067522,655,way,999471622
OSM-W999472155,Roanoke Baptist Church,PLACE_OF_WORSHIP,34.179011,-84.087234,1527,way,999472155
OSM-W99976562,Grace Snellville,PLACE_OF_WORSHIP,33.881186,-84.030241,3539,way,99976562
