spot_id,name,category,latitude,longitude,area_m2,osm_type,osm_id
OSM-N10001342486,Bethlehem Missionary Baptist Church,PLACE_OF_WORSHIP,30.391817,-83.48136,,node,10001342486
OSM-N10004706602,Cross Road Missionary Baptist Church,PLACE_OF_WORSHIP,30.397414,-83.525138,,node,10004706602
OSM-N10005380541,Hopewell Baptist Church,PLACE_OF_WORSHIP,30.383128,-83.443641,,node,10005380541
OSM-N10035893938,Sweet Home Missionary Baptist Church,PLACE_OF_WORSHIP,30.365096,-82.832822,,node,10035893938
OSM-N10052948898,Suwannee Station Baptist Church,PLACE_OF_WORSHIP,30.389852,-82.958057,,node,10052948898
OSM-N10780746064,Calvary Baptist Church,PLACE_OF_WORSHIP,30.519629,-82.933875,,node,10780746064
OSM-N11464510679,Landmark Baptist Church,PLACE_OF_WORSHIP,30.488224,-83.463616,,node,11464510679
OSM-N12091198269,Brooks County High School,SCHOOL,30.809757,-83.564137,,node,12091198269
OSM-N12091198369,Brooks County Middle School,SCHOOL,30.814621,-83.565567,,node,12091198369
OSM-N12091198370,Brooks County Elementary School,SCHOOL,30.816007,-83.563418,,node,12091198370
OSM-N12091207369,VECA (Valdosta Early Career Academy),SCHOOL,30.848592,-83.294087,,node,12091207369
OSM-N12091208069,Madison County High School,SCHOOL,30.481747,-83.453814,,node,12091208069
OSM-N12091208269,Madison Creative Arts Academy,SCHOOL,30.478818,-83.402672,,node,12091208269
OSM-N12218960670,Church lot,PLACE_OF_WORSHIP,31.032477,-82.74642,,node,12218960670
OSM-N12218998121,Church lot,PLACE_OF_WORSHIP,31.045692,-82.755432,,node,12218998121
OSM-N12262744973,Gas station,FUEL_STATION,30.452082,-82.933165,,node,12262744973
OSM-N12262744974,Gas station,FUEL_STATION,30.452038,-82.934195,,node,12262744974
OSM-N12291949464,Marathon,FUEL_STATION,31.041255,-83.076679,,node,12291949464
OSM-N12291991918,Chevron,FUEL_STATION,30.857415,-83.281261,,node,12291991918
OSM-N12291991920,Gas station,FUEL_STATION,30.469139,-83.409813,,node,12291991920
OSM-N12329007843,Gas station,FUEL_STATION,31.207627,-82.384421,,node,12329007843
OSM-N12360057461,Courtland Avenue Church of Christ,PLACE_OF_WORSHIP,30.796902,-83.553482,,node,12360057461
OSM-N12376743903,JP Food,FUEL_STATION,30.772192,-83.142071,,node,12376743903
OSM-N12379166511,Gas station,FUEL_STATION,30.814618,-83.265172,,node,12379166511
OSM-N12386806559,Gas station,FUEL_STATION,30.823085,-83.303676,,node,12386806559
OSM-N12386817191,World Changers Assembly,PLACE_OF_WORSHIP,30.833877,-83.272066,,node,12386817191
OSM-N12386817195,Gas station,FUEL_STATION,30.846598,-83.303571,,node,12386817195
OSM-N12388724531,Gas station,FUEL_STATION,30.838098,-83.285626,,node,12388724531
OSM-N12388724536,Gas station,FUEL_STATION,30.838749,-83.282761,,node,12388724536
OSM-N12388724537,Mike & Son Service Center,FUEL_STATION,30.842992,-83.284988,,node,12388724537
OSM-N12434840730,Gas station,FUEL_STATION,31.073933,-82.649168,,node,12434840730
OSM-N12441586235,Place of Blessings Church of God,PLACE_OF_WORSHIP,31.075491,-82.649777,,node,12441586235
OSM-N12441779621,Argyle / Clinch County Volunteer Fire Station,FIRE_STATION,31.075619,-82.648214,,node,12441779621
OSM-N12444979225,Truth Tabernacle Church,PLACE_OF_WORSHIP,30.87092,-83.290098,,node,12444979225
OSM-N12445951639,Kingville Apostolic Church,PLACE_OF_WORSHIP,30.870395,-83.290114,,node,12445951639
OSM-N12450409444,Enmarket,FUEL_STATION,30.869083,-83.28985,,node,12450409444
OSM-N12458979079,Valdosta Fire Station,FIRE_STATION,30.884584,-83.291133,,node,12458979079
OSM-N12463731435,Pentecostal Church of Valdosta,PLACE_OF_WORSHIP,30.906133,-83.265116,,node,12463731435
OSM-N12463731436,Trinity Presbyterian Church,PLACE_OF_WORSHIP,30.890318,-83.271139,,node,12463731436
OSM-N12463731438,St. Barnabas Episcopal Church,PLACE_OF_WORSHIP,30.892935,-83.27039,,node,12463731438
OSM-N12463731441,New Covenant Church,PLACE_OF_WORSHIP,30.891925,-83.27048,,node,12463731441
OSM-N12465792930,Morningside Baptist Church,PLACE_OF_WORSHIP,30.873566,-83.278535,,node,12465792930
OSM-N12465792940,Worship Center,PLACE_OF_WORSHIP,30.873565,-83.279534,,node,12465792940
OSM-N12465940091,Circle K,FUEL_STATION,30.871963,-83.27804,,node,12465940091
OSM-N12467101075,Christ’s Fellowship Church,PLACE_OF_WORSHIP,30.873958,-83.280611,,node,12467101075
OSM-N12467101099,Church of God Pentecostal M.I.,PLACE_OF_WORSHIP,30.871381,-83.283712,,node,12467101099
OSM-N12467278537,Sanctuary,PLACE_OF_WORSHIP,30.873491,-83.280543,,node,12467278537
OSM-N12473915703,Church of the Nazarene,PLACE_OF_WORSHIP,30.866398,-83.285711,,node,12473915703
OSM-N12512223898,Parking lot,PARKING,30.376735,-83.299255,,node,12512223898
OSM-N12512223899,Parking lot,PARKING,30.376902,-83.295298,,node,12512223899
OSM-N12512227605,Parking lot,PARKING,30.515774,-83.057939,,node,12512227605
OSM-N12518513194,Trax,FUEL_STATION,30.847238,-83.305368,,node,12518513194
OSM-N12549162990,Christ the King Episcopal Church,PLACE_OF_WORSHIP,30.831739,-83.277611,,node,12549162990
OSM-N12568561307,Sanctuary of Prayer Family Worship Center,PLACE_OF_WORSHIP,30.886306,-83.271681,,node,12568561307
OSM-N12592462861,Parking lot,PARKING,30.818295,-83.319926,,node,12592462861
OSM-N12592462862,Gas station,FUEL_STATION,30.818348,-83.319315,,node,12592462862
OSM-N12592462872,Gas station,FUEL_STATION,30.817367,-83.319072,,node,12592462872
OSM-N12603175512,Gas station,FUEL_STATION,30.882734,-83.285579,,node,12603175512
OSM-N12686785842,Parking lot,PARKING,31.137612,-83.444451,,node,12686785842
OSM-N12694273995,QuikTrip,FUEL_STATION,30.845924,-83.333317,,node,12694273995
OSM-N12716510014,The Vision Church,PLACE_OF_WORSHIP,30.877032,-83.275201,,node,12716510014
OSM-N12731655950,Vision Deliverance Tabernacle of Jesus Christ,PLACE_OF_WORSHIP,30.826764,-83.278064,,node,12731655950
OSM-N12757743845,Shell,FUEL_STATION,30.894486,-83.353473,,node,12757743845
OSM-N12828940946,Joyful Noise International Ministry,PLACE_OF_WORSHIP,30.824248,-83.321117,,node,12828940946
OSM-N12865139525,Enmarket,FUEL_STATION,30.856728,-83.278133,,node,12865139525
OSM-N12988448036,Walmart,FUEL_STATION,30.916959,-83.256314,,node,12988448036
OSM-N13005257653,Gas station,FUEL_STATION,30.84527,-83.333638,,node,13005257653
OSM-N13005257663,Gas station,FUEL_STATION,30.774748,-83.298468,,node,13005257663
OSM-N13005257664,Gas station,FUEL_STATION,30.773671,-83.298342,,node,13005257664
OSM-N13026780960,Hahira Community Church,PLACE_OF_WORSHIP,30.993423,-83.372822,,node,13026780960
OSM-N13090145142,Unity Church of God,PLACE_OF_WORSHIP,30.841285,-83.280613,,node,13090145142
OSM-N13099027301,Lanier Co. High School,SCHOOL,31.037199,-83.078449,,node,13099027301
OSM-N13123511705,Evangel Temple,PLACE_OF_WORSHIP,30.82251,-83.250935,,node,13123511705
OSM-N13160834901,Crossroads Baptist Church,PLACE_OF_WORSHIP,30.868963,-83.305436,,node,13160834901
OSM-N13741591894,JayBoy's Family Travel Center,FUEL_STATION,30.746968,-83.274624,,node,13741591894
OSM-N13759829387,Murphy USA,FUEL_STATION,31.13699,-83.441339,,node,13759829387
OSM-N13819148645,RaceTrac,FUEL_STATION,30.894515,-83.349155,,node,13819148645
OSM-N13907912057,Circle K,FUEL_STATION,31.138175,-83.442101,,node,13907912057
OSM-N13990252556,North Cook Volunteer Fire Station,FIRE_STATION,31.265113,-83.48406,,node,13990252556
OSM-N14088492396,Wawa,FUEL_STATION,31.209273,-82.38426,,node,14088492396
OSM-N14213033102,One Stop #3,FUEL_STATION,30.88302,-83.291277,,node,14213033102
OSM-N2952373491,First Methodist Church of Valdosta,PLACE_OF_WORSHIP,30.832425,-83.279958,,node,2952373491
OSM-N3058169551,Parking lot,PARKING,30.407707,-82.934468,,node,3058169551
OSM-N3117305031,Parking lot,PARKING,30.833178,-83.277114,,node,3117305031
OSM-N3140027229,Saint John the Evangelist Catholic Church,PLACE_OF_WORSHIP,30.860223,-83.303584,,node,3140027229
OSM-N3227548378,Remerton Fire Department,FIRE_STATION,30.844093,-83.310073,,node,3227548378
OSM-N358679264,Allen Chapel,PLACE_OF_WORSHIP,31.190484,-82.754587,,node,358679264
OSM-N358680383,Bethany Church,PLACE_OF_WORSHIP,31.111873,-82.886255,,node,358680383
OSM-N358680457,Bethel Primitive Baptist Church,PLACE_OF_WORSHIP,30.628049,-82.671985,,node,358680457
OSM-N358680459,Bethel Church,PLACE_OF_WORSHIP,30.668266,-83.109587,,node,358680459
OSM-N358680465,Bethel Church,PLACE_OF_WORSHIP,30.928824,-82.662915,,node,358680465
OSM-N358680474,Bethel Church,PLACE_OF_WORSHIP,31.184368,-83.089594,,node,358680474
OSM-N358680480,New Bethel Missionary Baptist Church,PLACE_OF_WORSHIP,31.265203,-82.909313,,node,358680480
OSM-N358680791,Beulah Holiness Baptist Church,PLACE_OF_WORSHIP,31.203946,-83.358806,,node,358680791
OSM-N358681604,Browning Chapel,PLACE_OF_WORSHIP,31.100482,-83.020702,,node,358681604
OSM-N358682008,Calvary Church,PLACE_OF_WORSHIP,30.851869,-83.265429,,node,358682008
OSM-N358682277,Carter Chapel,PLACE_OF_WORSHIP,30.97215,-83.071812,,node,358682277
OSM-N358683074,Clyattville–Lake Park School,SCHOOL,30.725548,-83.283159,,node,358683074
OSM-N358683585,County Line I.M. Church,PLACE_OF_WORSHIP,31.042033,-83.352783,,node,358683585
OSM-N358684220,Dellinory Church,PLACE_OF_WORSHIP,30.949914,-83.500995,,node,358684220
OSM-N358684663,Eastside Church,PLACE_OF_WORSHIP,30.83972,-83.260436,,node,358684663
OSM-N358685103,Empire Primitive Baptist Church,PLACE_OF_WORSHIP,31.129381,-83.125416,,node,358685103
OSM-N358685445,First Born Church,PLACE_OF_WORSHIP,31.032427,-83.062091,,node,358685445
OSM-N358685726,Friendship Church,PLACE_OF_WORSHIP,31.066596,-82.879032,,node,358685726
OSM-N358686137,Good Hope Church,PLACE_OF_WORSHIP,30.881036,-83.20765,,node,358686137
OSM-N358686227,Gordon Street Church,PLACE_OF_WORSHIP,30.837424,-83.294319,,node,358686227
OSM-N358686743,Guthrie Church,PLACE_OF_WORSHIP,31.14711,-83.053952,,node,358686743
OSM-N358686959,Hargraves Chapel New Congregational Methodist Church,PLACE_OF_WORSHIP,31.223229,-82.634798,,node,358686959
OSM-N358687760,Holiness Church,PLACE_OF_WORSHIP,31.067979,-83.172651,,node,358687760
OSM-N358687850,Holmes Chapel,PLACE_OF_WORSHIP,31.105889,-82.803732,,node,358687850
OSM-N358688438,Immanuel Church,PLACE_OF_WORSHIP,31.197597,-83.22148,,node,358688438
OSM-N358688488,Indian Mound Missionary Baptist Church,PLACE_OF_WORSHIP,31.227228,-82.660548,,node,358688488
OSM-N358688553,Irene Church,PLACE_OF_WORSHIP,31.128995,-83.135445,,node,358688553
OSM-N358689535,Kings Chapel,PLACE_OF_WORSHIP,31.026032,-83.263487,,node,358689535
OSM-N358689631,Knight Memorial Church,PLACE_OF_WORSHIP,31.114347,-83.145052,,node,358689631
OSM-N358689894,Lang Country Church,PLACE_OF_WORSHIP,31.179518,-82.852249,,node,358689894
OSM-N358690036,Lebanon Church,PLACE_OF_WORSHIP,30.808061,-83.492446,,node,358690036
OSM-N358690530,Live Oak Methodist Church,PLACE_OF_WORSHIP,31.211477,-83.010527,,node,358690530
OSM-N358690636,Lomax Junior High School,SCHOOL,30.820203,-83.269318,,node,358690636
OSM-N358690985,Macedonia Church,PLACE_OF_WORSHIP,30.823415,-83.009756,,node,358690985
OSM-N358690988,Macedonia Church,PLACE_OF_WORSHIP,30.831591,-83.289597,,node,358690988
OSM-N358690995,Macedonia Church,PLACE_OF_WORSHIP,31.149637,-83.399604,,node,358690995
OSM-N358691018,Antioch Baptist Church,PLACE_OF_WORSHIP,30.356181,-82.986557,,node,358691018
OSM-N358691052,Architillery Church,PLACE_OF_WORSHIP,30.54,-83.42889,,node,358691052
OSM-N358691336,Magnolia School,SCHOOL,30.834091,-83.293486,,node,358691336
OSM-N358691350,Mahone School,SCHOOL,30.860479,-83.28793,,node,358691350
OSM-N358692533,Bright Pond Church,PLACE_OF_WORSHIP,30.523828,-82.982635,,node,358692533
OSM-N358692797,Monument Church,PLACE_OF_WORSHIP,30.814017,-83.51802,,node,358692797
OSM-N358692940,Morning Star Baptist Church,PLACE_OF_WORSHIP,30.80315,-83.47413,,node,358692940
OSM-N358693058,Camp Branch Primitive Baptist Church,PLACE_OF_WORSHIP,30.393748,-82.866017,,node,358693058
OSM-N358693073,Mount Airy Church,PLACE_OF_WORSHIP,30.928531,-83.3496,,node,358693073
OSM-N358693256,Mount Carmel Freewill Baptist Church,PLACE_OF_WORSHIP,30.844722,-83.54092,,node,358693256
OSM-N358693279,Cascade Church,PLACE_OF_WORSHIP,30.431877,-83.460426,,node,358693279
OSM-N358693464,Mount Green Church of God of Prophecy,PLACE_OF_WORSHIP,31.230088,-82.641181,,node,358693464
OSM-N358693556,Cherry Lake First Baptist Church,PLACE_OF_WORSHIP,30.586047,-83.447403,,node,358693556
OSM-N358693685,Mount Olive Missionary Baptist Church,PLACE_OF_WORSHIP,31.014442,-83.307528,,node,358693685
OSM-N358693687,Mount Olive Primitive Baptist Church,PLACE_OF_WORSHIP,31.088692,-82.56026,,node,358693687
OSM-N358693958,Concord Missionary Baptist Church,PLACE_OF_WORSHIP,30.61027,-83.535645,,node,358693958
OSM-N358694023,Mount Pleasant Church,PLACE_OF_WORSHIP,30.790484,-83.177092,,node,358694023
OSM-N358694030,Mount Pleasant Church,PLACE_OF_WORSHIP,30.867406,-83.442719,,node,358694030
OSM-N358694043,Mount Pleasant Church,PLACE_OF_WORSHIP,31.158285,-83.125991,,node,358694043
OSM-N358694128,Corinth Church,PLACE_OF_WORSHIP,30.433272,-83.172918,,node,358694128
OSM-N358694370,Mount Zion United Methodist Church,PLACE_OF_WORSHIP,30.745757,-83.371264,,node,358694370
OSM-N358694374,Mount Zion Church,PLACE_OF_WORSHIP,30.835768,-83.521955,,node,358694374
OSM-N358694663,Deep Creek Church,PLACE_OF_WORSHIP,30.366892,-82.646237,,node,358694663
OSM-N358694781,Divonia Church,PLACE_OF_WORSHIP,30.422442,-82.934299,,node,358694781
OSM-N358694811,Docken Pond Church,PLACE_OF_WORSHIP,30.49771,-83.422926,,node,358694811
OSM-N358694828,Mount Olive Mud Creek Primitive Baptist Church,PLACE_OF_WORSHIP,31.170663,-83.001006,,node,358694828
OSM-N358694970,Dry Branch Church,PLACE_OF_WORSHIP,30.549105,-83.011248,,node,358694970
OSM-N358695099,New Bethel Baptist Church,PLACE_OF_WORSHIP,30.9877,-83.237652,,node,358695099
OSM-N358695186,Ebenezer United Methodist Church,PLACE_OF_WORSHIP,30.555943,-83.530787,,node,358695186
OSM-N358695228,New Empress School,SCHOOL,30.68101,-83.52742,,node,358695228
OSM-N358695367,New Hope Church,PLACE_OF_WORSHIP,30.949186,-83.508585,,node,358695367
OSM-N358695565,Evergreen Church,PLACE_OF_WORSHIP,30.494654,-83.421815,,node,358695565
OSM-N358695710,New Hopewell Church,PLACE_OF_WORSHIP,30.957426,-83.117925,,node,358695710
OSM-N358695807,New Macedonia Church,PLACE_OF_WORSHIP,30.885911,-83.55097,,node,358695807
OSM-N358695860,New Pine Grove Southern Congregational Methodist Church,PLACE_OF_WORSHIP,31.108644,-82.708246,,node,358695860
OSM-N358695881,New Prospect United Methodist Church,PLACE_OF_WORSHIP,31.157348,-82.593845,,node,358695881
OSM-N358695952,Redland Baptist Church (old),PLACE_OF_WORSHIP,30.715752,-83.38462,,node,358695952
OSM-N358696301,Northside Baptist Church,PLACE_OF_WORSHIP,30.856933,-83.286273,,node,358696301
OSM-N358696569,Oak Grove Church,PLACE_OF_WORSHIP,30.849665,-83.437281,,node,358696569
OSM-N358696585,Oak Grove Church,PLACE_OF_WORSHIP,31.13039,-83.014041,,node,358696585
OSM-N358696966,Ochlawilla Church,PLACE_OF_WORSHIP,30.647359,-83.408389,,node,358696966
OSM-N358697042,Hamburg School,SCHOOL,30.561317,-83.506819,,node,358697042
OSM-N358697130,Harmony Baptist Church,PLACE_OF_WORSHIP,30.624129,-83.490739,,node,358697130
OSM-N358697226,Hebron Church,PLACE_OF_WORSHIP,30.583747,-82.944621,,node,358697226
OSM-N358697255,Old Ruskin Church,PLACE_OF_WORSHIP,31.153272,-82.435967,,node,358697255
OSM-N358697518,Ozias Church,PLACE_OF_WORSHIP,31.216316,-82.890979,,node,358697518
OSM-N358697638,Park Avenue United Methodist Church,PLACE_OF_WORSHIP,30.856931,-83.288316,,node,358697638
OSM-N358697654,Hopewell Baptist Church,PLACE_OF_WORSHIP,30.543003,-82.703999,,node,358697654
OSM-N358697791,Pauline Church,PLACE_OF_WORSHIP,30.891126,-83.457739,,node,358697791
OSM-N358697824,Payton AME Church,PLACE_OF_WORSHIP,30.647423,-83.288292,,node,358697824
OSM-N358698083,Philadelphia Baptist Church,PLACE_OF_WORSHIP,30.820622,-83.488194,,node,358698083
OSM-N358698420,Pine Grove Baptist Church,PLACE_OF_WORSHIP,31.269908,-83.387976,,node,358698420
OSM-N358698725,Pine Valley Church,PLACE_OF_WORSHIP,31.204149,-82.511572,,node,358698725
OSM-N358698785,Pineview Church,PLACE_OF_WORSHIP,30.920113,-83.413793,,node,358698785
OSM-N358698937,Lee High School,SCHOOL,30.518273,-82.956801,,node,358698937
OSM-N358698960,Lee School,SCHOOL,30.514384,-82.958746,,node,358698960
OSM-N358699029,Pittman Chapel,PLACE_OF_WORSHIP,31.038988,-82.489816,,node,358699029
OSM-N358699041,Lime Sink School,SCHOOL,30.512431,-83.448205,,node,358699041
OSM-N358699245,Little Rock School,SCHOOL,30.574927,-83.566543,,node,358699245
OSM-N358699294,Pleasant Hill Church,PLACE_OF_WORSHIP,30.823118,-83.467093,,node,358699294
OSM-N358699932,Prospect Primitive Baptist Church,PLACE_OF_WORSHIP,31.038063,-82.886238,,node,358699932
OSM-N358700030,Providence Church,PLACE_OF_WORSHIP,30.847423,-83.301264,,node,358700030
OSM-N358700033,Providence Community Church,PLACE_OF_WORSHIP,30.876359,-83.424903,,node,358700033
OSM-N358700043,Manor Community Baptist Church,PLACE_OF_WORSHIP,31.115471,-82.619792,,node,358700043
OSM-N358700262,Ramah Church,PLACE_OF_WORSHIP,30.903306,-82.656129,,node,358700262
OSM-N358700404,Red Bluff Primitive Baptist Church,PLACE_OF_WORSHIP,31.228178,-82.784799,,node,358700404
OSM-N358700508,Redland Church of Christ,PLACE_OF_WORSHIP,30.74126,-83.382292,,node,358700508
OSM-N358700750,Richardson Creek Church,PLACE_OF_WORSHIP,30.859918,-83.494048,,node,358700750
OSM-N358700780,Mount Hope Church,PLACE_OF_WORSHIP,30.535767,-83.283479,,node,358700780
OSM-N358700790,Mount Horeb Church,PLACE_OF_WORSHIP,30.610837,-83.324692,,node,358700790
OSM-N358700821,Mount Moriah Church,PLACE_OF_WORSHIP,30.637703,-83.534322,,node,358700821
OSM-N358700917,Riverside Church,PLACE_OF_WORSHIP,31.238958,-83.051593,,node,358700917
OSM-N358700918,Mount Olive Church,PLACE_OF_WORSHIP,30.414379,-83.373201,,node,358700918
OSM-N358700931,Mount Olive Church,PLACE_OF_WORSHIP,30.552156,-83.224033,,node,358700931
OSM-N358701021,Mount Pleasant Church,PLACE_OF_WORSHIP,30.444364,-82.96283,,node,358701021
OSM-N358701218,Mount Zion AME Church,PLACE_OF_WORSHIP,30.57428,-83.413424,,node,358701218
OSM-N358701426,Nebo Church,PLACE_OF_WORSHIP,30.458266,-83.432092,,node,358701426
OSM-N358701473,New Bethel Church,PLACE_OF_WORSHIP,30.583271,-82.936247,,node,358701473
OSM-N358701492,New Canaan Church,PLACE_OF_WORSHIP,30.597704,-83.545988,,node,358701492
OSM-N358701524,New Home Church,PLACE_OF_WORSHIP,30.351877,-83.522927,,node,358701524
OSM-N358701640,New Hopeful Baptist Church,PLACE_OF_WORSHIP,30.529728,-83.477878,,node,358701640
OSM-N358701675,New Mount Moriah Church,PLACE_OF_WORSHIP,30.595764,-83.329315,,node,358701675
OSM-N358701687,New Oakland Church,PLACE_OF_WORSHIP,30.365654,-83.483921,,node,358701687
OSM-N358701768,Saint Francis of Assisi Church,PLACE_OF_WORSHIP,30.844091,-83.276541,,node,358701768
OSM-N358701895,Saint Johns Church,PLACE_OF_WORSHIP,30.833813,-83.289597,,node,358701895
OSM-N358702018,Saint Louis Church,PLACE_OF_WORSHIP,30.993538,-83.068202,,node,358702018
OSM-N358702049,Oakgrove MB Church,PLACE_OF_WORSHIP,30.356011,-83.013951,,node,358702049
OSM-N358702116,Saint Marks Church,PLACE_OF_WORSHIP,31.036034,-82.875902,,node,358702116
OSM-N358702198,Saint Marys Church,PLACE_OF_WORSHIP,30.910207,-83.070423,,node,358702198
OSM-N358702294,Saint Paul Church,PLACE_OF_WORSHIP,30.652988,-83.460287,,node,358702294
OSM-N358702389,Olive Branch Church,PLACE_OF_WORSHIP,30.465774,-83.005968,,node,358702389
OSM-N358702544,St. Phillips Baptist Church,PLACE_OF_WORSHIP,30.681002,-83.529087,,node,358702544
OSM-N358702628,Salem United Methodist Church,PLACE_OF_WORSHIP,31.022941,-83.429554,,node,358702628
OSM-N358702634,Salem Church,PLACE_OF_WORSHIP,31.196622,-82.909116,,node,358702634
OSM-N358703229,Second Elizabeth Missionary Baptist Church,PLACE_OF_WORSHIP,30.885147,-83.485958,,node,358703229
OSM-N358703324,Shady Grove Church,PLACE_OF_WORSHIP,31.040474,-83.323489,,node,358703324
OSM-N358703347,Pineland Church,PLACE_OF_WORSHIP,30.439656,-83.376257,,node,358703347
OSM-N358703620,Shiloh Southern Congregational ME Church,PLACE_OF_WORSHIP,31.01164,-82.642832,,node,358703620
OSM-N358703815,Prospect Church,PLACE_OF_WORSHIP,30.48272,-82.704851,,node,358703815
OSM-N358703909,Siloam Church,PLACE_OF_WORSHIP,30.946684,-83.508741,,node,358703909
OSM-N358703931,Silver Hill Church,PLACE_OF_WORSHIP,31.050479,-83.16015,,node,358703931
OSM-N358704544,South Side School,SCHOOL,30.682455,-83.520118,,node,358704544
OSM-N358704729,Springhead United Methodist Church,PLACE_OF_WORSHIP,31.262491,-83.007377,,node,358704729
OSM-N358704907,Springhead Baptist Church,PLACE_OF_WORSHIP,31.088701,-83.525551,,node,358704907
OSM-N358704991,Saint Johns Church,PLACE_OF_WORSHIP,30.547984,-83.567376,,node,358704991
OSM-N358705112,Saint Lukes Church,PLACE_OF_WORSHIP,30.488727,-83.490514,,node,358705112
OSM-N358705434,Saint Pauls Church,PLACE_OF_WORSHIP,30.388273,-83.160139,,node,358705434
OSM-N358705571,Saint Thomas Church,PLACE_OF_WORSHIP,30.522986,-83.456539,,node,358705571
OSM-N358705601,Sweat Memorial Church,PLACE_OF_WORSHIP,31.229589,-82.409376,,node,358705601
OSM-N358705617,Sweetfield Missionary Baptist Church,PLACE_OF_WORSHIP,30.735113,-83.522514,,node,358705617
OSM-N358706022,The Greater Mount Olive Church,PLACE_OF_WORSHIP,31.148272,-82.441801,,node,358706022
OSM-N358706072,Thomas Chapel,PLACE_OF_WORSHIP,30.81529,-83.334463,,node,358706072
OSM-N358706318,Shiloh Methodist Church,PLACE_OF_WORSHIP,30.617931,-83.528636,,node,358706318
OSM-N358706575,Trinity Church,PLACE_OF_WORSHIP,31.166313,-83.094594,,node,358706575
OSM-N358706974,Union Baptist Church,PLACE_OF_WORSHIP,30.674037,-83.537152,,node,358706974
OSM-N358707205,Union Hill Church,PLACE_OF_WORSHIP,31.257589,-82.801488,,node,358707205
OSM-N358707320,Unity Church,PLACE_OF_WORSHIP,30.853702,-83.111664,,node,358707320
OSM-N358707323,Unity Church,PLACE_OF_WORSHIP,30.872147,-83.24404,,node,358707323
OSM-N358707487,Suwannee Springs Church,PLACE_OF_WORSHIP,30.382444,-82.938465,,node,358707487
OSM-N358707509,Sweet Home Church,PLACE_OF_WORSHIP,30.373,-82.844852,,node,358707509
OSM-N358707520,Swift Creek Methodist Church,PLACE_OF_WORSHIP,30.375048,-82.797706,,node,358707520
OSM-N358707666,Wacona School,SCHOOL,31.249105,-82.376241,,node,358707666
OSM-N358707969,Washington Chapel,PLACE_OF_WORSHIP,30.886591,-83.247929,,node,358707969
OSM-N358708033,Triumph Church,PLACE_OF_WORSHIP,30.577433,-83.237367,,node,358708033
OSM-N358708095,Waycross Gospel Tabernacle,PLACE_OF_WORSHIP,31.220217,-82.385409,,node,358708095
OSM-N358708102,Waycross Vocational School,SCHOOL,31.249938,-82.401798,,node,358708102
OSM-N358708164,Webb-Miller School,SCHOOL,30.986584,-83.380991,,node,358708164
OSM-N358708237,Welcome Hill Church of Christ,PLACE_OF_WORSHIP,30.830037,-83.464794,,node,358708237
OSM-N358708244,Welcome Hope Church,PLACE_OF_WORSHIP,31.001202,-83.551602,,node,358708244
OSM-N358708617,Westminster Church,PLACE_OF_WORSHIP,30.842424,-83.280985,,node,358708617
OSM-N358709483,Zion Hope Church,PLACE_OF_WORSHIP,30.353833,-82.962354,,node,358709483
OSM-N358709491,Zion Temple Church,PLACE_OF_WORSHIP,30.355501,-82.82374,,node,358709491
OSM-N358709737,Young Memorial Chapel,PLACE_OF_WORSHIP,31.185495,-82.394576,,node,358709737
OSM-N358709785,Zenith Baptist Church,PLACE_OF_WORSHIP,31.145028,-82.589619,,node,358709785
OSM-N358709883,Zion Hill Freewill Baptist Church,PLACE_OF_WORSHIP,31.248875,-82.63071,,node,358709883
OSM-N358713236,Hamilton Middle School,SCHOOL,30.514106,-82.959024,,node,358713236
OSM-N358713241,Greenwood Elementary School,SCHOOL,30.517995,-82.956801,,node,358713241
OSM-N358713244,Central Hamilton Elementary School,SCHOOL,30.518273,-82.945134,,node,358713244
OSM-N358713248,Hamilton County High School Complex,SCHOOL,30.525217,-82.959024,,node,358713248
OSM-N358713252,Hamilton Vocational Technical School,SCHOOL,30.527439,-82.959024,,node,358713252
OSM-N358713255,North Hamilton Elementary School,SCHOOL,30.601046,-83.100696,,node,358713255
OSM-N358714614,Madison County High School,SCHOOL,30.459679,-83.428537,,node,358714614
OSM-N358714618,Madison Primary School,SCHOOL,30.470766,-83.407647,,node,358714618
OSM-N358714636,Pinetta Junior High School,SCHOOL,30.594652,-83.350982,,node,358714636
OSM-N358721341,Barbara Memorial Church of the Nazarene,PLACE_OF_WORSHIP,30.512257,-83.341876,,node,358721341
OSM-N358721343,Rocky Springs United Methodist Church,PLACE_OF_WORSHIP,30.531846,-83.41913,,node,358721343
OSM-N358721354,Smith Creek Church,PLACE_OF_WORSHIP,30.378279,-82.790684,,node,358721354
OSM-N358721368,Midway Church,PLACE_OF_WORSHIP,30.408138,-82.900614,,node,358721368
OSM-N358721443,Oak Grove Church,PLACE_OF_WORSHIP,30.415816,-82.630289,,node,358721443
OSM-N358728931,Mount Raha Church,PLACE_OF_WORSHIP,30.52855,-82.944024,,node,358728931
OSM-N358730939,Madison County Training School,SCHOOL,30.459377,-83.428481,,node,358730939
OSM-N358746911,Adel Assembly of God Church,PLACE_OF_WORSHIP,31.133247,-83.431272,,node,358746911
OSM-N358746915,Adel Church of God,PLACE_OF_WORSHIP,31.131025,-83.424882,,node,358746915
OSM-N358746920,Adel Methodist Church,PLACE_OF_WORSHIP,31.13185,-83.42136,,node,358746920
OSM-N358746937,Bethel Missionary Baptist Church,PLACE_OF_WORSHIP,31.132136,-83.43155,,node,358746937
OSM-N358746950,Crossroad Church,PLACE_OF_WORSHIP,31.185953,-83.374056,,node,358746950
OSM-N358746961,Greggs Baptist Church,PLACE_OF_WORSHIP,31.070793,-83.489701,,node,358746961
OSM-N358746973,Massee Baptist Church,PLACE_OF_WORSHIP,31.19585,-83.360531,,node,358746973
OSM-N358746991,Salem Primitive Baptist Church,PLACE_OF_WORSHIP,31.137066,-83.419947,,node,358746991
OSM-N358748704,Saint Pauls Number 3 Church,PLACE_OF_WORSHIP,31.188828,-82.409299,,node,358748704
OSM-N358749403,First Presbyterian Church,PLACE_OF_WORSHIP,30.519434,-82.950135,,node,358749403
OSM-N358749407,First Methodist Church,PLACE_OF_WORSHIP,30.5149,-82.9477,,node,358749407
OSM-N358749410,Harvest Fellowship Church,PLACE_OF_WORSHIP,30.479866,-82.928817,,node,358749410
OSM-N358749417,Jennings United Methodist Church,PLACE_OF_WORSHIP,30.6033,-83.0985,,node,358749417
OSM-N358749419,Saint Marys Baptist Church,PLACE_OF_WORSHIP,30.6023,-83.1066,,node,358749419
OSM-N358749423,Triumph Holines Church,PLACE_OF_WORSHIP,30.5773,-83.2378,,node,358749423
OSM-N358749564,Beggs Horry Street Chapel,PLACE_OF_WORSHIP,30.4695,-83.4136,,node,358749564
OSM-N358749570,Damascus Missionary Baptist Church,PLACE_OF_WORSHIP,30.4637,-83.4182,,node,358749570
OSM-N358749576,Faith House of Prayer Holiness Church,PLACE_OF_WORSHIP,30.4468,-83.4459,,node,358749576
OSM-N358749578,Faith of Deliverance Church,PLACE_OF_WORSHIP,30.464286,-83.418552,,node,358749578
OSM-N358749581,First Assembly of God Church,PLACE_OF_WORSHIP,30.4684,-83.403,,node,358749581
OSM-N358749584,First Baptist Church,PLACE_OF_WORSHIP,30.4692,-83.4162,,node,358749584
OSM-N358749587,First United Methodist Church of Madison,PLACE_OF_WORSHIP,30.467955,-83.414186,,node,358749587
OSM-N358749590,Grace Presbyterian Church,PLACE_OF_WORSHIP,30.4779,-83.4157,,node,358749590
OSM-N358749593,Madison Church of God,PLACE_OF_WORSHIP,30.464,-83.4143,,node,358749593
OSM-N358749597,Mount Olive Primitive Baptist Church,PLACE_OF_WORSHIP,30.4548,-83.4223,,node,358749597
OSM-N358749600,Mount Zion Church Number 1,PLACE_OF_WORSHIP,30.4671,-83.418,,node,358749600
OSM-N358749603,Pineland Missionary Baptist Church,PLACE_OF_WORSHIP,30.4584,-83.4066,,node,358749603
OSM-N358749610,Saint James Missionary Baptist Church,PLACE_OF_WORSHIP,30.4578,-83.4223,,node,358749610
OSM-N358749614,Saint Marys Episcopal Church,PLACE_OF_WORSHIP,30.4699,-83.413679,,node,358749614
OSM-N358749617,Saint Vincent de Paul Catholic Church,PLACE_OF_WORSHIP,30.4713,-83.4161,,node,358749617
OSM-N358750510,Unity Southern Methodist Church,PLACE_OF_WORSHIP,30.5457,-83.3682,,node,358750510
OSM-N358751227,Bethel African Methodist Episcopal Church,PLACE_OF_WORSHIP,30.776864,-83.560992,,node,358751227
OSM-N358751231,Beulah Baptist Church,PLACE_OF_WORSHIP,30.777697,-83.557381,,node,358751231
OSM-N358751252,Church of Christ,PLACE_OF_WORSHIP,30.786089,-83.560822,,node,358751252
OSM-N358751259,The Church of Jesus Christ of Latter-day Saints,PLACE_OF_WORSHIP,30.789363,-83.569048,,node,358751259
OSM-N358751266,Church of the Nazarene,PLACE_OF_WORSHIP,30.785,-83.550364,,node,358751266
OSM-N358751291,First Baptist Church,PLACE_OF_WORSHIP,30.785753,-83.564048,,node,358751291
OSM-N358751294,First Episcopal Church,PLACE_OF_WORSHIP,30.786831,-83.560396,,node,358751294
OSM-N358751298,Gateway Church,PLACE_OF_WORSHIP,30.865635,-83.38237,,node,358751298
OSM-N358751303,Graham Chapel Christian Methodist Episcopal Church,PLACE_OF_WORSHIP,30.792419,-83.557103,,node,358751303
OSM-N358751340,Morven Baptist Church,PLACE_OF_WORSHIP,30.940325,-83.498966,,node,358751340
OSM-N358751353,Mount Hope Baptist Church,PLACE_OF_WORSHIP,30.79252,-83.556496,,node,358751353
OSM-N358751385,Quitman Elementary School,SCHOOL,30.773253,-83.55877,,node,358751385
OSM-N358751390,Quitman Methodist Church,PLACE_OF_WORSHIP,30.784364,-83.555992,,node,358751390
OSM-N358751396,Quitman Primary School,SCHOOL,30.774642,-83.558492,,node,358751396
OSM-N358751408,School Number 1,SCHOOL,30.788252,-83.562103,,node,358751408
OSM-N358751411,Veterans Memorial Stadium,SCHOOL,30.788389,-83.568879,,node,358751411
OSM-N358752444,Baker Chapel,PLACE_OF_WORSHIP,31.207142,-83.237099,,node,358752444
OSM-N358752460,Bristol Temple,PLACE_OF_WORSHIP,31.209056,-83.237706,,node,358752460
OSM-N358752463,Call to Faith Tabernacle,PLACE_OF_WORSHIP,31.198531,-83.242932,,node,358752463
OSM-N358752470,Christian Church of God,PLACE_OF_WORSHIP,31.202698,-83.245988,,node,358752470
OSM-N358752472,Church of God,PLACE_OF_WORSHIP,31.211044,-83.241287,,node,358752472
OSM-N358752476,Church of God,PLACE_OF_WORSHIP,31.21455,-83.252216,,node,358752476
OSM-N358752513,Full Gospel Chapel,PLACE_OF_WORSHIP,31.209643,-83.223487,,node,358752513
OSM-N358752527,Grahams Chapel,PLACE_OF_WORSHIP,31.209989,-83.238684,,node,358752527
OSM-N358752537,Holiness Church,PLACE_OF_WORSHIP,31.206309,-83.235154,,node,358752537
OSM-N358752541,Immanuel Baptist Church,PLACE_OF_WORSHIP,31.208253,-83.242932,,node,358752541
OSM-N358752544,Jesus Name Church,PLACE_OF_WORSHIP,31.204642,-83.240432,,node,358752544
OSM-N358752546,Long Bridge Church,PLACE_OF_WORSHIP,31.179832,-83.319922,,node,358752546
OSM-N358752553,Mathis Chapel Holiness Baptist Church,PLACE_OF_WORSHIP,31.20316,-83.249375,,node,358752553
OSM-N358752557,Nashville Church of Christ,PLACE_OF_WORSHIP,31.204642,-83.255433,,node,358752557
OSM-N358752562,Nashville Church of the Nazarene,PLACE_OF_WORSHIP,31.21583,-83.248146,,node,358752562
OSM-N358752567,Nashville Holiness Deliverance Church,PLACE_OF_WORSHIP,31.203809,-83.237099,,node,358752567
OSM-N358752578,Nashville Primitive Baptist Church,PLACE_OF_WORSHIP,31.192419,-83.261266,,node,358752578
OSM-N358752588,New Bethel Baptist Church,PLACE_OF_WORSHIP,31.205753,-83.239877,,node,358752588
OSM-N358752613,Saint James Methodist Church,PLACE_OF_WORSHIP,31.205198,-83.240432,,node,358752613
OSM-N358752616,Saint Marys Catholic Church,PLACE_OF_WORSHIP,31.201309,-83.23821,,node,358752616
OSM-N358752626,United Pentecostal Church,PLACE_OF_WORSHIP,31.211031,-83.241821,,node,358752626
OSM-N358752635,Zion Wall Freewall Baptist Church,PLACE_OF_WORSHIP,31.206309,-83.242655,,node,358752635
OSM-N358752779,Alpha and Omega Church,PLACE_OF_WORSHIP,30.729371,-83.283484,,node,358752779
OSM-N358752795,Central Avenue Church of Christ,PLACE_OF_WORSHIP,30.833535,-83.276541,,node,358752795
OSM-N358752806,Church of Christ,PLACE_OF_WORSHIP,30.835757,-83.289041,,node,358752806
OSM-N358752809,Church of God,PLACE_OF_WORSHIP,30.82298,-83.278485,,node,358752809
OSM-N358752811,Church of God,PLACE_OF_WORSHIP,30.839091,-83.278207,,node,358752811
OSM-N358752817,Cleveland Field School,SCHOOL,30.845479,-83.283208,,node,358752817
OSM-N358752842,East Magnolia Assembly of God Church,PLACE_OF_WORSHIP,30.834924,-83.269874,,node,358752842
OSM-N358752849,First Assembly of God Church,PLACE_OF_WORSHIP,30.857702,-83.279874,,node,358752849
OSM-N358752851,First Baptist Church,PLACE_OF_WORSHIP,30.831869,-83.281541,,node,358752851
OSM-N358752856,First Church of God,PLACE_OF_WORSHIP,30.839924,-83.270985,,node,358752856
OSM-N358752858,First Presbyterian Church,PLACE_OF_WORSHIP,30.834156,-83.28031,,node,358752858
OSM-N358752861,Forest Street Methodist Church,PLACE_OF_WORSHIP,30.836869,-83.271541,,node,358752861
OSM-N358752866,Grace Church,PLACE_OF_WORSHIP,30.789691,-83.270406,,node,358752866
OSM-N358752876,Hahira Elementary School,SCHOOL,30.988803,-83.357584,,node,358752876
OSM-N358752883,Holiness Church,PLACE_OF_WORSHIP,30.826591,-83.291541,,node,358752883
OSM-N358752901,Lee Street Baptist Church,PLACE_OF_WORSHIP,30.833813,-83.277374,,node,358752901
OSM-N358752904,Little Bethel Church,PLACE_OF_WORSHIP,30.719302,-83.361923,,node,358752904
OSM-N358752908,Loch Laurel Church,PLACE_OF_WORSHIP,30.744126,-83.252294,,node,358752908
OSM-N358752921,Mount Calvary Baptist Church,PLACE_OF_WORSHIP,30.842424,-83.277652,,node,358752921
OSM-N358752930,Mount Zion Holy Union Church,PLACE_OF_WORSHIP,30.823258,-83.277374,,node,358752930
OSM-N358752933,Naylor School,SCHOOL,30.910762,-83.078201,,node,358752933
OSM-N358752936,New Jerusalem Holiness Church,PLACE_OF_WORSHIP,30.827425,-83.272651,,node,358752936
OSM-N358752942,North Valdosta Church,PLACE_OF_WORSHIP,30.889224,-83.266077,,node,358752942
OSM-N358752946,Open Bible Christian School,SCHOOL,30.890479,-83.279597,,node,358752946
OSM-N358752953,Ousley Baptist Church,PLACE_OF_WORSHIP,30.791556,-83.428153,,node,358752953
OSM-N358752960,Pearl Todd Baptist Church,PLACE_OF_WORSHIP,30.993255,-83.245986,,node,358752960
OSM-N358752970,Pine Hill Church,PLACE_OF_WORSHIP,30.837889,-83.332326,,node,358752970
OSM-N358752983,River Street Church of Christ,PLACE_OF_WORSHIP,30.83048,-83.288763,,node,358752983
OSM-N358752986,S L Mason School,SCHOOL,30.848813,-83.293764,,node,358752986
OSM-N358752993,Saint Johns School,SCHOOL,30.860858,-83.303175,,node,358752993
OSM-N358752996,Saint Luke Church,PLACE_OF_WORSHIP,30.855113,-83.212915,,node,358752996
OSM-N358752999,Saint Lukes Primitive Baptist Church,PLACE_OF_WORSHIP,30.842424,-83.276263,,node,358752999
OSM-N358753008,Seventh Day Adventist Church,PLACE_OF_WORSHIP,30.824925,-83.272929,,node,358753008
OSM-N358753014,Shiloh United Methodist Church,PLACE_OF_WORSHIP,30.938636,-83.408036,,node,358753014
OSM-N358753024,Spirit Led Tabernacle,PLACE_OF_WORSHIP,31.000475,-83.301822,,node,358753024
OSM-N358753036,Twin Lakes Presbyterian Church,PLACE_OF_WORSHIP,30.700207,-83.205702,,node,358753036
OSM-N358753069,W G Nunn School,SCHOOL,30.859369,-83.264874,,node,358753069
OSM-N358753081,Woods Chapel Church,PLACE_OF_WORSHIP,30.727424,-83.345636,,node,358753081
OSM-N358756939,Lanier County High School,SCHOOL,31.040482,-83.061536,,node,358756939
OSM-N358756945,Lanier County Primary School,SCHOOL,31.042982,-83.071814,,node,358756945
OSM-N358762310,Church of Christ,PLACE_OF_WORSHIP,31.019655,-82.728751,,node,358762310
OSM-N358762327,Dupont Full Gospel Mission,PLACE_OF_WORSHIP,31.009097,-82.851531,,node,358762327
OSM-N358762331,Du Pont Methodist Church,PLACE_OF_WORSHIP,30.989579,-82.871343,,node,358762331
OSM-N358763172,First Presbyterian Church,PLACE_OF_WORSHIP,30.786193,-83.560298,,node,358763172
OSM-N358767495,Antioch Baptist Church,PLACE_OF_WORSHIP,30.834646,-83.284041,,node,358767495
OSM-N358767498,Antioch United Methodist Church,PLACE_OF_WORSHIP,30.95102,-82.591952,,node,358767498
OSM-N358767502,Antioch Church,PLACE_OF_WORSHIP,31.097134,-83.503218,,node,358767502
OSM-N358767703,Axson Evangelist Church,PLACE_OF_WORSHIP,31.267656,-82.729359,,node,358767703
OSM-N358768343,Beulah Church,PLACE_OF_WORSHIP,30.662613,-83.478284,,node,358768343
OSM-N358768658,Brushy Creek Baptist Church,PLACE_OF_WORSHIP,31.214636,-83.397938,,node,358768658
OSM-N358768876,Carters Temple,PLACE_OF_WORSHIP,30.822425,-83.276263,,node,358768876
OSM-N358769024,Central Avenue School,SCHOOL,30.831313,-83.282096,,node,358769024
OSM-N358769106,Cherry Creek Baptist Church,PLACE_OF_WORSHIP,30.915401,-83.262678,,node,358769106
OSM-N358769295,Columbia Primitive Baptist Church,PLACE_OF_WORSHIP,30.662458,-83.477249,,node,358769295
OSM-N358769304,Concord Primitive Baptist Church,PLACE_OF_WORSHIP,31.231964,-83.43155,,node,358769304
OSM-N358770087,Elam Missionary Baptist Church,PLACE_OF_WORSHIP,30.673265,-83.433707,,node,358770087
OSM-N358770139,Ellis School,SCHOOL,30.839646,-83.277374,,node,358770139
OSM-N358770170,Ware County Learning Center,SCHOOL,31.1916,-82.3994,,node,358770170
OSM-N358770298,Evergreen Baptist Church,PLACE_OF_WORSHIP,31.187511,-83.51639,,node,358770298
OSM-N358770454,First Assembly of God Church,PLACE_OF_WORSHIP,31.056042,-82.770697,,node,358770454
OSM-N358770459,First Mission Church,PLACE_OF_WORSHIP,30.790481,-83.267651,,node,358770459
OSM-N358770599,Forrester Church,PLACE_OF_WORSHIP,31.184088,-83.186819,,node,358770599
OSM-N358770954,Glad Tidings Church,PLACE_OF_WORSHIP,31.235495,-82.375686,,node,358770954
OSM-N358773338,Church of God of Wahoma,PLACE_OF_WORSHIP,31.16355,-82.426523,,node,358773338
OSM-N358773381,Full Gospel Assembly Church,PLACE_OF_WORSHIP,31.238826,-82.433467,,node,358773381
OSM-N358773396,Hebardville Methodist Episcopal Church,PLACE_OF_WORSHIP,31.241328,-82.370408,,node,358773396
OSM-N358773405,Jamestown Baptist Church,PLACE_OF_WORSHIP,31.266327,-82.385408,,node,358773405
OSM-N358773420,Manor Chapel,PLACE_OF_WORSHIP,31.09688,-82.570694,,node,358773420
OSM-N358773423,Manor Church,PLACE_OF_WORSHIP,31.104167,-82.573877,,node,358773423
OSM-N358773430,Millwood Baptist Church,PLACE_OF_WORSHIP,31.267813,-82.654777,,node,358773430
OSM-N358773473,Saint James Baptist Church,PLACE_OF_WORSHIP,31.201884,-82.371519,,node,358773473
OSM-N358773527,Westside Church,PLACE_OF_WORSHIP,31.160899,-82.427524,,node,358773527
OSM-N358787220,New Vision Church of God,PLACE_OF_WORSHIP,31.0406,-82.7443,,node,358787220
OSM-N358787222,Trinity Baptist Church,PLACE_OF_WORSHIP,31.0457,-82.7666,,node,358787222
OSM-N358787280,Camp Branch Church of God of Prophecy,PLACE_OF_WORSHIP,31.1273,-82.6106,,node,358787280
OSM-N358787282,Victory Methodist Church,PLACE_OF_WORSHIP,31.089249,-82.569833,,node,358787282
OSM-N358787322,Waresboro First United Methodist Church,PLACE_OF_WORSHIP,31.2474,-82.4745,,node,358787322
OSM-N358787334,Bible Baptist Church,PLACE_OF_WORSHIP,31.2305,-82.4044,,node,358787334
OSM-N358787359,Cornerstone Church of God,PLACE_OF_WORSHIP,31.2495,-82.3746,,node,358787359
OSM-N358787364,Deenwood Baptist Church,PLACE_OF_WORSHIP,31.2261,-82.3752,,node,358787364
OSM-N358787371,Emmanuels International Cathedral Church,PLACE_OF_WORSHIP,31.2267,-82.3723,,node,358787371
OSM-N358787394,Jamestown United Methodist Church,PLACE_OF_WORSHIP,31.2663,-82.3854,,node,358787394
OSM-N358787413,Olivet Baptist Church,PLACE_OF_WORSHIP,31.2353,-82.3742,,node,358787413
OSM-N358787424,Power House of Faith,PLACE_OF_WORSHIP,31.1894,-82.3734,,node,358787424
OSM-N358787901,Gospel Tabernacle Church,PLACE_OF_WORSHIP,31.2202,-82.3853,,node,358787901
OSM-N358787908,True Foundation Church of God,PLACE_OF_WORSHIP,31.2189,-82.3707,,node,358787908
OSM-N358787917,Ware Baptist Church,PLACE_OF_WORSHIP,31.194,-82.3967,,node,358787917
OSM-N367913380,Fire Station Number 2,FIRE_STATION,30.859994,-83.284354,,node,367913380
OSM-N3744172840,Pine Grove Elementary School,SCHOOL,30.955691,-83.260142,,node,3744172840
OSM-N3744172841,Pine Grove Middle School,SCHOOL,30.958026,-83.261717,,node,3744172841
OSM-N4020081571,Dasher Fire Department,FIRE_STATION,30.751518,-83.218144,,node,4020081571
OSM-N4238032139,Gas Station,FUEL_STATION,30.387937,-82.938426,,node,4238032139
OSM-N4238032140,Hamilton County High School,SCHOOL,30.477219,-82.936124,,node,4238032140
OSM-N4507817987,Northgate Assembly,PLACE_OF_WORSHIP,30.915091,-83.259483,,node,4507817987
OSM-N4511326948,Parking lot,PARKING,30.352439,-82.687844,,node,4511326948
OSM-N4969344425,New Mt. Zion Missionary Baptist,PLACE_OF_WORSHIP,30.458902,-83.408048,,node,4969344425
OSM-N4969347323,New Bethel Primitive Baptist,PLACE_OF_WORSHIP,30.465667,-83.39972,,node,4969347323
OSM-N4969400371,Shiloh Missionary Baptist Church,PLACE_OF_WORSHIP,30.46774,-83.419706,,node,4969400371
OSM-N5552710680,BP,FUEL_STATION,30.895319,-83.353762,,node,5552710680
OSM-N5564897130,Quitman Fire Department,FIRE_STATION,30.783933,-83.56142,,node,5564897130
OSM-N5572767537,South Brooks Volunteer Fire Station,FIRE_STATION,30.725557,-83.522763,,node,5572767537
OSM-N5572769031,Pineview Station,FUEL_STATION,30.725904,-83.523148,,node,5572769031
OSM-N5572776666,East Brooks Volunteer Fire Station,FIRE_STATION,30.870107,-83.408033,,node,5572776666
OSM-N5572800670,North Brooks Volunteer Fire Station,FIRE_STATION,30.941374,-83.500394,,node,5572800670
OSM-N5572861687,Burton (Barney) Volunteer Fire Station,FIRE_STATION,31.009678,-83.541744,,node,5572861687
OSM-N6053320785,Citgo,FUEL_STATION,30.857437,-83.271921,,node,6053320785
OSM-N7515265023,Inland,FUEL_STATION,30.816754,-83.320558,,node,7515265023
OSM-N7515265041,Holiday Market,FUEL_STATION,30.810623,-83.33317,,node,7515265041
OSM-N7916197879,Springhead Baptist Church,PLACE_OF_WORSHIP,31.08994,-83.525061,,node,7916197879
OSM-N9170635879,Adel First Assembly of God,PLACE_OF_WORSHIP,31.150048,-83.417383,,node,9170635879
OSM-N9380003118,Mount Olive Baptist Church,PLACE_OF_WORSHIP,31.160297,-83.442807,,node,9380003118
OSM-N9434976840,Gas station,FUEL_STATION,30.945712,-83.498814,,node,9434976840
OSM-N9509533700,Parking lot,PARKING,30.872196,-83.291758,,node,9509533700
OSM-N9553415318,Chevron,FUEL_STATION,31.043549,-83.398866,,node,9553415318
OSM-N9791269177,Church lot,PLACE_OF_WORSHIP,30.588254,-83.448861,,node,9791269177
OSM-N9791294864,Architillery Missionary Baptist Church,PLACE_OF_WORSHIP,30.567027,-83.428977,,node,9791294864
OSM-N9907904254,Friendship Baptist Church,PLACE_OF_WORSHIP,31.008283,-83.519393,,node,9907904254
OSM-N9907904255,Church lot,PLACE_OF_WORSHIP,31.005568,-83.512945,,node,9907904255
OSM-N9907904256,Church lot,PLACE_OF_WORSHIP,31.007199,-83.516623,,node,9907904256
OSM-N9944279407,Redland Baptist Church,PLACE_OF_WORSHIP,30.71683,-83.384856,,node,9944279407
OSM-N9979161617,Lee First Baptist Church,PLACE_OF_WORSHIP,30.42036,-83.301233,,node,9979161617
OSM-R10387512,Murphy USA,FUEL_STATION,30.825743,-83.316258,2248,relation,10387512
OSM-R14443179,New Jerusalem Missionary Baptist Church,PLACE_OF_WORSHIP,30.883979,-83.268016,2271,relation,14443179
OSM-R17825066,Parking lot,PARKING,31.201746,-83.251304,2818,relation,17825066
OSM-R18438931,Parking lot,PARKING,30.84092,-83.321827,4696,relation,18438931
OSM-R18456255,Parking lot,PARKING,30.906291,-83.26337,5166,relation,18456255
OSM-R18456327,Parking lot,PARKING,30.909993,-83.264194,3479,relation,18456327
OSM-R18478757,Parking lot,PARKING,30.876269,-83.291286,5153,relation,18478757
OSM-R18484711,Parking lot,PARKING,30.874856,-83.277075,3715,relation,18484711
OSM-R18484712,Parking lot,PARKING,30.874545,-83.2772,5045,relation,18484712
OSM-R18484713,Parking lot,PARKING,30.876554,-83.276334,3346,relation,18484713
OSM-R18484714,Parking lot,PARKING,30.876784,-83.276251,2692,relation,18484714
OSM-R18484715,Parking lot,PARKING,30.874826,-83.277839,7764,relation,18484715
OSM-R18487202,Parking lot,PARKING,30.875473,-83.275638,7120,relation,18487202
OSM-R18487267,Parking lot,PARKING,30.871975,-83.278207,4362,relation,18487267
OSM-R18488089,Parking lot,PARKING,30.877768,-83.295185,2802,relation,18488089
OSM-R18488144,Parking lot,PARKING,30.912129,-83.262786,12016,relation,18488144
OSM-R18491578,Parking lot,PARKING,30.872397,-83.282692,2908,relation,18491578
OSM-R18491579,Parking lot,PARKING,30.872905,-83.282928,4485,relation,18491579
OSM-R18491580,Parking lot,PARKING,30.872747,-83.280162,8942,relation,18491580
OSM-R18491581,Parking lot,PARKING,30.871532,-83.283112,37746,relation,18491581
OSM-R18491744,Parking lot,PARKING,30.871094,-83.287078,27559,relation,18491744
OSM-R18491745,Parking lot,PARKING,30.870449,-83.286197,8281,relation,18491745
OSM-R18491746,Parking lot,PARKING,30.8705,-83.287999,35744,relation,18491746
OSM-R18495678,Parking lot,PARKING,30.87062,-83.289557,61936,relation,18495678
OSM-R18502541,Southern Pediatric Clinic Parking,PARKING,30.869601,-83.286448,3260,relation,18502541
OSM-R18502542,Pleates & Creases Parking,PARKING,30.869749,-83.286076,3339,relation,18502542
OSM-R18511589,Parking lot,PARKING,30.84014,-83.279575,2712,relation,18511589
OSM-R18570065,Parking lot,PARKING,30.869186,-83.287231,9790,relation,18570065
OSM-R18570066,Parking lot,PARKING,30.869186,-83.287231,9790,relation,18570066
OSM-R18570453,Parking lot,PARKING,30.853339,-83.357798,837,relation,18570453
OSM-R18647062,Parking lot,PARKING,30.833987,-83.271378,2734,relation,18647062
OSM-R18652325,Parking lot,PARKING,30.832492,-83.275087,2840,relation,18652325
OSM-R18653519,Texas Roadhouse Parking,PARKING,30.841682,-83.326838,11237,relation,18653519
OSM-R18655997,Parking lot,PARKING,30.841836,-83.325779,4396,relation,18655997
OSM-R18661274,Outback Steakhouse Parking,PARKING,30.840893,-83.327244,10936,relation,18661274
OSM-R18944226,Parking lot,PARKING,30.895137,-83.358472,14922,relation,18944226
OSM-R18944238,Parking lot,PARKING,30.896107,-83.351381,39881,relation,18944238
OSM-R19119148,Parking lot,PARKING,30.822559,-83.320073,7227,relation,19119148
OSM-R19119249,Parking lot,PARKING,30.824325,-83.321148,5805,relation,19119249
OSM-R19119824,Parking lot,PARKING,30.838205,-83.243345,12660,relation,19119824
OSM-R19119847,Parking lot,PARKING,30.841684,-83.244038,13404,relation,19119847
OSM-R19175677,Parking lot,PARKING,30.875874,-83.276625,3671,relation,19175677
OSM-R19293870,Parking lot,PARKING,30.848218,-83.322812,64965,relation,19293870
OSM-R19315580,Parking lot,PARKING,30.847536,-83.323701,8524,relation,19315580
OSM-R19349554,Parking lot,PARKING,30.889169,-83.270238,21323,relation,19349554
OSM-R19400069,Ashley HomeStore Parking,PARKING,30.824319,-83.318528,33966,relation,19400069
OSM-R19400238,Cheddar's Parking,PARKING,30.8245,-83.317091,16484,relation,19400238
OSM-R19400441,Parking lot,PARKING,30.825413,-83.317307,7490,relation,19400441
OSM-R19400481,Walmart Parking,PARKING,30.826325,-83.319232,126279,relation,19400481
OSM-R20321265,Parking lot,PARKING,30.516434,-83.058953,10274,relation,20321265
OSM-R4178428,Gas station,FUEL_STATION,30.971512,-83.208317,3431,relation,4178428
OSM-R4263996,Valwood School,SCHOOL,30.921317,-83.346935,38888,relation,4263996
OSM-R4643135,Pleasant Way Baptist Church,PLACE_OF_WORSHIP,30.92289,-83.165405,1683,relation,4643135
OSM-R4643138,Bethany Baptist Church,PLACE_OF_WORSHIP,30.952679,-83.343258,4819,relation,4643138
OSM-R5507732,School lot,SCHOOL,30.955457,-83.260066,20735,relation,5507732
OSM-R5507742,School lot,SCHOOL,30.958178,-83.261757,30934,relation,5507742
OSM-R5531666,Parking lot,PARKING,30.844562,-83.285094,71849,relation,5531666
OSM-R5546491,Parking lot,PARKING,30.890826,-83.266778,31563,relation,5546491
OSM-R5546688,Parking lot,PARKING,30.879991,-83.296885,7177,relation,5546688
OSM-R5546945,Parking lot,PARKING,30.898336,-83.282625,8590,relation,5546945
OSM-R5547461,Parking lot,PARKING,30.893244,-83.273264,57117,relation,5547461
OSM-R5901793,Lowndes High School,SCHOOL,30.835568,-83.324555,722062,relation,5901793
OSM-R5902036,Parking lot,PARKING,30.850423,-83.331309,80546,relation,5902036
OSM-R7308470,Parking lot,PARKING,31.261134,-83.471326,19627,relation,7308470
OSM-W1001222761,Gas station,FUEL_STATION,31.259419,-82.379357,182,way,1001222761
OSM-W1001227483,Gas station,FUEL_STATION,31.236037,-82.370713,643,way,1001227483
OSM-W1001227527,Gas station,FUEL_STATION,31.236232,-82.37082,108,way,1001227527
OSM-W1001234224,Crawford Street Baptist Church,PLACE_OF_WORSHIP,31.208351,-82.372895,1611,way,1001234224
OSM-W1001234956,Liberty Free Will Baptist Church,PLACE_OF_WORSHIP,31.20966,-82.395034,971,way,1001234956
OSM-W1001235050,Pineview Baptist Church,PLACE_OF_WORSHIP,31.211744,-82.385509,1714,way,1001235050
OSM-W1001235224,Sav-A-Stop,FUEL_STATION,31.20922,-82.388154,447,way,1001235224
OSM-W1001235359,Circle K,FUEL_STATION,31.209219,-82.382803,491,way,1001235359
OSM-W1001235474,Church lot,PLACE_OF_WORSHIP,31.220671,-82.376425,2031,way,1001235474
OSM-W1001235521,Kettle Creek Southern Congregational Methodist Church,PLACE_OF_WORSHIP,31.214056,-82.402297,1390,way,1001235521
OSM-W1001235703,Parkway Baptist Church,PLACE_OF_WORSHIP,31.210531,-82.39918,779,way,1001235703
OSM-W1001235942,Winona Park United Methodist Church,PLACE_OF_WORSHIP,31.22617,-82.386287,2806,way,1001235942
OSM-W1001236116,University Boulevard Church of God,PLACE_OF_WORSHIP,31.20971,-82.393658,1905,way,1001236116
OSM-W1001236133,Gas station,FUEL_STATION,31.223949,-82.388046,639,way,1001236133
OSM-W1001237745,Zachary Holliness Church,PLACE_OF_WORSHIP,31.19044,-82.373805,385,way,1001237745
OSM-W1001797818,Parking lot,PARKING,31.207294,-82.384471,5897,way,1001797818
OSM-W1001797819,Friendly Express,FUEL_STATION,31.208116,-82.384175,515,way,1001797819
OSM-W1001797822,Circle K,FUEL_STATION,31.20994,-82.382774,315,way,1001797822
OSM-W1001797825,Parking lot,PARKING,31.209815,-82.381889,4289,way,1001797825
OSM-W1001797826,Parking lot,PARKING,31.210401,-82.382672,825,way,1001797826
OSM-W1010806654,TA,FUEL_STATION,30.64428,-83.187178,1754,way,1010806654
OSM-W1010806655,TA,FUEL_STATION,30.643825,-83.187317,345,way,1010806655
OSM-W1010818247,Parking lot,PARKING,30.640674,-83.189292,47307,way,1010818247
OSM-W1010818255,Parking lot,PARKING,30.642047,-83.189586,11888,way,1010818255
OSM-W1010818257,Parking lot,PARKING,30.642101,-83.189906,1934,way,1010818257
OSM-W1010818259,Flying J,FUEL_STATION,30.641733,-83.190363,431,way,1010818259
OSM-W1015957786,Lake Park Church of Christ,PLACE_OF_WORSHIP,30.694643,-83.183876,1043,way,1015957786
OSM-W1015957787,Calvary Baptist Church,PLACE_OF_WORSHIP,30.689853,-83.186224,849,way,1015957787
OSM-W1015957800,Eastside Volunteer Fire Department Station 7A,FIRE_STATION,30.750083,-83.179536,216,way,1015957800
OSM-W1016098480,Valdosta Fire Department,FIRE_STATION,30.859364,-83.308096,769,way,1016098480
OSM-W1016099103,Azalea City Church of God,PLACE_OF_WORSHIP,30.828503,-83.307902,9904,way,1016099103
OSM-W1016099480,Gas station,FUEL_STATION,30.829639,-83.308991,268,way,1016099480
OSM-W1016099545,Temple Israel Synagogue,PLACE_OF_WORSHIP,30.846387,-83.297766,1069,way,1016099545
OSM-W1016099664,Citgo,FUEL_STATION,30.840137,-83.305541,104,way,1016099664
OSM-W1016099870,shell,FUEL_STATION,30.846595,-83.302239,181,way,1016099870
OSM-W1016100107,Westside Baptist Church,PLACE_OF_WORSHIP,30.835871,-83.31088,2752,way,1016100107
OSM-W1016100469,Saint Phillips Church,PLACE_OF_WORSHIP,30.814574,-83.324771,561,way,1016100469
OSM-W1016100507,St. Augustine Road Church of Christ,PLACE_OF_WORSHIP,30.837899,-83.315436,1373,way,1016100507
OSM-W1016100570,Knights of Columbus,PLACE_OF_WORSHIP,30.830152,-83.310094,2086,way,1016100570
OSM-W1016100705,Anchor Faith Church,PLACE_OF_WORSHIP,30.833487,-83.313605,1344,way,1016100705
OSM-W1016100707,West Hill Church of Christ,PLACE_OF_WORSHIP,30.823974,-83.302175,1152,way,1016100707
OSM-W1016100743,Messiah Church,PLACE_OF_WORSHIP,30.84715,-83.297155,1206,way,1016100743
OSM-W1016101016,Valdosta Fire Department,FIRE_STATION,30.884588,-83.291132,481,way,1016101016
OSM-W1016101343,Friendly Express,FUEL_STATION,30.883221,-83.274106,799,way,1016101343
OSM-W1016101536,Mount Zion AME Church,PLACE_OF_WORSHIP,30.888841,-83.279814,886,way,1016101536
OSM-W1016101581,Bemiss Road Baptist Church,PLACE_OF_WORSHIP,30.884753,-83.271558,2090,way,1016101581
OSM-W1016104031,Valdosta Fire Department,FIRE_STATION,30.857695,-83.270329,899,way,1016104031
OSM-W1016104679,Christ Episcopal Church,PLACE_OF_WORSHIP,30.85008,-83.287207,1598,way,1016104679
OSM-W1016104989,First Christian Church,PLACE_OF_WORSHIP,30.854003,-83.288043,2775,way,1016104989
OSM-W1016105986,Gas station,FUEL_STATION,30.833695,-83.283872,83,way,1016105986
OSM-W1016106434,Greater Saint Peter Church,PLACE_OF_WORSHIP,30.841226,-83.276685,331,way,1016106434
OSM-W1016106486,Grace Victory Church,PLACE_OF_WORSHIP,30.836737,-83.269906,902,way,1016106486
OSM-W1016106606,Grace Tabernacle Apostolic Church,PLACE_OF_WORSHIP,30.845695,-83.278209,357,way,1016106606
OSM-W1016106643,Eastside Church of Christ,PLACE_OF_WORSHIP,30.84679,-83.279976,447,way,1016106643
OSM-W1016106744,Citgo,FUEL_STATION,30.841158,-83.275652,87,way,1016106744
OSM-W1016106837,Pyle Baptist Mission,PLACE_OF_WORSHIP,30.830833,-83.273281,1553,way,1016106837
OSM-W1016106931,Gas station,FUEL_STATION,30.840808,-83.283693,162,way,1016106931
OSM-W1016107210,A.B. Foods,FUEL_STATION,30.833582,-83.270843,107,way,1016107210
OSM-W1016107251,Rhema Word Fellowship Ministry,PLACE_OF_WORSHIP,30.83493,-83.271413,490,way,1016107251
OSM-W1016107414,Conquerors Deliverance Center,PLACE_OF_WORSHIP,30.833374,-83.284513,307,way,1016107414
OSM-W1016107662,Trinity Methodist Church,PLACE_OF_WORSHIP,30.835978,-83.285972,490,way,1016107662
OSM-W1016107865,Rehoboth Church of Valdosta,PLACE_OF_WORSHIP,30.83923,-83.280194,451,way,1016107865
OSM-W1016107904,Mount Calvary Baptist Church,PLACE_OF_WORSHIP,30.842267,-83.277241,253,way,1016107904
OSM-W1016107979,Church lot,PLACE_OF_WORSHIP,30.82664,-83.291158,540,way,1016107979
OSM-W1016107997,Gethsemane Holiness Church,PLACE_OF_WORSHIP,30.821468,-83.270519,511,way,1016107997
OSM-W1016108053,Church lot,PLACE_OF_WORSHIP,30.825404,-83.273958,1318,way,1016108053
OSM-W1016108151,Exxon,FUEL_STATION,30.818702,-83.275373,142,way,1016108151
OSM-W1016108160,Morning Star Church,PLACE_OF_WORSHIP,30.821885,-83.26897,1564,way,1016108160
OSM-W1016108288,Ararat Missionary Baptist Church,PLACE_OF_WORSHIP,30.824252,-83.265134,1012,way,1016108288
OSM-W1016108385,Saint James Baptist Church,PLACE_OF_WORSHIP,30.824715,-83.275138,1625,way,1016108385
OSM-W1016108587,Enmark,FUEL_STATION,30.822489,-83.27415,727,way,1016108587
OSM-W1016108606,Greater Mt. Carmel Ministry,PLACE_OF_WORSHIP,30.823793,-83.26439,1263,way,1016108606
OSM-W1016108673,Saint Pauls AME Church,PLACE_OF_WORSHIP,30.82738,-83.275756,539,way,1016108673
OSM-W1016108697,House of Bread Church Ministry,PLACE_OF_WORSHIP,30.822198,-83.270831,923,way,1016108697
OSM-W1016108796,House Of Refuge Ministries,PLACE_OF_WORSHIP,30.826282,-83.28016,735,way,1016108796
OSM-W1016108857,CashNGo,FUEL_STATION,30.821083,-83.274062,597,way,1016108857
OSM-W1016108897,Tabernacle Church,PLACE_OF_WORSHIP,30.828386,-83.270839,780,way,1016108897
OSM-W1016108918,Grace Fellowship Bible Church,PLACE_OF_WORSHIP,30.825633,-83.291368,348,way,1016108918
OSM-W1016109547,The Rock Church,PLACE_OF_WORSHIP,30.805139,-83.291578,1164,way,1016109547
OSM-W1016109586,Church lot,PLACE_OF_WORSHIP,30.762265,-83.267651,955,way,1016109586
OSM-W1016109694,Citgo,FUEL_STATION,30.806319,-83.342839,264,way,1016109694
OSM-W1016110423,Woods Chapel AME Church,PLACE_OF_WORSHIP,30.708635,-83.333503,390,way,1016110423
OSM-W1016110475,Mount Calvary Baptist Church,PLACE_OF_WORSHIP,30.734073,-83.26626,2109,way,1016110475
OSM-W1016111551,Clyattville Baptist Church,PLACE_OF_WORSHIP,30.693813,-83.313365,1627,way,1016111551
OSM-W1016111857,Ochlawilla Church,PLACE_OF_WORSHIP,30.692141,-83.344849,679,way,1016111857
OSM-W1016112678,New Mount Zion Missionary Baptist Church,PLACE_OF_WORSHIP,30.648497,-83.315461,632,way,1016112678
OSM-W1016113017,New Hope Primitive Baptist Church,PLACE_OF_WORSHIP,30.63926,-83.393942,564,way,1016113017
OSM-W1016113084,Pinetta Global Methodist Church,PLACE_OF_WORSHIP,30.594781,-83.352008,914,way,1016113084
OSM-W1016113362,Hanson Methodist Church,PLACE_OF_WORSHIP,30.549772,-83.364313,630,way,1016113362
OSM-W1016113459,Jeslamb AME Church,PLACE_OF_WORSHIP,30.509361,-83.391895,738,way,1016113459
OSM-W1016113534,Church lot,PLACE_OF_WORSHIP,30.545773,-83.368222,934,way,1016113534
OSM-W1016113733,Pine Grove Missionary Baptist Church,PLACE_OF_WORSHIP,30.528578,-83.392757,1002,way,1016113733
OSM-W1016114343,Madison Church of God,PLACE_OF_WORSHIP,30.474259,-83.404031,2051,way,1016114343
OSM-W1016115006,Faith Baptist Church,PLACE_OF_WORSHIP,30.469841,-83.397742,2275,way,1016115006
OSM-W1016115241,Macedonia Missionary Baptist Church,PLACE_OF_WORSHIP,30.444356,-83.333638,1155,way,1016115241
OSM-W1016117523,Gonwood Church of Christ,PLACE_OF_WORSHIP,30.9221,-83.252557,557,way,1016117523
OSM-W1016120623,Valdosta Park Avenue Seventh-Day Adventist Church,PLACE_OF_WORSHIP,30.872549,-83.240641,2156,way,1016120623
OSM-W1016120645,Open Door Baptist Church,PLACE_OF_WORSHIP,30.874592,-83.234573,797,way,1016120645
OSM-W1016120971,Shell,FUEL_STATION,30.875487,-83.236172,141,way,1016120971
OSM-W1016121227,Saint Mark Missionary Baptist Church,PLACE_OF_WORSHIP,30.883316,-83.140525,1988,way,1016121227
OSM-W1016121546,Naylor Holiness Church,PLACE_OF_WORSHIP,30.913348,-83.074864,197,way,1016121546
OSM-W1016121756,Good Hope Church (closed),PLACE_OF_WORSHIP,30.947308,-83.057052,878,way,1016121756
OSM-W1016121837,Chevron,FUEL_STATION,30.909143,-83.078898,209,way,1016121837
OSM-W1016122141,Stockton Baptist Church,PLACE_OF_WORSHIP,30.941607,-83.00058,4318,way,1016122141
OSM-W1016122186,Grace Baptist Church of South Georgia,PLACE_OF_WORSHIP,30.921886,-83.04588,875,way,1016122186
OSM-W1016122727,Strong Tower Church,PLACE_OF_WORSHIP,30.819594,-83.251249,624,way,1016122727
OSM-W1016122771,Church at Pine Hill,PLACE_OF_WORSHIP,30.817704,-83.252375,1231,way,1016122771
OSM-W1016123024,Southside Church of Christ,PLACE_OF_WORSHIP,30.822219,-83.2525,1696,way,1016123024
OSM-W1016123035,Church lot,PLACE_OF_WORSHIP,30.838717,-83.258918,637,way,1016123035
OSM-W1016123116,Righteous Remnant International Ministries,PLACE_OF_WORSHIP,30.817756,-83.261772,518,way,1016123116
OSM-W1016123597,New Life Ministries,PLACE_OF_WORSHIP,30.824368,-83.22689,5231,way,1016123597
OSM-W1016123613,Citgo,FUEL_STATION,30.81792,-83.260633,112,way,1016123613
OSM-W1016123790,Morning Star Baptist Church,PLACE_OF_WORSHIP,30.819618,-83.252778,4176,way,1016123790
OSM-W1016123859,Valdosta Fire Department,FIRE_STATION,30.819224,-83.260007,598,way,1016123859
OSM-W1016123958,Irvin Hill Baptist Church,PLACE_OF_WORSHIP,30.788854,-83.235499,693,way,1016123958
OSM-W1016124034,Life Journey Fellowship,PLACE_OF_WORSHIP,30.797703,-83.243342,1006,way,1016124034
OSM-W1016124073,Christ Church,PLACE_OF_WORSHIP,30.782457,-83.248848,241,way,1016124073
OSM-W1016124358,Shell,FUEL_STATION,30.795298,-83.241159,157,way,1016124358
OSM-W1016124672,Quick Gas,FUEL_STATION,30.784234,-83.233172,58,way,1016124672
OSM-W1016124675,Center Cross Community Church,PLACE_OF_WORSHIP,30.781739,-83.23361,255,way,1016124675
OSM-W1016124794,Kingdom Hall of Jehovah’s Witnesses,PLACE_OF_WORSHIP,30.773028,-83.231452,1127,way,1016124794
OSM-W1016125449,Trinity Baptist Church,PLACE_OF_WORSHIP,30.776164,-83.232465,1158,way,1016125449
OSM-W1016126184,Corinth BaptistChurch,PLACE_OF_WORSHIP,30.710651,-83.232979,763,way,1016126184
OSM-W1016126307,Francis Lake Baptist Church,PLACE_OF_WORSHIP,30.68419,-83.213453,7785,way,1016126307
OSM-W1016126500,Concord Missionary Baptist Church,PLACE_OF_WORSHIP,30.691739,-83.207399,840,way,1016126500
OSM-W1016127133,Truth Harbor Apostolic Church,PLACE_OF_WORSHIP,30.701436,-83.24163,1429,way,1016127133
OSM-W1016127146,Twin Lakes Volunteer Fire Department,FIRE_STATION,30.701583,-83.209796,332,way,1016127146
OSM-W1016127983,New Bethel AME Methodist Church,PLACE_OF_WORSHIP,30.609839,-83.224546,717,way,1016127983
OSM-W1016128155,Oak Grove Missionary Baptist Church,PLACE_OF_WORSHIP,30.617829,-83.255627,1362,way,1016128155
OSM-W1016128484,Hickory Grove Church,PLACE_OF_WORSHIP,30.53809,-83.297812,969,way,1016128484
OSM-W1016128869,Beulah Church,PLACE_OF_WORSHIP,30.420856,-83.232295,417,way,1016128869
OSM-W1016129337,Corinth Church,PLACE_OF_WORSHIP,30.382023,-83.294807,303,way,1016129337
OSM-W1016129739,Fire station,FIRE_STATION,30.423021,-83.299837,739,way,1016129739
OSM-W1016134513,Oak Grove Church,PLACE_OF_WORSHIP,30.551782,-83.060046,267,way,1016134513
OSM-W1016134907,Mt. Olive Church,PLACE_OF_WORSHIP,30.709898,-83.026322,454,way,1016134907
OSM-W1016135420,Historic Fort Union A.M.E. Church,PLACE_OF_WORSHIP,30.407376,-83.047262,416,way,1016135420
OSM-W1016135441,Hopewell Baptist Church,PLACE_OF_WORSHIP,30.406852,-83.048019,657,way,1016135441
OSM-W1016135578,Delaware Church,PLACE_OF_WORSHIP,30.367541,-83.026967,472,way,1016135578
OSM-W1016135814,Mt. Olive Church of Christ,PLACE_OF_WORSHIP,30.356237,-83.063802,1355,way,1016135814
OSM-W1016139325,Burnham Christian Church,PLACE_OF_WORSHIP,30.533817,-83.173439,1577,way,1016139325
OSM-W1016145755,Rosemary Baptist Church,PLACE_OF_WORSHIP,30.413601,-83.088198,759,way,1016145755
OSM-W1016146437,Lily of the Valley Church,PLACE_OF_WORSHIP,30.507959,-83.115595,528,way,1016146437
OSM-W1016146580,West Lake Church of God,PLACE_OF_WORSHIP,30.503785,-83.113366,1458,way,1016146580
OSM-W1016146625,New Hope Church,PLACE_OF_WORSHIP,30.498472,-83.092238,1736,way,1016146625
OSM-W1016147889,Wright’s Chapel United Methodist Church,PLACE_OF_WORSHIP,30.671114,-83.084398,1068,way,1016147889
OSM-W1016148164,Antioch Church,PLACE_OF_WORSHIP,30.703034,-83.130347,648,way,1016148164
OSM-W1016148291,Sardis Missionary Baptist Church,PLACE_OF_WORSHIP,30.710319,-83.114921,2352,way,1016148291
OSM-W1016149319,Swilley Hill Church,PLACE_OF_WORSHIP,30.775971,-83.18748,861,way,1016149319
OSM-W1016150193,Antioch Christian Church,PLACE_OF_WORSHIP,30.697089,-83.159003,316,way,1016150193
OSM-W1016178389,Citgo,FUEL_STATION,30.698729,-83.210359,163,way,1016178389
OSM-W1016199016,Moulton Branch Elementary School,SCHOOL,30.816493,-83.22938,82145,way,1016199016
OSM-W1016199017,J.L. Lomax Elementary School,SCHOOL,30.822732,-83.233904,145599,way,1016199017
OSM-W1016306285,Shell,FUEL_STATION,30.88203,-83.293186,311,way,1016306285
OSM-W1016306427,Friendly Express,FUEL_STATION,30.897028,-83.32678,571,way,1016306427
OSM-W1016537253,North Lowndes Volunteer Fire Department Station 4,FIRE_STATION,30.905212,-83.34109,647,way,1016537253
OSM-W1016952980,Cook Elementary School,SCHOOL,31.154279,-83.433803,148002,way,1016952980
OSM-W1031648197,Parking lot,PARKING,30.880093,-83.307801,927,way,1031648197
OSM-W1031648211,Parking lot,PARKING,30.879842,-83.306642,428,way,1031648211
OSM-W1031648212,Parking lot,PARKING,30.879228,-83.306432,1015,way,1031648212
OSM-W1031883694,Parking lot,PARKING,30.873279,-83.304514,483,way,1031883694
OSM-W1031883701,Parking lot,PARKING,30.873824,-83.304141,454,way,1031883701
OSM-W1031885388,Parking lot,PARKING,30.872374,-83.291511,463,way,1031885388
OSM-W1032076983,Valdosta Middle School,SCHOOL,30.866903,-83.290803,102548,way,1032076983
OSM-W1032411255,New Life Baptist Church,PLACE_OF_WORSHIP,31.080069,-83.478136,3548,way,1032411255
OSM-W1032427743,Parking lot,PARKING,30.875201,-83.293296,65910,way,1032427743
OSM-W1033225023,Adel Community Church,PLACE_OF_WORSHIP,31.132953,-83.399826,724,way,1033225023
OSM-W1037062453,Gas station,FUEL_STATION,31.138274,-83.445048,1158,way,1037062453
OSM-W1037275294,Chevron,FUEL_STATION,31.268584,-83.473315,340,way,1037275294
OSM-W1037275295,Chevron,FUEL_STATION,31.268603,-83.473714,267,way,1037275295
OSM-W1046686820,Lenox Church of God,PLACE_OF_WORSHIP,31.266583,-83.47637,1507,way,1046686820
OSM-W1046712158,Marathon,FUEL_STATION,31.267818,-83.473023,296,way,1046712158
OSM-W1046967535,Nashville United Methodist Church,PLACE_OF_WORSHIP,31.205574,-83.252997,3145,way,1046967535
OSM-W1046982225,Nashville Middle School,SCHOOL,31.209132,-83.240006,44882,way,1046982225
OSM-W1046987410,Citgo,FUEL_STATION,31.166362,-83.446888,298,way,1046987410
OSM-W1046987421,Sparks First Baptist Church,PLACE_OF_WORSHIP,31.167506,-83.438049,1068,way,1046987421
OSM-W1047226736,Lanier County Middle School,SCHOOL,31.03882,-83.075546,51145,way,1047226736
OSM-W1047587318,Cottrell Chapel C M E Church,PLACE_OF_WORSHIP,31.169764,-83.433808,898,way,1047587318
OSM-W1064740609,Fargo United Methodist Church,PLACE_OF_WORSHIP,30.685974,-82.560372,480,way,1064740609
OSM-W1066205559,Parking lot,PARKING,30.446881,-82.933672,2469,way,1066205559
OSM-W1066252980,Parking lot,PARKING,30.438977,-83.093697,4263,way,1066252980
OSM-W1080397678,Parking lot,PARKING,30.785142,-83.553386,797,way,1080397678
OSM-W1080397679,Gas station,FUEL_STATION,30.784572,-83.556887,402,way,1080397679
OSM-W1080679720,Parking lot,PARKING,30.816355,-83.319871,2480,way,1080679720
OSM-W1080679726,BP,FUEL_STATION,30.847255,-83.334217,409,way,1080679726
OSM-W1081032146,Citgo,FUEL_STATION,30.853597,-83.356839,62,way,1081032146
OSM-W1081036937,BP,FUEL_STATION,31.137194,-83.440336,899,way,1081036937
OSM-W1085262344,Highlands Christian Academy,SCHOOL,30.943066,-83.240815,116852,way,1085262344
OSM-W1085418604,School lot,SCHOOL,30.822732,-83.257719,39942,way,1085418604
OSM-W1089383033,Lee Elementary School,SCHOOL,30.424414,-83.305838,79205,way,1089383033
OSM-W1089386377,Peter's Grove Baptist Church,PLACE_OF_WORSHIP,30.390909,-83.139993,127,way,1089386377
OSM-W1092696619,New Antioch A.M.E. Church,PLACE_OF_WORSHIP,30.501457,-83.316489,248,way,1092696619
OSM-W1115292252,Clean Energy,FUEL_STATION,30.754358,-83.271273,146,way,1115292252
OSM-W1150043407,Church lot,PLACE_OF_WORSHIP,30.810826,-83.561503,590,way,1150043407
OSM-W1162115737,Parking lot,PARKING,30.386804,-83.174731,1031,way,1162115737
OSM-W1162117577,Parking lot,PARKING,30.370798,-83.196681,927,way,1162117577
OSM-W1183304991,Mount Zion Church,PLACE_OF_WORSHIP,30.960893,-83.499512,186,way,1183304991
OSM-W1183305031,Texaco,FUEL_STATION,30.946395,-83.499148,103,way,1183305031
OSM-W1184080603,Silver Run Church,PLACE_OF_WORSHIP,30.748604,-83.385187,549,way,1184080603
OSM-W1218669312,Parking lot,PARKING,30.891666,-83.275774,1001,way,1218669312
OSM-W1218669314,Parking lot,PARKING,30.892719,-83.277442,1044,way,1218669314
OSM-W1218669315,Parking lot,PARKING,30.89235,-83.276918,502,way,1218669315
OSM-W1218669316,Parking lot,PARKING,30.891772,-83.278156,716,way,1218669316
OSM-W1218669319,Parking lot,PARKING,30.892824,-83.278667,547,way,1218669319
OSM-W1218669320,Parking lot,PARKING,30.892666,-83.279044,776,way,1218669320
OSM-W1218669322,Parking lot,PARKING,30.892307,-83.279098,668,way,1218669322
OSM-W1218669324,Parking lot,PARKING,30.892024,-83.279102,526,way,1218669324
OSM-W1218669329,Parking lot,PARKING,30.891414,-83.279207,438,way,1218669329
OSM-W1221457823,Citgo,FUEL_STATION,30.833828,-83.271471,110,way,1221457823
OSM-W1221457824,Parking lot,PARKING,30.834747,-83.268891,5196,way,1221457824
OSM-W1229492929,Ware County High School,SCHOOL,31.199032,-82.387244,514079,way,1229492929
OSM-W1251708348,Lushin Braswell Memorial Fire Station,FIRE_STATION,30.685292,-82.563143,326,way,1251708348
OSM-W1251708353,Fargo Church of God,PLACE_OF_WORSHIP,30.68543,-82.566578,1322,way,1251708353
OSM-W1251708358,Higher Heights Christian Fellowship,PLACE_OF_WORSHIP,30.685853,-82.57006,874,way,1251708358
OSM-W1251708375,Parking lot,PARKING,30.683009,-82.560728,4967,way,1251708375
OSM-W1251708376,Parking lot,PARKING,30.682243,-82.560579,2829,way,1251708376
OSM-W1251708383,Bethlehem Baptist Church,PLACE_OF_WORSHIP,30.682939,-82.568842,162,way,1251708383
OSM-W1299670299,Parking lot,PARKING,31.071827,-83.19727,11233,way,1299670299
OSM-W1299670306,Parking lot,PARKING,31.076106,-83.20235,1896,way,1299670306
OSM-W1299670311,Parking lot,PARKING,31.076884,-83.20225,2764,way,1299670311
OSM-W1299671142,First Baptist Church of Ray City,PLACE_OF_WORSHIP,31.071987,-83.197326,2486,way,1299671142
OSM-W1299671704,Parking lot,PARKING,31.070694,-83.196418,417,way,1299671704
OSM-W1299671713,Parking lot,PARKING,31.070224,-83.196404,473,way,1299671713
OSM-W1299672545,Parking lot,PARKING,31.065507,-83.196121,3841,way,1299672545
OSM-W1300279995,Pleasant Church,PLACE_OF_WORSHIP,31.101213,-83.309598,609,way,1300279995
OSM-W1300655954,Parking lot,PARKING,31.207726,-83.249769,2130,way,1300655954
OSM-W1300658168,Parking lot,PARKING,31.201749,-83.251253,574,way,1300658168
OSM-W1300658181,Parking lot,PARKING,31.201746,-83.251304,2818,way,1300658181
OSM-W1300658186,Parking lot,PARKING,31.207052,-83.250816,1227,way,1300658186
OSM-W1300661099,Parking lot,PARKING,31.200519,-83.250677,2328,way,1300661099
OSM-W1300662488,Parking lot,PARKING,31.203242,-83.250193,4376,way,1300662488
OSM-W1307249427,Parking lot,PARKING,31.04209,-83.085301,685,way,1307249427
OSM-W1307249525,Parking lot,PARKING,31.040478,-83.077924,755,way,1307249525
OSM-W1307249528,Lakeland United Methodist Church,PLACE_OF_WORSHIP,31.040577,-83.078233,2770,way,1307249528
OSM-W1307249544,Parking lot,PARKING,31.038711,-83.07481,5931,way,1307249544
OSM-W1307249545,Parking lot,PARKING,31.039481,-83.075198,3963,way,1307249545
OSM-W1307249562,Parking lot,PARKING,31.032899,-83.072663,2322,way,1307249562
OSM-W1307249565,Parking lot,PARKING,31.029139,-83.072172,834,way,1307249565
OSM-W1307249566,Parking lot,PARKING,31.029869,-83.072595,679,way,1307249566
OSM-W1307249567,Parking lot,PARKING,31.030648,-83.072163,1380,way,1307249567
OSM-W1307249589,Dollar General,FUEL_STATION,31.030345,-83.072375,171,way,1307249589
OSM-W1307249602,Parking lot,PARKING,31.034218,-83.073466,4891,way,1307249602
OSM-W1307249605,Parking lot,PARKING,31.035047,-83.074007,2729,way,1307249605
OSM-W1307249607,Parking lot,PARKING,31.035907,-83.07867,612,way,1307249607
OSM-W1307249608,Parking lot,PARKING,31.036696,-83.079115,674,way,1307249608
OSM-W1307249609,Parking lot,PARKING,31.037177,-83.079447,3442,way,1307249609
OSM-W1307249610,Parking lot,PARKING,31.03722,-83.078736,996,way,1307249610
OSM-W1307249611,Parking lot,PARKING,31.037234,-83.078121,1222,way,1307249611
OSM-W1307249612,Parking lot,PARKING,31.037125,-83.077436,4923,way,1307249612
OSM-W1307249613,Parking lot,PARKING,31.03695,-83.074779,506,way,1307249613
OSM-W1307249614,Parking lot,PARKING,31.037264,-83.074493,529,way,1307249614
OSM-W1307249615,Parking lot,PARKING,31.037151,-83.07403,435,way,1307249615
OSM-W1307249616,Parking lot,PARKING,31.036835,-83.074284,550,way,1307249616
OSM-W1307249617,Parking lot,PARKING,31.035873,-83.073835,4145,way,1307249617
OSM-W1307249991,Parking lot,PARKING,31.038796,-83.083647,937,way,1307249991
OSM-W1307603916,Parking lot,PARKING,31.041721,-83.074645,1625,way,1307603916
OSM-W1307603950,Parking lot,PARKING,31.041475,-83.076745,736,way,1307603950
OSM-W1307603952,Parking lot,PARKING,31.04125,-83.076438,536,way,1307603952
OSM-W1307603954,Parking lot,PARKING,31.041282,-83.075542,1066,way,1307603954
OSM-W1307603960,Parking lot,PARKING,31.041253,-83.077156,2818,way,1307603960
OSM-W1307734072,Union Church,PLACE_OF_WORSHIP,31.024616,-83.048773,266,way,1307734072
OSM-W1307734142,Parking lot,PARKING,31.026335,-83.070883,1902,way,1307734142
OSM-W1307734231,Parking lot,PARKING,31.02734,-83.070977,19657,way,1307734231
OSM-W1307734252,Exxon,FUEL_STATION,31.03168,-83.07165,224,way,1307734252
OSM-W1307734276,Parking lot,PARKING,31.032294,-83.069644,3648,way,1307734276
OSM-W1307734293,Parking lot,PARKING,31.034026,-83.069809,1554,way,1307734293
OSM-W1307734294,Parking lot,PARKING,31.034198,-83.069316,2477,way,1307734294
OSM-W1307734307,Parking lot,PARKING,31.035492,-83.069852,2052,way,1307734307
OSM-W1307734344,Parking lot,PARKING,31.042577,-83.073101,1184,way,1307734344
OSM-W1307734351,Parking lot,PARKING,31.035699,-83.072905,6097,way,1307734351
OSM-W1307734352,Parking lot,PARKING,31.036442,-83.07162,1016,way,1307734352
OSM-W1307734369,Parking lot,PARKING,31.035159,-83.072109,1046,way,1307734369
OSM-W1307734370,Parking lot,PARKING,31.03503,-83.072597,4439,way,1307734370
OSM-W1307734433,Parking lot,PARKING,31.038329,-83.072675,1834,way,1307734433
OSM-W1307734468,Parking lot,PARKING,31.039228,-83.073909,474,way,1307734468
OSM-W1307734487,Parking lot,PARKING,31.041168,-83.072876,1451,way,1307734487
OSM-W1307734496,Parking lot,PARKING,31.039678,-83.074357,1011,way,1307734496
OSM-W1307734502,Parking lot,PARKING,31.041476,-83.074025,694,way,1307734502
OSM-W1307734516,Parking lot,PARKING,31.040656,-83.07472,705,way,1307734516
OSM-W1307734517,Parking lot,PARKING,31.040714,-83.074383,652,way,1307734517
OSM-W1307982265,Parking lot,PARKING,31.03975,-83.062554,2565,way,1307982265
OSM-W1332096250,Lanier County High School,SCHOOL,31.036031,-83.077932,136908,way,1332096250
OSM-W1332096251,Lanier County Elementary School,SCHOOL,31.034484,-83.07424,89466,way,1332096251
OSM-W1332945938,Parking lot,PARKING,30.526484,-82.940935,3972,way,1332945938
OSM-W1336282843,Shumate Street Church,PLACE_OF_WORSHIP,30.775549,-83.559811,447,way,1336282843
OSM-W1336282881,Marathon,FUEL_STATION,30.785577,-83.568503,1226,way,1336282881
OSM-W1336282890,House of God,PLACE_OF_WORSHIP,30.780396,-83.566809,504,way,1336282890
OSM-W1336282892,Cavalry Christian Church,PLACE_OF_WORSHIP,30.78084,-83.559728,906,way,1336282892
OSM-W1336282894,PetroSouth,FUEL_STATION,30.78185,-83.559969,77,way,1336282894
OSM-W1336282908,Quitman Church of God,PLACE_OF_WORSHIP,30.783935,-83.545346,2107,way,1336282908
OSM-W1336282917,Gas N' Go,FUEL_STATION,30.794112,-83.557095,109,way,1336282917
OSM-W1337168155,Quick Gas,FUEL_STATION,30.863064,-83.373436,156,way,1337168155
OSM-W1337795971,Citgo,FUEL_STATION,30.703156,-83.135281,55,way,1337795971
OSM-W1337796004,Gas station,FUEL_STATION,30.703771,-83.028637,132,way,1337796004
OSM-W1338651914,Circle K,FUEL_STATION,30.819968,-83.313683,1956,way,1338651914
OSM-W1339920219,Parking lot,PARKING,30.980072,-83.183432,675,way,1339920219
OSM-W1339922967,Mill Town One Stop,FUEL_STATION,31.075452,-83.200896,144,way,1339922967
OSM-W1339922968,Gas station,FUEL_STATION,31.074176,-83.199324,68,way,1339922968
OSM-W1339922969,Ray City Church of God,PLACE_OF_WORSHIP,31.074993,-83.195809,2359,way,1339922969
OSM-W1341810707,Solar,FUEL_STATION,31.103156,-82.575902,76,way,1341810707
OSM-W1341810731,Ruskin Elementary School,SCHOOL,31.15779,-82.438559,140384,way,1341810731
OSM-W1341970160,Dog Park Parking Lot,PARKING,30.912112,-83.251602,2620,way,1341970160
OSM-W1341976980,Parking lot,PARKING,30.882643,-83.292222,4647,way,1341976980
OSM-W1341988782,Parking lot,PARKING,30.872156,-83.290207,1951,way,1341988782
OSM-W1341990505,Parking lot,PARKING,30.871981,-83.290112,1306,way,1341990505
OSM-W1341990506,Parking lot,PARKING,30.871773,-83.290141,1714,way,1341990506
OSM-W1341995825,Parking lot,PARKING,30.882759,-83.284563,641,way,1341995825
OSM-W1342035881,Parking lot,PARKING,30.881329,-83.285138,33709,way,1342035881
OSM-W1342041214,Parking lot,PARKING,30.881846,-83.291221,4242,way,1342041214
OSM-W1342043476,Parking lot,PARKING,30.883777,-83.28878,1190,way,1342043476
OSM-W1342043477,Parking lot,PARKING,30.883687,-83.289116,832,way,1342043477
OSM-W1342043478,Parking lot,PARKING,30.883435,-83.28892,1031,way,1342043478
OSM-W1342045142,Parking lot,PARKING,30.882221,-83.290894,478,way,1342045142
OSM-W1342045145,Parking lot,PARKING,30.88191,-83.290952,1213,way,1342045145
OSM-W1342045146,Parking lot,PARKING,30.882095,-83.290591,1009,way,1342045146
OSM-W1342046658,Parking lot,PARKING,30.882186,-83.290185,6477,way,1342046658
OSM-W1342115975,Parking lot,PARKING,30.841279,-83.324276,1022,way,1342115975
OSM-W1342120190,Parking lot,PARKING,30.846654,-83.325601,896,way,1342120190
OSM-W1342568632,Running Track Parking Lot,PARKING,30.913365,-83.248914,3917,way,1342568632
OSM-W1342574791,Sports Complex Parking Lot,PARKING,30.911718,-83.247675,26863,way,1342574791
OSM-W1342574792,Basketball Court Parking Lot,PARKING,30.913274,-83.24851,5276,way,1342574792
OSM-W1342579259,Parking lot,PARKING,30.913439,-83.248109,1139,way,1342579259
OSM-W1342699065,Fire station,FIRE_STATION,30.884577,-83.29115,2771,way,1342699065
OSM-W1342706275,Parking lot,PARKING,30.88359,-83.289701,5048,way,1342706275
OSM-W1342720389,Wells Fargo Advisors,PARKING,30.879023,-83.295784,7890,way,1342720389
OSM-W1342723990,Starbucks,PARKING,30.879202,-83.296108,3273,way,1342723990
OSM-W1342769973,Ameris Bank,PARKING,30.879681,-83.295354,7721,way,1342769973
OSM-W1342955561,Parking lot,PARKING,30.878197,-83.287357,1698,way,1342955561
OSM-W1343235834,Parking lot,PARKING,30.878734,-83.287803,1290,way,1343235834
OSM-W1343237136,Parking lot,PARKING,30.878271,-83.288092,2358,way,1343237136
OSM-W1343237137,Parking lot,PARKING,30.878209,-83.287949,4317,way,1343237137
OSM-W1343267363,Parking lot,PARKING,30.875928,-83.289617,105894,way,1343267363
OSM-W1343268070,Parking lot,PARKING,30.874711,-83.289731,2524,way,1343268070
OSM-W1343539527,Parking lot,PARKING,30.841141,-83.320149,2071,way,1343539527
OSM-W1343554419,Parking lot,PARKING,30.845617,-83.318708,12419,way,1343554419
OSM-W1343555331,Parking lot,PARKING,30.844962,-83.318377,4055,way,1343555331
OSM-W1343620320,Parking lot,PARKING,30.841335,-83.322109,705,way,1343620320
OSM-W1343621165,Parking lot,PARKING,30.841072,-83.322192,1272,way,1343621165
OSM-W1343621166,Parking lot,PARKING,30.84092,-83.321827,4696,way,1343621166
OSM-W1343621995,Parking lot,PARKING,30.840781,-83.320937,10438,way,1343621995
OSM-W1344343410,Gas station,FUEL_STATION,31.073935,-82.649171,63,way,1344343410
OSM-W1344343411,Parking lot,PARKING,31.073929,-82.64915,1776,way,1344343411
OSM-W1344347995,Parking lot,PARKING,31.075757,-82.649876,3806,way,1344347995
OSM-W1344356766,Fire station,FIRE_STATION,31.075661,-82.648233,436,way,1344356766
OSM-W1344356770,Parking lot,PARKING,31.075445,-82.649019,2377,way,1344356770
OSM-W1344826200,Parking lot,PARKING,30.878841,-83.291317,7022,way,1344826200
OSM-W1344862720,North Ashley Center Parking,PARKING,30.872344,-83.289328,6044,way,1344862720
OSM-W1344925866,Parking lot,PARKING,30.879861,-83.291437,1465,way,1344925866
OSM-W1344925867,Parking lot,PARKING,30.879508,-83.291472,1430,way,1344925867
OSM-W1344931156,Parking lot,PARKING,30.9069,-83.263794,1085,way,1344931156
OSM-W1345164114,Parking lot,PARKING,30.910777,-83.263646,13020,way,1345164114
OSM-W1345188915,Parking lot,PARKING,30.911545,-83.264173,2695,way,1345188915
OSM-W1346720942,Parking lot,PARKING,30.872388,-83.288085,15695,way,1346720942
OSM-W1346767961,Parking lot,PARKING,30.872484,-83.287229,17695,way,1346767961
OSM-W1346886246,Parking lot,PARKING,30.884485,-83.287658,11444,way,1346886246
OSM-W1347086404,Parking lot,PARKING,30.87421,-83.290624,3627,way,1347086404
OSM-W1347086405,Parking lot,PARKING,30.87429,-83.290215,3203,way,1347086405
OSM-W1347091964,Parking lot,PARKING,30.874732,-83.291156,3314,way,1347091964
OSM-W1347091984,Parking lot,PARKING,30.875878,-83.288252,6284,way,1347091984
OSM-W1347091987,Parking lot,PARKING,30.874519,-83.290621,5508,way,1347091987
OSM-W1347091995,Parking lot,PARKING,30.877201,-83.290097,20431,way,1347091995
OSM-W1347095419,Parking lot,PARKING,30.875703,-83.279524,13547,way,1347095419
OSM-W1347195854,Parking lot,PARKING,30.97547,-83.205047,1199,way,1347195854
OSM-W1347195855,Parking lot,PARKING,30.975967,-83.204605,525,way,1347195855
OSM-W1347359725,Parking lot,PARKING,30.8413,-83.31989,3356,way,1347359725
OSM-W1347447990,Parking lot,PARKING,30.874061,-83.288541,8223,way,1347447990
OSM-W1347447991,Parking lot,PARKING,30.874321,-83.286869,62338,way,1347447991
OSM-W1347449329,Parking lot,PARKING,30.875595,-83.276676,2692,way,1347449329
OSM-W1347449330,Parking lot,PARKING,30.875217,-83.276785,4114,way,1347449330
OSM-W1347449333,Parking lot,PARKING,30.876282,-83.276454,3504,way,1347449333
OSM-W1347449336,Parking lot,PARKING,30.877333,-83.276242,8105,way,1347449336
OSM-W1347450681,Parking lot,PARKING,30.874788,-83.279252,2971,way,1347450681
OSM-W1347450683,Parking lot,PARKING,30.874834,-83.278569,4061,way,1347450683
OSM-W1347450685,Parking lot,PARKING,30.874468,-83.279939,1820,way,1347450685
OSM-W1347629696,Parking lot,PARKING,30.875104,-83.275805,6381,way,1347629696
OSM-W1347629705,Sunday School & Guest Parking,PARKING,30.873371,-83.2779,34976,way,1347629705
OSM-W1347629706,Guest Parking,PARKING,30.874112,-83.278845,12369,way,1347629706
OSM-W1347665050,Parking lot,PARKING,30.872661,-83.279221,8639,way,1347665050
OSM-W1347665056,Parking lot,PARKING,30.874249,-83.275063,37056,way,1347665056
OSM-W1347700837,Parking lot,PARKING,30.878032,-83.295722,7487,way,1347700837
OSM-W1347706799,Parking lot,PARKING,30.912182,-83.263258,2443,way,1347706799
OSM-W1347811135,School lot,SCHOOL,30.873276,-83.281346,8007,way,1347811135
OSM-W1347811139,Parking lot,PARKING,30.873831,-83.280613,2988,way,1347811139
OSM-W1347811144,Parking lot,PARKING,30.874033,-83.280262,847,way,1347811144
OSM-W1347811146,Parking lot,PARKING,30.873789,-83.279924,4506,way,1347811146
OSM-W1347811150,Parking lot,PARKING,30.873356,-83.280883,2276,way,1347811150
OSM-W1347811151,Parking lot,PARKING,30.873705,-83.281022,3157,way,1347811151
OSM-W1347811172,Parking lot,PARKING,30.873573,-83.281499,2432,way,1347811172
OSM-W1347811181,Parking lot,PARKING,30.873235,-83.281946,3640,way,1347811181
OSM-W1347811184,Parking lot,PARKING,30.872972,-83.282602,4576,way,1347811184
OSM-W1347891025,Parking lot,PARKING,30.872504,-83.283161,10206,way,1347891025
OSM-W1347891029,Parking lot,PARKING,30.872404,-83.283858,9251,way,1347891029
OSM-W1347891041,Parking lot,PARKING,30.872146,-83.284395,9234,way,1347891041
OSM-W1347891050,Parking lot,PARKING,30.872535,-83.280844,2294,way,1347891050
OSM-W1347891055,Parking lot,PARKING,30.872086,-83.28154,2885,way,1347891055
OSM-W1347897022,Parking lot,PARKING,30.871422,-83.285358,38582,way,1347897022
OSM-W1347897065,Parking lot,PARKING,30.87019,-83.286966,4916,way,1347897065
OSM-W1348542450,Sherwin-Williams Parking,PARKING,30.869471,-83.286909,2019,way,1348542450
OSM-W1348542472,Joyner Building Parking,PARKING,30.870296,-83.284793,1713,way,1348542472
OSM-W1348542489,Odyssey Healthcare Parking,PARKING,30.870489,-83.284319,1992,way,1348542489
OSM-W1348555119,Sweetbriar Condominiums Parking,PARKING,30.868223,-83.279899,2370,way,1348555119
OSM-W1348555193,Parking lot,PARKING,30.8684,-83.279395,1714,way,1348555193
OSM-W1348643938,Parking lot,PARKING,30.871481,-83.281154,9809,way,1348643938
OSM-W1349140963,Chapinmix Parking,PARKING,30.872059,-83.278697,800,way,1349140963
OSM-W1351027149,Buton Brooks Peach Orchards Parking,PARKING,31.009028,-83.512338,6417,way,1351027149
OSM-W1351056825,Parking lot,PARKING,31.008858,-83.513388,1447,way,1351056825
OSM-W1352183474,Parking lot,PARKING,30.875511,-83.284049,13696,way,1352183474
OSM-W1353021141,Canterbury Place Parking,PARKING,30.847179,-83.304599,1679,way,1353021141
OSM-W1353054504,Parking lot,PARKING,30.846485,-83.305568,1123,way,1353054504
OSM-W1353847475,Parking lot,PARKING,30.847986,-83.303635,900,way,1353847475
OSM-W1353847479,Parking lot,PARKING,30.847623,-83.311554,1672,way,1353847479
OSM-W1354212186,Parking lot,PARKING,30.881016,-83.294431,1598,way,1354212186
OSM-W1354212187,Parking lot,PARKING,30.880733,-83.294821,1867,way,1354212187
OSM-W1354212194,Parking lot,PARKING,30.882217,-83.295716,888,way,1354212194
OSM-W1354212195,Parking lot,PARKING,30.882059,-83.295937,803,way,1354212195
OSM-W1354212197,Parking lot,PARKING,30.881264,-83.296362,3651,way,1354212197
OSM-W1354484100,Parking lot,PARKING,30.845605,-83.310893,1184,way,1354484100
OSM-W1354732421,Parking lot,PARKING,30.842545,-83.308608,2609,way,1354732421
OSM-W1355970934,Parking lot,PARKING,30.832334,-83.277361,5877,way,1355970934
OSM-W1355970935,Parking lot,PARKING,30.831774,-83.277098,3434,way,1355970935
OSM-W1355974111,S.L. Mason Elementary School,SCHOOL,30.836507,-83.296902,112030,way,1355974111
OSM-W1356409712,Parking lot,PARKING,30.83202,-83.277795,726,way,1356409712
OSM-W1356815769,Parking lot,PARKING,30.845926,-83.326688,1510,way,1356815769
OSM-W1356945423,Parking lot,PARKING,30.84118,-83.325556,34002,way,1356945423
OSM-W1358173337,"Martin Luther King, Jr. Memorial Park Parking",PARKING,30.826815,-83.275202,4577,way,1358173337
OSM-W1358358395,Parking lot,PARKING,30.825125,-83.267583,6928,way,1358358395
OSM-W1358358396,Parking lot,PARKING,30.825077,-83.267188,1818,way,1358358396
OSM-W1358358402,Pinevale Elementary School,SCHOOL,30.82482,-83.267601,158099,way,1358358402
OSM-W1358379071,Parking lot,PARKING,30.825532,-83.269211,1389,way,1358379071
OSM-W1358379072,Parking lot,PARKING,30.826108,-83.269282,2146,way,1358379072
OSM-W1361302161,Parking lot,PARKING,30.843543,-83.307362,5783,way,1361302161
OSM-W1361581664,Parking lot,PARKING,30.843787,-83.310471,439,way,1361581664
OSM-W1363795720,Parking lot,PARKING,30.842238,-83.308276,1132,way,1363795720
OSM-W1366109192,Parking lot,PARKING,30.84121,-83.327999,10299,way,1366109192
OSM-W1366109197,Parking lot,PARKING,30.841794,-83.328734,13589,way,1366109197
OSM-W1366110253,Parking lot,PARKING,30.842951,-83.308309,3406,way,1366110253
OSM-W1366110255,Parking lot,PARKING,30.843485,-83.308501,3738,way,1366110255
OSM-W1366110260,Parking lot,PARKING,30.842116,-83.307966,1865,way,1366110260
OSM-W1366110262,Parking lot,PARKING,30.841965,-83.30756,1694,way,1366110262
OSM-W1366110263,Parking lot,PARKING,30.84155,-83.30739,1438,way,1366110263
OSM-W1366256830,Parking lot,PARKING,30.846681,-83.313279,2954,way,1366256830
OSM-W1366256841,Parking lot,PARKING,30.84663,-83.311622,1363,way,1366256841
OSM-W1367377209,Unity United Methodist Church,PLACE_OF_WORSHIP,31.064761,-83.01565,724,way,1367377209
OSM-W1368306667,Parking lot,PARKING,30.882439,-83.285616,2979,way,1368306667
OSM-W1369394917,Parking lot,PARKING,31.036161,-82.747431,702,way,1369394917
OSM-W1369394922,Parking lot,PARKING,31.035969,-82.74769,529,way,1369394922
OSM-W1369394960,Parking lot,PARKING,31.036132,-82.747773,423,way,1369394960
OSM-W1369394986,Parking lot,PARKING,31.035835,-82.748252,3921,way,1369394986
OSM-W1369395015,Parking lot,PARKING,31.035888,-82.747648,566,way,1369395015
OSM-W1369495116,Parking lot,PARKING,31.037157,-82.746445,433,way,1369495116
OSM-W1369495122,Parking lot,PARKING,31.037099,-82.746601,434,way,1369495122
OSM-W1369734306,Gas station,FUEL_STATION,31.036814,-82.747569,272,way,1369734306
OSM-W1369750707,Gas station,FUEL_STATION,31.037856,-82.748055,116,way,1369750707
OSM-W1369750723,Parking lot,PARKING,31.038807,-82.747865,3489,way,1369750723
OSM-W1369750725,Parking lot,PARKING,31.038186,-82.7477,639,way,1369750725
OSM-W1369750726,Parking lot,PARKING,31.038263,-82.747546,407,way,1369750726
OSM-W1369750740,Parking lot,PARKING,31.039177,-82.748843,3154,way,1369750740
OSM-W1369750761,Gospel Tabernacle Church of God in Christ,PLACE_OF_WORSHIP,31.037053,-82.745566,395,way,1369750761
OSM-W1369750776,Parking lot,PARKING,31.037798,-82.748178,1163,way,1369750776
OSM-W1370089320,Parking lot,PARKING,31.037767,-82.746048,1035,way,1370089320
OSM-W1370089321,Parking lot,PARKING,31.037399,-82.746137,972,way,1370089321
OSM-W1370089322,Parking lot,PARKING,31.037557,-82.745768,1001,way,1370089322
OSM-W1370089335,Parking lot,PARKING,31.039804,-82.747295,666,way,1370089335
OSM-W1370623464,Speedway,FUEL_STATION,30.779522,-83.290398,16042,way,1370623464
OSM-W1370958338,Parking lot,PARKING,30.784343,-83.560404,609,way,1370958338
OSM-W1374546709,Parking lot,PARKING,30.846761,-83.334575,12013,way,1374546709
OSM-W1374546711,Parking lot,PARKING,30.845414,-83.333779,32978,way,1374546711
OSM-W1374816085,Parking lot,PARKING,30.830464,-83.277293,2292,way,1374816085
OSM-W1374816086,Parking lot,PARKING,30.830992,-83.27764,1074,way,1374816086
OSM-W1374816087,Parking lot,PARKING,30.833766,-83.279753,7200,way,1374816087
OSM-W1376757851,Parking lot,PARKING,30.860573,-83.279907,4652,way,1376757851
OSM-W1376757870,Parking lot,PARKING,30.859382,-83.279776,40425,way,1376757870
OSM-W1376764814,Parking lot,PARKING,30.860494,-83.279008,5738,way,1376764814
OSM-W1377811909,Parking lot,PARKING,30.894403,-83.353388,3927,way,1377811909
OSM-W137844129,Pleasant Church,PLACE_OF_WORSHIP,31.18873,-83.359326,546379751,way,137844129
OSM-W1378960601,Parking lot,PARKING,30.859239,-83.281455,12450,way,1378960601
OSM-W1378970163,Parking lot,PARKING,30.858361,-83.281181,862,way,1378970163
OSM-W1379326700,Parking lot,PARKING,30.85993,-83.281889,6130,way,1379326700
OSM-W1379326720,Parking lot,PARKING,30.858573,-83.281272,924,way,1379326720
OSM-W1380806459,School lot,SCHOOL,30.834629,-83.313551,12132,way,1380806459
OSM-W1385612854,Parking lot,PARKING,30.815808,-83.322513,10502,way,1385612854
OSM-W1385612869,Parking lot,PARKING,30.816335,-83.321382,4786,way,1385612869
OSM-W1385644280,Parking lot,PARKING,30.837743,-83.33242,1799,way,1385644280
OSM-W1385644281,Parking lot,PARKING,30.838069,-83.332556,1286,way,1385644281
OSM-W1385667021,Parking lot,PARKING,30.837267,-83.243001,12036,way,1385667021
OSM-W1385672547,Parking lot,PARKING,30.839072,-83.243839,871,way,1385672547
OSM-W1385672554,Parking lot,PARKING,30.839668,-83.243771,1872,way,1385672554
OSM-W1385911369,Parking lot,PARKING,30.799627,-83.296323,2963,way,1385911369
OSM-W1385914756,Parking lot,PARKING,30.800318,-83.296198,13035,way,1385914756
OSM-W1386117049,Parking lot,PARKING,30.835891,-83.228849,9661,way,1386117049
OSM-W1386612704,Parking lot,PARKING,30.827791,-83.272168,1508,way,1386612704
OSM-W1387662083,Parking lot,PARKING,30.788261,-83.287488,18783,way,1387662083
OSM-W1393563946,Parking lot,PARKING,30.896051,-83.326508,539,way,1393563946
OSM-W1393563947,Parking lot,PARKING,30.896265,-83.327195,1404,way,1393563947
OSM-W1393567167,School lot,SCHOOL,30.89622,-83.326863,8029,way,1393567167
OSM-W1410094777,Parking lot,PARKING,30.849553,-83.323019,5852,way,1410094777
OSM-W1410138793,Parking lot,PARKING,30.84582,-83.29507,12720,way,1410138793
OSM-W1410160318,Parking lot,PARKING,30.847164,-83.296768,1006,way,1410160318
OSM-W1410160332,Parking lot,PARKING,30.847169,-83.297483,523,way,1410160332
OSM-W1411871404,Parking lot,PARKING,30.847524,-83.323153,4724,way,1411871404
OSM-W1411905631,Parking lot,PARKING,30.847347,-83.322385,4836,way,1411905631
OSM-W1411905639,Parking lot,PARKING,30.847316,-83.32182,2028,way,1411905639
OSM-W1413345629,Parking lot,PARKING,30.91571,-83.257176,25854,way,1413345629
OSM-W1413564384,New Lois Community Methodist Church,PLACE_OF_WORSHIP,31.13773,-83.289952,649,way,1413564384
OSM-W1414473389,Parking lot,PARKING,30.888662,-83.270989,1168,way,1414473389
OSM-W1416543697,Parking lot,PARKING,30.847671,-83.28838,10490,way,1416543697
OSM-W1417585436,Parking lot,PARKING,30.990876,-83.374489,417,way,1417585436
OSM-W1418961977,Rainwater Conference Center Parking,PARKING,30.821875,-83.317442,37908,way,1418961977
OSM-W1428078056,Parking lot,PARKING,30.854596,-83.281139,2341,way,1428078056
OSM-W1428078069,Circle K,FUEL_STATION,30.854607,-83.281142,474,way,1428078069
OSM-W1428078078,Parking lot,PARKING,30.8552,-83.281394,10015,way,1428078078
OSM-W1488763070,Parking lot,PARKING,30.774615,-83.297873,2015,way,1488763070
OSM-W1488763071,Parking lot,PARKING,30.774473,-83.29841,1928,way,1488763071
OSM-W1488763074,Parking lot,PARKING,30.774853,-83.298583,6759,way,1488763074
OSM-W1488763075,Parking lot,PARKING,30.772837,-83.298334,18816,way,1488763075
OSM-W1507388575,Parking lot,PARKING,31.03388,-82.745926,666,way,1507388575
OSM-W1507388579,Parking lot,PARKING,31.032398,-82.74504,3009,way,1507388579
OSM-W1507388581,Parking lot,PARKING,31.031827,-82.744764,4923,way,1507388581
OSM-W1507388584,Parking lot,PARKING,31.030405,-82.742913,4769,way,1507388584
OSM-W1507388589,Parking lot,PARKING,31.032434,-82.744186,4351,way,1507388589
OSM-W1507388592,Parking lot,PARKING,31.033301,-82.744663,3021,way,1507388592
OSM-W1507388651,Parking lot,PARKING,31.043979,-82.750148,10815,way,1507388651
OSM-W1525299763,Parking lot,PARKING,31.251293,-82.477552,5892,way,1525299763
OSM-W1525299764,Waresboro Elementary School,SCHOOL,31.25119,-82.47724,97314,way,1525299764
OSM-W1525299769,Parking lot,PARKING,31.250476,-82.477152,5334,way,1525299769
OSM-W1532483355,Parking lot,PARKING,30.803797,-83.383019,1297,way,1532483355
OSM-W1547575963,Parking lot,PARKING,30.832044,-83.274389,3386,way,1547575963
OSM-W1551135562,Parking lot,PARKING,30.842317,-83.323257,4490,way,1551135562
OSM-W1551135567,Parking lot,PARKING,30.842274,-83.324242,1993,way,1551135567
OSM-W158728891,Cook High School,SCHOOL,31.132601,-83.38341,245723,way,158728891
OSM-W158977548,Cook Middle School,SCHOOL,31.155038,-83.437791,196152,way,158977548
OSM-W199579568,Parking lot,PARKING,30.844929,-83.293034,38858,way,199579568
OSM-W224604104,Love's,FUEL_STATION,30.376699,-83.298246,1108,way,224604104
OSM-W224604105,Gas station,FUEL_STATION,30.376861,-83.29728,933,way,224604105
OSM-W226930452,TA,FUEL_STATION,30.644282,-83.187624,780,way,226930452
OSM-W226930516,Flying J,FUEL_STATION,30.641875,-83.190076,735,way,226930516
OSM-W226930517,Flying J,FUEL_STATION,30.64121,-83.190411,2275,way,226930517
OSM-W236502693,Parking lot,PARKING,30.752875,-83.271098,33990,way,236502693
OSM-W236502829,Pilot,FUEL_STATION,30.754173,-83.272852,861,way,236502829
OSM-W264781158,Parking lot,PARKING,30.613064,-83.146741,17903,way,264781158
OSM-W264856896,Parking lot,PARKING,30.613008,-83.148224,6227,way,264856896
OSM-W277820649,Mobil,FUEL_STATION,30.843047,-83.32795,500,way,277820649
OSM-W292202285,Blue Springs Primitive Baptist Church,PLACE_OF_WORSHIP,30.47643,-83.246714,415,way,292202285
OSM-W307471135,Pilot,FUEL_STATION,30.754663,-83.272917,1451,way,307471135
OSM-W311824587,Parking lot,PARKING,30.971255,-83.20252,11034,way,311824587
OSM-W311826047,Parking lot,PARKING,30.983641,-83.20312,7446,way,311826047
OSM-W311826315,Parking lot,PARKING,30.977493,-83.200219,13886,way,311826315
OSM-W311827363,Parking lot,PARKING,30.978498,-83.200639,2982,way,311827363
OSM-W311827372,Parking lot,PARKING,30.972347,-83.202327,2997,way,311827372
OSM-W311827379,Parking lot,PARKING,30.973604,-83.203833,4927,way,311827379
OSM-W311829030,Parking lot,PARKING,30.972186,-83.203766,1111,way,311829030
OSM-W311829048,Parking lot,PARKING,30.966631,-83.204214,15538,way,311829048
OSM-W311829049,Parking lot,PARKING,30.967435,-83.205111,6410,way,311829049
OSM-W311829303,Parking lot,PARKING,30.96655,-83.206197,4160,way,311829303
OSM-W311829305,Parking lot,PARKING,30.967535,-83.207273,3291,way,311829305
OSM-W311829308,Parking lot,PARKING,30.969144,-83.203445,11219,way,311829308
OSM-W311829309,Parking lot,PARKING,30.968462,-83.202075,1174,way,311829309
OSM-W311829766,Parking lot,PARKING,30.968317,-83.208956,4604,way,311829766
OSM-W311830371,Parking lot,PARKING,30.966745,-83.209857,4222,way,311830371
OSM-W311831574,Parking lot,PARKING,30.970726,-83.202095,15277,way,311831574
OSM-W311832248,Parking lot,PARKING,30.970273,-83.203814,2477,way,311832248
OSM-W311832249,Parking lot,PARKING,30.970625,-83.206128,4761,way,311832249
OSM-W311832250,Parking lot,PARKING,30.971135,-83.206724,1512,way,311832250
OSM-W311832251,Parking lot,PARKING,30.97113,-83.205728,1298,way,311832251
OSM-W311832252,Parking lot,PARKING,30.972499,-83.205421,3475,way,311832252
OSM-W311832253,Parking lot,PARKING,30.973159,-83.20564,7218,way,311832253
OSM-W311833230,Parking lot,PARKING,30.974126,-83.205279,17076,way,311833230
OSM-W311833231,Parking lot,PARKING,30.972679,-83.204953,15232,way,311833231
OSM-W311833232,Parking lot,PARKING,30.972089,-83.20594,916,way,311833232
OSM-W311837868,Parking lot,PARKING,30.952979,-83.175283,3585,way,311837868
OSM-W311837870,Parking lot,PARKING,30.951089,-83.176622,2003,way,311837870
OSM-W311837872,Parking lot,PARKING,30.954971,-83.186082,5974,way,311837872
OSM-W311840188,Parking lot,PARKING,30.980725,-83.182975,3334,way,311840188
OSM-W311840604,Parking lot,PARKING,30.961271,-83.216795,931,way,311840604
OSM-W311842421,Parking lot,PARKING,30.970618,-83.213645,848,way,311842421
OSM-W311842435,Parking lot,PARKING,30.975736,-83.208736,11265,way,311842435
OSM-W311843147,Parking lot,PARKING,30.965104,-83.2037,3159,way,311843147
OSM-W311843727,Parking lot,PARKING,30.977566,-83.205763,43121,way,311843727
OSM-W311845563,Parking lot,PARKING,30.956632,-83.200488,2729,way,311845563
OSM-W311846498,Moody Chapel,PLACE_OF_WORSHIP,30.974869,-83.202293,2974,way,311846498
OSM-W311846553,Parking lot,PARKING,30.976228,-83.202878,11779,way,311846553
OSM-W311846613,Parking lot,PARKING,30.978284,-83.20291,22498,way,311846613
OSM-W311846636,Parking lot,PARKING,30.979101,-83.203952,2380,way,311846636
OSM-W311846669,Parking lot,PARKING,30.978304,-83.204361,827,way,311846669
OSM-W311846691,Parking lot,PARKING,30.979537,-83.201337,1806,way,311846691
OSM-W311846692,Parking lot,PARKING,30.979486,-83.203752,21588,way,311846692
OSM-W311846893,Parking lot,PARKING,30.979309,-83.204765,1957,way,311846893
OSM-W311847040,Parking lot,PARKING,30.979085,-83.207451,20055,way,311847040
OSM-W311847634,Parking lot,PARKING,30.973197,-83.198661,4756,way,311847634
OSM-W311847635,Parking lot,PARKING,30.971944,-83.199382,6221,way,311847635
OSM-W311847636,Parking lot,PARKING,30.971374,-83.199887,1802,way,311847636
OSM-W311847806,Parking lot,PARKING,30.970636,-83.207617,2906,way,311847806
OSM-W311848850,Parking lot,PARKING,30.97394,-83.207547,35109,way,311848850
OSM-W311848853,Parking lot,PARKING,30.972467,-83.207485,22659,way,311848853
OSM-W311848854,Parking lot,PARKING,30.97148,-83.207516,5013,way,311848854
OSM-W311933880,School lot,SCHOOL,30.979448,-83.207473,45876,way,311933880
OSM-W311934509,Parking lot,PARKING,30.960712,-83.200387,3052,way,311934509
OSM-W311935280,AAFEES,FUEL_STATION,30.971512,-83.208317,3431,way,311935280
OSM-W312316936,Parking lot,PARKING,30.970392,-83.185984,2745,way,312316936
OSM-W312806713,Parking lot,PARKING,30.971123,-83.204734,1611,way,312806713
OSM-W312807630,Parking lot,PARKING,30.971115,-83.203851,869,way,312807630
OSM-W313140646,Gas station,FUEL_STATION,31.000768,-83.19998,140,way,313140646
OSM-W313148181,Gas station,FUEL_STATION,30.970981,-83.215417,150,way,313148181
OSM-W313149028,Parking lot,PARKING,30.975796,-83.214123,1934,way,313149028
OSM-W31494086,Valdosta High School,SCHOOL,30.867306,-83.23605,718345,way,31494086
OSM-W31496001,Ware County Middle School,SCHOOL,31.233932,-82.393348,276468,way,31496001
OSM-W31499287,School lot,SCHOOL,30.990982,-83.366205,148922,way,31499287
OSM-W31499399,Lowndes Middle School,SCHOOL,30.792204,-83.262051,160369,way,31499399
OSM-W316689640,New Friendship Primitive Baptist Church,PLACE_OF_WORSHIP,30.973331,-83.378491,306,way,316689640
OSM-W316732414,School lot,SCHOOL,30.920527,-83.34612,273330,way,316732414
OSM-W316817181,Gas station,FUEL_STATION,31.045729,-83.392151,89,way,316817181
OSM-W316824186,Parking lot,PARKING,31.046343,-83.394227,604,way,316824186
OSM-W316828867,Citgo,FUEL_STATION,31.044914,-83.395931,676,way,316828867
OSM-W316867663,Cecil Fire Station,FIRE_STATION,31.057425,-83.395957,705,way,316867663
OSM-W316875118,Cecil Baptist Church,PLACE_OF_WORSHIP,31.048064,-83.394753,521,way,316875118
OSM-W323354036,Parking lot,PARKING,31.137192,-83.447812,1340,way,323354036
OSM-W323355915,Marathon,FUEL_STATION,31.146613,-83.458198,140,way,323355915
OSM-W330988074,Gas station,FUEL_STATION,30.883022,-83.29128,422,way,330988074
OSM-W331090455,Neal One Stop,FUEL_STATION,30.895712,-83.320822,151,way,331090455
OSM-W331091917,Flash Foods,FUEL_STATION,30.8977,-83.332285,688,way,331091917
OSM-W331092553,Peace Freewill Church,PLACE_OF_WORSHIP,30.898528,-83.349926,1025,way,331092553
OSM-W332167752,Covenant Baptist Church,PLACE_OF_WORSHIP,30.873675,-83.304835,4152,way,332167752
OSM-W337410783,Lake Park Fire Department Station 1,FIRE_STATION,30.683734,-83.181165,446,way,337410783
OSM-W337412173,Lake Park Christian Church,PLACE_OF_WORSHIP,30.683615,-83.182987,1240,way,337412173
OSM-W337412174,Church lot,PLACE_OF_WORSHIP,30.684266,-83.182966,2706,way,337412174
OSM-W337412175,Church lot,PLACE_OF_WORSHIP,30.68467,-83.183059,1354,way,337412175
OSM-W337414214,First Baptist Church of Lake Park,PLACE_OF_WORSHIP,30.685149,-83.185839,1888,way,337414214
OSM-W337414217,Church lot,PLACE_OF_WORSHIP,30.685242,-83.184942,1767,way,337414217
OSM-W337421432,Lake Park Elementary School,SCHOOL,30.686908,-83.184545,90330,way,337421432
OSM-W345729634,Parking lot,PARKING,30.368355,-83.244162,19749,way,345729634
OSM-W345729760,Parking lot,PARKING,30.367903,-83.249148,7859,way,345729760
OSM-W348034636,Hahira First Baptist Church,PLACE_OF_WORSHIP,30.99291,-83.373544,1722,way,348034636
OSM-W348367151,Parking lot,PARKING,31.062177,-83.396652,7306,way,348367151
OSM-W348391193,Liberty,FUEL_STATION,31.122641,-83.41889,559,way,348391193
OSM-W348400410,Citgo,FUEL_STATION,31.137418,-83.423313,165,way,348400410
OSM-W348407010,Chevron,FUEL_STATION,31.134064,-83.432558,1658,way,348407010
OSM-W348407016,Marathon,FUEL_STATION,31.134471,-83.432235,340,way,348407016
OSM-W348407018,Citgo,FUEL_STATION,31.134252,-83.436637,762,way,348407018
OSM-W348434511,Holiday,FUEL_STATION,31.165491,-83.437215,51,way,348434511
OSM-W348439146,Gas station,FUEL_STATION,31.143411,-83.42588,185,way,348439146
OSM-W348439148,Citgo,FUEL_STATION,31.147902,-83.427527,155,way,348439148
OSM-W348448353,Church lot,PLACE_OF_WORSHIP,31.179225,-83.440653,529,way,348448353
OSM-W348815413,New Hope Church,PLACE_OF_WORSHIP,31.236324,-83.461834,282,way,348815413
OSM-W348815414,Rose Hill Baptist Church,PLACE_OF_WORSHIP,31.215929,-83.447211,532,way,348815414
OSM-W348815415,Church lot,PLACE_OF_WORSHIP,31.236578,-83.461802,358,way,348815415
OSM-W349285014,Parking lot,PARKING,30.665215,-83.208902,794,way,349285014
OSM-W349294123,Parking lot,PARKING,30.664723,-83.208644,2494,way,349294123
OSM-W349294127,Parking lot,PARKING,30.663943,-83.207659,2591,way,349294127
OSM-W349294128,Parking lot,PARKING,30.665783,-83.209347,651,way,349294128
OSM-W349306279,Parking lot,PARKING,30.664586,-83.208254,516,way,349306279
OSM-W349306281,Parking lot,PARKING,30.665846,-83.209248,18664,way,349306281
OSM-W349306282,Parking lot,PARKING,30.664857,-83.208425,729,way,349306282
OSM-W349681880,Gas station,FUEL_STATION,30.881756,-83.291967,866,way,349681880
OSM-W365573956,Dorsey's Gas,FUEL_STATION,31.138379,-83.417147,88,way,365573956
OSM-W365621986,Gas station,FUEL_STATION,31.209276,-83.25414,130,way,365621986
OSM-W365756260,Parking lot,PARKING,30.74697,-83.276185,3234,way,365756260
OSM-W365756423,Quick Gas,FUEL_STATION,30.745318,-83.276175,416,way,365756423
OSM-W365766839,Fire station,FIRE_STATION,30.699108,-83.311551,1034,way,365766839
OSM-W365770963,OneStop,FUEL_STATION,30.695526,-83.31018,164,way,365770963
OSM-W365770965,Gas station,FUEL_STATION,30.696762,-83.312694,92,way,365770965
OSM-W365773924,Harvest Church,PLACE_OF_WORSHIP,30.685306,-83.271853,242,way,365773924
OSM-W365809529,Exxon,FUEL_STATION,31.205454,-83.25019,197,way,365809529
OSM-W365809533,Pure,FUEL_STATION,31.203251,-83.250829,142,way,365809533
OSM-W365809536,Shell,FUEL_STATION,31.202803,-83.250956,291,way,365809536
OSM-W366052582,Citgo,FUEL_STATION,31.201119,-83.250589,516,way,366052582
OSM-W366052586,Shell,FUEL_STATION,31.200952,-83.251388,359,way,366052586
OSM-W366058303,Church lot,PLACE_OF_WORSHIP,31.195226,-83.261199,3571,way,366058303
OSM-W366058304,Holiday Market,FUEL_STATION,31.196321,-83.26041,48,way,366058304
OSM-W366059000,Church lot,PLACE_OF_WORSHIP,31.197327,-83.256229,863,way,366059000
OSM-W366061859,Church lot,PLACE_OF_WORSHIP,31.179829,-83.319924,272,way,366061859
OSM-W366228694,Liberty,FUEL_STATION,31.205243,-83.243529,123,way,366228694
OSM-W366527982,Exxon,FUEL_STATION,30.679263,-83.224451,995,way,366527982
OSM-W366527984,Gas station,FUEL_STATION,30.678726,-83.224264,488,way,366527984
OSM-W366527988,Shell,FUEL_STATION,30.679908,-83.224832,469,way,366527988
OSM-W366527989,Shell,FUEL_STATION,30.680097,-83.224443,762,way,366527989
OSM-W366539756,Circle K,FUEL_STATION,30.680539,-83.221099,1344,way,366539756
OSM-W366539763,Gas station,FUEL_STATION,30.681366,-83.22063,405,way,366539763
OSM-W366539767,Gas station,FUEL_STATION,30.682142,-83.218531,151,way,366539767
OSM-W366539768,Gas station,FUEL_STATION,30.682061,-83.21908,1644,way,366539768
OSM-W366566083,Frances Lake AME Church,PLACE_OF_WORSHIP,30.683388,-83.216004,1520,way,366566083
OSM-W367889318,Akins,FUEL_STATION,30.685784,-82.561557,156,way,367889318
OSM-W367889319,Marathon,FUEL_STATION,30.68711,-82.562019,56,way,367889319
OSM-W369172093,One Trip,FUEL_STATION,31.034302,-82.76119,476,way,369172093
OSM-W369781222,Mobil,FUEL_STATION,30.450621,-82.932421,252,way,369781222
OSM-W369781223,Marathon,FUEL_STATION,30.446111,-82.934305,388,way,369781223
OSM-W369781224,Marathon,FUEL_STATION,30.446083,-82.933715,693,way,369781224
OSM-W370218608,Mount Vienna AME Church,PLACE_OF_WORSHIP,30.968305,-83.230566,1156,way,370218608
OSM-W370220148,Parking lot,PARKING,30.882267,-83.248784,15463,way,370220148
OSM-W370220150,Perimeter Road Baptist Church,PLACE_OF_WORSHIP,30.882128,-83.248971,6127,way,370220150
OSM-W370220742,Victory Temple,PLACE_OF_WORSHIP,30.881467,-83.252466,1040,way,370220742
OSM-W370220743,Forrest Park Church of Christ,PLACE_OF_WORSHIP,30.881438,-83.243018,9056,way,370220743
OSM-W370221719,School lot,SCHOOL,30.879677,-83.263698,35615,way,370221719
OSM-W370221720,School lot,SCHOOL,30.880219,-83.262588,11357,way,370221720
OSM-W370221721,School lot,SCHOOL,30.878861,-83.263699,434,way,370221721
OSM-W370221722,School lot,SCHOOL,30.88076,-83.263756,8448,way,370221722
OSM-W370221723,School lot,SCHOOL,30.880414,-83.262176,2343,way,370221723
OSM-W370233861,Gloryhill Cowboy Church,PLACE_OF_WORSHIP,30.802727,-83.365101,613,way,370233861
OSM-W370257926,JHCA,PLACE_OF_WORSHIP,30.883301,-83.267781,483,way,370257926
OSM-W370257988,Church lot,PLACE_OF_WORSHIP,30.891379,-83.265012,718,way,370257988
OSM-W370258761,Gas station,FUEL_STATION,30.94005,-83.237889,283,way,370258761
OSM-W370258762,Gas station,FUEL_STATION,30.940056,-83.237663,477,way,370258762
OSM-W370258916,Valdosta Korean Baptist Church,PLACE_OF_WORSHIP,30.944333,-83.235344,587,way,370258916
OSM-W370645263,School lot,SCHOOL,30.955219,-83.261163,247,way,370645263
OSM-W370645266,School lot,SCHOOL,30.955146,-83.260668,143,way,370645266
OSM-W370645267,School lot,SCHOOL,30.955203,-83.259469,137,way,370645267
OSM-W370656478,School lot,SCHOOL,30.958516,-83.262379,314,way,370656478
OSM-W370730474,Parking lot,PARKING,30.954837,-83.259673,629,way,370730474
OSM-W370730476,Parking lot,PARKING,30.956102,-83.25973,1181,way,370730476
OSM-W370730477,Parking lot,PARKING,30.956119,-83.260662,1636,way,370730477
OSM-W370731954,Parking lot,PARKING,30.959094,-83.261841,2556,way,370731954
OSM-W370731955,Parking lot,PARKING,30.959005,-83.261802,2579,way,370731955
OSM-W370737120,Parking lot,PARKING,30.957566,-83.261106,1136,way,370737120
OSM-W370737122,Parking lot,PARKING,30.957289,-83.261962,951,way,370737122
OSM-W370737124,Parking lot,PARKING,30.956958,-83.261878,625,way,370737124
OSM-W370737126,Parking lot,PARKING,30.957252,-83.260971,1182,way,370737126
OSM-W370737128,Parking lot,PARKING,30.957193,-83.261872,1282,way,370737128
OSM-W370737130,Parking lot,PARKING,30.957333,-83.261109,2023,way,370737130
OSM-W370737131,Parking lot,PARKING,30.957426,-83.261153,2043,way,370737131
OSM-W370737133,Parking lot,PARKING,30.957102,-83.261832,1322,way,370737133
OSM-W370743782,Parking lot,PARKING,30.96112,-83.199894,1475,way,370743782
OSM-W371252885,Parking lot,PARKING,31.018687,-83.075343,15180,way,371252885
OSM-W371252895,Southside Baptist Church,PLACE_OF_WORSHIP,31.018722,-83.075857,3378,way,371252895
OSM-W371258260,Pine Grove Community Baptist,PLACE_OF_WORSHIP,30.940495,-83.241264,768,way,371258260
OSM-W371345757,Parking lot,PARKING,30.834808,-83.27841,3342,way,371345757
OSM-W371346348,Lowndes County Judicial Center Parking,PARKING,30.833635,-83.278599,10181,way,371346348
OSM-W371937222,Parking lot,PARKING,30.897854,-83.332883,14910,way,371937222
OSM-W371948426,Parking lot,PARKING,30.856627,-83.343843,2649,way,371948426
OSM-W371948428,Parking lot,PARKING,30.860475,-83.343437,5221,way,371948428
OSM-W371948429,Parking lot,PARKING,30.85968,-83.343178,7503,way,371948429
OSM-W371949985,Parking lot,PARKING,30.841988,-83.320088,12791,way,371949985
OSM-W371949986,Parking lot,PARKING,30.841661,-83.321364,12152,way,371949986
OSM-W371949987,Parking lot,PARKING,30.84318,-83.318831,43770,way,371949987
OSM-W371949989,Parking lot,PARKING,30.843321,-83.322119,20209,way,371949989
OSM-W371949990,Parking lot,PARKING,30.844928,-83.319415,14731,way,371949990
OSM-W371949991,Parking lot,PARKING,30.842524,-83.321779,6757,way,371949991
OSM-W371949992,Parking lot,PARKING,30.844207,-83.322693,3289,way,371949992
OSM-W371952089,Parking lot,PARKING,30.845083,-83.321447,17845,way,371952089
OSM-W371952090,Parking lot,PARKING,30.844698,-83.322355,1442,way,371952090
OSM-W371952091,Parking lot,PARKING,30.845795,-83.319901,7645,way,371952091
OSM-W371956700,North Valdosta Church of Christ,PLACE_OF_WORSHIP,30.895729,-83.337601,389,way,371956700
OSM-W371961636,Parking lot,PARKING,30.975731,-83.212458,6490,way,371961636
OSM-W371987089,Marathon,FUEL_STATION,30.592765,-83.121996,815,way,371987089
OSM-W371992694,Clyattville Elementary School,SCHOOL,30.687445,-83.317243,68934,way,371992694
OSM-W372177760,Parking lot,PARKING,30.914112,-83.258742,1729,way,372177760
OSM-W372179642,Parking lot,PARKING,30.909639,-83.246278,5728,way,372179642
OSM-W372182467,Parking lot,PARKING,30.971647,-83.200942,7941,way,372182467
OSM-W372187323,Parking lot,PARKING,30.974754,-83.20063,3551,way,372187323
OSM-W372187324,Parking lot,PARKING,30.967471,-83.202833,21781,way,372187324
OSM-W372187325,Parking lot,PARKING,30.974938,-83.205858,4419,way,372187325
OSM-W372187326,Parking lot,PARKING,30.97526,-83.206828,4508,way,372187326
OSM-W372205818,Parking lot,PARKING,30.84947,-83.291404,961,way,372205818
OSM-W372205820,Parking lot,PARKING,30.847867,-83.29037,423,way,372205820
OSM-W372205821,Parking lot,PARKING,30.8485,-83.290024,549,way,372205821
OSM-W372205822,Parking lot,PARKING,30.848308,-83.290197,569,way,372205822
OSM-W372206774,Parking lot,PARKING,30.845573,-83.288449,2323,way,372206774
OSM-W372206788,Parking lot,PARKING,30.846025,-83.288159,2458,way,372206788
OSM-W372206793,Parking lot,PARKING,30.844653,-83.290185,3748,way,372206793
OSM-W372218907,Parking lot,PARKING,30.844492,-83.286974,14658,way,372218907
OSM-W372692796,Parking lot,PARKING,30.972003,-83.208373,3446,way,372692796
OSM-W372812289,Parking lot,PARKING,30.977899,-83.201932,26949,way,372812289
OSM-W372812538,Parking lot,PARKING,30.979366,-83.200414,3556,way,372812538
OSM-W372812696,Parking lot,PARKING,30.976747,-83.201074,1290,way,372812696
OSM-W372812697,Parking lot,PARKING,30.976274,-83.20124,2142,way,372812697
OSM-W372812740,Parking lot,PARKING,30.976346,-83.202322,6765,way,372812740
OSM-W372813521,Parking lot,PARKING,30.879478,-83.262143,500,way,372813521
OSM-W372813523,Parking lot,PARKING,30.878203,-83.264304,6523,way,372813523
OSM-W372813524,Parking lot,PARKING,30.879267,-83.262233,477,way,372813524
OSM-W372813527,Parking lot,PARKING,30.879229,-83.262461,795,way,372813527
OSM-W372813529,Parking lot,PARKING,30.878785,-83.262399,3530,way,372813529
OSM-W372813530,Parking lot,PARKING,30.881479,-83.263219,19969,way,372813530
OSM-W372814149,Parking lot,PARKING,30.879617,-83.265265,1356,way,372814149
OSM-W372814151,Parking lot,PARKING,30.880562,-83.262692,496,way,372814151
OSM-W372814305,Parking lot,PARKING,30.879012,-83.263537,1216,way,372814305
OSM-W372814526,Parking lot,PARKING,30.878222,-83.263266,3885,way,372814526
OSM-W372816308,Parking lot,PARKING,30.877148,-83.263908,3451,way,372816308
OSM-W372817941,Parking lot,PARKING,30.865256,-83.291073,2111,way,372817941
OSM-W372818183,Parking lot,PARKING,30.867511,-83.291624,1340,way,372818183
OSM-W372818234,Parking lot,PARKING,30.867013,-83.290355,4154,way,372818234
OSM-W372823199,Parking lot,PARKING,30.85982,-83.287332,3709,way,372823199
OSM-W372823200,Parking lot,PARKING,30.860273,-83.288234,16378,way,372823200
OSM-W372824818,Parking lot,PARKING,30.8619,-83.283949,5401,way,372824818
OSM-W372824820,Parking lot,PARKING,30.863298,-83.284744,8026,way,372824820
OSM-W372824823,Parking lot,PARKING,30.860937,-83.285387,44257,way,372824823
OSM-W372824826,Parking lot,PARKING,30.862794,-83.284801,503,way,372824826
OSM-W372824828,Parking lot,PARKING,30.863493,-83.284998,2624,way,372824828
OSM-W372824830,Parking lot,PARKING,30.862101,-83.285479,1028,way,372824830
OSM-W372824831,Parking lot,PARKING,30.86266,-83.284654,847,way,372824831
OSM-W372824833,Parking lot,PARKING,30.86229,-83.284952,1464,way,372824833
OSM-W372824835,Parking lot,PARKING,30.862758,-83.28416,3164,way,372824835
OSM-W372825071,Parking lot,PARKING,30.862466,-83.287679,3784,way,372825071
OSM-W372825072,Parking lot,PARKING,30.862397,-83.288392,1776,way,372825072
OSM-W372825835,Parking lot,PARKING,30.863355,-83.285696,735,way,372825835
OSM-W372825836,Parking lot,PARKING,30.859968,-83.28616,1069,way,372825836
OSM-W372825837,Parking lot,PARKING,30.863151,-83.286204,1008,way,372825837
OSM-W372825838,Parking lot,PARKING,30.861914,-83.284501,1814,way,372825838
OSM-W372825839,Parking lot,PARKING,30.862988,-83.286693,2246,way,372825839
OSM-W372825840,Parking lot,PARKING,30.860904,-83.287212,1631,way,372825840
OSM-W372825841,Parking lot,PARKING,30.860398,-83.285545,2586,way,372825841
OSM-W372826143,Parking lot,PARKING,30.860731,-83.283319,4590,way,372826143
OSM-W372827123,Parking lot,PARKING,30.862361,-83.290271,2767,way,372827123
OSM-W372830162,Parking lot,PARKING,30.881808,-83.287838,41708,way,372830162
OSM-W372834508,Parking lot,PARKING,30.880696,-83.28902,1808,way,372834508
OSM-W372835288,Parking lot,PARKING,30.882639,-83.288146,2776,way,372835288
OSM-W372835289,Parking lot,PARKING,30.88275,-83.286926,7410,way,372835289
OSM-W372835905,Parking lot,PARKING,30.883043,-83.290455,633,way,372835905
OSM-W372835907,Parking lot,PARKING,30.883975,-83.290089,1018,way,372835907
OSM-W372835908,Parking lot,PARKING,30.883662,-83.290428,895,way,372835908
OSM-W372836178,Parking lot,PARKING,30.884275,-83.290611,923,way,372836178
OSM-W372836637,Suchero's,PARKING,30.883521,-83.291394,426,way,372836637
OSM-W372838002,Parking lot,PARKING,30.881085,-83.295125,2265,way,372838002
OSM-W372838552,Parking lot,PARKING,30.880959,-83.295738,14496,way,372838552
OSM-W372842641,Parking lot,PARKING,30.88906,-83.263762,3349,way,372842641
OSM-W372843793,Parking lot,PARKING,30.891235,-83.264583,3046,way,372843793
OSM-W372850245,Valdosta Church of the Nazarene,PLACE_OF_WORSHIP,30.894915,-83.264849,2393,way,372850245
OSM-W372852219,Parking lot,PARKING,30.898155,-83.284761,2134,way,372852219
OSM-W372852223,Parking lot,PARKING,30.898829,-83.283216,2656,way,372852223
OSM-W372853193,Parking lot,PARKING,30.897043,-83.282256,8964,way,372853193
OSM-W372853194,Parking lot,PARKING,30.897709,-83.280536,7464,way,372853194
OSM-W372853195,Parking lot,PARKING,30.898273,-83.281198,4000,way,372853195
OSM-W372858966,Parking lot,PARKING,31.003612,-83.393262,3042,way,372858966
OSM-W372860751,Parking lot,PARKING,30.888359,-83.35234,2736,way,372860751
OSM-W372860752,Parking lot,PARKING,30.888782,-83.353699,1549,way,372860752
OSM-W372860753,Parking lot,PARKING,30.889179,-83.353089,2007,way,372860753
OSM-W372860755,Parking lot,PARKING,30.888992,-83.352885,2070,way,372860755
OSM-W372861899,Parking lot,PARKING,30.888934,-83.354452,6821,way,372861899
OSM-W372861900,Parking lot,PARKING,30.889233,-83.354221,1007,way,372861900
OSM-W372861901,Parking lot,PARKING,30.888682,-83.355358,10402,way,372861901
OSM-W372862003,Parking lot,PARKING,30.889675,-83.356027,10581,way,372862003
OSM-W372862178,Parking lot,PARKING,30.890434,-83.35362,1355,way,372862178
OSM-W372862179,Parking lot,PARKING,30.890653,-83.3545,3446,way,372862179
OSM-W372862180,Parking lot,PARKING,30.889685,-83.353088,3055,way,372862180
OSM-W372862181,Parking lot,PARKING,30.890523,-83.354397,5371,way,372862181
OSM-W372867951,Parking lot,PARKING,30.882104,-83.267759,4251,way,372867951
OSM-W372867953,Northway Community Church,PLACE_OF_WORSHIP,30.882014,-83.26794,1330,way,372867953
OSM-W372868478,Parking lot,PARKING,30.882138,-83.269791,5376,way,372868478
OSM-W372869155,Parking lot,PARKING,30.881699,-83.269044,7798,way,372869155
OSM-W372869535,Parking lot,PARKING,30.889462,-83.266389,4827,way,372869535
OSM-W372873510,Parking lot,PARKING,30.890808,-83.274668,9760,way,372873510
OSM-W372873511,Parking lot,PARKING,30.891898,-83.27464,3930,way,372873511
OSM-W372873512,Parking lot,PARKING,30.89189,-83.27372,4008,way,372873512
OSM-W372875717,Parking lot,PARKING,30.890794,-83.273723,9624,way,372875717
OSM-W376975310,Rocky Hill Church,PLACE_OF_WORSHIP,30.927033,-83.34513,634,way,376975310
OSM-W376982370,Parking lot,PARKING,30.931531,-83.350427,902,way,376982370
OSM-W378232076,Camp Creek Baptist Church,PLACE_OF_WORSHIP,31.094931,-82.943329,456,way,378232076
OSM-W390838243,Parking lot,PARKING,30.8285,-83.282967,3622,way,390838243
OSM-W390838247,Parking lot,PARKING,30.828963,-83.282767,1209,way,390838247
OSM-W390838491,Valdosta Fire Department,FIRE_STATION,30.828839,-83.281784,2679,way,390838491
OSM-W390839789,Parking lot,PARKING,30.831018,-83.282928,3680,way,390839789
OSM-W393320847,Parking lot,PARKING,30.839401,-83.327766,3167,way,393320847
OSM-W393321632,Parking lot,PARKING,30.836969,-83.321342,1110,way,393321632
OSM-W393328785,Parking lot,PARKING,30.834809,-83.322998,4832,way,393328785
OSM-W393330557,Parking lot,PARKING,30.838047,-83.327272,2257,way,393330557
OSM-W393339613,Parking lot,PARKING,30.831897,-83.32266,12427,way,393339613
OSM-W393346696,Parking lot,PARKING,30.840568,-83.32747,2272,way,393346696
OSM-W393346697,Parking lot,PARKING,30.840516,-83.328197,3631,way,393346697
OSM-W393346698,Parking lot,PARKING,30.839837,-83.327789,3524,way,393346698
OSM-W393475377,Sparks Fire Department,FIRE_STATION,31.167144,-83.436606,592,way,393475377
OSM-W393481204,Sparks United Methodist Church,PLACE_OF_WORSHIP,31.169136,-83.438389,1995,way,393481204
OSM-W394148348,Gas station,FUEL_STATION,30.991229,-83.372362,152,way,394148348
OSM-W394252120,Cecil Baptist Church,PLACE_OF_WORSHIP,31.047047,-83.391137,228,way,394252120
OSM-W395674980,Saint Paul Church of God in Christ,PLACE_OF_WORSHIP,31.045939,-83.381946,619,way,395674980
OSM-W395674982,Antioch Universal Holiness Church,PLACE_OF_WORSHIP,31.044572,-83.387606,374,way,395674982
OSM-W395678158,Jerusalem Baptist Church,PLACE_OF_WORSHIP,31.047584,-83.383762,520,way,395678158
OSM-W395680799,Fellowship Baptist Church,PLACE_OF_WORSHIP,31.04252,-83.357059,1531,way,395680799
OSM-W395867234,Citgo,FUEL_STATION,30.993156,-83.390214,922,way,395867234
OSM-W395867248,Gas station,FUEL_STATION,30.991537,-83.389513,481,way,395867248
OSM-W395867249,Gas station,FUEL_STATION,30.991114,-83.389297,1073,way,395867249
OSM-W395873314,Church lot,PLACE_OF_WORSHIP,30.99008,-83.371163,1130,way,395873314
OSM-W396049307,Church lot,PLACE_OF_WORSHIP,31.254607,-83.46349,487,way,396049307
OSM-W396049308,Church lot,PLACE_OF_WORSHIP,31.254607,-83.463243,512,way,396049308
OSM-W398598232,BP,FUEL_STATION,30.518407,-82.951442,213,way,398598232
OSM-W398607980,Sunoco,FUEL_STATION,30.516065,-82.945806,97,way,398607980
OSM-W398614198,Pit Stop,FUEL_STATION,30.523899,-82.960362,230,way,398614198
OSM-W398614203,Lighthouse Fellowship Ministries,PLACE_OF_WORSHIP,30.524661,-82.960424,272,way,398614203
OSM-W398747249,First Advent Christian Church,PLACE_OF_WORSHIP,30.522266,-82.960452,722,way,398747249
OSM-W398814968,First Baptist Church of Jasper,PLACE_OF_WORSHIP,30.520019,-82.945974,2926,way,398814968
OSM-W399302679,Georgia Christian School,SCHOOL,30.748828,-83.222845,140605,way,399302679
OSM-W399318142,41 Church of Christ,PLACE_OF_WORSHIP,30.736517,-83.221299,576,way,399318142
OSM-W399321309,Dasher Church of Christ,PLACE_OF_WORSHIP,30.747098,-83.222934,4613,way,399321309
OSM-W399332238,Church lot,PLACE_OF_WORSHIP,30.685639,-83.188775,690,way,399332238
OSM-W399332259,Church lot,PLACE_OF_WORSHIP,30.684863,-83.183523,692,way,399332259
OSM-W399335043,Parking lot,PARKING,30.661909,-83.178942,1108,way,399335043
OSM-W403726557,Echols County Elementary/Middle School,SCHOOL,30.69869,-83.025155,250141,way,403726557
OSM-W403733835,Echols County High School,SCHOOL,30.70214,-83.024232,40947,way,403733835
OSM-W403736981,Gas station,FUEL_STATION,30.703274,-83.028293,86,way,403736981
OSM-W403736993,Church lot,PLACE_OF_WORSHIP,30.702179,-83.027449,527,way,403736993
OSM-W403875371,Church lot,PLACE_OF_WORSHIP,30.703813,-83.027021,1331,way,403875371
OSM-W403875394,Parking lot,PARKING,30.701916,-83.028371,746,way,403875394
OSM-W403875400,Parking lot,PARKING,30.703934,-83.026256,609,way,403875400
OSM-W403875406,Parking lot,PARKING,30.703693,-83.026002,711,way,403875406
OSM-W403880782,Statenville Church of God,PLACE_OF_WORSHIP,30.704644,-83.023701,1570,way,403880782
OSM-W403889934,Statenville Church of Christ,PLACE_OF_WORSHIP,30.70798,-83.02834,1228,way,403889934
OSM-W403953665,Wayfare Primitive Baptist Church,PLACE_OF_WORSHIP,30.856182,-83.006283,860,way,403953665
OSM-W404150564,Stockton/Lanier Fire Department Station #2,FIRE_STATION,30.909823,-83.008272,110,way,404150564
OSM-W404154391,Gas station,FUEL_STATION,30.936648,-83.008716,195,way,404154391
OSM-W404154394,Gas station,FUEL_STATION,30.936714,-83.008429,181,way,404154394
OSM-W404314952,Lakeland Baptist Church,PLACE_OF_WORSHIP,31.042478,-83.069339,1665,way,404314952
OSM-W404314953,First Baptist Church,PLACE_OF_WORSHIP,31.04232,-83.070711,1887,way,404314953
OSM-W404315611,Pure,FUEL_STATION,31.04142,-83.073891,50,way,404315611
OSM-W404315615,Gas station,FUEL_STATION,31.041563,-83.072908,54,way,404315615
OSM-W404316678,Citgo,FUEL_STATION,31.041324,-83.074956,84,way,404316678
OSM-W406357678,Church lot,PLACE_OF_WORSHIP,31.022329,-82.795741,3097,way,406357678
OSM-W407053180,Trinity Calvary Holiness Church,PLACE_OF_WORSHIP,31.166512,-83.094693,951,way,407053180
OSM-W407053186,Poplar Springs Missionary Baptist Church,PLACE_OF_WORSHIP,31.17419,-83.110988,344,way,407053186
OSM-W427674251,Parking lot,PARKING,31.260321,-82.403049,6661,way,427674251
OSM-W427674261,Parking lot,PARKING,31.25852,-82.404939,3426,way,427674261
OSM-W438473175,Parking lot,PARKING,30.612569,-83.146994,6465,way,438473175
OSM-W440766228,Parking lot,PARKING,31.009329,-83.391605,898,way,440766228
OSM-W440787844,Parking lot,PARKING,31.202162,-83.283627,1110,way,440787844
OSM-W443190919,Parking lot,PARKING,30.612122,-83.1471,6942,way,443190919
OSM-W467879624,Fargo Church,PLACE_OF_WORSHIP,30.682586,-82.5745,683,way,467879624
OSM-W472234698,Parking lot,PARKING,30.475927,-83.459833,8857,way,472234698
OSM-W472234832,Parking lot,PARKING,30.47521,-83.4593,403,way,472234832
OSM-W472236515,Parking lot,PARKING,30.481673,-83.454734,11852,way,472236515
OSM-W474414346,Adel Church of God,PLACE_OF_WORSHIP,31.11406,-83.413685,1738,way,474414346
OSM-W474428890,Parking lot,PARKING,31.124273,-83.418415,1110,way,474428890
OSM-W474441471,Adel Presbyterian Church,PLACE_OF_WORSHIP,31.133006,-83.421674,961,way,474441471
OSM-W474462060,First Baptist Church,PLACE_OF_WORSHIP,31.134836,-83.422948,2932,way,474462060
OSM-W474470574,Gas station,FUEL_STATION,31.139789,-83.424183,194,way,474470574
OSM-W474652833,Adel Fire Station 1,FIRE_STATION,31.138356,-83.422229,572,way,474652833
OSM-W474653405,Parking lot,PARKING,31.134122,-83.435969,937,way,474653405
OSM-W474670435,Citgo,FUEL_STATION,30.894901,-83.358326,822,way,474670435
OSM-W474695654,Buck Creek Missionary Baptist Church,PLACE_OF_WORSHIP,31.166275,-83.566766,933,way,474695654
OSM-W474707285,Parking lot,PARKING,31.166981,-83.547075,4330,way,474707285
OSM-W474707287,Parking lot,PARKING,31.163532,-83.54829,33469,way,474707287
OSM-W474707291,Parking lot,PARKING,31.163413,-83.548121,30174,way,474707291
OSM-W474913660,Church lot,PLACE_OF_WORSHIP,31.134267,-83.391034,1199,way,474913660
OSM-W474924424,Forest Hill Freewill Baptist Church,PLACE_OF_WORSHIP,31.131379,-83.359734,1278,way,474924424
OSM-W474927736,Community Calvary Holiness Church,PLACE_OF_WORSHIP,31.119862,-83.365838,538,way,474927736
OSM-W474927738,Church lot,PLACE_OF_WORSHIP,31.119913,-83.366389,191,way,474927738
OSM-W474927739,Church lot,PLACE_OF_WORSHIP,31.119945,-83.36612,285,way,474927739
OSM-W475107983,Parking lot,PARKING,30.851394,-83.271698,22643,way,475107983
OSM-W475107984,Parking lot,PARKING,30.853659,-83.272623,13243,way,475107984
OSM-W475107997,Parking lot,PARKING,30.850933,-83.274133,3807,way,475107997
OSM-W475109916,Parking lot,PARKING,30.847969,-83.277527,4291,way,475109916
OSM-W482875226,Parking lot,PARKING,30.753925,-83.273294,9848,way,482875226
OSM-W482875230,Parking lot,PARKING,30.754445,-83.273924,25962,way,482875230
OSM-W482879715,Parking lot,PARKING,30.753385,-83.273947,2960,way,482879715
OSM-W482879716,Parking lot,PARKING,30.753223,-83.274162,6010,way,482879716
OSM-W483367769,Spring Hill Primitive Baptist Church,PLACE_OF_WORSHIP,31.223953,-83.483228,514,way,483367769
OSM-W484296529,Parking lot,PARKING,31.2608,-83.472161,16903,way,484296529
OSM-W484297054,Parking lot,PARKING,31.243271,-83.465624,6987,way,484297054
OSM-W484301624,Parking lot,PARKING,31.243623,-83.465272,2671,way,484301624
OSM-W484301625,Parking lot,PARKING,31.243028,-83.46509,2995,way,484301625
OSM-W484301626,Parking lot,PARKING,31.243391,-83.464561,13814,way,484301626
OSM-W495571540,Parking lot,PARKING,31.162844,-83.540871,934,way,495571540
OSM-W495571541,Parking lot,PARKING,31.162245,-83.540897,1304,way,495571541
OSM-W495724977,Parking lot,PARKING,31.159668,-83.536179,10534,way,495724977
OSM-W495724984,Parking lot,PARKING,31.166929,-83.538733,1262,way,495724984
OSM-W495973460,Parking lot,PARKING,31.163904,-83.538943,620,way,495973460
OSM-W497445808,Gas station,FUEL_STATION,30.82194,-83.309788,888,way,497445808
OSM-W497445833,Christian Love Ministries Church,PLACE_OF_WORSHIP,30.818898,-83.264075,1270,way,497445833
OSM-W498050839,Parking lot,PARKING,30.666664,-83.210272,1633,way,498050839
OSM-W498384238,Parking lot,PARKING,31.173651,-83.535266,1123,way,498384238
OSM-W498384239,Parking lot,PARKING,31.173532,-83.535085,427,way,498384239
OSM-W503635151,Parking lot,PARKING,31.208084,-83.249583,2983,way,503635151
OSM-W503635170,Parking lot,PARKING,31.208944,-83.249493,3208,way,503635170
OSM-W507427520,Parking lot,PARKING,30.452722,-83.397226,654,way,507427520
OSM-W526012490,Ware County Junior High School,SCHOOL,31.234063,-82.401788,95305,way,526012490
OSM-W532084359,Parking lot,PARKING,30.786244,-82.428216,3412,way,532084359
OSM-W533271732,Clinch Middle School,SCHOOL,31.027986,-82.759606,85509,way,533271732
OSM-W539037832,Mobil,FUEL_STATION,30.433566,-83.453304,939,way,539037832
OSM-W544986136,Parking lot,PARKING,30.822925,-83.25489,5292,way,544986136
OSM-W544986137,Parking lot,PARKING,30.824013,-83.256554,3404,way,544986137
OSM-W545048686,Parking lot,PARKING,30.807369,-83.271456,3602,way,545048686
OSM-W545048687,Parking lot,PARKING,30.808129,-83.271522,6106,way,545048687
OSM-W545048691,Parking lot,PARKING,30.807689,-83.272344,1358,way,545048691
OSM-W545048696,Parking lot,PARKING,30.812686,-83.270916,5839,way,545048696
OSM-W545048697,Parking lot,PARKING,30.817477,-83.274275,23063,way,545048697
OSM-W545050608,Parking lot,PARKING,30.865598,-83.251205,9224,way,545050608
OSM-W545725524,Parking lot,PARKING,30.833476,-83.281627,3729,way,545725524
OSM-W545877650,Parking lot,PARKING,30.832701,-83.280882,10328,way,545877650
OSM-W545877839,Parking lot,PARKING,30.83326,-83.28389,3398,way,545877839
OSM-W545878594,St. Peter Church of God,PLACE_OF_WORSHIP,30.834371,-83.284363,581,way,545878594
OSM-W545878595,Bethel Church,PLACE_OF_WORSHIP,30.83489,-83.285957,926,way,545878595
OSM-W545878883,Church lot,PLACE_OF_WORSHIP,30.837218,-83.294214,1664,way,545878883
OSM-W546707513,Piney Grove Church,PLACE_OF_WORSHIP,31.141842,-82.416905,205,way,546707513
OSM-W550176526,Community Christian Academy,SCHOOL,31.13185,-83.419242,41910,way,550176526
OSM-W550176529,Shell,FUEL_STATION,31.135935,-83.440174,927,way,550176529
OSM-W550176534,Parking lot,PARKING,31.132925,-83.439446,43678,way,550176534
OSM-W550176535,Parking lot,PARKING,31.134886,-83.439943,23707,way,550176535
OSM-W550176549,West Side Baptist Church,PLACE_OF_WORSHIP,31.134855,-83.436034,1899,way,550176549
OSM-W550176568,Parking lot,PARKING,31.135274,-83.432425,17947,way,550176568
OSM-W550176590,Parking lot,PARKING,31.13637,-83.428432,19755,way,550176590
OSM-W564873450,Parking lot,PARKING,31.202443,-82.382637,627,way,564873450
OSM-W564873451,Parking lot,PARKING,31.202616,-82.381927,2828,way,564873451
OSM-W565864309,Cat Creek Church,PLACE_OF_WORSHIP,30.978126,-83.248603,437,way,565864309
OSM-W565866280,Church lot,PLACE_OF_WORSHIP,30.89763,-83.371171,6332,way,565866280
OSM-W581180841,School lot,SCHOOL,30.476329,-83.455714,9913,way,581180841
OSM-W581180843,Madison County High School,SCHOOL,30.481819,-83.454087,215655,way,581180843
OSM-W581180845,School lot,SCHOOL,30.477663,-83.454109,232770,way,581180845
OSM-W581181252,Madison County Central School,SCHOOL,30.476867,-83.445606,289469,way,581181252
OSM-W581472283,Fire station,FIRE_STATION,30.783799,-83.561417,794,way,581472283
OSM-W583381173,Parking lot,PARKING,30.839436,-83.304054,2054,way,583381173
OSM-W592998445,Parking lot,PARKING,30.722941,-83.322346,128540,way,592998445
OSM-W605062231,Kingdom Hall of Jehovah's Witnesses,PLACE_OF_WORSHIP,31.150838,-83.461923,912,way,605062231
OSM-W614916561,Parking lot,PARKING,30.384511,-82.871209,8096,way,614916561
OSM-W614937452,Parking lot,PARKING,30.41864,-82.898976,2597,way,614937452
OSM-W614937453,Parking lot,PARKING,30.418197,-82.897641,21156,way,614937453
OSM-W614941510,Parking lot,PARKING,30.421233,-82.903654,26935,way,614941510
OSM-W614941517,Parking lot,PARKING,30.420846,-82.902342,4857,way,614941517
OSM-W614998376,Parking lot,PARKING,30.421209,-82.902821,774,way,614998376
OSM-W614998383,Parking lot,PARKING,30.418365,-82.898605,685,way,614998383
OSM-W615020483,Benevolence Baptist Church,PLACE_OF_WORSHIP,30.723921,-83.318808,1374,way,615020483
OSM-W618813791,Parking lot,PARKING,31.258615,-82.395379,14532,way,618813791
OSM-W620152867,Parking lot,PARKING,30.517852,-82.954323,498,way,620152867
OSM-W624599285,Parking lot,PARKING,30.357722,-82.618188,425,way,624599285
OSM-W624599298,Fire station,FIRE_STATION,30.358414,-82.618526,362,way,624599298
OSM-W634909587,Kingdom Hall of Jehovah’s Witnesses,PLACE_OF_WORSHIP,31.209148,-82.377229,768,way,634909587
OSM-W634929528,Kingdom Hall of Jehovah’s Witnesses,PLACE_OF_WORSHIP,31.037055,-83.069745,458,way,634929528
OSM-W635465443,Church of God of Prophecy,PLACE_OF_WORSHIP,31.216028,-82.375037,2349,way,635465443
OSM-W635470239,Church of God of Prophecy,PLACE_OF_WORSHIP,31.212188,-82.373083,697,way,635470239
OSM-W635472130,Calvary United Pentecostal Church,PLACE_OF_WORSHIP,31.212257,-82.378974,1358,way,635472130
OSM-W682720852,Nashville Elementary School,SCHOOL,31.199117,-83.256584,67056,way,682720852
OSM-W684160897,Parking lot,PARKING,30.831284,-83.282078,3260,way,684160897
OSM-W684160898,Parking lot,PARKING,30.831521,-83.281428,764,way,684160898
OSM-W684160900,Parking lot,PARKING,30.832016,-83.280931,1746,way,684160900
OSM-W684870407,Edith Baptist Church,PLACE_OF_WORSHIP,30.67716,-82.550696,12008,way,684870407
OSM-W685249195,Shell,FUEL_STATION,30.46979,-83.410301,352,way,685249195
OSM-W685515871,Parking lot,PARKING,30.808495,-83.355358,2126,way,685515871
OSM-W686006663,Church lot,PLACE_OF_WORSHIP,30.467129,-83.418007,1004,way,686006663
OSM-W693590697,Marathon,FUEL_STATION,30.519178,-83.056578,558,way,693590697
OSM-W693590698,Marathon,FUEL_STATION,30.518822,-83.056922,995,way,693590698
OSM-W693590700,Marathon,FUEL_STATION,30.519846,-83.056672,650,way,693590700
OSM-W693784129,Sunco,FUEL_STATION,30.516849,-83.059835,398,way,693784129
OSM-W693784132,Inland,FUEL_STATION,30.515174,-83.062005,565,way,693784132
OSM-W693784133,Inland,FUEL_STATION,30.514903,-83.061537,883,way,693784133
OSM-W693784135,Pilot,FUEL_STATION,30.516501,-83.059074,2054,way,693784135
OSM-W693784136,Pilot,FUEL_STATION,30.515996,-83.058403,1822,way,693784136
OSM-W704077188,Berrien County High School,SCHOOL,31.219537,-83.245178,347278,way,704077188
OSM-W708345280,Gas station,FUEL_STATION,30.376281,-83.295595,906,way,708345280
OSM-W708345284,Gas station,FUEL_STATION,30.376399,-83.295118,1588,way,708345284
OSM-W753794900,RaceWay,FUEL_STATION,30.846796,-83.334639,1996,way,753794900
OSM-W753933127,Parking lot,PARKING,30.845301,-83.315635,77708,way,753933127
OSM-W753944337,Circle K,FUEL_STATION,30.842462,-83.325091,1377,way,753944337
OSM-W753947911,Sam's Club,FUEL_STATION,30.828688,-83.319391,1573,way,753947911
OSM-W754142944,Parking lot,PARKING,30.66573,-83.31986,2534,way,754142944
OSM-W754151397,Valdosta Fire Department,FIRE_STATION,30.824873,-83.313716,711,way,754151397
OSM-W754157679,Faith Christian Center,PLACE_OF_WORSHIP,30.82685,-83.314256,720,way,754157679
OSM-W754157682,Ray of Hope Christian Center,PLACE_OF_WORSHIP,30.82729,-83.314774,1027,way,754157682
OSM-W754811477,Circle K,FUEL_STATION,30.83469,-83.31247,1626,way,754811477
OSM-W754811499,Parker Mathis School,SCHOOL,30.837256,-83.309927,71224,way,754811499
OSM-W754960577,Marathon,FUEL_STATION,30.818429,-83.315266,752,way,754960577
OSM-W754960583,Gas station,FUEL_STATION,30.818834,-83.31444,422,way,754960583
OSM-W754960587,BP,FUEL_STATION,30.819168,-83.313689,856,way,754960587
OSM-W754960588,Gas station,FUEL_STATION,30.819514,-83.314611,1397,way,754960588
OSM-W754964381,Sunoco,FUEL_STATION,30.819383,-83.313093,1213,way,754964381
OSM-W754964390,Arco,FUEL_STATION,30.820718,-83.312232,1000,way,754964390
OSM-W755280020,Circle K,FUEL_STATION,30.846704,-83.324641,394,way,755280020
OSM-W758287865,Parking lot,PARKING,31.042809,-83.068936,1695,way,758287865
OSM-W758844133,Clinch County High School,SCHOOL,31.0492,-82.750552,168422,way,758844133
OSM-W758844138,Parking lot,PARKING,31.048033,-82.749672,8166,way,758844138
OSM-W759380688,Parking lot,PARKING,30.382604,-82.668148,1682,way,759380688
OSM-W769416543,Horizon Academy,SCHOOL,30.880111,-83.262245,347127,way,769416543
OSM-W805443675,CrossPointe Church,PLACE_OF_WORSHIP,30.898849,-83.326416,4904,way,805443675
OSM-W805487417,Bemiss United Methodist Church,PLACE_OF_WORSHIP,30.937869,-83.240895,2632,way,805487417
OSM-W805488327,Citgo,FUEL_STATION,30.935352,-83.24245,89,way,805488327
OSM-W805488331,The Broken,PLACE_OF_WORSHIP,30.932716,-83.243588,888,way,805488331
OSM-W805488333,First Korean Presbyterian Church,PLACE_OF_WORSHIP,30.932262,-83.243551,347,way,805488333
OSM-W805488346,Lighthouse Baptist Church,PLACE_OF_WORSHIP,30.927117,-83.247615,5486,way,805488346
OSM-W805488357,The Porch Community Church,PLACE_OF_WORSHIP,30.893716,-83.266806,1175,way,805488357
OSM-W805500090,New Opportunity Church,PLACE_OF_WORSHIP,30.816617,-83.267408,2275,way,805500090
OSM-W805500091,Manantial de Vida,PLACE_OF_WORSHIP,30.816932,-83.267243,962,way,805500091
OSM-W805500628,LifeLion Ministries,PLACE_OF_WORSHIP,30.810102,-83.271443,377,way,805500628
OSM-W805500993,The Rescue Worship Center,PLACE_OF_WORSHIP,30.832709,-83.272741,1175,way,805500993
OSM-W805501005,Daugharty Service Station,FUEL_STATION,30.830307,-83.280706,616,way,805501005
OSM-W805502429,Valdosta Grace Fellowship,PLACE_OF_WORSHIP,30.824846,-83.297045,1233,way,805502429
OSM-W805502431,Saint Timothy African Methodist Episcopal Church,PLACE_OF_WORSHIP,30.823953,-83.295767,532,way,805502431
OSM-W805502437,Faith Tabernacle Mission Church,PLACE_OF_WORSHIP,30.826784,-83.288119,1202,way,805502437
OSM-W805502450,Pentecostal House of Prayer,PLACE_OF_WORSHIP,30.833054,-83.275891,943,way,805502450
OSM-W805504819,Church lot,PLACE_OF_WORSHIP,31.026623,-83.196974,755,way,805504819
OSM-W829124064,Parking lot,PARKING,30.992039,-83.366495,2561,way,829124064
OSM-W831232041,Friendship Baptist Church,PLACE_OF_WORSHIP,30.477101,-82.872723,885,way,831232041
OSM-W842936061,North Brooks Elementary School,SCHOOL,30.934079,-83.515466,170596,way,842936061
OSM-W844080851,Citgo,FUEL_STATION,31.025722,-83.197534,361,way,844080851
OSM-W848223463,Old Morven Primary School,SCHOOL,30.948391,-83.507071,23190,way,848223463
OSM-W848331905,Parking lot,PARKING,31.089863,-83.525524,6234,way,848331905
OSM-W848331906,Parking lot,PARKING,31.090175,-83.52459,1311,way,848331906
OSM-W851428471,Westside Elementary School,SCHOOL,30.821263,-83.332041,71151,way,851428471
OSM-W896380935,Parking lot,PARKING,30.386649,-83.17537,685,way,896380935
OSM-W921303231,Saint John Missionary Baptist Church,PLACE_OF_WORSHIP,31.011162,-83.187747,789,way,921303231
OSM-W925378766,Deep Creek Adventist Church,PLACE_OF_WORSHIP,30.377307,-82.628935,1010,way,925378766
OSM-W927785744,First Church of the Nazarene,PLACE_OF_WORSHIP,31.127992,-83.433742,474,way,927785744
OSM-W930208170,Parking lot,PARKING,31.221925,-83.455356,7488,way,930208170
OSM-W930739994,GracePoint Church,PLACE_OF_WORSHIP,30.84262,-83.248869,6900,way,930739994
OSM-W930776470,Parking lot,PARKING,31.065832,-83.195659,3612,way,930776470
OSM-W930779554,First Baptist Church of Nashville,PLACE_OF_WORSHIP,31.206969,-83.252143,3386,way,930779554
OSM-W940760524,Sunoco,FUEL_STATION,30.399294,-83.358516,930,way,940760524
OSM-W940760525,Mobil,FUEL_STATION,30.397927,-83.359118,829,way,940760525
OSM-W942744948,Parking lot,PARKING,30.368093,-83.24901,11929,way,942744948
OSM-W945409804,Exxon,FUEL_STATION,30.784991,-83.55284,96,way,945409804
OSM-W949991378,Parking lot,PARKING,31.241328,-82.419315,2164,way,949991378
OSM-W949991379,Parking lot,PARKING,31.241926,-82.420553,17870,way,949991379
OSM-W952924556,Parking lot,PARKING,31.178129,-82.394131,20755,way,952924556
OSM-W952964576,Pine Grove Church,PLACE_OF_WORSHIP,31.118293,-82.528745,581,way,952964576
OSM-W952964642,New Prospect Missionary Baptist Church,PLACE_OF_WORSHIP,30.940879,-82.994315,881,way,952964642
OSM-W953076001,Parking lot,PARKING,30.799419,-83.29813,15288,way,953076001
OSM-W953076004,Parking lot,PARKING,30.798907,-83.296748,2840,way,953076004
OSM-W953076018,Parking lot,PARKING,30.803266,-83.292742,13839,way,953076018
OSM-W953076019,Parking lot,PARKING,30.802814,-83.293454,941,way,953076019
OSM-W953076027,Parking lot,PARKING,30.800672,-83.286832,8035,way,953076027
OSM-W953076032,Parking lot,PARKING,30.801966,-83.288014,4079,way,953076032
OSM-W953076033,Parking lot,PARKING,30.802118,-83.286256,2846,way,953076033
OSM-W953565426,Parking lot,PARKING,30.983098,-83.204887,16473,way,953565426
OSM-W966678749,Parking lot,PARKING,30.851638,-83.289147,1800,way,966678749
OSM-W966731912,Parking lot,PARKING,30.866889,-83.289246,8451,way,966731912
OSM-W972213596,Parking lot,PARKING,30.91038,-83.262366,11018,way,972213596
